Unnamed: 0,ID_VIV,ID_HOG,ID_PER,ID_DEL,UPM,VIV_SEL,HOGAR,ND_TIPO,TD_TIPO,BPCOD,R_SEL,RESUL_H,SEXO,EDAD,AREAM_OCU,BP1_1,BP1_2C,BP1_3C,BP1_4,BP1_5,BP1_5A_1,BP1_5A_2,BP1_5A_3,BP1_5A_4,BP1_5A_9,BP1_6,BP1_7,BP1_8,BP1_9,BP1_10_1,BP1_10_2,BP1_10_9,BP1_11,BP1_12_1,BP1_12_2,BP1_12_3,BP1_12_4,BP1_12_5,BP1_12_9,BP1_13,BP1_14_1,BP1_14_2,BP1_14_3,BP1_14_4,BP1_14_9,BP1_15,BP1_16_1,BP1_16_2,BP1_16_3,BP1_16_4,BP1_16_9,BP1_17,BP1_18,BP1_19_1,BP1_19_2,BP1_19_3,BP1_19_4,BP1_19_5,BP1_19_6,BP1_19_7,BP1_19_8,BP1_20,BP1_21,BP1_22,BP1_23,BP1_24,BP1_25,BP1_26,BP1_27,BP1_28,BP1_29,BP1_30,BP1_31_01,BP1_31_02,BP1_31_03,BP1_31_04,BP1_31_05,BP1_31_06,BP1_31_07,BP1_31_08,BP1_31_99,BP1_32_1,BP1_32_2,BP1_32_3,BP1_32_4,BP1_32_5,BP1_32_9,BP1_33,BP1_34,BP1_35,BP1_36_01,BP1_36_02,BP1_36_03,BP1_36_04,BP1_36_05,BP1_36_06,BP1_36_07,BP1_36_08,BP1_36_09,BP1_36_10,BP1_36_11,BP1_36_99,BP2_1,BP3_1_01,BP3_1_02,BP3_1_03,BP3_1_04,BP3_1_05,BP3_1_06,BP3_1_07,BP3_1_08,BP3_1_09,BP3_1_10,BP3_1_11,BP3_1_12,BP3_1_99,BP3_2,BP4_1,BP5_1,BP5_1A_1,BP5_1A_2,BP5_1A_3,BP5_1A_4,BP5_2_1,BP5_2_2,BP5_2_3,BP5_3,BP6_1,BP6_2,BP6_3,BP7_1,FAC_DEL,FAC_DEL_AM,DOMINIO,ESTRATO,EST_DIS,UPM_DIS,TIPO_DELITO_STR,LUGAR_STR,SEXO_STR
4726,1417055.02,1417055.02.01,1417055.02.01.03,1417055.02.01.03.06.2,1417055,2,1,2,2,6,3,A,1,18,,4,6,1,3,5,,,,,,2.0,,,,,,,,,,,,,,,,,,,,,,,,,,,,,,,,,,,,2,,,3.0,,,,,,,2,,,,,,,,,,,,,,,,1,3500.0,0.0,1.0,0.0,0.0,0.0,0.0,0.0,0.0,1.0,0.0,0.0,0.0,0.0,,0.0,0.0,0.0,0.0,1.0,1.0,1.0,0.0,1.0,0.0,0.0,0.0,0.0,,,,,,,,,,,,,,,,2969,,U,2,279,6242,Robo en negocio,,Hombre
5490,1401997.07,1401997.07.01,1401997.07.01.04,1401997.07.01.04.08.1,1401997,7,1,1,2,8,4,A,1,42,,10,6,7,1,1,0.0,1.0,1.0,0.0,0.0,,,,,,,,,,,,,,,,,,,,,,,,,,,,,,,,,,,,,1,,,,1.0,9.0,,3.0,3.0,3.0,2,,,,,,,,,,1.0,0.0,0.0,0.0,0.0,0.0,1,20000.0,0.0,,,,,,,,,,,,,,,,,,,,,,,,,,,,1.0,,,,,,,,,,,,,,5025,,C,2,299,6586,Fraude bancario,,Hombre
6347,1402472.02,1402472.02.01,1402472.02.01.02,1402472.02.01.02.14.1,1402472,2,1,1,1,14,2,A,2,20,,8,7,78,2,1,,,,,,1.0,1.0,2.0,1.0,1.0,0.0,0.0,6.0,1.0,0.0,0.0,0.0,0.0,0.0,1.0,0.0,0.0,0.0,1.0,0.0,2.0,,,,,,,1.0,0.0,0.0,0.0,0.0,0.0,0.0,0.0,1.0,2,,,1.0,,,,,,,2,,,,,,,,,,,,,,,,3,0.0,0.0,0.0,0.0,0.0,0.0,0.0,1.0,0.0,1.0,1.0,0.0,0.0,0.0,,,,,,,,,,,,,,,,,,,,,,,,,,,,,,2054,,U,4,281,6453,Homicidio de familiar,,Mujer
8405,1405678.02,1405678.02.01,1405678.02.01.01,1405678.02.01.01.04.2,1405678,2,1,2,2,4,1,A,1,45,1.0,5,9,3,2,2,,,,,,2.0,,,,,,,,,,,,,,,,,,,,,,,,,,,,,,,,,,,,2,2.0,,4.0,,,,,,,2,,,,,,,,,,,,,,,,1,0.0,0.0,,,,,,,,,,,,,,0.0,0.0,1.0,0.0,0.0,0.0,0.0,0.0,0.0,0.0,0.0,0.0,0.0,2.0,,,,,,,,,,,,,,,1112,1112.0,U,4,281,6421,Robo en transporte público,Calle o vía pública,Hombre
8409,1409215.11,1409215.11.01,1409215.11.01.01,1409215.11.01.01.05.1,1409215,11,1,1,1,5,1,A,1,27,1.0,3,9,3,3,1,,,,,,1.0,1.0,2.0,1.0,0.0,0.0,1.0,9.0,1.0,0.0,0.0,0.0,0.0,0.0,2.0,0.0,0.0,0.0,0.0,1.0,9.0,,,,,,,9.0,,,,,,,,,2,,,4.0,,,,,,,2,,,,,,,,,,,,,,,,1,400.0,0.0,1.0,1.0,1.0,1.0,1.0,1.0,1.0,1.0,1.0,0.0,0.0,0.0,,0.0,0.0,0.0,0.0,0.0,0.0,1.0,1.0,0.0,0.0,0.0,0.0,0.0,,,,,,,,,,,,,,,,902,902.0,C,2,297,6571,Robo en calle (a transeúnte),Calle o vía pública,Hombre
8514,1413727.01,1413727.01.01,1413727.01.01.02,1413727.01.01.02.08.1,1413727,1,1,1,1,8,2,A,2,40,1.0,12,9,3,2,3,1.0,0.0,0.0,0.0,0.0,,,,,,,,,,,,,,,,,,,,,,,,,,,,,,,,,,,,,2,,,5.0,,,,,,,2,,,,,,,,,,,,,,,,1,3800.0,0.0,,,,,,,,,,,,,,,,,,,,,,,,,,,,1.0,,,,,,,,,,,,,,2944,2944.0,U,4,281,6465,Fraude bancario,Calle o vía pública,Mujer
12108,1405465.01,1405465.01.01,1405465.01.01.03,1405465.01.01.03.07.1,1405465,1,1,1,1,7,3,A,1,39,,2,9,999,9,4,1.0,0.0,0.0,0.0,0.0,,,,,,,,,,,,,,,,,,,,,,,,,,,,,,,,,,,,,2,,,4.0,,,,,,,2,,,,,,,,,,,,,,,,3,0.0,0.0,0.0,0.0,1.0,1.0,0.0,0.0,0.0,1.0,1.0,0.0,0.0,0.0,,,,,,,,,,,,,,,,4.0,,,,,,,,,,,,,,3415,,U,4,281,6412,Robo en banco/cajero,,Hombre
16135,1410302.2,1410302.20.01,1410302.20.01.01,1410302.20.01.01.09.1,1410302,20,1,1,1,9,1,A,1,49,,9,14,1,2,3,0.0,1.0,0.0,0.0,0.0,1.0,2.0,,,,,,,,,,,,,,,,,,,,,,,,,,,,,,,,,,,2,,,5.0,,,,,,,2,,,,,,,,,,,,,,,,1,45000.0,0.0,,,,,,,,,,,,,,,,,,,,,,,,,,,,,3.0,,,,,1.0,0.0,0.0,1.0,,,,,1981,,C,4,296,6557,Extorsión,,Hombre
16138,1460090.14,1460090.14.01,1460090.14.01.01,1460090.14.01.01.04.1,1460090,14,1,1,1,4,1,A,2,42,,5,14,6,1,2,,,,,,2.0,,,,,,,,,,,,,,,,,,,,,,,,,,,,,,,,,,,,2,2.0,,8.0,,,,,,,2,,,,,,,,,,,,,,,,1,9999999.0,9999999.0,,,,,,,,,,,,,,0.0,0.0,0.0,0.0,0.0,0.0,0.0,0.0,0.0,0.0,1.0,0.0,0.0,2.0,,,,,,,,,,,,,,,564,,R,3,304,6612,Robo en transporte público,,Mujer
16139,1460090.14,1460090.14.01,1460090.14.01.01,1460090.14.01.01.06.1,1460090,14,1,1,1,6,1,A,2,42,,6,14,6,2,1,,,,,,2.0,,,,,,,,,,,,,,,,,,,,,,,,,,,,,,,,,,,,2,,,4.0,,,,,,,2,,,,,,,,,,,,,,,,1,9999999.0,0.0,1.0,1.0,1.0,1.0,0.0,0.0,0.0,0.0,0.0,0.0,0.0,0.0,,0.0,0.0,0.0,0.0,0.0,0.0,0.0,0.0,0.0,0.0,1.0,0.0,0.0,,,,,,,,,,,,,,,,564,,R,3,304,6612,Robo en negocio,,Mujer
16140,1460090.2,1460090.20.01,1460090.20.01.01,1460090.20.01.01.09.1,1460090,20,1,1,1,9,1,A,1,70,,11,14,6,2,2,0.0,1.0,0.0,0.0,0.0,1.0,2.0,,,,,,,,,,,,,,,,,,,,,,,,,,,,,,,,,,,2,,,4.0,,,,,,,2,,,,,,,,,,,,,,,,3,0.0,0.0,1.0,0.0,0.0,0.0,0.0,0.0,0.0,0.0,1.0,0.0,0.0,0.0,,,,,,,,,,,,,,,,,1.0,,,,,0.0,0.0,1.0,,,,,,1693,,R,3,304,6612,Extorsión,,Hombre
16141,1462163.02,1462163.02.01,1462163.02.01.01,1462163.02.01.01.02.1,1462163,2,1,1,1,2,1,A,1,41,,6,14,8,2,1,,,,,,2.0,,,,,,,,,,,,,,,,,,,,,,,,,,,,,,,,,,,,2,2.0,,4.0,,,,,,,2,,,,,,,,,,,,,,,,1,5000.0,0.0,,,,,,,,,,,,,,,,,,,,,,,,,,,,,,,,,,,,,,,,,,1483,,R,2,303,6599,Robo de accesorios de vehículo,,Hombre
16143,1460197.17,1460197.17.01,1460197.17.01.01,1460197.17.01.01.09.1,1460197,17,1,1,1,9,1,A,2,42,,3,14,13,1,2,0.0,1.0,0.0,0.0,0.0,1.0,2.0,,,,,,,,,,,,,,,,,,,,,,,,,,,,,,,,,,,2,,,6.0,,,,,,,2,,,,,,,,,,,,,,,,5,,,,,,,,,,,,,,,,,,,,,,,,,,,,,,,3.0,,,,,0.0,0.0,1.0,,,,,,1237,,R,2,303,6600,Extorsión,,Mujer
16144,1460197.17,1460197.17.01,1460197.17.01.01,1460197.17.01.01.10.1,1460197,17,1,1,1,10,1,A,2,42,,1,14,13,2,2,0.0,0.0,1.0,0.0,0.0,1.0,1.0,2.0,1.0,1.0,0.0,0.0,9.0,1.0,0.0,0.0,0.0,0.0,0.0,2.0,0.0,0.0,0.0,0.0,1.0,9.0,,,,,,,2.0,,,,,,,,,2,,,8.0,,,,,,,2,,,,,,,,,,,,,,,,2,0.0,0.0,0.0,0.0,0.0,0.0,0.0,0.0,0.0,0.0,0.0,0.0,1.0,0.0,,,,,,,,,,,,,,,,,,,,,,,,,,,,,,1237,,R,2,303,6600,Amenazas/intimidación,,Mujer
16146,1461258.09,1461258.09.01,1461258.09.01.03,1461258.09.01.03.08.1,1461258,9,1,1,1,8,3,A,2,23,,1,14,15,2,4,1.0,0.0,0.0,0.0,0.0,,,,,,,,,,,,,,,,,,,,,,,,,,,,,,,,,,,,,2,,,3.0,,,,,,,2,,,,,,,,,,,,,,,,1,3500.0,0.0,1.0,1.0,1.0,1.0,0.0,1.0,1.0,1.0,1.0,0.0,0.0,0.0,,,,,,,,,,,,,,,,1.0,,,,,,,,,,,,,,3701,,R,2,303,6601,Fraude bancario,,Mujer
16147,1400887.17,1400887.17.01,1400887.17.01.01,1400887.17.01.01.07.1,1400887,17,1,1,1,7,1,A,1,43,,5,14,15,3,2,0.0,1.0,0.0,0.0,0.0,,,,,,,,,,,,,,,,,,,,,,,,,,,,,,,,,,,,,1,,,,1.0,6.0,,4.0,3.0,2.0,2,,,,,,,,,,0.0,0.0,0.0,0.0,1.0,0.0,3,45000.0,0.0,0.0,0.0,0.0,0.0,0.0,1.0,0.0,0.0,0.0,0.0,0.0,0.0,,,,,,,,,,,,,,,,4.0,,,,,,,,,,,,,,999,,C,3,296,6556,Robo en banco/cajero,,Hombre
16148,1460271.07,1460271.07.01,1460271.07.01.01,1460271.07.01.01.09.1,1460271,7,1,1,1,9,1,A,1,85,,99,14,15,2,2,0.0,1.0,0.0,0.0,0.0,2.0,,,,,,,,,,,,,,,,,,,,,,,,,,,,,,,,,,,,2,,,6.0,,,,,,,2,,,,,,,,,,,,,,,,5,,,0.0,0.0,0.0,0.0,0.0,0.0,0.0,0.0,1.0,0.0,0.0,0.0,,,,,,,,,,,,,,,,,3.0,,,,,1.0,0.0,0.0,3.0,,,,,2363,,R,2,303,6603,Extorsión,,Hombre
16149,1460271.12,1460271.12.01,1460271.12.01.02,1460271.12.01.02.09.1,1460271,12,1,1,1,9,2,A,2,63,,7,14,15,2,2,0.0,1.0,0.0,0.0,0.0,2.0,,,,,,,,,,,,,,,,,,,,,,,,,,,,,,,,,,,,2,,,9.0,,,,,,,2,,,,,,,,,,,,,,,,5,,,0.0,0.0,0.0,0.0,0.0,0.0,0.0,0.0,1.0,0.0,0.0,0.0,,,,,,,,,,,,,,,,,3.0,,,,,1.0,0.0,0.0,3.0,,,,,2363,,R,2,303,6603,Extorsión,,Mujer
16150,1460271.14,1460271.14.01,1460271.14.01.01,1460271.14.01.01.09.1,1460271,14,1,1,1,9,1,A,1,79,,99,14,15,3,1,0.0,1.0,0.0,0.0,0.0,2.0,,,,,,,,,,,,,,,,,,,,,,,,,,,,,,,,,,,,2,,,1.0,,,,,,,2,,,,,,,,,,,,,,,,5,,,0.0,0.0,0.0,0.0,0.0,0.0,0.0,0.0,1.0,0.0,0.0,0.0,,,,,,,,,,,,,,,,,3.0,,,,,1.0,0.0,0.0,3.0,,,,,3545,,R,2,303,6603,Extorsión,,Hombre
16151,1460271.17,1460271.17.01,1460271.17.01.02,1460271.17.01.02.09.1,1460271,17,1,1,1,9,2,A,2,72,,7,14,15,1,2,0.0,1.0,0.0,0.0,0.0,2.0,,,,,,,,,,,,,,,,,,,,,,,,,,,,,,,,,,,,2,,,9.0,,,,,,,2,,,,,,,,,,,,,,,,5,,,0.0,0.0,0.0,0.0,0.0,0.0,0.0,0.0,1.0,0.0,0.0,0.0,,,,,,,,,,,,,,,,,3.0,,,,,1.0,0.0,0.0,3.0,,,,,2363,,R,2,303,6603,Extorsión,,Mujer
16152,1460271.2,1460271.20.01,1460271.20.01.04,1460271.20.01.04.02.1,1460271,20,1,1,1,2,4,A,2,35,,2,14,15,1,1,,,,,,2.0,,,,,,,,,,,,,,,,,,,,,,,,,,,,,,,,,,,,2,2.0,,4.0,,,,,,,2,,,,,,,,,,,,,,,,1,6000.0,0.0,,,,,,,,,,,,,,,,,,,,,,,,,,,,,,,,,,,,,,,,,,1182,,R,2,303,6603,Robo de accesorios de vehículo,,Mujer
16153,1460271.2,1460271.20.01,1460271.20.01.04,1460271.20.01.04.08.1,1460271,20,1,1,1,8,4,A,2,35,,12,14,15,1,1,1.0,0.0,0.0,0.0,0.0,,,,,,,,,,,,,,,,,,,,,,,,,,,,,,,,,,,,,2,,,4.0,,,,,,,2,,,,,,,,,,,,,,,,1,1200.0,0.0,1.0,0.0,0.0,0.0,0.0,0.0,0.0,1.0,1.0,0.0,0.0,0.0,,,,,,,,,,,,,,,,1.0,,,,,,,,,,,,,,4726,,R,2,303,6603,Fraude bancario,,Mujer
16154,1400887.05,1400887.05.01,1400887.05.01.01,1400887.05.01.01.06.1,1400887,5,1,1,1,6,1,A,1,32,,5,14,15,2,1,,,,,,2.0,,,,,,,,,,,,,,,,,,,,,,,,,,,,,,,,,,,,2,,,3.0,,,,,,,2,,,,,,,,,,,,,,,,1,300.0,0.0,,,,,,,,,,,,,,0.0,0.0,1.0,0.0,0.0,0.0,0.0,0.0,0.0,0.0,0.0,0.0,0.0,,,,,,,,,,,,,,,,1999,,C,3,296,6556,Robo en negocio,,Hombre
16155,1400887.05,1400887.05.01,1400887.05.01.01,1400887.05.01.01.08.1,1400887,5,1,1,1,8,1,A,1,32,,5,14,15,2,2,1.0,0.0,0.0,0.0,0.0,,,,,,,,,,,,,,,,,,,,,,,,,,,,,,,,,,,,,2,,,3.0,,,,,,,2,,,,,,,,,,,,,,,,1,400.0,0.0,1.0,1.0,1.0,1.0,0.0,0.0,0.0,1.0,1.0,0.0,0.0,0.0,,,,,,,,,,,,,,,,1.0,,,,,,,,,,,,,,1999,,C,3,296,6556,Fraude bancario,,Hombre
16156,1411244.02,1411244.02.01,1411244.02.01.01,1411244.02.01.01.10.1,1411244,2,1,1,1,10,1,A,1,53,,12,14,18,2,7,0.0,1.0,0.0,0.0,0.0,1.0,1.0,2.0,1.0,1.0,0.0,0.0,5.0,0.0,0.0,0.0,0.0,1.0,0.0,,0.0,0.0,0.0,1.0,0.0,2.0,,,,,,,2.0,,,,,,,,,2,,,1.0,,,,,,,2,,,,,,,,,,,,,,,,3,1000.0,0.0,1.0,1.0,1.0,1.0,1.0,0.0,0.0,1.0,1.0,0.0,0.0,0.0,,,,,,,,,,,,,,,,,,,,,,,,,,,,,,862,,U,3,283,6495,Amenazas/intimidación,,Hombre
16157,1411244.02,1411244.02.01,1411244.02.01.01,1411244.02.01.01.08.1,1411244,2,1,1,2,8,1,A,1,53,,9,14,18,3,2,0.0,0.0,1.0,0.0,0.0,,,,,,,,,,,,,,,,,,,,,,,,,,,,,,,,,,,,,2,,,9.0,,,,,,,2,,,,,,,,,,,,,,,,1,132000.0,10000.0,,,,,,,,,,,,,,,,,,,,,,,,,,,,1.0,,,,,,,,,,,,,,862,,U,3,283,6495,Fraude bancario,,Hombre
16158,1460420.2,1460420.20.01,1460420.20.01.03,1460420.20.01.03.07.1,1460420,20,1,1,1,7,3,A,2,28,,3,14,22,2,4,0.0,0.0,1.0,0.0,0.0,,,,,,,,,,,,,,,,,,,,,,,,,,,,,,,,,,,,,2,,,8.0,,,,,,,2,,,,,,,,,,,,,,,,1,88000.0,0.0,1.0,1.0,1.0,1.0,0.0,0.0,0.0,1.0,1.0,0.0,0.0,0.0,,,,,,,,,,,,,,,,4.0,,,,,,,,,,,,,,2434,,R,1,302,6597,Robo en banco/cajero,,Mujer
16159,1401519.04,1401519.04.01,1401519.04.01.01,1401519.04.01.01.04.1,1401519,4,1,1,1,4,1,A,1,64,,9,14,23,1,2,,,,,,2.0,,,,,,,,,,,,,,,,,,,,,,,,,,,,,,,,,,,,2,2.0,,4.0,,,,,,,2,,,,,,,,,,,,,,,,3,5000.0,0.0,1.0,1.0,1.0,1.0,1.0,1.0,1.0,1.0,1.0,0.0,0.0,0.0,,0.0,0.0,1.0,0.0,0.0,0.0,0.0,0.0,0.0,0.0,0.0,0.0,0.0,2.0,,,,,,,,,,,,,,,896,,U,3,292,6542,Robo en transporte público,,Hombre
16160,1401590.03,1401590.03.01,1401590.03.01.01,1401590.03.01.01.02.1,1401590,3,1,1,1,2,1,A,1,36,,11,14,23,4,1,,,,,,2.0,,,,,,,,,,,,,,,,,,,,,,,,,,,,,,,,,,,,2,2.0,,4.0,,,,,,,2,,,,,,,,,,,,,,,,1,3000.0,0.0,,,,,,,,,,,,,,,,,,,,,,,,,,,,,,,,,,,,,,,,,,1075,,U,3,292,6540,Robo de accesorios de vehículo,,Hombre
16161,1401538.02,1401538.02.01,1401538.02.01.01,1401538.02.01.01.09.1,1401538,2,1,1,1,9,1,A,1,74,,6,14,23,1,2,0.0,1.0,0.0,0.0,0.0,2.0,,,,,,,,,,,,,,,,,,,,,,,,,,,,,,,,,,,,2,,,3.0,,,,,,,2,,,,,,,,,,,,,,,,3,0.0,0.0,1.0,1.0,1.0,1.0,1.0,1.0,1.0,1.0,1.0,0.0,0.0,0.0,,,,,,,,,,,,,,,,,3.0,,,,,1.0,0.0,0.0,3.0,,,,,1396,,U,2,291,6536,Extorsión,,Hombre
16162,1401538.05,1401538.05.01,1401538.05.01.01,1401538.05.01.01.03.2,1401538,5,1,2,2,3,1,A,1,48,,1,14,23,9,1,,,,,,2.0,,,,,,,,,,,,,,,,,,,,,,,,,,,,,,,,,,,,2,2.0,,4.0,,,,,,,2,,,,,,,,,,,,,,,,1,300.0,0.0,,,,,,,,,,,,,,,,,,,,,,,,,,,,,,,,,,,,,,,,,,698,,U,2,291,6536,Robo en vivienda,,Hombre
16163,1401538.05,1401538.05.01,1401538.05.01.01,1401538.05.01.01.08.1,1401538,5,1,1,1,8,1,A,1,48,,3,14,23,2,1,0.0,0.0,1.0,0.0,0.0,,,,,,,,,,,,,,,,,,,,,,,,,,,,,,,,,,,,,1,,,,1.0,2.0,,4.0,2.0,4.0,1,0.0,0.0,0.0,0.0,0.0,0.0,0.0,1.0,0.0,0.0,0.0,0.0,0.0,1.0,0.0,1,70000.0,30000.0,0.0,1.0,1.0,1.0,1.0,1.0,1.0,1.0,1.0,0.0,0.0,0.0,,,,,,,,,,,,,,,,1.0,,,,,,,,,,,,,,1396,,U,2,291,6536,Fraude bancario,,Hombre
16164,1401575.02,1401575.02.01,1401575.02.01.03,1401575.02.01.03.09.1,1401575,2,1,1,1,9,3,A,1,23,,10,14,23,3,8,0.0,1.0,0.0,0.0,0.0,1.0,1.0,2.0,1.0,1.0,0.0,0.0,5.0,0.0,0.0,1.0,0.0,0.0,0.0,,0.0,0.0,0.0,1.0,0.0,2.0,,,,,,,2.0,,,,,,,,,2,,,1.0,,,,,,,2,,,,,,,,,,,,,,,,3,0.0,0.0,,,,,,,,,,,,,,,,,,,,,,,,,,,,,3.0,,,,,0.0,1.0,0.0,3.0,,,,,3562,,U,2,291,6535,Extorsión,,Hombre
16165,1401575.02,1401575.02.01,1401575.02.01.03,1401575.02.01.03.13.1,1401575,2,1,1,1,13,3,A,1,23,,1,14,23,3,1,0.0,1.0,1.0,0.0,0.0,1.0,1.0,2.0,1.0,1.0,0.0,0.0,4.0,0.0,0.0,1.0,0.0,0.0,0.0,,0.0,0.0,0.0,1.0,0.0,2.0,,,,,,,2.0,,,,,,,,,2,,,1.0,,,,,,,2,,,,,,,,,,,,,,,,3,0.0,0.0,1.0,1.0,1.0,1.0,1.0,1.0,1.0,1.0,1.0,0.0,0.0,0.0,,,,,,,,,,,,,,,,,,,,,,,,,,,,,1.0,3562,,U,2,291,6535,Delito sexual,,Hombre
16166,1401590.02,1401590.02.01,1401590.02.01.01,1401590.02.01.01.04.1,1401590,2,1,1,1,4,1,A,1,54,,10,14,23,3,2,,,,,,1.0,1.0,1.0,1.0,1.0,0.0,0.0,4.0,1.0,0.0,0.0,0.0,0.0,0.0,1.0,0.0,0.0,0.0,1.0,0.0,9.0,,,,,,,2.0,,,,,,,,,2,2.0,,4.0,,,,,,,2,,,,,,,,,,,,,,,,1,1800.0,0.0,,,,,,,,,,,,,,1.0,0.0,0.0,0.0,0.0,0.0,0.0,0.0,0.0,0.0,1.0,0.0,0.0,1.0,,,,,,,,,,,,,,,1075,,U,3,292,6540,Robo en transporte público,,Hombre
16167,1401590.02,1401590.02.01,1401590.02.01.01,1401590.02.01.01.10.1,1401590,2,1,1,1,10,1,A,1,54,,12,14,23,1,2,0.0,1.0,0.0,0.0,0.0,1.0,2.0,,,,,,,,,,,,,,,,,,,,,,,,,,,,,,,,,,,2,,,3.0,,,,,,,2,,,,,,,,,,,,,,,,5,,,0.0,0.0,0.0,1.0,0.0,0.0,1.0,0.0,0.0,0.0,0.0,0.0,,,,,,,,,,,,,,,,,,,,,,,,,,,,,,1075,,U,3,292,6540,Amenazas/intimidación,,Hombre
16168,1401590.03,1401590.03.01,1401590.03.01.01,1401590.03.01.01.09.1,1401590,3,1,1,1,9,1,A,1,36,,12,14,23,1,3,0.0,1.0,0.0,0.0,0.0,1.0,2.0,,,,,,,,,,,,,,,,,,,,,,,,,,,,,,,,,,,2,,,4.0,,,,,,,2,,,,,,,,,,,,,,,,5,,,0.0,0.0,0.0,1.0,0.0,0.0,0.0,0.0,0.0,0.0,0.0,0.0,,,,,,,,,,,,,,,,,3.0,,,,,1.0,0.0,0.0,3.0,,,,,2151,,U,3,292,6540,Extorsión,,Hombre
16169,1401590.04,1401590.04.01,1401590.04.01.01,1401590.04.01.01.02.1,1401590,4,1,1,1,2,1,A,1,32,,6,14,23,4,1,,,,,,2.0,,,,,,,,,,,,,,,,,,,,,,,,,,,,,,,,,,,,2,2.0,,3.0,,,,,,,2,,,,,,,,,,,,,,,,1,500.0,0.0,0.0,1.0,0.0,0.0,0.0,0.0,0.0,1.0,0.0,0.0,0.0,0.0,,,,,,,,,,,,,,,,,,,,,,,,,,,,,,1075,,U,3,292,6540,Robo de accesorios de vehículo,,Hombre
16170,1401590.05,1401590.05.01,1401590.05.01.04,1401590.05.01.04.02.1,1401590,5,1,1,1,2,4,A,1,18,,10,14,23,4,1,,,,,,2.0,,,,,,,,,,,,,,,,,,,,,,,,,,,,,,,,,,,,2,2.0,,4.0,,,,,,,2,,,,,,,,,,,,,,,,1,2000.0,0.0,0.0,0.0,0.0,1.0,0.0,0.0,0.0,0.0,0.0,0.0,0.0,0.0,,,,,,,,,,,,,,,,,,,,,,,,,,,,,,1075,,U,3,292,6540,Robo de accesorios de vehículo,,Hombre
16171,1401658.04,1401658.04.01,1401658.04.01.02,1401658.04.01.02.03.1,1401658,4,1,1,1,3,2,A,2,38,,6,14,23,4,2,,,,,,2.0,,,,,,,,,,,,,,,,,,,,,,,,,,,,,,,,,,,,2,2.0,,4.0,,,,,,,2,,,,,,,,,,,,,,,,1,2000.0,0.0,,,,,,,,,,,,,,,,,,,,,,,,,,,,,,,,,,,,,,,,,,1268,,U,3,292,6537,Robo en vivienda,,Mujer
16172,1401658.05,1401658.05.01,1401658.05.01.01,1401658.05.01.01.04.1,1401658,5,1,1,1,4,1,A,2,26,,10,14,23,2,2,,,,,,2.0,,,,,,,,,,,,,,,,,,,,,,,,,,,,,,,,,,,,2,2.0,,9.0,,,,,,,2,,,,,,,,,,,,,,,,1,500.0,0.0,,,,,,,,,,,,,,0.0,1.0,0.0,0.0,0.0,0.0,0.0,0.0,0.0,0.0,0.0,0.0,0.0,2.0,,,,,,,,,,,,,,,1268,,U,3,292,6537,Robo en transporte público,,Mujer
16173,1401658.05,1401658.05.01,1401658.05.01.01,1401658.05.01.01.08.1,1401658,5,1,1,1,8,1,A,2,26,,5,14,23,2,4,0.0,1.0,0.0,0.0,0.0,,,,,,,,,,,,,,,,,,,,,,,,,,,,,,,,,,,,,2,,,8.0,,,,,,,2,,,,,,,,,,,,,,,,1,7000.0,0.0,1.0,1.0,1.0,1.0,1.0,1.0,1.0,1.0,1.0,0.0,0.0,0.0,,,,,,,,,,,,,,,,1.0,,,,,,,,,,,,,,1268,,U,3,292,6537,Fraude bancario,,Mujer
16174,1401663.01,1401663.01.01,1401663.01.01.03,1401663.01.01.03.13.1,1401663,1,1,1,1,13,3,A,2,21,,3,14,23,1,3,0.0,0.0,1.0,0.0,0.0,1.0,1.0,2.0,1.0,1.0,0.0,0.0,5.0,1.0,0.0,0.0,0.0,0.0,0.0,1.0,0.0,0.0,0.0,0.0,1.0,2.0,,,,,,,2.0,,,,,,,,,2,,,7.0,,,,,,,2,,,,,,,,,,,,,,,,3,0.0,0.0,1.0,1.0,1.0,1.0,0.0,1.0,1.0,1.0,1.0,0.0,0.0,0.0,,,,,,,,,,,,,,,,,,,,,,,,,,,,,2.0,3384,,U,3,292,6538,Delito sexual,,Mujer
16175,1401663.03,1401663.03.01,1401663.03.01.02,1401663.03.01.02.08.1,1401663,3,1,1,1,8,2,A,2,40,,9,14,23,2,2,1.0,0.0,0.0,0.0,0.0,,,,,,,,,,,,,,,,,,,,,,,,,,,,,,,,,,,,,2,,,7.0,,,,,,,2,,,,,,,,,,,,,,,,1,10000.0,0.0,1.0,1.0,1.0,1.0,1.0,1.0,1.0,1.0,1.0,0.0,0.0,0.0,,,,,,,,,,,,,,,,1.0,,,,,,,,,,,,,,2256,,U,3,292,6538,Fraude bancario,,Mujer
16176,1401658.04,1401658.04.01,1401658.04.01.02,1401658.04.01.02.08.1,1401658,4,1,1,1,8,2,A,2,38,,8,14,23,1,2,1.0,0.0,0.0,0.0,0.0,,,,,,,,,,,,,,,,,,,,,,,,,,,,,,,,,,,,,1,,,,1.0,6.0,,2.0,3.0,2.0,2,,,,,,,,,,0.0,0.0,0.0,1.0,0.0,0.0,1,3000.0,0.0,1.0,1.0,1.0,1.0,1.0,1.0,0.0,1.0,1.0,0.0,0.0,0.0,,,,,,,,,,,,,,,,1.0,,,,,,,,,,,,,,2536,,U,3,292,6537,Fraude bancario,,Mujer
16177,1401538.05,1401538.05.01,1401538.05.01.01,1401538.05.01.01.02.1,1401538,5,1,1,1,2,1,A,1,48,,11,14,23,2,1,,,,,,2.0,,,,,,,,,,,,,,,,,,,,,,,,,,,,,,,,,,,,2,2.0,,4.0,,,,,,,2,,,,,,,,,,,,,,,,1,1000.0,0.0,,,,,,,,,,,,,,,,,,,,,,,,,,,,,,,,,,,,,,,,,,698,,U,2,291,6536,Robo de accesorios de vehículo,,Hombre
16178,1401538.05,1401538.05.01,1401538.05.01.01,1401538.05.01.01.03.1,1401538,5,1,1,2,3,1,A,1,48,,1,14,23,9,1,,,,,,2.0,,,,,,,,,,,,,,,,,,,,,,,,,,,,,,,,,,,,2,2.0,,6.0,,,,,,,2,,,,,,,,,,,,,,,,1,200.0,0.0,,,,,,,,,,,,,,,,,,,,,,,,,,,,,,,,,,,,,,,,,,698,,U,2,291,6536,Robo en vivienda,,Hombre
16179,1401663.01,1401663.01.01,1401663.01.01.03,1401663.01.01.03.09.1,1401663,1,1,1,1,9,3,A,2,21,,3,14,23,1,3,0.0,1.0,0.0,0.0,0.0,1.0,1.0,2.0,1.0,1.0,0.0,0.0,5.0,1.0,0.0,0.0,0.0,0.0,0.0,2.0,0.0,0.0,0.0,1.0,0.0,2.0,,,,,,,2.0,,,,,,,,,2,,,6.0,,,,,,,2,,,,,,,,,,,,,,,,3,0.0,0.0,,,,,,,,,,,,,,,,,,,,,,,,,,,,,2.0,,,,,0.0,0.0,1.0,,,,,,3384,,U,3,292,6538,Extorsión,,Mujer
16180,1409260.08,1409260.08.01,1409260.08.01.03,1409260.08.01.03.02.1,1409260,8,1,1,2,2,3,A,1,18,,5,14,23,2,1,,,,,,2.0,,,,,,,,,,,,,,,,,,,,,,,,,,,,,,,,,,,,2,2.0,,4.0,,,,,,,2,,,,,,,,,,,,,,,,1,3000.0,0.0,,,,,,,,,,,,,,,,,,,,,,,,,,,,,,,,,,,,,,,,,,1254,,C,2,299,6587,Robo de accesorios de vehículo,,Hombre
16181,1409260.08,1409260.08.01,1409260.08.01.03,1409260.08.01.03.11.1,1409260,8,1,1,1,11,3,A,1,18,,10,14,23,3,1,,,,,,1.0,1.0,1.0,2.0,1.0,0.0,0.0,3.0,1.0,0.0,0.0,0.0,0.0,0.0,1.0,0.0,1.0,0.0,0.0,0.0,2.0,,,,,,,1.0,0.0,0.0,0.0,0.0,0.0,0.0,0.0,1.0,2,,,4.0,,,,,,,2,,,,,,,,,,,,,,,,2,0.0,0.0,1.0,1.0,1.0,1.0,1.0,0.0,1.0,1.0,1.0,0.0,0.0,0.0,,,,,,,,,,,,,,,,,,,,,,,,,,,,,,3761,,C,2,299,6587,Lesiones,,Hombre
16182,1401783.01,1401783.01.01,1401783.01.01.01,1401783.01.01.01.10.1,1401783,1,1,1,1,10,1,A,1,43,,3,14,24,3,3,0.0,1.0,0.0,0.0,0.0,1.0,2.0,,,,,,,,,,,,,,,,,,,,,,,,,,,,,,,,,,,2,,,4.0,,,,,,,2,,,,,,,,,,,,,,,,5,,,1.0,1.0,1.0,1.0,1.0,1.0,1.0,1.0,1.0,0.0,0.0,0.0,,,,,,,,,,,,,,,,,,,,,,,,,,,,,,2097,,C,2,297,6567,Amenazas/intimidación,,Hombre
16183,1401783.06,1401783.06.01,1401783.06.01.01,1401783.06.01.01.09.1,1401783,6,1,1,1,9,1,A,1,75,,11,14,24,1,8,0.0,1.0,0.0,0.0,0.0,1.0,2.0,,,,,,,,,,,,,,,,,,,,,,,,,,,,,,,,,,,2,,,7.0,,,,,,,2,,,,,,,,,,,,,,,,3,0.0,1600.0,0.0,0.0,0.0,1.0,0.0,1.0,1.0,1.0,1.0,0.0,0.0,0.0,,,,,,,,,,,,,,,,,2.0,,,,,1.0,0.0,0.0,3.0,,,,,2097,,C,2,297,6567,Extorsión,,Hombre
16184,1401794.08,1401794.08.01,1401794.08.01.01,1401794.08.01.01.03.1,1401794,8,1,1,1,3,1,A,1,23,,8,14,24,3,1,,,,,,2.0,,,,,,,,,,,,,,,,,,,,,,,,,,,,,,,,,,,,2,2.0,,4.0,,,,,,,2,,,,,,,,,,,,,,,,1,900.0,0.0,1.0,1.0,1.0,1.0,1.0,1.0,1.0,1.0,1.0,0.0,0.0,0.0,,,,,,,,,,,,,,,,,,,,,,,,,,,,,,946,,C,3,298,6575,Robo en vivienda,,Hombre
16185,1401783.12,1401783.12.01,1401783.12.01.01,1401783.12.01.01.09.1,1401783,12,1,1,1,9,1,A,1,61,,10,14,24,1,3,0.0,1.0,0.0,0.0,0.0,1.0,2.0,,,,,,,,,,,,,,,,,,,,,,,,,,,,,,,,,,,2,,,8.0,,,,,,,2,,,,,,,,,,,,,,,,3,0.0,0.0,0.0,0.0,0.0,1.0,0.0,0.0,0.0,0.0,1.0,0.0,0.0,0.0,,,,,,,,,,,,,,,,,1.0,,,,,1.0,0.0,0.0,3.0,,,,,2097,,C,2,297,6567,Extorsión,,Hombre
16188,1401851.03,1401851.03.01,1401851.03.01.02,1401851.03.01.02.09.3,1401851,3,1,3,5,9,2,A,2,20,,4,14,25,2,1,0.0,0.0,1.0,0.0,0.0,1.0,1.0,1.0,1.0,1.0,0.0,0.0,5.0,0.0,0.0,0.0,0.0,1.0,0.0,,1.0,0.0,0.0,0.0,0.0,2.0,,,,,,,2.0,,,,,,,,,2,,,9.0,,,,,,,2,,,,,,,,,,,,,,,,5,,,,,,,,,,,,,,,,,,,,,,,,,,,,,,,3.0,0.0,1.0,0.0,0.0,0.0,0.0,1.0,,,,,,1969,,C,3,298,6574,Extorsión,,Mujer
16189,1401851.03,1401851.03.01,1401851.03.01.02,1401851.03.01.02.09.4,1401851,3,1,4,5,9,2,A,2,20,,2,14,25,2,1,0.0,0.0,1.0,0.0,0.0,1.0,1.0,1.0,1.0,1.0,0.0,0.0,5.0,0.0,0.0,0.0,0.0,1.0,0.0,,1.0,0.0,0.0,0.0,0.0,2.0,,,,,,,2.0,,,,,,,,,2,,,9.0,,,,,,,2,,,,,,,,,,,,,,,,5,,,,,,,,,,,,,,,,,,,,,,,,,,,,,,,3.0,1.0,0.0,0.0,0.0,0.0,0.0,1.0,,,,,,1969,,C,3,298,6574,Extorsión,,Mujer
16190,1401851.03,1401851.03.01,1401851.03.01.02,1401851.03.01.02.09.1,1401851,3,1,1,5,9,2,A,2,20,,12,14,25,3,1,0.0,0.0,1.0,0.0,0.0,1.0,1.0,1.0,2.0,1.0,0.0,0.0,5.0,0.0,0.0,0.0,0.0,1.0,0.0,,1.0,0.0,0.0,0.0,0.0,2.0,,,,,,,2.0,,,,,,,,,2,,,9.0,,,,,,,2,,,,,,,,,,,,,,,,3,0.0,0.0,,,,,,,,,,,,,,,,,,,,,,,,,,,,,3.0,0.0,1.0,0.0,0.0,0.0,0.0,1.0,,,,,,1969,,C,3,298,6574,Extorsión,,Mujer
16191,1401851.03,1401851.03.01,1401851.03.01.02,1401851.03.01.02.10.3,1401851,3,1,3,3,10,2,A,2,20,,2,14,25,3,1,0.0,0.0,1.0,0.0,0.0,2.0,,,,,,,,,,,,,,,,,,,,,,,,,,,,,,,,,,,,2,,,9.0,,,,,,,2,,,,,,,,,,,,,,,,5,,,1.0,1.0,1.0,1.0,1.0,1.0,1.0,1.0,1.0,0.0,0.0,0.0,,,,,,,,,,,,,,,,,,,,,,,,,,,,,,1969,,C,3,298,6574,Amenazas/intimidación,,Mujer
16192,1401851.03,1401851.03.01,1401851.03.01.02,1401851.03.01.02.09.2,1401851,3,1,2,5,9,2,A,2,20,,4,14,25,1,1,0.0,0.0,1.0,0.0,0.0,1.0,1.0,1.0,1.0,1.0,0.0,0.0,5.0,0.0,0.0,0.0,0.0,1.0,0.0,,1.0,0.0,0.0,0.0,0.0,2.0,,,,,,,2.0,,,,,,,,,1,,,,1.0,2.0,,2.0,5.0,3.0,2,,,,,,,,,,0.0,0.0,0.0,0.0,1.0,0.0,5,,,,,,,,,,,,,,,,,,,,,,,,,,,,,,,3.0,0.0,1.0,0.0,0.0,0.0,0.0,1.0,,,,,,1969,,C,3,298,6574,Extorsión,,Mujer
16193,1401851.03,1401851.03.01,1401851.03.01.02,1401851.03.01.02.09.5,1401851,3,1,5,5,9,2,A,2,20,,1,14,25,1,1,0.0,0.0,1.0,0.0,0.0,1.0,1.0,1.0,1.0,1.0,0.0,0.0,5.0,0.0,0.0,0.0,0.0,1.0,0.0,,1.0,0.0,0.0,0.0,0.0,2.0,,,,,,,2.0,,,,,,,,,2,,,9.0,,,,,,,2,,,,,,,,,,,,,,,,5,,,,,,,,,,,,,,,,,,,,,,,,,,,,,,,3.0,1.0,0.0,0.0,0.0,0.0,0.0,1.0,,,,,,1969,,C,3,298,6574,Extorsión,,Mujer
16194,1401851.03,1401851.03.01,1401851.03.01.02,1401851.03.01.02.10.1,1401851,3,1,1,3,10,2,A,2,20,,4,14,25,3,2,0.0,0.0,1.0,0.0,0.0,1.0,1.0,1.0,1.0,1.0,0.0,0.0,5.0,0.0,0.0,0.0,0.0,1.0,0.0,,1.0,0.0,0.0,0.0,0.0,2.0,,,,,,,2.0,,,,,,,,,2,,,9.0,,,,,,,2,,,,,,,,,,,,,,,,5,,,,,,,,,,,,,,,,,,,,,,,,,,,,,,,,,,,,,,,,,,,,1969,,C,3,298,6574,Amenazas/intimidación,,Mujer
16195,1401851.03,1401851.03.01,1401851.03.01.02,1401851.03.01.02.10.2,1401851,3,1,2,3,10,2,A,2,20,,2,14,25,3,1,0.0,0.0,1.0,0.0,0.0,1.0,1.0,1.0,1.0,1.0,0.0,0.0,5.0,0.0,0.0,0.0,0.0,1.0,0.0,,1.0,0.0,0.0,0.0,0.0,2.0,,,,,,,2.0,,,,,,,,,2,,,9.0,,,,,,,2,,,,,,,,,,,,,,,,5,,,,,,,,,,,,,,,,,,,,,,,,,,,,,,,,,,,,,,,,,,,,1969,,C,3,298,6574,Amenazas/intimidación,,Mujer
16196,1401851.01,1401851.01.01,1401851.01.01.02,1401851.01.01.02.03.1,1401851,1,1,1,1,3,2,A,2,43,,11,14,25,1,1,,,,,,1.0,1.0,1.0,1.0,1.0,0.0,0.0,5.0,1.0,0.0,0.0,0.0,0.0,0.0,2.0,0.0,0.0,0.0,1.0,0.0,2.0,,,,,,,2.0,,,,,,,,,2,2.0,,6.0,,,,,,,1,0.0,1.0,0.0,0.0,0.0,0.0,0.0,0.0,0.0,0.0,0.0,0.0,0.0,1.0,0.0,1,4000.0,0.0,1.0,1.0,1.0,1.0,1.0,0.0,0.0,1.0,0.0,0.0,0.0,0.0,,,,,,,,,,,,,,,,,,,,,,,,,,,,,,985,,C,3,298,6574,Robo en vivienda,,Mujer
16197,1401908.09,1401908.09.01,1401908.09.01.01,1401908.09.01.01.10.1,1401908,9,1,1,1,10,1,A,1,54,,10,14,27,2,1,0.0,0.0,1.0,0.0,0.0,1.0,1.0,2.0,1.0,1.0,0.0,0.0,5.0,1.0,0.0,0.0,0.0,0.0,0.0,2.0,0.0,0.0,0.0,1.0,0.0,9.0,,,,,,,2.0,,,,,,,,,2,,,1.0,,,,,,,2,,,,,,,,,,,,,,,,5,,,0.0,0.0,0.0,0.0,0.0,0.0,0.0,0.0,1.0,0.0,0.0,0.0,,,,,,,,,,,,,,,,,,,,,,,,,,,,,,1685,,C,2,301,6595,Amenazas/intimidación,,Hombre
16198,1401908.11,1401908.11.01,1401908.11.01.01,1401908.11.01.01.09.1,1401908,11,1,1,1,9,1,A,1,42,,2,14,27,3,2,0.0,1.0,0.0,0.0,0.0,2.0,,,,,,,,,,,,,,,,,,,,,,,,,,,,,,,,,,,,2,,,1.0,,,,,,,2,,,,,,,,,,,,,,,,5,,,1.0,0.0,0.0,0.0,0.0,0.0,0.0,0.0,1.0,0.0,0.0,0.0,,,,,,,,,,,,,,,,,3.0,,,,,1.0,0.0,0.0,3.0,,,,,2528,,C,2,301,6595,Extorsión,,Hombre
16199,1401908.17,1401908.17.01,1401908.17.01.02,1401908.17.01.02.09.1,1401908,17,1,1,2,9,2,A,2,30,,2,14,27,1,1,0.0,1.0,0.0,0.0,0.0,2.0,,,,,,,,,,,,,,,,,,,,,,,,,,,,,,,,,,,,2,,,6.0,,,,,,,2,,,,,,,,,,,,,,,,5,,,,,,,,,,,,,,,,,,,,,,,,,,,,,,,2.0,,,,,1.0,0.0,0.0,3.0,,,,,1685,,C,2,301,6595,Extorsión,,Mujer
16200,1401908.17,1401908.17.01,1401908.17.01.02,1401908.17.01.02.09.2,1401908,17,1,2,2,9,2,A,2,30,,7,14,27,1,1,0.0,1.0,0.0,0.0,0.0,2.0,,,,,,,,,,,,,,,,,,,,,,,,,,,,,,,,,,,,2,,,6.0,,,,,,,2,,,,,,,,,,,,,,,,5,,,1.0,0.0,0.0,0.0,0.0,0.0,0.0,0.0,1.0,0.0,0.0,0.0,,,,,,,,,,,,,,,,,2.0,,,,,1.0,0.0,0.0,3.0,,,,,1685,,C,2,301,6595,Extorsión,,Mujer
16201,1460520.1,1460520.10.01,1460520.10.01.02,1460520.10.01.02.09.1,1460520,10,1,1,1,9,2,A,2,74,,12,14,29,1,2,0.0,1.0,0.0,0.0,0.0,1.0,2.0,,,,,,,,,,,,,,,,,,,,,,,,,,,,,,,,,,,2,,,5.0,,,,,,,2,,,,,,,,,,,,,,,,3,0.0,0.0,0.0,0.0,0.0,0.0,0.0,0.0,0.0,0.0,1.0,0.0,0.0,0.0,,,,,,,,,,,,,,,,,3.0,,,,,0.0,1.0,0.0,3.0,,,,,3665,,R,2,303,6602,Extorsión,,Mujer
16202,1460520.07,1460520.07.01,1460520.07.01.02,1460520.07.01.02.03.1,1460520,7,1,1,1,3,2,A,2,37,,7,14,29,2,1,,,,,,2.0,,,,,,,,,,,,,,,,,,,,,,,,,,,,,,,,,,,,1,,,,2.0,,5.0,2.0,4.0,2.0,2,,,,,,,,,,1.0,0.0,0.0,0.0,0.0,0.0,1,5000.0,0.0,0.0,1.0,1.0,1.0,1.0,0.0,0.0,1.0,0.0,0.0,0.0,0.0,,,,,,,,,,,,,,,,,,,,,,,,,,,,,,1222,,R,2,303,6602,Robo en vivienda,,Mujer
16204,1401997.03,1401997.03.01,1401997.03.01.03,1401997.03.01.03.02.1,1401997,3,1,1,1,2,3,A,1,44,,4,14,30,4,1,,,,,,2.0,,,,,,,,,,,,,,,,,,,,,,,,,,,,,,,,,,,,2,2.0,,6.0,,,,,,,2,,,,,,,,,,,,,,,,1,5000.0,0.0,,,,,,,,,,,,,,,,,,,,,,,,,,,,,,,,,,,,,,,,,,1256,,C,2,299,6586,Robo de accesorios de vehículo,,Hombre
16205,1401997.07,1401997.07.01,1401997.07.01.04,1401997.07.01.04.08.2,1401997,7,1,2,2,8,4,A,1,42,,2,14,30,3,1,0.0,0.0,1.0,0.0,0.0,,,,,,,,,,,,,,,,,,,,,,,,,,,,,,,,,,,,,2,,,1.0,,,,,,,2,,,,,,,,,,,,,,,,1,3000.0,0.0,1.0,1.0,1.0,1.0,0.0,0.0,0.0,1.0,1.0,0.0,0.0,0.0,,,,,,,,,,,,,,,,1.0,,,,,,,,,,,,,,5025,,C,2,299,6586,Fraude bancario,,Hombre
16206,1401997.13,1401997.13.01,1401997.13.01.01,1401997.13.01.01.04.1,1401997,13,1,1,1,4,1,A,1,49,,11,14,30,3,2,,,,,,2.0,,,,,,,,,,,,,,,,,,,,,,,,,,,,,,,,,,,,2,2.0,,4.0,,,,,,,2,,,,,,,,,,,,,,,,1,5000.0,0.0,,,,,,,,,,,,,,0.0,0.0,0.0,0.0,0.0,0.0,0.0,1.0,0.0,0.0,0.0,0.0,0.0,2.0,,,,,,,,,,,,,,,1256,,C,2,299,6586,Robo en transporte público,,Hombre
16207,1401997.13,1401997.13.01,1401997.13.01.01,1401997.13.01.01.09.1,1401997,13,1,1,1,9,1,A,1,49,,12,14,30,3,2,0.0,1.0,0.0,0.0,0.0,1.0,2.0,,,,,,,,,,,,,,,,,,,,,,,,,,,,,,,,,,,2,,,4.0,,,,,,,1,0.0,0.0,0.0,0.0,0.0,0.0,0.0,1.0,0.0,0.0,0.0,0.0,0.0,1.0,0.0,5,,,0.0,0.0,0.0,1.0,0.0,0.0,0.0,0.0,0.0,0.0,0.0,0.0,,,,,,,,,,,,,,,,,1.0,,,,,1.0,0.0,0.0,3.0,,,,,1256,,C,2,299,6586,Extorsión,,Hombre
16208,1402571.05,1402571.05.01,1402571.05.01.02,1402571.05.01.02.09.2,1402571,5,1,2,3,9,2,A,1,23,,6,14,30,1,2,0.0,1.0,0.0,0.0,0.0,1.0,2.0,,,,,,,,,,,,,,,,,,,,,,,,,,,,,,,,,,,2,,,4.0,,,,,,,2,,,,,,,,,,,,,,,,5,,,,,,,,,,,,,,,,,,,,,,,,,,,,,,,3.0,,,,,1.0,0.0,0.0,3.0,,,,,1523,,U,3,280,6385,Extorsión,,Hombre
16209,1402571.05,1402571.05.01,1402571.05.01.02,1402571.05.01.02.10.1,1402571,5,1,1,4,10,2,A,1,23,,12,14,30,2,5,0.0,0.0,1.0,0.0,0.0,1.0,1.0,1.0,1.0,1.0,0.0,0.0,5.0,1.0,0.0,0.0,0.0,0.0,0.0,2.0,0.0,1.0,0.0,0.0,0.0,2.0,,,,,,,2.0,,,,,,,,,2,,,3.0,,,,,,,2,,,,,,,,,,,,,,,,5,,,,,,,,,,,,,,,,,,,,,,,,,,,,,,,,,,,,,,,,,,,,1523,,U,3,280,6385,Amenazas/intimidación,,Hombre
16210,1402571.05,1402571.05.01,1402571.05.01.02,1402571.05.01.02.10.3,1402571,5,1,3,4,10,2,A,1,23,,10,14,30,1,5,0.0,0.0,1.0,0.0,0.0,1.0,1.0,1.0,1.0,1.0,0.0,0.0,6.0,1.0,0.0,0.0,0.0,0.0,0.0,2.0,0.0,1.0,0.0,0.0,0.0,2.0,,,,,,,1.0,0.0,0.0,0.0,0.0,0.0,0.0,0.0,1.0,2,,,3.0,,,,,,,2,,,,,,,,,,,,,,,,2,0.0,0.0,,,,,,,,,,,,,,,,,,,,,,,,,,,,,,,,,,,,,,,,,,1523,,U,3,280,6385,Amenazas/intimidación,,Hombre
16211,1402571.05,1402571.05.01,1402571.05.01.02,1402571.05.01.02.10.2,1402571,5,1,2,4,10,2,A,1,23,,10,14,30,2,5,0.0,0.0,1.0,0.0,0.0,1.0,1.0,1.0,2.0,1.0,0.0,0.0,4.0,1.0,0.0,0.0,0.0,0.0,0.0,1.0,1.0,1.0,0.0,0.0,0.0,1.0,0.0,1.0,0.0,0.0,0.0,2.0,1.0,0.0,0.0,0.0,0.0,0.0,0.0,0.0,1.0,2,,,3.0,,,,,,,2,,,,,,,,,,,,,,,,5,,,,,,,,,,,,,,,,,,,,,,,,,,,,,,,,,,,,,,,,,,,,1523,,U,3,280,6385,Amenazas/intimidación,,Hombre
16212,1402571.05,1402571.05.01,1402571.05.01.02,1402571.05.01.02.10.4,1402571,5,1,4,4,10,2,A,1,23,,8,14,30,2,5,0.0,0.0,1.0,0.0,0.0,1.0,1.0,1.0,1.0,1.0,0.0,0.0,4.0,1.0,0.0,0.0,0.0,0.0,0.0,2.0,0.0,0.0,0.0,1.0,0.0,2.0,,,,,,,2.0,,,,,,,,,2,,,3.0,,,,,,,2,,,,,,,,,,,,,,,,5,,,1.0,1.0,1.0,1.0,1.0,1.0,1.0,1.0,1.0,0.0,0.0,0.0,,,,,,,,,,,,,,,,,,,,,,,,,,,,,,1523,,U,3,280,6385,Amenazas/intimidación,,Hombre
16213,1401997.03,1401997.03.01,1401997.03.01.03,1401997.03.01.03.03.1,1401997,3,1,1,1,3,3,A,1,44,,4,14,30,4,1,,,,,,2.0,,,,,,,,,,,,,,,,,,,,,,,,,,,,,,,,,,,,2,2.0,,6.0,,,,,,,2,,,,,,,,,,,,,,,,1,3000.0,0.0,1.0,1.0,1.0,1.0,1.0,1.0,1.0,1.0,1.0,0.0,0.0,0.0,,,,,,,,,,,,,,,,,,,,,,,,,,,,,,1256,,C,2,299,6586,Robo en vivienda,,Hombre
16214,1402117.01,1402117.01.01,1402117.01.01.02,1402117.01.01.02.04.1,1402117,1,1,1,2,4,2,A,2,58,,12,14,32,3,2,,,,,,2.0,,,,,,,,,,,,,,,,,,,,,,,,,,,,,,,,,,,,2,2.0,,8.0,,,,,,,2,,,,,,,,,,,,,,,,1,300000.0,10000.0,,,,,,,,,,,,,,0.0,0.0,1.0,1.0,1.0,1.0,1.0,1.0,0.0,0.0,0.0,0.0,0.0,2.0,,,,,,,,,,,,,,,1277,,C,2,301,6592,Robo en transporte público,,Mujer
16215,1402117.01,1402117.01.01,1402117.01.01.02,1402117.01.01.02.04.2,1402117,1,1,2,2,4,2,A,2,58,,6,14,32,2,2,,,,,,2.0,,,,,,,,,,,,,,,,,,,,,,,,,,,,,,,,,,,,2,2.0,,4.0,,,,,,,2,,,,,,,,,,,,,,,,1,70000.0,0.0,,,,,,,,,,,,,,0.0,0.0,0.0,0.0,0.0,1.0,0.0,0.0,0.0,0.0,0.0,0.0,0.0,2.0,,,,,,,,,,,,,,,1277,,C,2,301,6592,Robo en transporte público,,Mujer
16216,1402117.01,1402117.01.01,1402117.01.01.02,1402117.01.01.02.08.1,1402117,1,1,1,3,8,2,A,2,58,,1,14,32,2,4,0.0,0.0,1.0,0.0,0.0,,,,,,,,,,,,,,,,,,,,,,,,,,,,,,,,,,,,,2,,,7.0,,,,,,,2,,,,,,,,,,,,,,,,1,72000.0,0.0,,,,,,,,,,,,,,,,,,,,,,,,,,,,1.0,,,,,,,,,,,,,,2554,,C,2,301,6592,Fraude bancario,,Mujer
16217,1402117.01,1402117.01.01,1402117.01.01.02,1402117.01.01.02.08.2,1402117,1,1,2,3,8,2,A,2,58,,3,14,32,2,4,0.0,0.0,1.0,0.0,0.0,,,,,,,,,,,,,,,,,,,,,,,,,,,,,,,,,,,,,2,,,7.0,,,,,,,2,,,,,,,,,,,,,,,,1,35000.0,0.0,,,,,,,,,,,,,,,,,,,,,,,,,,,,1.0,,,,,,,,,,,,,,2554,,C,2,301,6592,Fraude bancario,,Mujer
16218,1402117.01,1402117.01.01,1402117.01.01.02,1402117.01.01.02.10.1,1402117,1,1,1,4,10,2,A,2,58,,4,14,32,1,3,0.0,0.0,1.0,0.0,0.0,1.0,1.0,1.0,1.0,1.0,0.0,0.0,5.0,0.0,0.0,0.0,1.0,0.0,0.0,,1.0,1.0,0.0,0.0,0.0,2.0,,,,,,,2.0,,,,,,,,,2,,,4.0,,,,,,,2,,,,,,,,,,,,,,,,5,,,,,,,,,,,,,,,,,,,,,,,,,,,,,,,,,,,,,,,,,,,,2554,,C,2,301,6592,Amenazas/intimidación,,Mujer
16219,1402117.01,1402117.01.01,1402117.01.01.02,1402117.01.01.02.10.2,1402117,1,1,2,4,10,2,A,2,58,,5,14,32,1,3,0.0,0.0,1.0,0.0,0.0,1.0,1.0,2.0,1.0,1.0,0.0,0.0,6.0,0.0,0.0,0.0,1.0,0.0,0.0,,0.0,0.0,0.0,1.0,0.0,2.0,,,,,,,2.0,,,,,,,,,2,,,4.0,,,,,,,2,,,,,,,,,,,,,,,,5,,,,,,,,,,,,,,,,,,,,,,,,,,,,,,,,,,,,,,,,,,,,2554,,C,2,301,6592,Amenazas/intimidación,,Mujer
16220,1402117.01,1402117.01.01,1402117.01.01.02,1402117.01.01.02.10.3,1402117,1,1,3,4,10,2,A,2,58,,6,14,32,2,1,0.0,0.0,1.0,0.0,0.0,1.0,1.0,1.0,6.0,1.0,1.0,0.0,8.0,0.0,0.0,0.0,1.0,0.0,0.0,,0.0,0.0,0.0,1.0,0.0,1.0,1.0,0.0,0.0,0.0,0.0,2.0,2.0,,,,,,,,,2,,,8.0,,,,,,,2,,,,,,,,,,,,,,,,4,0.0,0.0,,,,,,,,,,,,,,,,,,,,,,,,,,,,,,,,,,,,,,,,,,2554,,C,2,301,6592,Amenazas/intimidación,,Mujer
16221,1402117.01,1402117.01.01,1402117.01.01.02,1402117.01.01.02.10.4,1402117,1,1,4,4,10,2,A,2,58,,9,14,32,2,3,0.0,0.0,1.0,0.0,0.0,1.0,1.0,1.0,6.0,1.0,1.0,0.0,8.0,0.0,0.0,0.0,1.0,0.0,0.0,,0.0,0.0,0.0,1.0,0.0,2.0,,,,,,,2.0,,,,,,,,,2,,,8.0,,,,,,,2,,,,,,,,,,,,,,,,4,0.0,0.0,1.0,1.0,1.0,1.0,1.0,1.0,1.0,1.0,1.0,0.0,0.0,0.0,,,,,,,,,,,,,,,,,,,,,,,,,,,,,,2554,,C,2,301,6592,Amenazas/intimidación,,Mujer
16227,1402243.02,1402243.02.01,1402243.02.01.02,1402243.02.01.02.10.1,1402243,2,1,1,1,10,2,A,1,18,,1,14,35,3,2,0.0,1.0,0.0,0.0,0.0,1.0,1.0,2.0,1.0,1.0,0.0,0.0,9.0,1.0,0.0,0.0,0.0,0.0,0.0,2.0,0.0,0.0,0.0,0.0,1.0,2.0,,,,,,,2.0,,,,,,,,,2,,,6.0,,,,,,,2,,,,,,,,,,,,,,,,3,0.0,0.0,0.0,0.0,0.0,0.0,0.0,1.0,0.0,0.0,0.0,0.0,0.0,0.0,,,,,,,,,,,,,,,,,,,,,,,,,,,,,,2281,,C,2,297,6564,Amenazas/intimidación,,Hombre
16228,1402551.01,1402551.01.01,1402551.01.01.03,1402551.01.01.03.04.1,1402551,1,1,1,1,4,3,A,2,30,2.0,12,14,39,2,2,,,,,,2.0,,,,,,,,,,,,,,,,,,,,,,,,,,,,,,,,,,,,2,2.0,,6.0,,,,,,,2,,,,,,,,,,,,,,,,1,12000.0,0.0,,,,,,,,,,,,,,0.0,0.0,1.0,0.0,0.0,0.0,0.0,0.0,1.0,0.0,0.0,0.0,0.0,1.0,,,,,,,,,,,,,,,717,717.0,U,2,279,6287,Robo en transporte público,En su vivienda,Mujer
16229,1403846.05,1403846.05.01,1403846.05.01.03,1403846.05.01.03.05.2,1403846,5,1,2,2,5,3,A,2,44,2.0,9,14,39,2,1,,,,,,1.0,1.0,2.0,9.0,0.0,0.0,1.0,9.0,1.0,0.0,0.0,0.0,0.0,0.0,2.0,0.0,0.0,0.0,0.0,1.0,2.0,,,,,,,2.0,,,,,,,,,2,,,4.0,,,,,,,2,,,,,,,,,,,,,,,,1,100.0,0.0,0.0,0.0,0.0,0.0,0.0,0.0,0.0,0.0,1.0,0.0,0.0,0.0,,0.0,0.0,0.0,0.0,0.0,1.0,0.0,0.0,0.0,0.0,0.0,0.0,0.0,,,,,,,,,,,,,,,,3597,3597.0,U,4,281,6397,Robo en calle (a transeúnte),En su vivienda,Mujer
16230,1402551.01,1402551.01.01,1402551.01.01.03,1402551.01.01.03.10.2,1402551,1,1,2,5,10,3,A,2,30,2.0,10,14,39,2,3,0.0,1.0,0.0,0.0,0.0,2.0,,,,,,,,,,,,,,,,,,,,,,,,,,,,,,,,,,,,2,,,6.0,,,,,,,2,,,,,,,,,,,,,,,,3,0.0,0.0,,,,,,,,,,,,,,,,,,,,,,,,,,,,,,,,,,,,,,,,,,2868,2868.0,U,2,279,6287,Amenazas/intimidación,En su vivienda,Mujer
16231,1405122.03,1405122.03.01,1405122.03.01.04,1405122.03.01.04.02.1,1405122,3,1,1,1,2,4,A,2,34,2.0,9,14,39,4,1,,,,,,2.0,,,,,,,,,,,,,,,,,,,,,,,,,,,,,,,,,,,,2,2.0,,5.0,,,,,,,2,,,,,,,,,,,,,,,,1,600.0,0.0,0.0,0.0,1.0,1.0,1.0,1.0,1.0,1.0,1.0,0.0,0.0,0.0,,,,,,,,,,,,,,,,,,,,,,,,,,,,,,945,945.0,U,3,280,6353,Robo de accesorios de vehículo,En su vivienda,Mujer
16232,1405465.05,1405465.05.01,1405465.05.01.02,1405465.05.01.02.02.1,1405465,5,1,1,1,2,2,A,2,53,2.0,2,14,39,3,1,,,,,,2.0,,,,,,,,,,,,,,,,,,,,,,,,,,,,,,,,,,,,2,2.0,,4.0,,,,,,,1,0.0,1.0,0.0,0.0,0.0,0.0,0.0,0.0,0.0,1.0,0.0,0.0,0.0,0.0,0.0,1,3000.0,0.0,0.0,0.0,1.0,1.0,0.0,0.0,0.0,0.0,1.0,1.0,0.0,0.0,,,,,,,,,,,,,,,,,,,,,,,,,,,,,,1138,1138.0,U,4,281,6412,Robo de accesorios de vehículo,En su vivienda,Mujer
16233,1419455.02,1419455.02.01,1419455.02.01.01,1419455.02.01.01.05.2,1419455,2,1,2,2,5,1,A,2,51,2.0,5,14,39,2,1,,,,,,1.0,1.0,1.0,9.0,1.0,0.0,0.0,3.0,1.0,0.0,0.0,0.0,0.0,0.0,2.0,0.0,0.0,0.0,0.0,1.0,2.0,,,,,,,2.0,,,,,,,,,2,,,7.0,,,,,,,2,,,,,,,,,,,,,,,,1,1800.0,0.0,,,,,,,,,,,,,,0.0,0.0,0.0,0.0,0.0,0.0,0.0,0.0,1.0,0.0,0.0,0.0,0.0,,,,,,,,,,,,,,,,2965,2965.0,U,2,285,6508,Robo en calle (a transeúnte),En su vivienda,Mujer
16234,1405122.05,1405122.05.01,1405122.05.01.02,1405122.05.01.02.09.3,1405122,5,1,3,5,9,2,A,2,72,2.0,12,14,39,1,2,0.0,1.0,0.0,0.0,0.0,1.0,1.0,1.0,1.0,1.0,0.0,0.0,9.0,1.0,0.0,0.0,0.0,0.0,0.0,2.0,0.0,0.0,0.0,1.0,0.0,2.0,,,,,,,2.0,,,,,,,,,2,,,4.0,,,,,,,2,,,,,,,,,,,,,,,,3,0.0,0.0,,,,,,,,,,,,,,,,,,,,,,,,,,,,,1.0,,,,,1.0,0.0,0.0,2.0,,,,,3780,3780.0,U,3,280,6353,Extorsión,En su vivienda,Mujer
16235,1403338.03,1403338.03.01,1403338.03.01.03,1403338.03.01.03.08.1,1403338,3,1,1,1,8,3,A,1,23,2.0,8,14,39,2,3,1.0,0.0,0.0,0.0,0.0,,,,,,,,,,,,,,,,,,,,,,,,,,,,,,,,,,,,,2,,,6.0,,,,,,,2,,,,,,,,,,,,,,,,1,1000.0,0.0,,,,,,,,,,,,,,,,,,,,,,,,,,,,1.0,,,,,,,,,,,,,,4141,4141.0,U,2,279,6275,Fraude bancario,En su vivienda,Hombre
16236,1403886.03,1403886.03.01,1403886.03.01.04,1403886.03.01.04.07.1,1403886,3,1,1,1,7,4,A,1,37,2.0,12,14,39,3,4,0.0,0.0,1.0,0.0,0.0,,,,,,,,,,,,,,,,,,,,,,,,,,,,,,,,,,,,,2,,,6.0,,,,,,,2,,,,,,,,,,,,,,,,1,8000.0,0.0,0.0,0.0,0.0,0.0,0.0,0.0,0.0,1.0,1.0,0.0,0.0,0.0,,,,,,,,,,,,,,,,1.0,,,,,,,,,,,,,,4580,4580.0,U,4,281,6411,Robo en banco/cajero,En su vivienda,Hombre
16237,1402728.04,1402728.04.01,1402728.04.01.03,1402728.04.01.03.08.1,1402728,4,1,1,2,8,3,A,1,20,2.0,2,14,39,3,2,1.0,0.0,0.0,0.0,0.0,,,,,,,,,,,,,,,,,,,,,,,,,,,,,,,,,,,,,2,,,3.0,,,,,,,2,,,,,,,,,,,,,,,,1,200.0,0.0,,,,,,,,,,,,,,,,,,,,,,,,,,,,1.0,,,,,,,,,,,,,,3018,3018.0,U,2,279,6231,Fraude bancario,En su vivienda,Hombre
16238,1405090.04,1405090.04.01,1405090.04.01.01,1405090.04.01.01.08.1,1405090,4,1,1,1,8,1,A,1,48,2.0,5,14,39,1,2,0.0,1.0,0.0,0.0,0.0,,,,,,,,,,,,,,,,,,,,,,,,,,,,,,,,,,,,,2,,,6.0,,,,,,,2,,,,,,,,,,,,,,,,1,8000.0,0.0,1.0,1.0,1.0,1.0,0.0,0.0,0.0,0.0,1.0,0.0,0.0,0.0,,,,,,,,,,,,,,,,1.0,,,,,,,,,,,,,,1964,1964.0,U,3,280,6327,Fraude bancario,En su vivienda,Hombre
16239,1405059.02,1405059.02.01,1405059.02.01.01,1405059.02.01.01.13.1,1405059,2,1,1,1,13,1,A,2,25,2.0,12,14,39,2,1,0.0,0.0,1.0,0.0,0.0,1.0,1.0,2.0,1.0,1.0,0.0,0.0,5.0,1.0,0.0,0.0,0.0,0.0,0.0,2.0,0.0,0.0,0.0,1.0,0.0,2.0,,,,,,,2.0,,,,,,,,,2,,,5.0,,,,,,,2,,,,,,,,,,,,,,,,3,0.0,0.0,0.0,0.0,0.0,0.0,0.0,1.0,0.0,0.0,0.0,1.0,0.0,0.0,,,,,,,,,,,,,,,,,,,,,,,,,,,,,2.0,1005,1005.0,U,4,281,6459,Delito sexual,En su vivienda,Mujer
16240,1419455.02,1419455.02.01,1419455.02.01.01,1419455.02.01.01.11.2,1419455,2,1,2,3,11,1,A,2,51,2.0,12,14,39,3,1,,,,,,1.0,1.0,2.0,5.0,1.0,1.0,0.0,8.0,1.0,0.0,0.0,0.0,0.0,0.0,1.0,1.0,1.0,0.0,0.0,0.0,2.0,,,,,,,1.0,1.0,0.0,0.0,0.0,0.0,0.0,0.0,0.0,2,,,1.0,,,,,,,2,,,,,,,,,,,,,,,,2,0.0,0.0,,,,,,,,,,,,,,,,,,,,,,,,,,,,,,,,,,,,,,,,,,2965,2965.0,U,2,285,6508,Lesiones,En su vivienda,Mujer
16241,1417071.03,1417071.03.01,1417071.03.01.02,1417071.03.01.02.01.1,1417071,3,1,1,1,1,2,A,1,27,2.0,6,14,39,4,1,,,,,,2.0,,,,,,,,,,,,,,,,,,,,,,,,,,,,,,,,,,,,1,,,,1.0,2.0,,4.0,2.0,2.0,1,0.0,1.0,0.0,0.0,0.0,0.0,0.0,0.0,0.0,1.0,0.0,0.0,0.0,0.0,0.0,1,100000.0,0.0,,,,,,,,,,,,,2.0,,,,,,,,,,,,,,,,,,,,,,,,,,,,,1024,1024.0,U,2,279,6226,Robo total de vehículo,En su vivienda,Hombre
16242,1405059.01,1405059.01.01,1405059.01.01.04,1405059.01.01.04.02.1,1405059,1,1,1,1,2,4,A,1,39,2.0,12,14,39,4,1,,,,,,2.0,,,,,,,,,,,,,,,,,,,,,,,,,,,,,,,,,,,,2,2.0,,3.0,,,,,,,2,,,,,,,,,,,,,,,,1,1000.0,0.0,1.0,0.0,0.0,0.0,0.0,0.0,0.0,0.0,1.0,0.0,0.0,0.0,,,,,,,,,,,,,,,,,,,,,,,,,,,,,,1005,1005.0,U,4,281,6459,Robo de accesorios de vehículo,En su vivienda,Hombre
16243,1405090.03,1405090.03.01,1405090.03.01.01,1405090.03.01.01.07.1,1405090,3,1,1,1,7,1,A,1,40,2.0,7,14,39,1,2,1.0,0.0,0.0,0.0,0.0,,,,,,,,,,,,,,,,,,,,,,,,,,,,,,,,,,,,,2,,,4.0,,,,,,,2,,,,,,,,,,,,,,,,1,3000.0,0.0,1.0,1.0,1.0,1.0,1.0,1.0,1.0,1.0,1.0,0.0,0.0,0.0,,,,,,,,,,,,,,,,4.0,,,,,,,,,,,,,,1964,1964.0,U,3,280,6327,Robo en banco/cajero,En su vivienda,Hombre
16244,1402445.03,1402445.03.01,1402445.03.01.04,1402445.03.01.04.05.1,1402445,3,1,1,1,5,4,A,1,20,2.0,8,14,39,1,1,,,,,,1.0,1.0,2.0,2.0,1.0,0.0,0.0,8.0,1.0,0.0,0.0,0.0,0.0,0.0,2.0,0.0,0.0,0.0,0.0,1.0,1.0,1.0,0.0,0.0,0.0,0.0,2.0,1.0,1.0,0.0,0.0,0.0,0.0,0.0,0.0,0.0,2,,,8.0,,,,,,,2,,,,,,,,,,,,,,,,1,5000.0,0.0,1.0,1.0,1.0,0.0,0.0,0.0,0.0,1.0,1.0,0.0,0.0,0.0,,0.0,0.0,0.0,0.0,0.0,0.0,0.0,0.0,1.0,0.0,0.0,0.0,0.0,,,,,,,,,,,,,,,,4195,4195.0,U,2,279,6223,Robo en calle (a transeúnte),En su vivienda,Hombre
16246,1405103.03,1405103.03.01,1405103.03.01.01,1405103.03.01.01.08.1,1405103,3,1,1,1,8,1,A,2,28,2.0,6,14,39,2,4,1.0,0.0,0.0,0.0,0.0,,,,,,,,,,,,,,,,,,,,,,,,,,,,,,,,,,,,,2,,,9.0,,,,,,,2,,,,,,,,,,,,,,,,1,600.0,0.0,1.0,1.0,1.0,1.0,1.0,1.0,1.0,1.0,1.0,0.0,0.0,0.0,,,,,,,,,,,,,,,,1.0,,,,,,,,,,,,,,1044,1044.0,U,3,280,6302,Fraude bancario,En su vivienda,Mujer
16247,1403423.01,1403423.01.01,1403423.01.01.03,1403423.01.01.03.03.1,1403423,1,1,1,1,3,3,A,1,28,2.0,11,14,39,4,1,,,,,,2.0,,,,,,,,,,,,,,,,,,,,,,,,,,,,,,,,,,,,1,,,,1.0,4.0,,2.0,1.0,2.0,2,,,,,,,,,,1.0,0.0,0.0,0.0,0.0,0.0,9,,,,,,,,,,,,,,,,,,,,,,,,,,,,,,,,,,,,,,,,,,,,1127,1127.0,U,3,280,6294,Robo en vivienda,En su vivienda,Hombre
16248,1412100.02,1412100.02.01,1412100.02.01.01,1412100.02.01.01.09.1,1412100,2,1,1,1,9,1,A,1,35,2.0,12,14,39,4,3,0.0,1.0,0.0,0.0,0.0,1.0,1.0,2.0,2.0,1.0,0.0,0.0,5.0,1.0,0.0,0.0,0.0,0.0,0.0,2.0,0.0,0.0,0.0,1.0,0.0,2.0,,,,,,,2.0,,,,,,,,,2,,,5.0,,,,,,,2,,,,,,,,,,,,,,,,1,80000.0,20000.0,1.0,1.0,1.0,1.0,1.0,1.0,1.0,1.0,1.0,0.0,0.0,0.0,,,,,,,,,,,,,,,,,1.0,,,,,1.0,0.0,0.0,1.0,,,,,1079,1079.0,U,3,280,6297,Extorsión,En su vivienda,Hombre
16249,1411078.09,1411078.09.01,1411078.09.01.01,1411078.09.01.01.05.1,1411078,9,1,1,5,5,1,A,2,66,2.0,8,14,39,1,1,,,,,,1.0,1.0,2.0,2.0,1.0,1.0,0.0,6.0,1.0,0.0,0.0,0.0,0.0,0.0,2.0,0.0,0.0,0.0,1.0,0.0,2.0,,,,,,,2.0,,,,,,,,,2,,,4.0,,,,,,,2,,,,,,,,,,,,,,,,1,17000.0,0.0,,,,,,,,,,,,,,0.0,0.0,0.0,0.0,0.0,0.0,1.0,0.0,0.0,0.0,0.0,0.0,0.0,,,,,,,,,,,,,,,,904,904.0,C,3,298,6576,Robo en calle (a transeúnte),En su vivienda,Mujer
16250,1417979.04,1417979.04.01,1417979.04.01.01,1417979.04.01.01.05.1,1417979,4,1,1,1,5,1,A,1,45,2.0,10,14,39,2,1,,,,,,1.0,1.0,1.0,2.0,1.0,0.0,0.0,8.0,1.0,0.0,0.0,0.0,0.0,0.0,1.0,1.0,0.0,0.0,0.0,0.0,9.0,,,,,,,1.0,0.0,0.0,0.0,1.0,0.0,0.0,0.0,0.0,2,,,8.0,,,,,,,1,0.0,1.0,0.0,0.0,0.0,0.0,0.0,0.0,0.0,1.0,0.0,0.0,0.0,0.0,0.0,2,0.0,5500.0,1.0,0.0,0.0,0.0,0.0,0.0,0.0,1.0,0.0,0.0,0.0,0.0,,0.0,0.0,0.0,0.0,0.0,0.0,0.0,0.0,0.0,0.0,0.0,1.0,0.0,,,,,,,,,,,,,,,,1907,1907.0,U,3,280,6350,Robo en calle (a transeúnte),En su vivienda,Hombre
16252,1403742.03,1403742.03.01,1403742.03.01.01,1403742.03.01.01.03.1,1403742,3,1,1,1,3,1,A,1,31,2.0,3,14,39,3,2,,,,,,2.0,,,,,,,,,,,,,,,,,,,,,,,,,,,,,,,,,,,,2,2.0,,4.0,,,,,,,2,,,,,,,,,,,,,,,,1,150.0,0.0,0.0,0.0,0.0,1.0,0.0,0.0,0.0,1.0,1.0,0.0,0.0,0.0,,,,,,,,,,,,,,,,,,,,,,,,,,,,,,1001,1001.0,U,2,279,6234,Robo en vivienda,En su vivienda,Hombre
16253,1403880.01,1403880.01.01,1403880.01.01.02,1403880.01.01.02.08.1,1403880,1,1,1,1,8,2,A,2,60,2.0,11,14,39,3,2,1.0,0.0,0.0,0.0,0.0,,,,,,,,,,,,,,,,,,,,,,,,,,,,,,,,,,,,,2,,,4.0,,,,,,,2,,,,,,,,,,,,,,,,1,400.0,0.0,0.0,0.0,0.0,0.0,1.0,0.0,0.0,0.0,0.0,0.0,0.0,0.0,,,,,,,,,,,,,,,,1.0,,,,,,,,,,,,,,2181,2181.0,U,4,281,6432,Fraude bancario,En su vivienda,Mujer
16254,1403582.01,1403582.01.01,1403582.01.01.01,1403582.01.01.01.09.1,1403582,1,1,1,1,9,1,A,2,72,2.0,2,14,39,1,2,0.0,1.0,0.0,0.0,0.0,1.0,1.0,2.0,2.0,1.0,0.0,0.0,5.0,1.0,0.0,0.0,0.0,0.0,0.0,2.0,0.0,0.0,0.0,1.0,0.0,2.0,,,,,,,2.0,,,,,,,,,2,,,6.0,,,,,,,2,,,,,,,,,,,,,,,,5,,,0.0,0.0,0.0,0.0,0.0,0.0,0.0,0.0,1.0,0.0,0.0,0.0,,,,,,,,,,,,,,,,,3.0,,,,,1.0,0.0,0.0,3.0,,,,,1000,1000.0,U,4,281,6461,Extorsión,En su vivienda,Mujer
16256,1414910.03,1414910.03.01,1414910.03.01.01,1414910.03.01.01.05.1,1414910,3,1,1,1,5,1,A,1,56,2.0,3,14,39,1,4,,,,,,1.0,1.0,2.0,1.0,1.0,0.0,0.0,6.0,1.0,0.0,0.0,0.0,0.0,0.0,1.0,0.0,0.0,0.0,1.0,0.0,2.0,,,,,,,2.0,,,,,,,,,2,,,4.0,,,,,,,2,,,,,,,,,,,,,,,,1,20000.0,0.0,1.0,0.0,1.0,1.0,0.0,0.0,0.0,1.0,1.0,0.0,0.0,0.0,,0.0,0.0,0.0,0.0,0.0,0.0,1.0,0.0,0.0,0.0,0.0,0.0,0.0,,,,,,,,,,,,,,,,2885,2885.0,U,3,280,6340,Robo en calle (a transeúnte),En su vivienda,Hombre
16257,1417138.04,1417138.04.01,1417138.04.01.03,1417138.04.01.03.08.1,1417138,4,1,1,1,8,3,A,1,24,2.0,5,14,39,2,1,1.0,0.0,0.0,0.0,0.0,,,,,,,,,,,,,,,,,,,,,,,,,,,,,,,,,,,,,2,,,4.0,,,,,,,1,0.0,1.0,0.0,0.0,0.0,0.0,0.0,0.0,0.0,1.0,0.0,0.0,0.0,0.0,0.0,1,1000.0,0.0,,,,,,,,,,,,,,,,,,,,,,,,,,,,1.0,,,,,,,,,,,,,,2840,2840.0,U,2,279,6288,Fraude bancario,En su vivienda,Hombre
16258,1405514.01,1405514.01.01,1405514.01.01.04,1405514.01.01.04.05.1,1405514,1,1,1,1,5,4,A,2,24,2.0,10,14,39,1,6,,,,,,1.0,1.0,2.0,2.0,1.0,0.0,0.0,3.0,1.0,0.0,0.0,0.0,0.0,0.0,2.0,0.0,0.0,0.0,1.0,0.0,1.0,1.0,0.0,0.0,0.0,0.0,2.0,2.0,,,,,,,,,2,,,4.0,,,,,,,2,,,,,,,,,,,,,,,,1,3000.0,0.0,,,,,,,,,,,,,,0.0,0.0,0.0,0.0,0.0,0.0,1.0,0.0,0.0,0.0,0.0,0.0,0.0,,,,,,,,,,,,,,,,3260,3260.0,U,2,279,6279,Robo en calle (a transeúnte),En su vivienda,Mujer
16259,1414336.03,1414336.03.01,1414336.03.01.02,1414336.03.01.02.06.1,1414336,3,1,1,1,6,2,A,1,38,2.0,9,14,39,2,1,,,,,,2.0,,,,,,,,,,,,,,,,,,,,,,,,,,,,,,,,,,,,1,,,,1.0,6.0,,4.0,2.0,3.0,2,,,,,,,,,,0.0,0.0,0.0,0.0,1.0,0.0,1,40000.0,0.0,,,,,,,,,,,,,,0.0,0.0,0.0,0.0,0.0,0.0,0.0,0.0,0.0,0.0,1.0,0.0,0.0,,,,,,,,,,,,,,,,2777,2777.0,U,2,279,6254,Robo en negocio,En su vivienda,Hombre
16260,1404544.05,1404544.05.01,1404544.05.01.01,1404544.05.01.01.03.1,1404544,5,1,1,1,3,1,A,2,32,2.0,11,14,39,2,1,,,,,,2.0,,,,,,,,,,,,,,,,,,,,,,,,,,,,,,,,,,,,2,2.0,,6.0,,,,,,,2,,,,,,,,,,,,,,,,1,1500.0,0.0,,,,,,,,,,,,,,,,,,,,,,,,,,,,,,,,,,,,,,,,,,946,946.0,U,4,281,6471,Robo en vivienda,En su vivienda,Mujer
16261,1402640.04,1402640.04.01,1402640.04.01.03,1402640.04.01.03.05.1,1402640,4,1,1,1,5,3,A,2,29,2.0,6,14,39,1,1,,,,,,1.0,1.0,2.0,1.0,1.0,0.0,0.0,3.0,1.0,0.0,0.0,0.0,0.0,0.0,2.0,0.0,0.0,0.0,1.0,0.0,1.0,1.0,0.0,0.0,0.0,0.0,2.0,2.0,,,,,,,,,2,,,5.0,,,,,,,2,,,,,,,,,,,,,,,,1,20000.0,0.0,0.0,0.0,0.0,0.0,0.0,0.0,0.0,1.0,0.0,0.0,0.0,0.0,,0.0,0.0,0.0,0.0,0.0,0.0,0.0,0.0,1.0,0.0,0.0,0.0,0.0,,,,,,,,,,,,,,,,3418,3418.0,U,3,280,6292,Robo en calle (a transeúnte),En su vivienda,Mujer
16262,1402551.01,1402551.01.01,1402551.01.01.03,1402551.01.01.03.10.3,1402551,1,1,3,5,10,3,A,2,30,2.0,8,14,39,2,3,1.0,0.0,0.0,0.0,0.0,2.0,,,,,,,,,,,,,,,,,,,,,,,,,,,,,,,,,,,,2,,,6.0,,,,,,,2,,,,,,,,,,,,,,,,3,0.0,0.0,,,,,,,,,,,,,,,,,,,,,,,,,,,,,,,,,,,,,,,,,,2868,2868.0,U,2,279,6287,Amenazas/intimidación,En su vivienda,Mujer
16263,1419455.02,1419455.02.01,1419455.02.01.01,1419455.02.01.01.08.1,1419455,2,1,1,1,8,1,A,2,51,2.0,12,14,39,3,1,0.0,0.0,1.0,0.0,0.0,,,,,,,,,,,,,,,,,,,,,,,,,,,,,,,,,,,,,2,,,6.0,,,,,,,2,,,,,,,,,,,,,,,,1,200.0,0.0,,,,,,,,,,,,,,,,,,,,,,,,,,,,1.0,,,,,,,,,,,,,,2965,2965.0,U,2,285,6508,Fraude bancario,En su vivienda,Mujer
16264,1402551.01,1402551.01.01,1402551.01.01.03,1402551.01.01.03.10.1,1402551,1,1,1,5,10,3,A,2,30,2.0,12,14,39,3,2,0.0,1.0,0.0,0.0,0.0,1.0,1.0,2.0,1.0,1.0,0.0,0.0,5.0,0.0,0.0,0.0,1.0,0.0,0.0,,0.0,0.0,0.0,1.0,0.0,9.0,,,,,,,2.0,,,,,,,,,2,,,6.0,,,,,,,2,,,,,,,,,,,,,,,,3,0.0,0.0,,,,,,,,,,,,,,,,,,,,,,,,,,,,,,,,,,,,,,,,,,2868,2868.0,U,2,279,6287,Amenazas/intimidación,En su vivienda,Mujer
16265,1405229.05,1405229.05.01,1405229.05.01.03,1405229.05.01.03.09.1,1405229,5,1,1,2,9,3,A,2,20,2.0,12,14,39,2,3,0.0,1.0,0.0,0.0,0.0,1.0,1.0,2.0,1.0,0.0,1.0,0.0,9.0,1.0,0.0,0.0,0.0,0.0,0.0,2.0,0.0,0.0,0.0,0.0,1.0,2.0,,,,,,,2.0,,,,,,,,,2,,,4.0,,,,,,,2,,,,,,,,,,,,,,,,4,0.0,0.0,,,,,,,,,,,,,,,,,,,,,,,,,,,,,1.0,,,,,0.0,0.0,1.0,,,,,,3077,3077.0,U,3,280,6310,Extorsión,En su vivienda,Mujer
16266,1403741.02,1403741.02.02,1403741.02.02.01,1403741.02.02.01.05.1,1403741,2,2,1,1,5,1,A,1,20,2.0,6,14,39,3,1,,,,,,1.0,1.0,2.0,2.0,1.0,0.0,0.0,5.0,1.0,0.0,0.0,0.0,0.0,0.0,2.0,0.0,0.0,0.0,0.0,1.0,1.0,0.0,1.0,0.0,0.0,0.0,2.0,2.0,,,,,,,,,2,,,4.0,,,,,,,2,,,,,,,,,,,,,,,,3,0.0,0.0,0.0,0.0,0.0,0.0,0.0,0.0,0.0,0.0,1.0,0.0,0.0,0.0,,0.0,0.0,0.0,0.0,0.0,0.0,0.0,0.0,0.0,0.0,0.0,1.0,0.0,,,,,,,,,,,,,,,,978,978.0,U,3,280,6332,Robo en calle (a transeúnte),En su vivienda,Hombre
16267,1403886.02,1403886.02.01,1403886.02.01.01,1403886.02.01.01.09.1,1403886,2,1,1,1,9,1,A,2,41,2.0,6,14,39,1,2,0.0,1.0,0.0,0.0,0.0,1.0,1.0,1.0,1.0,1.0,0.0,0.0,9.0,1.0,0.0,0.0,0.0,0.0,0.0,2.0,0.0,0.0,0.0,0.0,1.0,2.0,,,,,,,2.0,,,,,,,,,2,,,7.0,,,,,,,2,,,,,,,,,,,,,,,,3,9999999.0,0.0,0.0,0.0,0.0,0.0,0.0,0.0,0.0,0.0,1.0,0.0,0.0,0.0,,,,,,,,,,,,,,,,,3.0,,,,,1.0,0.0,0.0,3.0,,,,,4580,4580.0,U,4,281,6411,Extorsión,En su vivienda,Mujer
16268,1417600.05,1417600.05.01,1417600.05.01.03,1417600.05.01.03.08.1,1417600,5,1,1,1,8,3,A,1,32,2.0,9,14,39,2,2,1.0,0.0,0.0,0.0,0.0,,,,,,,,,,,,,,,,,,,,,,,,,,,,,,,,,,,,,2,,,4.0,,,,,,,2,,,,,,,,,,,,,,,,1,500.0,0.0,0.0,0.0,1.0,0.0,0.0,0.0,0.0,0.0,0.0,0.0,0.0,0.0,,,,,,,,,,,,,,,,1.0,,,,,,,,,,,,,,2925,2925.0,U,3,280,6333,Fraude bancario,En su vivienda,Hombre
16269,1403582.02,1403582.02.01,1403582.02.01.01,1403582.02.01.01.05.1,1403582,2,1,1,1,5,1,A,2,73,2.0,1,14,39,2,5,,,,,,1.0,1.0,2.0,1.0,1.0,0.0,0.0,6.0,1.0,0.0,0.0,0.0,0.0,0.0,2.0,0.0,0.0,0.0,1.0,0.0,2.0,,,,,,,2.0,,,,,,,,,2,,,9.0,,,,,,,2,,,,,,,,,,,,,,,,5,,,0.0,0.0,0.0,0.0,0.0,0.0,0.0,0.0,0.0,1.0,0.0,0.0,,0.0,0.0,0.0,0.0,0.0,0.0,0.0,0.0,0.0,0.0,0.0,1.0,0.0,,,,,,,,,,,,,,,,3001,3001.0,U,4,281,6461,Robo en calle (a transeúnte),En su vivienda,Mujer
16270,1405520.01,1405520.01.01,1405520.01.01.01,1405520.01.01.01.01.1,1405520,1,1,1,1,1,1,A,1,28,2.0,1,14,39,4,1,,,,,,2.0,,,,,,,,,,,,,,,,,,,,,,,,,,,,,,,,,,,,1,,,,1.0,6.0,,2.0,1.0,2.0,2,,,,,,,,,,1.0,0.0,0.0,0.0,0.0,0.0,1,70000.0,0.0,,,,,,,,,,,,,1.0,,,,,,,,,,,,,,,,,,,,,,,,,,,,,687,687.0,U,3,280,6388,Robo total de vehículo,En su vivienda,Hombre
16271,1402539.01,1402539.01.01,1402539.01.01.03,1402539.01.01.03.03.1,1402539,1,1,1,1,3,3,A,1,36,2.0,12,14,39,3,2,,,,,,2.0,,,,,,,,,,,,,,,,,,,,,,,,,,,,,,,,,,,,2,2.0,,7.0,,,,,,,2,,,,,,,,,,,,,,,,1,1000.0,0.0,,,,,,,,,,,,,,,,,,,,,,,,,,,,,,,,,,,,,,,,,,695,695.0,U,2,279,6289,Robo en vivienda,En su vivienda,Hombre
16272,1419455.02,1419455.02.01,1419455.02.01.01,1419455.02.01.01.10.1,1419455,2,1,1,1,10,1,A,2,51,2.0,10,14,39,3,3,0.0,0.0,1.0,0.0,0.0,1.0,1.0,2.0,1.0,1.0,0.0,0.0,6.0,1.0,0.0,0.0,0.0,0.0,0.0,1.0,0.0,1.0,0.0,0.0,0.0,2.0,,,,,,,1.0,0.0,0.0,0.0,0.0,0.0,0.0,0.0,1.0,2,,,4.0,,,,,,,1,0.0,1.0,0.0,0.0,0.0,0.0,0.0,0.0,0.0,1.0,0.0,0.0,0.0,0.0,0.0,2,200.0,0.0,,,,,,,,,,,,,,,,,,,,,,,,,,,,,,,,,,,,,,,,,,2965,2965.0,U,2,285,6508,Amenazas/intimidación,En su vivienda,Mujer
16274,1405103.03,1405103.03.01,1405103.03.01.01,1405103.03.01.01.07.1,1405103,3,1,1,1,7,1,A,2,28,2.0,3,14,39,3,4,1.0,0.0,0.0,0.0,0.0,,,,,,,,,,,,,,,,,,,,,,,,,,,,,,,,,,,,,2,,,6.0,,,,,,,2,,,,,,,,,,,,,,,,1,200.0,150.0,,,,,,,,,,,,,,,,,,,,,,,,,,,,4.0,,,,,,,,,,,,,,1044,1044.0,U,3,280,6302,Robo en banco/cajero,En su vivienda,Mujer
16275,1405514.04,1405514.04.01,1405514.04.01.01,1405514.04.01.01.09.1,1405514,4,1,1,1,9,1,A,1,27,2.0,2,14,39,2,2,0.0,1.0,0.0,0.0,0.0,2.0,,,,,,,,,,,,,,,,,,,,,,,,,,,,,,,,,,,,2,,,3.0,,,,,,,2,,,,,,,,,,,,,,,,3,0.0,0.0,1.0,1.0,1.0,1.0,0.0,0.0,0.0,0.0,1.0,0.0,0.0,0.0,,,,,,,,,,,,,,,,,2.0,,,,,1.0,0.0,0.0,3.0,,,,,815,815.0,U,2,279,6279,Extorsión,En su vivienda,Hombre
16276,1416101.04,1416101.04.01,1416101.04.01.04,1416101.04.01.04.05.1,1416101,4,1,1,1,5,4,A,2,22,2.0,9,14,39,3,1,,,,,,1.0,1.0,2.0,3.0,1.0,0.0,0.0,4.0,1.0,0.0,0.0,0.0,0.0,0.0,2.0,0.0,0.0,0.0,1.0,0.0,1.0,0.0,1.0,0.0,0.0,0.0,2.0,2.0,,,,,,,,,2,,,3.0,,,,,,,2,,,,,,,,,,,,,,,,1,12600.0,0.0,1.0,1.0,1.0,1.0,1.0,1.0,1.0,1.0,1.0,0.0,0.0,0.0,,0.0,0.0,0.0,0.0,1.0,0.0,1.0,0.0,1.0,0.0,0.0,0.0,0.0,,,,,,,,,,,,,,,,4384,4384.0,U,4,281,6427,Robo en calle (a transeúnte),En su vivienda,Mujer
16277,1405517.01,1405517.01.01,1405517.01.01.01,1405517.01.01.01.05.1,1405517,1,1,1,1,5,1,A,2,57,2.0,1,14,39,3,1,,,,,,1.0,1.0,2.0,2.0,1.0,0.0,0.0,3.0,1.0,0.0,0.0,0.0,0.0,0.0,1.0,0.0,0.0,0.0,1.0,0.0,9.0,,,,,,,1.0,1.0,0.0,1.0,0.0,0.0,0.0,0.0,1.0,2,,,6.0,,,,,,,2,,,,,,,,,,,,,,,,3,0.0,1000.0,1.0,1.0,1.0,1.0,1.0,1.0,1.0,1.0,1.0,0.0,0.0,0.0,,0.0,0.0,0.0,0.0,0.0,0.0,0.0,0.0,0.0,0.0,0.0,1.0,0.0,,,,,,,,,,,,,,,,1200,1200.0,U,2,279,6208,Robo en calle (a transeúnte),En su vivienda,Mujer
16278,1403761.05,1403761.05.01,1403761.05.01.03,1403761.05.01.03.13.1,1403761,5,1,1,1,13,3,A,2,21,2.0,2,14,39,2,6,0.0,0.0,1.0,0.0,0.0,1.0,1.0,2.0,1.0,1.0,0.0,0.0,5.0,1.0,0.0,0.0,0.0,0.0,0.0,2.0,0.0,0.0,0.0,0.0,1.0,9.0,,,,,,,2.0,,,,,,,,,2,,,4.0,,,,,,,2,,,,,,,,,,,,,,,,3,0.0,0.0,0.0,0.0,1.0,1.0,0.0,1.0,0.0,0.0,1.0,0.0,0.0,0.0,,,,,,,,,,,,,,,,,,,,,,,,,,,,,2.0,2891,2891.0,U,3,280,6337,Delito sexual,En su vivienda,Mujer
16279,1405514.02,1405514.02.01,1405514.02.01.05,1405514.02.01.05.07.1,1405514,2,1,1,1,7,5,A,1,52,2.0,6,14,39,2,4,0.0,0.0,1.0,0.0,0.0,,,,,,,,,,,,,,,,,,,,,,,,,,,,,,,,,,,,,2,,,9.0,,,,,,,2,,,,,,,,,,,,,,,,1,4000.0,0.0,1.0,1.0,1.0,1.0,0.0,1.0,1.0,1.0,1.0,0.0,0.0,0.0,,,,,,,,,,,,,,,,4.0,,,,,,,,,,,,,,4076,4076.0,U,2,279,6279,Robo en banco/cajero,En su vivienda,Hombre
16281,1403582.04,1403582.04.01,1403582.04.01.03,1403582.04.01.03.02.1,1403582,4,1,1,2,2,3,A,2,24,2.0,7,14,39,2,1,,,,,,2.0,,,,,,,,,,,,,,,,,,,,,,,,,,,,,,,,,,,,1,,,,9.0,,,3.0,2.0,2.0,2,,,,,,,,,,1.0,0.0,0.0,0.0,0.0,0.0,1,10000.0,0.0,,,,,,,,,,,,,,,,,,,,,,,,,,,,,,,,,,,,,,,,,,1000,1000.0,U,4,281,6461,Robo de accesorios de vehículo,En su vivienda,Mujer
16282,1417071.03,1417071.03.01,1417071.03.01.02,1417071.03.01.02.02.1,1417071,3,1,1,1,2,2,A,1,27,2.0,10,14,39,4,1,,,,,,2.0,,,,,,,,,,,,,,,,,,,,,,,,,,,,,,,,,,,,2,2.0,,9.0,,,,,,,2,,,,,,,,,,,,,,,,1,5000.0,0.0,0.0,1.0,0.0,1.0,1.0,0.0,1.0,0.0,1.0,0.0,0.0,0.0,,,,,,,,,,,,,,,,,,,,,,,,,,,,,,1024,1024.0,U,2,279,6226,Robo de accesorios de vehículo,En su vivienda,Hombre
16283,1402659.01,1402659.01.01,1402659.01.01.03,1402659.01.01.03.13.1,1402659,1,1,1,1,13,3,A,2,30,2.0,11,14,39,3,1,0.0,0.0,1.0,0.0,0.0,1.0,1.0,2.0,9.0,0.0,0.0,1.0,9.0,0.0,0.0,0.0,0.0,0.0,1.0,,0.0,0.0,0.0,0.0,1.0,9.0,,,,,,,2.0,,,,,,,,,2,,,7.0,,,,,,,2,,,,,,,,,,,,,,,,3,0.0,0.0,1.0,1.0,1.0,1.0,0.0,1.0,1.0,1.0,1.0,0.0,0.0,0.0,,,,,,,,,,,,,,,,,,,,,,,,,,,,,2.0,2412,2412.0,U,3,280,6382,Delito sexual,En su vivienda,Mujer
16284,1403761.01,1403761.01.02,1403761.01.02.01,1403761.01.02.01.05.1,1403761,1,2,1,1,5,1,A,2,25,2.0,11,14,39,2,6,,,,,,1.0,1.0,2.0,9.0,0.0,0.0,1.0,9.0,0.0,0.0,0.0,0.0,0.0,1.0,,0.0,0.0,0.0,0.0,1.0,9.0,,,,,,,9.0,,,,,,,,,2,,,4.0,,,,,,,2,,,,,,,,,,,,,,,,1,2000.0,0.0,0.0,0.0,0.0,0.0,0.0,0.0,0.0,0.0,0.0,1.0,0.0,0.0,,0.0,0.0,0.0,0.0,0.0,0.0,1.0,1.0,0.0,0.0,0.0,0.0,0.0,,,,,,,,,,,,,,,,1928,1928.0,U,3,280,6337,Robo en calle (a transeúnte),En su vivienda,Mujer
16285,1405027.04,1405027.04.01,1405027.04.01.03,1405027.04.01.03.03.1,1405027,4,1,1,1,3,3,A,1,29,2.0,10,14,39,3,2,,,,,,2.0,,,,,,,,,,,,,,,,,,,,,,,,,,,,,,,,,,,,2,2.0,,3.0,,,,,,,2,,,,,,,,,,,,,,,,9,,,0.0,0.0,0.0,0.0,0.0,0.0,0.0,0.0,0.0,0.0,1.0,0.0,,,,,,,,,,,,,,,,,,,,,,,,,,,,,,921,921.0,U,4,281,6475,Robo en vivienda,En su vivienda,Hombre
16286,1411078.09,1411078.09.01,1411078.09.01.01,1411078.09.01.01.05.3,1411078,9,1,3,5,5,1,A,2,66,2.0,8,14,39,1,1,,,,,,1.0,1.0,1.0,4.0,1.0,0.0,0.0,5.0,1.0,0.0,0.0,0.0,0.0,0.0,2.0,0.0,0.0,0.0,1.0,0.0,2.0,,,,,,,2.0,,,,,,,,,2,,,4.0,,,,,,,2,,,,,,,,,,,,,,,,1,7000.0,0.0,,,,,,,,,,,,,,0.0,0.0,0.0,0.0,0.0,0.0,1.0,0.0,0.0,0.0,0.0,0.0,0.0,,,,,,,,,,,,,,,,904,904.0,C,3,298,6576,Robo en calle (a transeúnte),En su vivienda,Mujer
16287,1403338.05,1403338.05.01,1403338.05.01.02,1403338.05.01.02.02.1,1403338,5,1,1,1,2,2,A,2,58,2.0,6,14,39,1,1,,,,,,2.0,,,,,,,,,,,,,,,,,,,,,,,,,,,,,,,,,,,,2,2.0,,4.0,,,,,,,2,,,,,,,,,,,,,,,,1,2000.0,0.0,1.0,1.0,1.0,1.0,0.0,0.0,0.0,0.0,0.0,0.0,0.0,0.0,,,,,,,,,,,,,,,,,,,,,,,,,,,,,,828,828.0,U,2,279,6275,Robo de accesorios de vehículo,En su vivienda,Mujer
16288,1403338.01,1403338.01.01,1403338.01.01.02,1403338.01.01.02.09.1,1403338,1,1,1,1,9,2,A,1,47,2.0,2,14,39,3,2,0.0,1.0,0.0,0.0,0.0,2.0,,,,,,,,,,,,,,,,,,,,,,,,,,,,,,,,,,,,2,,,3.0,,,,,,,1,0.0,0.0,0.0,1.0,0.0,0.0,0.0,0.0,0.0,0.0,0.0,0.0,0.0,1.0,0.0,3,0.0,0.0,,,,,,,,,,,,,,,,,,,,,,,,,,,,,3.0,,,,,1.0,0.0,0.0,3.0,,,,,1656,1656.0,U,2,279,6275,Extorsión,En su vivienda,Hombre
16289,1404544.05,1404544.05.01,1404544.05.01.01,1404544.05.01.01.02.1,1404544,5,1,1,1,2,1,A,2,32,2.0,6,14,39,4,1,,,,,,2.0,,,,,,,,,,,,,,,,,,,,,,,,,,,,,,,,,,,,2,2.0,,6.0,,,,,,,2,,,,,,,,,,,,,,,,1,3000.0,0.0,,,,,,,,,,,,,,,,,,,,,,,,,,,,,,,,,,,,,,,,,,946,946.0,U,4,281,6471,Robo de accesorios de vehículo,En su vivienda,Mujer
16291,1411078.09,1411078.09.01,1411078.09.01.01,1411078.09.01.01.09.1,1411078,9,1,1,1,9,1,A,2,66,2.0,6,14,39,1,2,0.0,1.0,0.0,0.0,0.0,1.0,2.0,,,,,,,,,,,,,,,,,,,,,,,,,,,,,,,,,,,2,,,4.0,,,,,,,2,,,,,,,,,,,,,,,,1,1000.0,0.0,0.0,0.0,0.0,1.0,0.0,0.0,0.0,1.0,0.0,0.0,0.0,0.0,,,,,,,,,,,,,,,,,3.0,,,,,1.0,0.0,0.0,2.0,,,,,904,904.0,C,3,298,6576,Extorsión,En su vivienda,Mujer
16292,1403582.04,1403582.04.01,1403582.04.01.03,1403582.04.01.03.02.2,1403582,4,1,2,2,2,3,A,2,24,2.0,5,14,39,1,1,,,,,,2.0,,,,,,,,,,,,,,,,,,,,,,,,,,,,,,,,,,,,1,,,,9.0,,,4.0,2.0,3.0,2,,,,,,,,,,1.0,0.0,0.0,0.0,0.0,0.0,1,70000.0,0.0,,,,,,,,,,,,,,,,,,,,,,,,,,,,,,,,,,,,,,,,,,1000,1000.0,U,4,281,6461,Robo de accesorios de vehículo,En su vivienda,Mujer
16293,1404547.01,1404547.01.01,1404547.01.01.01,1404547.01.01.01.02.1,1404547,1,1,1,3,2,1,A,1,54,2.0,4,14,39,3,1,,,,,,2.0,,,,,,,,,,,,,,,,,,,,,,,,,,,,,,,,,,,,1,,,,1.0,2.0,,4.0,5.0,3.0,2,,,,,,,,,,0.0,0.0,0.0,0.0,1.0,0.0,1,4000.0,0.0,,,,,,,,,,,,,,,,,,,,,,,,,,,,,,,,,,,,,,,,,,838,838.0,U,3,280,6379,Robo de accesorios de vehículo,En su vivienda,Hombre
16294,1403338.03,1403338.03.01,1403338.03.01.03,1403338.03.01.03.11.1,1403338,3,1,1,1,11,3,A,1,23,2.0,1,14,39,3,8,,,,,,1.0,1.0,2.0,1.0,0.0,1.0,0.0,3.0,0.0,0.0,0.0,1.0,0.0,0.0,,0.0,0.0,0.0,1.0,0.0,2.0,,,,,,,1.0,1.0,0.0,0.0,0.0,0.0,0.0,0.0,0.0,2,,,6.0,,,,,,,2,,,,,,,,,,,,,,,,2,0.0,0.0,,,,,,,,,,,,,,,,,,,,,,,,,,,,,,,,,,,,,,,,,,4141,4141.0,U,2,279,6275,Lesiones,En su vivienda,Hombre
16295,1417356.03,1417356.03.01,1417356.03.01.01,1417356.03.01.01.05.1,1417356,3,1,1,1,5,1,A,2,34,2.0,12,14,39,3,1,,,,,,1.0,1.0,1.0,2.0,1.0,0.0,0.0,3.0,1.0,0.0,0.0,0.0,0.0,0.0,2.0,0.0,0.0,0.0,0.0,1.0,1.0,1.0,0.0,0.0,0.0,0.0,2.0,2.0,,,,,,,,,2,,,4.0,,,,,,,2,,,,,,,,,,,,,,,,1,5000.0,0.0,1.0,0.0,1.0,1.0,0.0,0.0,0.0,1.0,1.0,0.0,0.0,0.0,,0.0,0.0,0.0,0.0,1.0,0.0,1.0,0.0,1.0,0.0,0.0,0.0,0.0,,,,,,,,,,,,,,,,2211,2211.0,U,4,281,6423,Robo en calle (a transeúnte),En su vivienda,Mujer
16296,1411078.09,1411078.09.01,1411078.09.01.01,1411078.09.01.01.05.4,1411078,9,1,4,5,5,1,A,2,66,2.0,11,14,39,2,1,,,,,,1.0,1.0,2.0,2.0,1.0,0.0,0.0,6.0,1.0,0.0,0.0,0.0,0.0,0.0,2.0,0.0,0.0,0.0,1.0,0.0,2.0,,,,,,,2.0,,,,,,,,,2,,,4.0,,,,,,,2,,,,,,,,,,,,,,,,1,18000.0,0.0,,,,,,,,,,,,,,0.0,0.0,0.0,0.0,0.0,0.0,1.0,0.0,0.0,0.0,0.0,0.0,0.0,,,,,,,,,,,,,,,,904,904.0,C,3,298,6576,Robo en calle (a transeúnte),En su vivienda,Mujer
16297,1402581.03,1402581.03.01,1402581.03.01.02,1402581.03.01.02.06.2,1402581,3,1,2,2,6,2,A,2,79,2.0,9,14,39,4,2,,,,,,2.0,,,,,,,,,,,,,,,,,,,,,,,,,,,,,,,,,,,,2,,,7.0,,,,,,,2,,,,,,,,,,,,,,,,1,7000.0,0.0,1.0,1.0,0.0,1.0,0.0,0.0,0.0,0.0,1.0,0.0,0.0,0.0,,0.0,0.0,0.0,0.0,0.0,0.0,0.0,0.0,0.0,0.0,1.0,0.0,0.0,,,,,,,,,,,,,,,,3099,3099.0,U,3,280,6307,Robo en negocio,En su vivienda,Mujer
16298,1403741.01,1403741.01.01,1403741.01.01.03,1403741.01.01.03.02.1,1403741,1,1,1,1,2,3,A,2,31,2.0,5,14,39,3,1,,,,,,2.0,,,,,,,,,,,,,,,,,,,,,,,,,,,,,,,,,,,,2,2.0,,4.0,,,,,,,2,,,,,,,,,,,,,,,,1,1500.0,0.0,0.0,0.0,0.0,1.0,0.0,0.0,0.0,1.0,1.0,1.0,0.0,0.0,,,,,,,,,,,,,,,,,,,,,,,,,,,,,,978,978.0,U,3,280,6332,Robo de accesorios de vehículo,En su vivienda,Mujer
16299,1402540.01,1402540.01.01,1402540.01.01.01,1402540.01.01.01.08.1,1402540,1,1,1,1,8,1,A,1,25,2.0,8,14,39,2,3,1.0,0.0,0.0,0.0,0.0,,,,,,,,,,,,,,,,,,,,,,,,,,,,,,,,,,,,,2,,,3.0,,,,,,,2,,,,,,,,,,,,,,,,1,2000.0,0.0,0.0,1.0,0.0,0.0,1.0,0.0,0.0,1.0,1.0,0.0,0.0,0.0,,,,,,,,,,,,,,,,1.0,,,,,,,,,,,,,,2264,2264.0,U,3,280,6293,Fraude bancario,En su vivienda,Hombre
16300,1410578.02,1410578.02.01,1410578.02.01.02,1410578.02.01.02.05.1,1410578,2,1,1,2,5,2,A,2,40,2.0,12,14,39,1,1,,,,,,1.0,1.0,2.0,1.0,1.0,0.0,0.0,5.0,1.0,0.0,0.0,0.0,0.0,0.0,1.0,0.0,0.0,0.0,1.0,0.0,1.0,0.0,1.0,0.0,0.0,0.0,2.0,2.0,,,,,,,,,2,,,1.0,,,,,,,2,,,,,,,,,,,,,,,,1,17000.0,0.0,,,,,,,,,,,,,,0.0,0.0,0.0,0.0,0.0,0.0,1.0,0.0,1.0,0.0,0.0,0.0,0.0,,,,,,,,,,,,,,,,2308,2308.0,C,3,298,6573,Robo en calle (a transeúnte),En su vivienda,Mujer
16301,1402540.05,1402540.05.01,1402540.05.01.01,1402540.05.01.01.09.1,1402540,5,1,1,1,9,1,A,2,69,2.0,8,14,39,1,2,0.0,1.0,0.0,0.0,0.0,1.0,2.0,,,,,,,,,,,,,,,,,,,,,,,,,,,,,,,,,,,2,,,3.0,,,,,,,2,,,,,,,,,,,,,,,,5,,,1.0,0.0,0.0,0.0,0.0,0.0,0.0,0.0,1.0,0.0,0.0,0.0,,,,,,,,,,,,,,,,,3.0,,,,,1.0,0.0,0.0,3.0,,,,,1132,1132.0,U,3,280,6293,Extorsión,En su vivienda,Mujer
16302,1415985.02,1415985.02.01,1415985.02.01.01,1415985.02.01.01.05.2,1415985,2,1,2,2,5,1,A,2,31,2.0,3,14,39,1,1,,,,,,1.0,1.0,2.0,1.0,1.0,0.0,0.0,3.0,1.0,0.0,0.0,0.0,0.0,0.0,2.0,1.0,0.0,0.0,0.0,0.0,2.0,,,,,,,2.0,,,,,,,,,2,,,4.0,,,,,,,2,,,,,,,,,,,,,,,,5,,,0.0,0.0,0.0,1.0,0.0,1.0,0.0,0.0,1.0,0.0,0.0,0.0,,0.0,0.0,0.0,0.0,0.0,0.0,0.0,0.0,0.0,0.0,0.0,1.0,0.0,,,,,,,,,,,,,,,,974,974.0,U,4,281,6466,Robo en calle (a transeúnte),En su vivienda,Mujer
16304,1405460.03,1405460.03.04,1405460.03.04.01,1405460.03.04.01.13.1,1405460,3,4,1,1,13,1,A,2,34,2.0,8,14,39,3,2,1.0,0.0,1.0,0.0,0.0,1.0,1.0,2.0,1.0,1.0,0.0,0.0,3.0,0.0,0.0,1.0,0.0,0.0,0.0,,0.0,0.0,0.0,0.0,1.0,2.0,,,,,,,2.0,,,,,,,,,2,,,4.0,,,,,,,2,,,,,,,,,,,,,,,,3,0.0,0.0,0.0,0.0,1.0,1.0,0.0,1.0,0.0,0.0,1.0,0.0,0.0,0.0,,,,,,,,,,,,,,,,,,,,,,,,,,,,,2.0,869,869.0,U,3,280,6374,Delito sexual,En su vivienda,Mujer
16306,1403619.02,1403619.02.01,1403619.02.01.03,1403619.02.01.03.02.1,1403619,2,1,1,1,2,3,A,1,26,2.0,4,14,39,1,1,,,,,,2.0,,,,,,,,,,,,,,,,,,,,,,,,,,,,,,,,,,,,1,,,,2.0,,2.0,1.0,2.0,3.0,2,,,,,,,,,,0.0,0.0,0.0,0.0,1.0,0.0,1,2000.0,0.0,,,,,,,,,,,,,,,,,,,,,,,,,,,,,,,,,,,,,,,,,,1018,1018.0,U,2,279,6228,Robo de accesorios de vehículo,En su vivienda,Hombre
16307,1402581.05,1402581.05.01,1402581.05.01.01,1402581.05.01.01.03.1,1402581,5,1,1,1,3,1,A,1,67,2.0,4,14,39,1,1,,,,,,2.0,,,,,,,,,,,,,,,,,,,,,,,,,,,,,,,,,,,,2,2.0,,4.0,,,,,,,2,,,,,,,,,,,,,,,,5,,,0.0,0.0,0.0,0.0,0.0,0.0,0.0,1.0,0.0,0.0,0.0,0.0,,,,,,,,,,,,,,,,,,,,,,,,,,,,,,1033,1033.0,U,3,280,6307,Robo en vivienda,En su vivienda,Hombre
16308,1414317.02,1414317.02.01,1414317.02.01.02,1414317.02.01.02.02.1,1414317,2,1,1,1,2,2,A,2,40,2.0,6,14,39,1,1,,,,,,2.0,,,,,,,,,,,,,,,,,,,,,,,,,,,,,,,,,,,,2,2.0,,8.0,,,,,,,2,,,,,,,,,,,,,,,,1,2500.0,0.0,0.0,1.0,0.0,0.0,0.0,0.0,0.0,1.0,0.0,0.0,0.0,0.0,,,,,,,,,,,,,,,,,,,,,,,,,,,,,,1410,1410.0,U,2,279,6203,Robo de accesorios de vehículo,En su vivienda,Mujer
16309,1402619.03,1402619.03.01,1402619.03.01.02,1402619.03.01.02.05.1,1402619,3,1,1,1,5,2,A,2,61,2.0,8,14,39,2,1,,,,,,1.0,1.0,2.0,1.0,1.0,0.0,0.0,3.0,1.0,0.0,0.0,0.0,0.0,0.0,2.0,0.0,0.0,0.0,0.0,1.0,9.0,,,,,,,2.0,,,,,,,,,2,,,4.0,,,,,,,2,,,,,,,,,,,,,,,,1,10000.0,0.0,0.0,0.0,0.0,0.0,0.0,0.0,0.0,0.0,0.0,0.0,1.0,0.0,,0.0,0.0,0.0,0.0,0.0,0.0,0.0,0.0,1.0,0.0,0.0,0.0,0.0,,,,,,,,,,,,,,,,3759,3759.0,U,3,280,6355,Robo en calle (a transeúnte),En su vivienda,Mujer
16310,1405517.02,1405517.02.01,1405517.02.01.01,1405517.02.01.01.02.2,1405517,2,1,2,2,2,1,A,1,42,2.0,4,14,39,1,1,,,,,,2.0,,,,,,,,,,,,,,,,,,,,,,,,,,,,,,,,,,,,2,2.0,,5.0,,,,,,,1,0.0,1.0,0.0,0.0,0.0,0.0,0.0,0.0,0.0,0.0,0.0,0.0,0.0,1.0,0.0,1,7000.0,0.0,,,,,,,,,,,,,,,,,,,,,,,,,,,,,,,,,,,,,,,,,,1200,1200.0,U,2,279,6208,Robo de accesorios de vehículo,En su vivienda,Hombre
16311,1402728.04,1402728.04.01,1402728.04.01.03,1402728.04.01.03.03.1,1402728,4,1,1,1,3,3,A,1,20,2.0,12,14,39,2,4,,,,,,2.0,,,,,,,,,,,,,,,,,,,,,,,,,,,,,,,,,,,,2,2.0,,3.0,,,,,,,2,,,,,,,,,,,,,,,,3,0.0,0.0,,,,,,,,,,,,,,,,,,,,,,,,,,,,,,,,,,,,,,,,,,1006,1006.0,U,2,279,6231,Robo en vivienda,En su vivienda,Hombre
16312,1402472.04,1402472.04.01,1402472.04.01.01,1402472.04.01.01.10.1,1402472,4,1,1,1,10,1,A,2,25,2.0,12,14,39,2,3,1.0,1.0,1.0,0.0,0.0,1.0,1.0,2.0,2.0,0.0,1.0,0.0,5.0,1.0,0.0,0.0,0.0,0.0,0.0,2.0,0.0,0.0,0.0,1.0,0.0,2.0,,,,,,,2.0,,,,,,,,,2,,,6.0,,,,,,,2,,,,,,,,,,,,,,,,3,0.0,0.0,,,,,,,,,,,,,,,,,,,,,,,,,,,,,,,,,,,,,,,,,,1027,1027.0,U,4,281,6453,Amenazas/intimidación,En su vivienda,Mujer
16314,1415985.02,1415985.02.02,1415985.02.02.01,1415985.02.02.01.05.1,1415985,2,2,1,1,5,1,A,2,23,2.0,12,14,39,3,5,,,,,,1.0,1.0,2.0,1.0,1.0,0.0,0.0,2.0,1.0,0.0,0.0,0.0,0.0,0.0,2.0,0.0,0.0,0.0,0.0,1.0,2.0,,,,,,,2.0,,,,,,,,,2,,,4.0,,,,,,,2,,,,,,,,,,,,,,,,1,3500.0,0.0,1.0,0.0,0.0,0.0,0.0,1.0,0.0,0.0,1.0,0.0,0.0,0.0,,0.0,0.0,0.0,0.0,1.0,0.0,1.0,1.0,0.0,0.0,0.0,0.0,0.0,,,,,,,,,,,,,,,,974,974.0,U,4,281,6466,Robo en calle (a transeúnte),En su vivienda,Mujer
16315,1403338.03,1403338.03.01,1403338.03.01.03,1403338.03.01.03.13.1,1403338,3,1,1,1,13,3,A,1,23,2.0,9,14,39,3,3,0.0,0.0,1.0,0.0,0.0,1.0,1.0,2.0,1.0,0.0,1.0,0.0,3.0,0.0,0.0,0.0,1.0,0.0,0.0,,0.0,0.0,0.0,1.0,0.0,2.0,,,,,,,2.0,,,,,,,,,2,,,6.0,,,,,,,2,,,,,,,,,,,,,,,,2,0.0,4000.0,,,,,,,,,,,,,,,,,,,,,,,,,,,,,,,,,,,,,,,,,4.0,4141,4141.0,U,2,279,6275,Delito sexual,En su vivienda,Hombre
16316,1405465.04,1405465.04.01,1405465.04.01.02,1405465.04.01.02.07.1,1405465,4,1,1,1,7,2,A,2,38,2.0,5,14,39,9,4,1.0,0.0,0.0,0.0,0.0,,,,,,,,,,,,,,,,,,,,,,,,,,,,,,,,,,,,,2,,,9.0,,,,,,,2,,,,,,,,,,,,,,,,1,0.0,0.0,0.0,0.0,1.0,1.0,0.0,0.0,0.0,1.0,1.0,0.0,0.0,0.0,,,,,,,,,,,,,,,,4.0,,,,,,,,,,,,,,2276,2276.0,U,4,281,6412,Robo en banco/cajero,En su vivienda,Mujer
16317,1416223.01,1416223.01.01,1416223.01.01.01,1416223.01.01.01.07.1,1416223,1,1,1,1,7,1,A,1,23,2.0,11,14,39,2,4,1.0,0.0,0.0,0.0,0.0,,,,,,,,,,,,,,,,,,,,,,,,,,,,,,,,,,,,,2,,,4.0,,,,,,,2,,,,,,,,,,,,,,,,1,40000.0,0.0,0.0,0.0,0.0,0.0,0.0,0.0,0.0,1.0,0.0,0.0,0.0,0.0,,,,,,,,,,,,,,,,4.0,,,,,,,,,,,,,,1149,1149.0,U,2,279,6211,Robo en banco/cajero,En su vivienda,Hombre
16318,1402679.02,1402679.02.02,1402679.02.02.01,1402679.02.02.01.09.1,1402679,2,2,1,1,9,1,A,1,61,2.0,4,14,39,2,3,0.0,1.0,0.0,0.0,0.0,2.0,,,,,,,,,,,,,,,,,,,,,,,,,,,,,,,,,,,,2,,,3.0,,,,,,,2,,,,,,,,,,,,,,,,3,0.0,0.0,1.0,1.0,1.0,1.0,1.0,1.0,1.0,1.0,1.0,0.0,0.0,0.0,,,,,,,,,,,,,,,,,3.0,,,,,1.0,0.0,0.0,3.0,,,,,1979,1979.0,U,3,280,6323,Extorsión,En su vivienda,Hombre
16319,1418764.02,1418764.02.01,1418764.02.01.03,1418764.02.01.03.01.1,1418764,2,1,1,1,1,3,A,2,24,2.0,10,14,39,3,1,,,,,,2.0,,,,,,,,,,,,,,,,,,,,,,,,,,,,,,,,,,,,1,,,,9.0,,,9.0,1.0,2.0,2,,,,,,,,,,0.0,0.0,0.0,0.0,0.0,1.0,1,9999999.0,0.0,,,,,,,,,,,,,1.0,,,,,,,,,,,,,,,,,,,,,,,,,,,,,1035,1035.0,U,4,281,6451,Robo total de vehículo,En su vivienda,Mujer
16320,1414179.05,1414179.05.01,1414179.05.01.02,1414179.05.01.02.05.2,1414179,5,1,2,2,5,2,A,2,62,2.0,11,14,39,1,1,,,,,,1.0,1.0,2.0,1.0,1.0,0.0,0.0,2.0,1.0,0.0,0.0,0.0,0.0,0.0,2.0,0.0,0.0,0.0,1.0,0.0,2.0,,,,,,,2.0,,,,,,,,,2,,,4.0,,,,,,,2,,,,,,,,,,,,,,,,1,3000.0,0.0,,,,,,,,,,,,,,0.0,0.0,0.0,0.0,0.0,1.0,0.0,0.0,0.0,0.0,0.0,0.0,0.0,,,,,,,,,,,,,,,,2680,2680.0,U,3,280,6371,Robo en calle (a transeúnte),En su vivienda,Mujer
16321,1403582.04,1403582.04.01,1403582.04.01.03,1403582.04.01.03.04.1,1403582,4,1,1,1,4,3,A,2,24,2.0,10,14,39,9,2,,,,,,2.0,,,,,,,,,,,,,,,,,,,,,,,,,,,,,,,,,,,,2,2.0,,9.0,,,,,,,2,,,,,,,,,,,,,,,,5,,,1.0,1.0,1.0,1.0,0.0,0.0,0.0,1.0,1.0,0.0,0.0,0.0,,0.0,0.0,0.0,0.0,0.0,0.0,0.0,0.0,0.0,0.0,0.0,1.0,0.0,2.0,,,,,,,,,,,,,,,1000,1000.0,U,4,281,6461,Robo en transporte público,En su vivienda,Mujer
16322,1411078.09,1411078.09.01,1411078.09.01.01,1411078.09.01.01.05.2,1411078,9,1,2,5,5,1,A,2,66,2.0,9,14,39,2,1,,,,,,1.0,1.0,1.0,2.0,1.0,0.0,0.0,5.0,1.0,0.0,0.0,0.0,0.0,0.0,2.0,0.0,0.0,0.0,1.0,0.0,2.0,,,,,,,2.0,,,,,,,,,2,,,4.0,,,,,,,2,,,,,,,,,,,,,,,,1,15000.0,0.0,,,,,,,,,,,,,,0.0,0.0,0.0,0.0,0.0,0.0,1.0,0.0,0.0,0.0,0.0,0.0,0.0,,,,,,,,,,,,,,,,904,904.0,C,3,298,6576,Robo en calle (a transeúnte),En su vivienda,Mujer
16323,1402581.04,1402581.04.01,1402581.04.01.02,1402581.04.01.02.02.1,1402581,4,1,1,1,2,2,A,2,27,2.0,6,14,39,2,1,,,,,,2.0,,,,,,,,,,,,,,,,,,,,,,,,,,,,,,,,,,,,2,2.0,,6.0,,,,,,,2,,,,,,,,,,,,,,,,1,2000.0,0.0,1.0,1.0,0.0,0.0,0.0,0.0,0.0,0.0,1.0,0.0,0.0,0.0,,,,,,,,,,,,,,,,,,,,,,,,,,,,,,1033,1033.0,U,3,280,6307,Robo de accesorios de vehículo,En su vivienda,Mujer
16324,1405122.05,1405122.05.01,1405122.05.01.02,1405122.05.01.02.09.4,1405122,5,1,4,5,9,2,A,2,72,2.0,12,14,39,1,2,0.0,1.0,0.0,0.0,0.0,1.0,1.0,1.0,1.0,1.0,0.0,0.0,9.0,1.0,0.0,0.0,0.0,0.0,0.0,2.0,0.0,0.0,0.0,0.0,1.0,2.0,,,,,,,2.0,,,,,,,,,2,,,4.0,,,,,,,2,,,,,,,,,,,,,,,,3,0.0,0.0,,,,,,,,,,,,,,,,,,,,,,,,,,,,,1.0,,,,,1.0,0.0,0.0,3.0,,,,,3780,3780.0,U,3,280,6353,Extorsión,En su vivienda,Mujer
16325,1403742.01,1403742.01.01,1403742.01.01.03,1403742.01.01.03.02.1,1403742,1,1,1,1,2,3,A,2,39,2.0,7,14,39,3,1,,,,,,2.0,,,,,,,,,,,,,,,,,,,,,,,,,,,,,,,,,,,,1,,,,1.0,6.0,,3.0,3.0,2.0,2,,,,,,,,,,0.0,0.0,0.0,0.0,1.0,0.0,1,30000.0,0.0,0.0,1.0,1.0,1.0,0.0,0.0,0.0,1.0,1.0,0.0,0.0,0.0,,,,,,,,,,,,,,,,,,,,,,,,,,,,,,1001,1001.0,U,2,279,6234,Robo de accesorios de vehículo,En su vivienda,Mujer
16327,1402728.04,1402728.04.01,1402728.04.01.03,1402728.04.01.03.08.2,1402728,4,1,2,2,8,3,A,1,20,2.0,9,14,39,3,2,1.0,0.0,0.0,0.0,0.0,,,,,,,,,,,,,,,,,,,,,,,,,,,,,,,,,,,,,2,,,3.0,,,,,,,2,,,,,,,,,,,,,,,,1,250.0,0.0,0.0,1.0,0.0,0.0,0.0,0.0,0.0,0.0,1.0,0.0,0.0,0.0,,,,,,,,,,,,,,,,1.0,,,,,,,,,,,,,,3018,3018.0,U,2,279,6231,Fraude bancario,En su vivienda,Hombre
16328,1403338.03,1403338.03.01,1403338.03.01.03,1403338.03.01.03.01.1,1403338,3,1,1,2,1,3,A,1,23,2.0,3,14,39,2,1,,,,,,2.0,,,,,,,,,,,,,,,,,,,,,,,,,,,,,,,,,,,,1,,,,2.0,,6.0,1.0,1.0,4.0,1,0.0,1.0,0.0,0.0,0.0,0.0,0.0,0.0,0.0,1.0,0.0,0.0,0.0,0.0,0.0,1,30000.0,0.0,,,,,,,,,,,,,1.0,,,,,,,,,,,,,,,,,,,,,,,,,,,,,828,828.0,U,2,279,6275,Robo total de vehículo,En su vivienda,Hombre
16329,1402540.01,1402540.01.01,1402540.01.01.01,1402540.01.01.01.02.1,1402540,1,1,1,1,2,1,A,1,25,2.0,12,14,39,2,5,,,,,,2.0,,,,,,,,,,,,,,,,,,,,,,,,,,,,,,,,,,,,2,2.0,,4.0,,,,,,,2,,,,,,,,,,,,,,,,1,6500.0,0.0,,,,,,,,,,,,,,,,,,,,,,,,,,,,,,,,,,,,,,,,,,1132,1132.0,U,3,280,6293,Robo de accesorios de vehículo,En su vivienda,Hombre
16330,1403619.02,1403619.02.01,1403619.02.01.03,1403619.02.01.03.07.1,1403619,2,1,1,1,7,3,A,1,26,2.0,10,14,39,3,1,1.0,0.0,0.0,0.0,0.0,,,,,,,,,,,,,,,,,,,,,,,,,,,,,,,,,,,,,2,,,6.0,,,,,,,2,,,,,,,,,,,,,,,,1,1200.0,0.0,,,,,,,,,,,,,,,,,,,,,,,,,,,,4.0,,,,,,,,,,,,,,3054,3054.0,U,2,279,6228,Robo en banco/cajero,En su vivienda,Hombre
16331,1404491.02,1404491.02.01,1404491.02.01.02,1404491.02.01.02.04.2,1404491,2,1,2,2,4,2,A,1,49,2.0,99,14,39,1,2,,,,,,2.0,,,,,,,,,,,,,,,,,,,,,,,,,,,,,,,,,,,,2,2.0,,7.0,,,,,,,2,,,,,,,,,,,,,,,,1,25000.0,0.0,0.0,0.0,0.0,0.0,0.0,0.0,0.0,1.0,0.0,0.0,0.0,0.0,,0.0,0.0,0.0,1.0,0.0,0.0,0.0,0.0,0.0,0.0,0.0,0.0,0.0,2.0,,,,,,,,,,,,,,,836,836.0,U,3,280,6381,Robo en transporte público,En su vivienda,Hombre
16333,1403475.05,1403475.05.01,1403475.05.01.02,1403475.05.01.02.07.1,1403475,5,1,1,1,7,2,A,1,30,2.0,9,14,39,1,5,1.0,0.0,0.0,0.0,0.0,,,,,,,,,,,,,,,,,,,,,,,,,,,,,,,,,,,,,2,,,4.0,,,,,,,2,,,,,,,,,,,,,,,,1,2500.0,0.0,1.0,0.0,1.0,0.0,0.0,0.0,0.0,1.0,0.0,0.0,0.0,0.0,,,,,,,,,,,,,,,,4.0,,,,,,,,,,,,,,1948,1948.0,U,3,280,6334,Robo en banco/cajero,En su vivienda,Hombre
16334,1402539.01,1402539.01.01,1402539.01.01.03,1402539.01.01.03.11.1,1402539,1,1,1,1,11,3,A,1,36,2.0,11,14,39,3,1,,,,,,1.0,1.0,2.0,4.0,1.0,0.0,0.0,8.0,1.0,0.0,0.0,0.0,0.0,0.0,2.0,0.0,0.0,0.0,0.0,1.0,1.0,0.0,1.0,0.0,0.0,0.0,2.0,1.0,1.0,0.0,0.0,0.0,0.0,0.0,0.0,0.0,2,,,7.0,,,,,,,2,,,,,,,,,,,,,,,,2,0.0,0.0,0.0,0.0,0.0,1.0,0.0,0.0,0.0,0.0,1.0,0.0,0.0,0.0,,,,,,,,,,,,,,,,,,,,,,,,,,,,,,2780,2780.0,U,2,279,6289,Lesiones,En su vivienda,Hombre
16335,1402640.01,1402640.01.01,1402640.01.01.04,1402640.01.01.04.05.1,1402640,1,1,1,1,5,4,A,2,21,2.0,8,14,39,1,5,,,,,,1.0,1.0,2.0,1.0,1.0,0.0,0.0,3.0,1.0,0.0,0.0,0.0,0.0,0.0,2.0,0.0,0.0,0.0,1.0,0.0,1.0,1.0,0.0,0.0,0.0,0.0,2.0,2.0,,,,,,,,,2,,,4.0,,,,,,,2,,,,,,,,,,,,,,,,1,2000.0,0.0,0.0,0.0,0.0,0.0,0.0,0.0,0.0,0.0,0.0,1.0,0.0,0.0,,0.0,0.0,0.0,0.0,0.0,0.0,0.0,0.0,1.0,0.0,0.0,0.0,0.0,,,,,,,,,,,,,,,,3418,3418.0,U,3,280,6292,Robo en calle (a transeúnte),En su vivienda,Mujer
16336,1405514.03,1405514.03.01,1405514.03.01.02,1405514.03.01.02.07.1,1405514,3,1,1,1,7,2,A,2,37,2.0,11,14,39,3,2,1.0,0.0,0.0,0.0,0.0,,,,,,,,,,,,,,,,,,,,,,,,,,,,,,,,,,,,,2,,,9.0,,,,,,,2,,,,,,,,,,,,,,,,3,0.0,0.0,1.0,1.0,1.0,1.0,1.0,0.0,1.0,1.0,1.0,0.0,0.0,0.0,,,,,,,,,,,,,,,,4.0,,,,,,,,,,,,,,2445,2445.0,U,2,279,6279,Robo en banco/cajero,En su vivienda,Mujer
16337,1405617.02,1405617.02.01,1405617.02.01.01,1405617.02.01.01.13.1,1405617,2,1,1,1,13,1,A,2,31,2.0,6,14,39,1,5,0.0,0.0,1.0,0.0,0.0,1.0,1.0,2.0,1.0,1.0,0.0,0.0,6.0,1.0,0.0,0.0,0.0,0.0,0.0,1.0,1.0,0.0,0.0,0.0,0.0,9.0,,,,,,,2.0,,,,,,,,,2,,,4.0,,,,,,,1,0.0,1.0,0.0,0.0,0.0,0.0,0.0,0.0,0.0,1.0,0.0,0.0,0.0,0.0,0.0,3,0.0,0.0,1.0,0.0,1.0,1.0,0.0,1.0,0.0,0.0,1.0,0.0,0.0,0.0,,,,,,,,,,,,,,,,,,,,,,,,,,,,,4.0,1092,1092.0,U,4,281,6430,Delito sexual,En su vivienda,Mujer
16338,1417356.04,1417356.04.01,1417356.04.01.01,1417356.04.01.01.10.1,1417356,4,1,1,1,10,1,A,1,49,2.0,10,14,39,2,3,0.0,1.0,0.0,0.0,0.0,1.0,1.0,2.0,1.0,1.0,0.0,0.0,9.0,1.0,0.0,0.0,0.0,0.0,0.0,2.0,0.0,0.0,0.0,0.0,1.0,2.0,,,,,,,2.0,,,,,,,,,2,,,6.0,,,,,,,2,,,,,,,,,,,,,,,,5,,,1.0,1.0,1.0,1.0,1.0,1.0,1.0,1.0,1.0,0.0,0.0,0.0,,,,,,,,,,,,,,,,,,,,,,,,,,,,,,2211,2211.0,U,4,281,6423,Amenazas/intimidación,En su vivienda,Hombre
16339,1404323.05,1404323.05.01,1404323.05.01.01,1404323.05.01.01.08.1,1404323,5,1,1,1,8,1,A,1,43,2.0,3,14,39,2,2,0.0,0.0,1.0,0.0,0.0,,,,,,,,,,,,,,,,,,,,,,,,,,,,,,,,,,,,,2,,,7.0,,,,,,,2,,,,,,,,,,,,,,,,1,5000.0,0.0,0.0,0.0,0.0,0.0,0.0,0.0,0.0,1.0,1.0,0.0,0.0,0.0,,,,,,,,,,,,,,,,1.0,,,,,,,,,,,,,,1957,1957.0,U,3,280,6331,Fraude bancario,En su vivienda,Hombre
16340,1403846.05,1403846.05.01,1403846.05.01.03,1403846.05.01.03.05.1,1403846,5,1,1,2,5,3,A,2,44,2.0,2,14,39,2,1,,,,,,1.0,1.0,2.0,1.0,1.0,0.0,0.0,4.0,1.0,0.0,0.0,0.0,0.0,0.0,2.0,0.0,0.0,0.0,0.0,1.0,1.0,1.0,0.0,0.0,0.0,0.0,2.0,2.0,,,,,,,,,2,,,4.0,,,,,,,2,,,,,,,,,,,,,,,,1,10000.0,0.0,,,,,,,,,,,,,,0.0,0.0,0.0,0.0,1.0,0.0,1.0,0.0,1.0,0.0,0.0,0.0,0.0,,,,,,,,,,,,,,,,3597,3597.0,U,4,281,6397,Robo en calle (a transeúnte),En su vivienda,Mujer
16341,1405469.05,1405469.05.01,1405469.05.01.03,1405469.05.01.03.02.1,1405469,5,1,1,1,2,3,A,2,40,2.0,7,14,39,4,1,,,,,,2.0,,,,,,,,,,,,,,,,,,,,,,,,,,,,,,,,,,,,1,,,,1.0,2.0,,3.0,1.0,2.0,1,0.0,1.0,0.0,0.0,0.0,0.0,0.0,0.0,0.0,1.0,0.0,0.0,0.0,0.0,0.0,1,30000.0,0.0,1.0,1.0,1.0,1.0,0.0,0.0,0.0,1.0,1.0,1.0,0.0,0.0,,,,,,,,,,,,,,,,,,,,,,,,,,,,,,1021,1021.0,U,4,281,6455,Robo de accesorios de vehículo,En su vivienda,Mujer
16342,1404885.02,1404885.02.01,1404885.02.01.01,1404885.02.01.01.04.1,1404885,2,1,1,1,4,1,A,1,66,2.0,1,14,39,2,2,,,,,,2.0,,,,,,,,,,,,,,,,,,,,,,,,,,,,,,,,,,,,2,2.0,,6.0,,,,,,,2,,,,,,,,,,,,,,,,1,9999999.0,0.0,0.0,0.0,0.0,0.0,0.0,0.0,0.0,0.0,0.0,0.0,1.0,0.0,,0.0,0.0,0.0,0.0,0.0,0.0,0.0,0.0,0.0,0.0,1.0,0.0,0.0,2.0,,,,,,,,,,,,,,,1180,1180.0,U,4,281,6399,Robo en transporte público,En su vivienda,Hombre
16343,1402540.01,1402540.01.01,1402540.01.01.01,1402540.01.01.01.03.1,1402540,1,1,1,1,3,1,A,1,25,2.0,12,14,39,3,1,,,,,,2.0,,,,,,,,,,,,,,,,,,,,,,,,,,,,,,,,,,,,2,2.0,,4.0,,,,,,,2,,,,,,,,,,,,,,,,1,200.0,0.0,,,,,,,,,,,,,,,,,,,,,,,,,,,,,,,,,,,,,,,,,,1132,1132.0,U,3,280,6293,Robo en vivienda,En su vivienda,Hombre
16345,1405681.01,1405681.01.01,1405681.01.01.01,1405681.01.01.01.08.1,1405681,1,1,1,1,8,1,A,1,61,2.0,3,14,39,9,9,1.0,0.0,0.0,0.0,0.0,,,,,,,,,,,,,,,,,,,,,,,,,,,,,,,,,,,,,2,,,5.0,,,,,,,2,,,,,,,,,,,,,,,,1,3000.0,0.0,0.0,0.0,0.0,0.0,0.0,0.0,0.0,0.0,1.0,0.0,0.0,0.0,,,,,,,,,,,,,,,,1.0,,,,,,,,,,,,,,3529,3529.0,U,4,281,6477,Fraude bancario,En su vivienda,Hombre
16346,1410578.02,1410578.02.01,1410578.02.01.02,1410578.02.01.02.05.2,1410578,2,1,2,2,5,2,A,2,40,2.0,3,14,39,1,6,,,,,,1.0,1.0,1.0,1.0,1.0,0.0,0.0,4.0,1.0,0.0,0.0,0.0,0.0,0.0,2.0,0.0,0.0,0.0,1.0,0.0,2.0,,,,,,,2.0,,,,,,,,,2,,,4.0,,,,,,,2,,,,,,,,,,,,,,,,1,8000.0,0.0,1.0,1.0,1.0,1.0,0.0,1.0,0.0,0.0,1.0,0.0,0.0,0.0,,0.0,0.0,0.0,0.0,1.0,0.0,1.0,1.0,0.0,0.0,0.0,0.0,0.0,,,,,,,,,,,,,,,,2308,2308.0,C,3,298,6573,Robo en calle (a transeúnte),En su vivienda,Mujer
16347,1405452.05,1405452.05.01,1405452.05.01.01,1405452.05.01.01.05.1,1405452,5,1,1,1,5,1,A,2,35,2.0,3,14,39,3,1,,,,,,1.0,1.0,1.0,2.0,1.0,0.0,0.0,9.0,1.0,0.0,0.0,0.0,0.0,0.0,2.0,0.0,0.0,0.0,0.0,1.0,1.0,1.0,0.0,0.0,0.0,0.0,2.0,2.0,,,,,,,,,2,,,4.0,,,,,,,2,,,,,,,,,,,,,,,,3,0.0,0.0,1.0,0.0,1.0,0.0,0.0,0.0,0.0,1.0,1.0,0.0,0.0,0.0,,0.0,0.0,0.0,0.0,0.0,0.0,0.0,0.0,0.0,0.0,0.0,1.0,0.0,,,,,,,,,,,,,,,,6524,6524.0,U,4,281,6433,Robo en calle (a transeúnte),En su vivienda,Mujer
16348,1402807.03,1402807.03.01,1402807.03.01.01,1402807.03.01.01.05.2,1402807,3,1,2,2,5,1,A,1,49,2.0,4,14,39,2,1,,,,,,1.0,1.0,1.0,2.0,1.0,0.0,0.0,3.0,1.0,0.0,0.0,0.0,0.0,0.0,2.0,0.0,0.0,0.0,0.0,1.0,1.0,1.0,0.0,0.0,0.0,0.0,2.0,2.0,,,,,,,,,2,,,4.0,,,,,,,2,,,,,,,,,,,,,,,,1,1800.0,0.0,1.0,1.0,1.0,1.0,1.0,1.0,1.0,1.0,1.0,0.0,0.0,0.0,,0.0,0.0,1.0,0.0,0.0,0.0,0.0,0.0,0.0,0.0,0.0,0.0,0.0,,,,,,,,,,,,,,,,4042,4042.0,U,3,280,6317,Robo en calle (a transeúnte),En su vivienda,Hombre
16349,1404285.02,1404285.02.01,1404285.02.01.04,1404285.02.01.04.08.1,1404285,2,1,1,1,8,4,A,2,23,2.0,4,14,39,2,4,0.0,0.0,1.0,0.0,0.0,,,,,,,,,,,,,,,,,,,,,,,,,,,,,,,,,,,,,2,,,7.0,,,,,,,2,,,,,,,,,,,,,,,,1,1600.0,0.0,0.0,0.0,1.0,1.0,0.0,0.0,0.0,1.0,1.0,0.0,0.0,0.0,,,,,,,,,,,,,,,,1.0,,,,,,,,,,,,,,4116,4116.0,U,2,279,6225,Fraude bancario,En su vivienda,Mujer
16350,1403423.03,1403423.03.01,1403423.03.01.01,1403423.03.01.01.05.1,1403423,3,1,1,1,5,1,A,1,37,2.0,10,14,39,2,1,,,,,,1.0,1.0,2.0,2.0,1.0,0.0,0.0,8.0,1.0,0.0,0.0,0.0,0.0,0.0,2.0,0.0,0.0,0.0,1.0,0.0,1.0,1.0,0.0,0.0,0.0,0.0,2.0,2.0,,,,,,,,,2,,,3.0,,,,,,,2,,,,,,,,,,,,,,,,1,6000.0,0.0,,,,,,,,,,,,,,0.0,0.0,0.0,0.0,0.0,0.0,0.0,0.0,1.0,0.0,0.0,0.0,0.0,,,,,,,,,,,,,,,,2254,2254.0,U,3,280,6294,Robo en calle (a transeúnte),En su vivienda,Hombre
16351,1403854.03,1403854.03.01,1403854.03.01.04,1403854.03.01.04.04.1,1403854,3,1,1,1,4,4,A,1,28,2.0,12,14,39,1,2,,,,,,1.0,1.0,1.0,1.0,1.0,0.0,0.0,9.0,1.0,0.0,0.0,0.0,0.0,0.0,2.0,0.0,0.0,0.0,1.0,0.0,2.0,,,,,,,2.0,,,,,,,,,2,2.0,,4.0,,,,,,,2,,,,,,,,,,,,,,,,3,0.0,0.0,1.0,0.0,0.0,1.0,1.0,1.0,1.0,0.0,0.0,0.0,0.0,0.0,,0.0,0.0,0.0,0.0,0.0,0.0,0.0,0.0,0.0,0.0,0.0,0.0,1.0,2.0,,,,,,,,,,,,,,,883,883.0,U,2,279,6261,Robo en transporte público,En su vivienda,Hombre
16352,1404388.02,1404388.02.01,1404388.02.01.02,1404388.02.01.02.02.1,1404388,2,1,1,1,2,2,A,1,80,2.0,12,14,39,3,2,,,,,,2.0,,,,,,,,,,,,,,,,,,,,,,,,,,,,,,,,,,,,2,2.0,,7.0,,,,,,,2,,,,,,,,,,,,,,,,1,9999999.0,3000.0,,,,,,,,,,,,,,,,,,,,,,,,,,,,,,,,,,,,,,,,,,926,926.0,U,3,280,6363,Robo de accesorios de vehículo,En su vivienda,Hombre
16354,1403338.03,1403338.03.01,1403338.03.01.03,1403338.03.01.03.10.1,1403338,3,1,1,1,10,3,A,1,23,2.0,12,14,39,1,1,0.0,0.0,0.0,1.0,0.0,2.0,,,,,,,,,,,,,,,,,,,,,,,,,,,,,,,,,,,,2,,,6.0,,,,,,,2,,,,,,,,,,,,,,,,5,,,,,,,,,,,,,,,,,,,,,,,,,,,,,,,,,,,,,,,,,,,,4141,4141.0,U,2,279,6275,Amenazas/intimidación,En su vivienda,Hombre
16356,1405460.03,1405460.03.05,1405460.03.05.01,1405460.03.05.01.06.1,1405460,3,5,1,1,6,1,A,2,31,2.0,12,14,39,1,6,,,,,,1.0,2.0,,,,,,,,,,,,,,,,,,,,,,,,,,,,,,,,,,,2,,,4.0,,,,,,,2,,,,,,,,,,,,,,,,1,20000.0,0.0,1.0,0.0,1.0,1.0,0.0,0.0,0.0,1.0,1.0,0.0,0.0,0.0,,0.0,0.0,0.0,0.0,0.0,0.0,1.0,1.0,1.0,0.0,0.0,0.0,0.0,,,,,,,,,,,,,,,,869,869.0,U,3,280,6374,Robo en negocio,En su vivienda,Mujer
16357,1403846.02,1403846.02.01,1403846.02.01.02,1403846.02.01.02.05.1,1403846,2,1,1,1,5,2,A,2,51,2.0,11,14,39,1,1,,,,,,1.0,1.0,2.0,2.0,1.0,0.0,0.0,3.0,1.0,0.0,0.0,0.0,0.0,0.0,2.0,0.0,0.0,0.0,0.0,1.0,1.0,0.0,1.0,0.0,0.0,0.0,2.0,2.0,,,,,,,,,2,,,4.0,,,,,,,2,,,,,,,,,,,,,,,,1,12000.0,0.0,0.0,0.0,0.0,1.0,0.0,0.0,1.0,0.0,0.0,0.0,0.0,0.0,,0.0,0.0,0.0,0.0,0.0,0.0,0.0,0.0,1.0,0.0,0.0,0.0,0.0,,,,,,,,,,,,,,,,4797,4797.0,U,4,281,6397,Robo en calle (a transeúnte),En su vivienda,Mujer
16358,1419455.01,1419455.01.01,1419455.01.01.01,1419455.01.01.01.03.1,1419455,1,1,1,1,3,1,A,1,44,2.0,3,14,39,1,1,,,,,,2.0,,,,,,,,,,,,,,,,,,,,,,,,,,,,,,,,,,,,2,2.0,,7.0,,,,,,,2,,,,,,,,,,,,,,,,3,5000.0,0.0,,,,,,,,,,,,,,,,,,,,,,,,,,,,,,,,,,,,,,,,,,1483,1483.0,U,2,285,6508,Robo en vivienda,En su vivienda,Hombre
16359,1403619.05,1403619.05.01,1403619.05.01.01,1403619.05.01.01.05.1,1403619,5,1,1,1,5,1,A,1,51,2.0,3,14,39,1,1,,,,,,1.0,1.0,1.0,3.0,1.0,0.0,0.0,8.0,1.0,0.0,0.0,0.0,0.0,0.0,2.0,0.0,0.0,0.0,1.0,0.0,1.0,0.0,1.0,0.0,0.0,0.0,2.0,2.0,,,,,,,,,2,,,8.0,,,,,,,2,,,,,,,,,,,,,,,,1,2000.0,1500.0,1.0,1.0,1.0,1.0,1.0,1.0,1.0,1.0,1.0,0.0,0.0,0.0,,0.0,0.0,0.0,0.0,0.0,0.0,1.0,0.0,1.0,0.0,0.0,0.0,0.0,,,,,,,,,,,,,,,,3054,3054.0,U,2,279,6228,Robo en calle (a transeúnte),En su vivienda,Hombre
16360,1404409.03,1404409.03.01,1404409.03.01.02,1404409.03.01.02.03.1,1404409,3,1,1,1,3,2,A,2,28,2.0,5,14,39,2,1,,,,,,2.0,,,,,,,,,,,,,,,,,,,,,,,,,,,,,,,,,,,,2,2.0,,4.0,,,,,,,2,,,,,,,,,,,,,,,,5,,,,,,,,,,,,,,,,,,,,,,,,,,,,,,,,,,,,,,,,,,,,1056,1056.0,U,4,281,6447,Robo en vivienda,En su vivienda,Mujer
16361,1417950.03,1417950.03.01,1417950.03.01.01,1417950.03.01.01.09.1,1417950,3,1,1,1,9,1,A,1,57,2.0,11,14,39,2,1,0.0,0.0,1.0,0.0,0.0,1.0,1.0,2.0,6.0,1.0,1.0,0.0,8.0,1.0,0.0,0.0,0.0,0.0,0.0,2.0,0.0,0.0,0.0,1.0,0.0,1.0,0.0,1.0,0.0,0.0,0.0,2.0,2.0,,,,,,,,,2,,,8.0,,,,,,,1,0.0,1.0,0.0,0.0,0.0,0.0,0.0,0.0,0.0,1.0,0.0,0.0,0.0,0.0,0.0,1,3800.0,0.0,1.0,1.0,1.0,1.0,1.0,1.0,1.0,1.0,1.0,0.0,0.0,0.0,,,,,,,,,,,,,,,,,2.0,0.0,1.0,0.0,0.0,0.0,0.0,1.0,,,,,,1011,1011.0,U,3,280,6318,Extorsión,En su vivienda,Hombre
16362,1404491.02,1404491.02.01,1404491.02.01.02,1404491.02.01.02.04.1,1404491,2,1,1,2,4,2,A,1,49,2.0,8,14,39,3,2,,,,,,2.0,,,,,,,,,,,,,,,,,,,,,,,,,,,,,,,,,,,,2,2.0,,7.0,,,,,,,2,,,,,,,,,,,,,,,,1,40000.0,0.0,,,,,,,,,,,,,,0.0,0.0,0.0,0.0,0.0,1.0,0.0,0.0,0.0,0.0,0.0,0.0,0.0,2.0,,,,,,,,,,,,,,,836,836.0,U,3,280,6381,Robo en transporte público,En su vivienda,Hombre
16363,1402581.03,1402581.03.01,1402581.03.01.02,1402581.03.01.02.06.1,1402581,3,1,1,2,6,2,A,2,79,2.0,6,14,39,4,2,,,,,,2.0,,,,,,,,,,,,,,,,,,,,,,,,,,,,,,,,,,,,2,,,7.0,,,,,,,2,,,,,,,,,,,,,,,,1,5000.0,0.0,,,,,,,,,,,,,,0.0,0.0,0.0,0.0,0.0,0.0,0.0,0.0,0.0,0.0,1.0,0.0,0.0,,,,,,,,,,,,,,,,3099,3099.0,U,3,280,6307,Robo en negocio,En su vivienda,Mujer
16364,1404309.01,1404309.01.01,1404309.01.01.01,1404309.01.01.01.03.1,1404309,1,1,1,1,3,1,A,2,62,2.0,3,14,39,4,2,,,,,,2.0,,,,,,,,,,,,,,,,,,,,,,,,,,,,,,,,,,,,2,2.0,,4.0,,,,,,,2,,,,,,,,,,,,,,,,1,200.0,0.0,0.0,0.0,0.0,0.0,0.0,0.0,0.0,1.0,1.0,0.0,0.0,0.0,,,,,,,,,,,,,,,,,,,,,,,,,,,,,,848,848.0,U,2,279,6271,Robo en vivienda,En su vivienda,Mujer
16365,1402659.01,1402659.01.01,1402659.01.01.03,1402659.01.01.03.09.1,1402659,1,1,1,1,9,3,A,2,30,2.0,5,14,39,2,2,0.0,1.0,0.0,0.0,0.0,2.0,,,,,,,,,,,,,,,,,,,,,,,,,,,,,,,,,,,,2,,,3.0,,,,,,,2,,,,,,,,,,,,,,,,3,0.0,0.0,,,,,,,,,,,,,,,,,,,,,,,,,,,,,3.0,,,,,1.0,0.0,0.0,3.0,,,,,2412,2412.0,U,3,280,6382,Extorsión,En su vivienda,Mujer
16366,1412394.03,1412394.03.01,1412394.03.01.01,1412394.03.01.01.11.1,1412394,3,1,1,1,11,1,A,2,40,2.0,9,14,39,1,1,,,,,,1.0,1.0,2.0,1.0,1.0,0.0,0.0,6.0,1.0,0.0,0.0,0.0,0.0,0.0,1.0,0.0,0.0,0.0,1.0,0.0,2.0,,,,,,,1.0,1.0,0.0,0.0,0.0,0.0,0.0,0.0,0.0,2,,,4.0,,,,,,,2,,,,,,,,,,,,,,,,3,0.0,0.0,1.0,0.0,1.0,0.0,0.0,1.0,0.0,0.0,1.0,0.0,0.0,0.0,,,,,,,,,,,,,,,,,,,,,,,,,,,,,,2977,2977.0,U,3,280,6322,Lesiones,En su vivienda,Mujer
16367,1403338.03,1403338.03.01,1403338.03.01.03,1403338.03.01.03.14.1,1403338,3,1,1,1,14,3,A,1,23,2.0,2,14,39,4,8,,,,,,1.0,1.0,2.0,1.0,0.0,1.0,0.0,3.0,0.0,0.0,0.0,1.0,0.0,0.0,,0.0,0.0,0.0,1.0,0.0,2.0,,,,,,,1.0,1.0,0.0,0.0,0.0,0.0,0.0,0.0,0.0,2,,,6.0,,,,,,,2,,,,,,,,,,,,,,,,3,0.0,500.0,1.0,1.0,1.0,1.0,1.0,1.0,1.0,1.0,1.0,0.0,0.0,0.0,,,,,,,,,,,,,,,,,,,,,,,,,,,,,,4141,4141.0,U,2,279,6275,Homicidio de familiar,En su vivienda,Hombre
16368,1405514.01,1405514.01.01,1405514.01.01.04,1405514.01.01.04.04.1,1405514,1,1,1,1,4,4,A,2,24,2.0,12,14,39,2,2,,,,,,2.0,,,,,,,,,,,,,,,,,,,,,,,,,,,,,,,,,,,,2,2.0,,9.0,,,,,,,2,,,,,,,,,,,,,,,,1,7000.0,1000.0,,,,,,,,,,,,,,0.0,0.0,0.0,0.0,0.0,0.0,0.0,0.0,1.0,0.0,0.0,0.0,0.0,1.0,,,,,,,,,,,,,,,815,815.0,U,2,279,6279,Robo en transporte público,En su vivienda,Mujer
16369,1404409.03,1404409.03.01,1404409.03.01.02,1404409.03.01.02.04.1,1404409,3,1,1,1,4,2,A,2,28,2.0,1,14,39,9,2,,,,,,2.0,,,,,,,,,,,,,,,,,,,,,,,,,,,,,,,,,,,,2,2.0,,4.0,,,,,,,2,,,,,,,,,,,,,,,,9,,,0.0,0.0,1.0,0.0,0.0,0.0,0.0,0.0,0.0,0.0,0.0,0.0,,0.0,0.0,0.0,0.0,0.0,0.0,0.0,0.0,0.0,0.0,0.0,1.0,0.0,2.0,,,,,,,,,,,,,,,1056,1056.0,U,4,281,6447,Robo en transporte público,En su vivienda,Mujer
16370,1404885.05,1404885.05.01,1404885.05.01.02,1404885.05.01.02.13.2,1404885,5,1,2,2,13,2,A,2,42,2.0,8,14,39,3,5,0.0,0.0,1.0,0.0,0.0,1.0,1.0,1.0,1.0,1.0,0.0,0.0,5.0,1.0,0.0,0.0,0.0,0.0,0.0,2.0,0.0,0.0,0.0,0.0,1.0,9.0,,,,,,,2.0,,,,,,,,,2,,,3.0,,,,,,,2,,,,,,,,,,,,,,,,3,0.0,700.0,1.0,0.0,0.0,1.0,0.0,1.0,0.0,0.0,0.0,0.0,0.0,0.0,,,,,,,,,,,,,,,,,,,,,,,,,,,,,2.0,2361,2361.0,U,4,281,6399,Delito sexual,En su vivienda,Mujer
16372,1402807.03,1402807.03.01,1402807.03.01.01,1402807.03.01.01.02.1,1402807,3,1,1,3,2,1,A,1,49,2.0,1,14,39,4,1,,,,,,2.0,,,,,,,,,,,,,,,,,,,,,,,,,,,,,,,,,,,,2,2.0,,4.0,,,,,,,2,,,,,,,,,,,,,,,,1,1500.0,0.0,,,,,,,,,,,,,,,,,,,,,,,,,,,,,,,,,,,,,,,,,,1011,1011.0,U,3,280,6317,Robo de accesorios de vehículo,En su vivienda,Hombre
16373,1404709.03,1404709.03.01,1404709.03.01.01,1404709.03.01.01.02.1,1404709,3,1,1,1,2,1,A,2,28,2.0,6,14,39,2,1,,,,,,2.0,,,,,,,,,,,,,,,,,,,,,,,,,,,,,,,,,,,,2,2.0,,4.0,,,,,,,2,,,,,,,,,,,,,,,,1,5500.0,0.0,0.0,0.0,0.0,1.0,0.0,0.0,0.0,0.0,1.0,1.0,0.0,0.0,,,,,,,,,,,,,,,,,,,,,,,,,,,,,,969,969.0,U,3,280,6335,Robo de accesorios de vehículo,En su vivienda,Mujer
16374,1404409.04,1404409.04.01,1404409.04.01.02,1404409.04.01.02.03.1,1404409,4,1,1,1,3,2,A,1,34,2.0,8,14,39,3,1,,,,,,2.0,,,,,,,,,,,,,,,,,,,,,,,,,,,,,,,,,,,,2,2.0,,5.0,,,,,,,2,,,,,,,,,,,,,,,,5,,,0.0,0.0,0.0,0.0,0.0,0.0,0.0,0.0,0.0,0.0,1.0,0.0,,,,,,,,,,,,,,,,,,,,,,,,,,,,,,1056,1056.0,U,4,281,6447,Robo en vivienda,En su vivienda,Hombre
16376,1405681.04,1405681.04.01,1405681.04.01.01,1405681.04.01.01.04.1,1405681,4,1,1,2,4,1,A,1,65,2.0,1,14,39,3,2,,,,,,1.0,2.0,,,,,,,,,,,,,,,,,,,,,,,,,,,,,,,,,,,2,2.0,,7.0,,,,,,,2,,,,,,,,,,,,,,,,1,0.0,0.0,,,,,,,,,,,,,,0.0,0.0,0.0,0.0,0.0,0.0,0.0,0.0,0.0,0.0,0.0,1.0,0.0,1.0,,,,,,,,,,,,,,,882,882.0,U,4,281,6477,Robo en transporte público,En su vivienda,Hombre
16377,1404544.05,1404544.05.01,1404544.05.01.01,1404544.05.01.01.13.1,1404544,5,1,1,1,13,1,A,2,32,2.0,12,14,39,3,1,0.0,0.0,1.0,0.0,0.0,1.0,1.0,2.0,2.0,1.0,0.0,0.0,5.0,1.0,0.0,0.0,0.0,0.0,0.0,2.0,0.0,0.0,0.0,0.0,1.0,2.0,,,,,,,2.0,,,,,,,,,2,,,4.0,,,,,,,2,,,,,,,,,,,,,,,,3,0.0,0.0,1.0,0.0,1.0,1.0,0.0,1.0,0.0,1.0,1.0,0.0,0.0,0.0,,,,,,,,,,,,,,,,,,,,,,,,,,,,,2.0,946,946.0,U,4,281,6471,Delito sexual,En su vivienda,Mujer
16378,1405122.05,1405122.05.01,1405122.05.01.02,1405122.05.01.02.09.5,1405122,5,1,5,5,9,2,A,2,72,2.0,12,14,39,1,2,0.0,1.0,0.0,0.0,0.0,1.0,1.0,1.0,1.0,1.0,0.0,0.0,9.0,1.0,0.0,0.0,0.0,0.0,0.0,2.0,0.0,0.0,0.0,1.0,0.0,2.0,,,,,,,2.0,,,,,,,,,2,,,4.0,,,,,,,2,,,,,,,,,,,,,,,,3,0.0,0.0,1.0,0.0,0.0,1.0,0.0,1.0,0.0,0.0,0.0,0.0,0.0,0.0,,,,,,,,,,,,,,,,,1.0,,,,,1.0,0.0,0.0,3.0,,,,,3780,3780.0,U,3,280,6353,Extorsión,En su vivienda,Mujer
16379,1405617.05,1405617.05.01,1405617.05.01.01,1405617.05.01.01.02.1,1405617,5,1,1,1,2,1,A,1,44,2.0,7,14,39,3,1,,,,,,2.0,,,,,,,,,,,,,,,,,,,,,,,,,,,,,,,,,,,,2,2.0,,4.0,,,,,,,2,,,,,,,,,,,,,,,,1,400.0,0.0,,,,,,,,,,,,,,,,,,,,,,,,,,,,,,,,,,,,,,,,,,1092,1092.0,U,4,281,6430,Robo de accesorios de vehículo,En su vivienda,Hombre
16380,1405617.04,1405617.04.01,1405617.04.01.02,1405617.04.01.02.01.1,1405617,4,1,1,1,1,2,A,2,63,2.0,8,14,39,2,2,,,,,,2.0,,,,,,,,,,,,,,,,,,,,,,,,,,,,,,,,,,,,1,,,,1.0,3.0,,3.0,1.0,2.0,1,0.0,1.0,0.0,0.0,0.0,0.0,0.0,0.0,0.0,1.0,0.0,0.0,0.0,0.0,0.0,3,500000.0,3000.0,,,,,,,,,,,,,1.0,,,,,,,,,,,,,,,,,,,,,,,,,,,,,1092,1092.0,U,4,281,6430,Robo total de vehículo,En su vivienda,Mujer
16381,1417979.02,1417979.02.01,1417979.02.01.01,1417979.02.01.01.02.1,1417979,2,1,1,1,2,1,A,2,51,2.0,6,14,39,4,1,,,,,,2.0,,,,,,,,,,,,,,,,,,,,,,,,,,,,,,,,,,,,2,2.0,,3.0,,,,,,,2,,,,,,,,,,,,,,,,1,800.0,0.0,,,,,,,,,,,,,,,,,,,,,,,,,,,,,,,,,,,,,,,,,,954,954.0,U,3,280,6350,Robo de accesorios de vehículo,En su vivienda,Mujer
16382,1416804.03,1416804.03.01,1416804.03.01.01,1416804.03.01.01.02.1,1416804,3,1,1,1,2,1,A,2,38,2.0,11,14,39,3,1,,,,,,2.0,,,,,,,,,,,,,,,,,,,,,,,,,,,,,,,,,,,,2,2.0,,4.0,,,,,,,2,,,,,,,,,,,,,,,,1,2000.0,0.0,,,,,,,,,,,,,,,,,,,,,,,,,,,,,,,,,,,,,,,,,,1193,1193.0,U,4,281,6398,Robo de accesorios de vehículo,En su vivienda,Mujer
16383,1414179.05,1414179.05.01,1414179.05.01.02,1414179.05.01.02.05.1,1414179,5,1,1,2,5,2,A,2,62,2.0,4,14,39,2,1,,,,,,1.0,1.0,1.0,1.0,1.0,0.0,0.0,3.0,1.0,0.0,0.0,0.0,0.0,0.0,2.0,0.0,0.0,0.0,1.0,0.0,2.0,,,,,,,2.0,,,,,,,,,2,,,7.0,,,,,,,2,,,,,,,,,,,,,,,,1,2000.0,0.0,,,,,,,,,,,,,,0.0,0.0,0.0,0.0,0.0,1.0,0.0,0.0,0.0,0.0,0.0,0.0,0.0,,,,,,,,,,,,,,,,2680,2680.0,U,3,280,6371,Robo en calle (a transeúnte),En su vivienda,Mujer
16384,1402567.04,1402567.04.01,1402567.04.01.01,1402567.04.01.01.05.1,1402567,4,1,1,1,5,1,A,1,58,2.0,2,14,39,1,1,,,,,,1.0,1.0,2.0,1.0,1.0,0.0,0.0,4.0,1.0,0.0,0.0,0.0,0.0,0.0,1.0,0.0,0.0,0.0,1.0,0.0,1.0,0.0,1.0,0.0,0.0,0.0,1.0,,0.0,1.0,0.0,0.0,0.0,0.0,0.0,0.0,2,,,6.0,,,,,,,2,,,,,,,,,,,,,,,,1,1500.0,0.0,,,,,,,,,,,,,,0.0,0.0,1.0,0.0,0.0,0.0,1.0,0.0,1.0,0.0,0.0,0.0,0.0,,,,,,,,,,,,,,,,1907,1907.0,U,3,280,6345,Robo en calle (a transeúnte),En su vivienda,Hombre
16385,1402567.03,1402567.03.01,1402567.03.01.03,1402567.03.01.03.05.1,1402567,3,1,1,1,5,3,A,2,18,2.0,6,14,39,3,1,,,,,,1.0,1.0,1.0,2.0,1.0,0.0,0.0,4.0,1.0,0.0,0.0,0.0,0.0,0.0,2.0,0.0,0.0,0.0,0.0,1.0,2.0,,,,,,,2.0,,,,,,,,,2,,,6.0,,,,,,,2,,,,,,,,,,,,,,,,1,9999999.0,0.0,1.0,1.0,1.0,1.0,0.0,0.0,0.0,1.0,0.0,0.0,0.0,0.0,,0.0,0.0,0.0,0.0,0.0,0.0,0.0,0.0,1.0,0.0,0.0,0.0,0.0,,,,,,,,,,,,,,,,2861,2861.0,U,3,280,6345,Robo en calle (a transeúnte),En su vivienda,Mujer
16386,1402728.05,1402728.05.01,1402728.05.01.04,1402728.05.01.04.04.1,1402728,5,1,1,1,4,4,A,1,20,2.0,2,14,39,2,2,,,,,,2.0,,,,,,,,,,,,,,,,,,,,,,,,,,,,,,,,,,,,1,,,,1.0,6.0,,4.0,2.0,2.0,2,,,,,,,,,,0.0,0.0,0.0,0.0,1.0,0.0,1,40000.0,0.0,1.0,1.0,1.0,1.0,0.0,0.0,1.0,1.0,1.0,0.0,0.0,0.0,,0.0,1.0,0.0,0.0,0.0,0.0,0.0,0.0,1.0,0.0,1.0,0.0,0.0,1.0,,,,,,,,,,,,,,,1006,1006.0,U,2,279,6231,Robo en transporte público,En su vivienda,Hombre
16387,1403960.02,1403960.02.01,1403960.02.01.04,1403960.02.01.04.05.1,1403960,2,1,1,1,5,4,A,2,25,2.0,9,14,39,1,6,,,,,,1.0,1.0,2.0,9.0,0.0,0.0,1.0,9.0,0.0,0.0,0.0,0.0,0.0,1.0,,0.0,0.0,0.0,0.0,1.0,9.0,,,,,,,2.0,,,,,,,,,2,,,5.0,,,,,,,2,,,,,,,,,,,,,,,,1,6000.0,0.0,1.0,1.0,1.0,1.0,1.0,1.0,1.0,1.0,1.0,0.0,0.0,0.0,,0.0,0.0,0.0,0.0,0.0,0.0,0.0,0.0,1.0,0.0,0.0,0.0,0.0,,,,,,,,,,,,,,,,4808,4808.0,U,3,280,6339,Robo en calle (a transeúnte),En su vivienda,Mujer
16388,1405678.02,1405678.02.01,1405678.02.01.01,1405678.02.01.01.08.1,1405678,2,1,1,2,8,1,A,1,45,2.0,3,14,39,2,1,0.0,0.0,1.0,0.0,0.0,,,,,,,,,,,,,,,,,,,,,,,,,,,,,,,,,,,,,2,,,6.0,,,,,,,2,,,,,,,,,,,,,,,,1,600.0,0.0,,,,,,,,,,,,,,,,,,,,,,,,,,,,1.0,,,,,,,,,,,,,,1112,1112.0,U,4,281,6421,Fraude bancario,En su vivienda,Hombre
16390,1402571.05,1402571.05.01,1402571.05.01.02,1402571.05.01.02.09.3,1402571,5,1,3,3,9,2,A,1,23,2.0,2,14,39,3,5,0.0,1.0,0.0,0.0,0.0,1.0,2.0,,,,,,,,,,,,,,,,,,,,,,,,,,,,,,,,,,,2,,,4.0,,,,,,,2,,,,,,,,,,,,,,,,5,,,,,,,,,,,,,,,,,,,,,,,,,,,,,,,3.0,,,,,1.0,0.0,0.0,3.0,,,,,1523,1523.0,U,3,280,6385,Extorsión,En su vivienda,Hombre
16391,1403432.02,1403432.02.01,1403432.02.01.01,1403432.02.01.01.02.1,1403432,2,1,1,1,2,1,A,2,32,2.0,2,14,39,4,1,,,,,,2.0,,,,,,,,,,,,,,,,,,,,,,,,,,,,,,,,,,,,2,2.0,,5.0,,,,,,,2,,,,,,,,,,,,,,,,1,3000.0,0.0,1.0,1.0,0.0,0.0,0.0,0.0,0.0,1.0,0.0,0.0,0.0,0.0,,,,,,,,,,,,,,,,,,,,,,,,,,,,,,954,954.0,U,3,280,6348,Robo de accesorios de vehículo,En su vivienda,Mujer
16392,1404323.02,1404323.02.01,1404323.02.01.01,1404323.02.01.01.03.1,1404323,2,1,1,1,3,1,A,2,36,2.0,7,14,39,3,2,,,,,,2.0,,,,,,,,,,,,,,,,,,,,,,,,,,,,,,,,,,,,2,2.0,,3.0,,,,,,,2,,,,,,,,,,,,,,,,5,,,0.0,0.0,0.0,0.0,0.0,0.0,0.0,0.0,0.0,0.0,1.0,0.0,,,,,,,,,,,,,,,,,,,,,,,,,,,,,,978,978.0,U,3,280,6331,Robo en vivienda,En su vivienda,Mujer
16393,1401851.11,1401851.11.01,1401851.11.01.03,1401851.11.01.03.01.1,1401851,11,1,1,1,1,3,A,2,20,2.0,1,14,39,4,1,,,,,,2.0,,,,,,,,,,,,,,,,,,,,,,,,,,,,,,,,,,,,1,,,,9.0,,,3.0,1.0,2.0,2,,,,,,,,,,0.0,0.0,0.0,0.0,1.0,0.0,1,9999999.0,9999999.0,1.0,1.0,1.0,1.0,1.0,0.0,0.0,1.0,1.0,0.0,0.0,0.0,1.0,,,,,,,,,,,,,,,,,,,,,,,,,,,,,985,985.0,C,3,298,6574,Robo total de vehículo,En su vivienda,Mujer
16394,1405617.04,1405617.04.01,1405617.04.01.02,1405617.04.01.02.07.1,1405617,4,1,1,1,7,2,A,2,63,2.0,4,14,39,9,4,1.0,0.0,0.0,0.0,0.0,,,,,,,,,,,,,,,,,,,,,,,,,,,,,,,,,,,,,1,,,,1.0,6.0,,2.0,2.0,2.0,2,,,,,,,,,,0.0,0.0,0.0,0.0,1.0,0.0,1,20000.0,0.0,1.0,1.0,1.0,1.0,0.0,1.0,1.0,1.0,1.0,0.0,0.0,0.0,,,,,,,,,,,,,,,,4.0,,,,,,,,,,,,,,4368,4368.0,U,4,281,6430,Robo en banco/cajero,En su vivienda,Mujer
16395,1403338.03,1403338.03.01,1403338.03.01.03,1403338.03.01.03.09.1,1403338,3,1,1,1,9,3,A,1,23,2.0,11,14,39,2,1,0.0,0.0,1.0,0.0,0.0,1.0,1.0,2.0,1.0,1.0,0.0,0.0,6.0,0.0,1.0,0.0,0.0,0.0,0.0,,0.0,0.0,0.0,1.0,0.0,2.0,,,,,,,1.0,1.0,0.0,0.0,0.0,0.0,0.0,0.0,0.0,2,,,6.0,,,,,,,2,,,,,,,,,,,,,,,,2,0.0,0.0,,,,,,,,,,,,,,,,,,,,,,,,,,,,,3.0,0.0,1.0,0.0,0.0,0.0,0.0,1.0,,,,,,4141,4141.0,U,2,279,6275,Extorsión,En su vivienda,Hombre
16396,1403960.03,1403960.03.01,1403960.03.01.03,1403960.03.01.03.03.1,1403960,3,1,1,1,3,3,A,1,18,2.0,6,14,39,4,2,,,,,,2.0,,,,,,,,,,,,,,,,,,,,,,,,,,,,,,,,,,,,2,2.0,,3.0,,,,,,,2,,,,,,,,,,,,,,,,1,200.0,0.0,,,,,,,,,,,,,,,,,,,,,,,,,,,,,,,,,,,,,,,,,,962,962.0,U,3,280,6339,Robo en vivienda,En su vivienda,Hombre
16397,1403619.02,1403619.02.01,1403619.02.01.03,1403619.02.01.03.08.1,1403619,2,1,1,1,8,3,A,1,26,2.0,2,14,39,1,2,1.0,0.0,0.0,0.0,0.0,,,,,,,,,,,,,,,,,,,,,,,,,,,,,,,,,,,,,2,,,6.0,,,,,,,2,,,,,,,,,,,,,,,,1,700.0,0.0,1.0,0.0,1.0,1.0,0.0,0.0,0.0,1.0,0.0,0.0,0.0,0.0,,,,,,,,,,,,,,,,1.0,,,,,,,,,,,,,,3054,3054.0,U,2,279,6228,Fraude bancario,En su vivienda,Hombre
16398,1417950.03,1417950.03.01,1417950.03.01.01,1417950.03.01.01.02.1,1417950,3,1,1,2,2,1,A,1,57,2.0,8,14,39,1,1,,,,,,2.0,,,,,,,,,,,,,,,,,,,,,,,,,,,,,,,,,,,,2,2.0,,4.0,,,,,,,2,,,,,,,,,,,,,,,,1,8000.0,0.0,,,,,,,,,,,,,,,,,,,,,,,,,,,,,,,,,,,,,,,,,,1011,1011.0,U,3,280,6318,Robo de accesorios de vehículo,En su vivienda,Hombre
16399,1404885.02,1404885.02.02,1404885.02.02.01,1404885.02.02.01.09.1,1404885,2,2,1,1,9,1,A,2,23,2.0,4,14,39,2,2,0.0,1.0,0.0,0.0,0.0,1.0,1.0,1.0,9.0,1.0,0.0,0.0,9.0,1.0,0.0,0.0,0.0,0.0,0.0,2.0,0.0,0.0,0.0,0.0,1.0,2.0,,,,,,,2.0,,,,,,,,,2,,,5.0,,,,,,,2,,,,,,,,,,,,,,,,5,,,0.0,0.0,0.0,0.0,0.0,0.0,0.0,0.0,1.0,0.0,0.0,0.0,,,,,,,,,,,,,,,,,3.0,,,,,1.0,0.0,0.0,3.0,,,,,1180,1180.0,U,4,281,6399,Extorsión,En su vivienda,Mujer
16400,1418366.04,1418366.04.01,1418366.04.01.02,1418366.04.01.02.05.1,1418366,4,1,1,1,5,2,A,2,28,2.0,11,14,39,3,6,,,,,,1.0,1.0,2.0,2.0,1.0,0.0,0.0,4.0,1.0,0.0,0.0,0.0,0.0,0.0,2.0,0.0,0.0,0.0,1.0,0.0,2.0,,,,,,,2.0,,,,,,,,,2,,,6.0,,,,,,,2,,,,,,,,,,,,,,,,1,2500.0,0.0,1.0,1.0,1.0,1.0,0.0,0.0,0.0,0.0,0.0,0.0,0.0,0.0,,0.0,0.0,0.0,0.0,0.0,0.0,1.0,0.0,0.0,0.0,0.0,0.0,0.0,,,,,,,,,,,,,,,,1799,1799.0,U,3,280,6368,Robo en calle (a transeúnte),En su vivienda,Mujer
16402,1405678.02,1405678.02.01,1405678.02.01.01,1405678.02.01.01.04.1,1405678,2,1,1,2,4,1,A,1,45,2.0,1,14,39,3,2,,,,,,2.0,,,,,,,,,,,,,,,,,,,,,,,,,,,,,,,,,,,,2,2.0,,4.0,,,,,,,2,,,,,,,,,,,,,,,,1,0.0,0.0,,,,,,,,,,,,,,0.0,0.0,0.0,0.0,0.0,0.0,0.0,0.0,0.0,0.0,0.0,0.0,1.0,2.0,,,,,,,,,,,,,,,1112,1112.0,U,4,281,6421,Robo en transporte público,En su vivienda,Hombre
16403,1404491.03,1404491.03.01,1404491.03.01.01,1404491.03.01.01.03.1,1404491,3,1,1,1,3,1,A,1,33,2.0,8,14,39,1,2,,,,,,2.0,,,,,,,,,,,,,,,,,,,,,,,,,,,,,,,,,,,,2,2.0,,4.0,,,,,,,2,,,,,,,,,,,,,,,,3,0.0,0.0,,,,,,,,,,,,,,,,,,,,,,,,,,,,,,,,,,,,,,,,,,836,836.0,U,3,280,6381,Robo en vivienda,En su vivienda,Hombre
16404,1402807.03,1402807.03.01,1402807.03.01.01,1402807.03.01.01.05.1,1402807,3,1,1,2,5,1,A,1,49,2.0,11,14,39,2,1,,,,,,1.0,1.0,1.0,2.0,1.0,0.0,0.0,8.0,1.0,0.0,0.0,0.0,0.0,0.0,2.0,1.0,0.0,0.0,0.0,0.0,1.0,1.0,0.0,0.0,0.0,0.0,2.0,2.0,,,,,,,,,2,,,4.0,,,,,,,2,,,,,,,,,,,,,,,,1,3500.0,500.0,,,,,,,,,,,,,,0.0,0.0,0.0,0.0,0.0,0.0,1.0,0.0,0.0,0.0,0.0,0.0,0.0,,,,,,,,,,,,,,,,4042,4042.0,U,3,280,6317,Robo en calle (a transeúnte),En su vivienda,Hombre
16405,1403886.02,1403886.02.01,1403886.02.01.01,1403886.02.01.01.02.1,1403886,2,1,1,1,2,1,A,2,41,2.0,1,14,39,9,1,,,,,,2.0,,,,,,,,,,,,,,,,,,,,,,,,,,,,,,,,,,,,2,2.0,,7.0,,,,,,,2,,,,,,,,,,,,,,,,3,9999999.0,0.0,,,,,,,,,,,,,,,,,,,,,,,,,,,,,,,,,,,,,,,,,,1145,1145.0,U,4,281,6411,Robo de accesorios de vehículo,En su vivienda,Mujer
16406,1402728.01,1402728.01.01,1402728.01.01.03,1402728.01.01.03.13.1,1402728,1,1,1,1,13,3,A,2,24,2.0,8,14,39,3,4,0.0,0.0,1.0,0.0,0.0,1.0,1.0,1.0,1.0,1.0,0.0,0.0,5.0,1.0,0.0,0.0,0.0,0.0,0.0,1.0,0.0,0.0,0.0,1.0,0.0,9.0,,,,,,,2.0,,,,,,,,,2,,,9.0,,,,,,,2,,,,,,,,,,,,,,,,3,0.0,0.0,0.0,1.0,0.0,1.0,0.0,1.0,1.0,0.0,1.0,0.0,0.0,0.0,,,,,,,,,,,,,,,,,,,,,,,,,,,,,2.0,3018,3018.0,U,2,279,6231,Delito sexual,En su vivienda,Mujer
16407,1404388.01,1404388.01.01,1404388.01.01.01,1404388.01.01.01.07.1,1404388,1,1,1,1,7,1,A,1,36,2.0,7,14,39,2,4,1.0,0.0,0.0,0.0,0.0,,,,,,,,,,,,,,,,,,,,,,,,,,,,,,,,,,,,,2,,,4.0,,,,,,,2,,,,,,,,,,,,,,,,1,2000.0,0.0,0.0,0.0,1.0,1.0,0.0,0.0,0.0,0.0,0.0,0.0,0.0,0.0,,,,,,,,,,,,,,,,4.0,,,,,,,,,,,,,,1851,1851.0,U,3,280,6363,Robo en banco/cajero,En su vivienda,Hombre
16409,1403338.01,1403338.01.01,1403338.01.01.02,1403338.01.01.02.10.1,1403338,1,1,1,1,10,2,A,1,47,2.0,2,14,39,3,2,1.0,0.0,0.0,0.0,0.0,2.0,,,,,,,,,,,,,,,,,,,,,,,,,,,,,,,,,,,,2,,,3.0,,,,,,,2,,,,,,,,,,,,,,,,3,0.0,0.0,1.0,1.0,1.0,1.0,1.0,1.0,1.0,1.0,1.0,0.0,0.0,0.0,,,,,,,,,,,,,,,,,,,,,,,,,,,,,,1656,1656.0,U,2,279,6275,Amenazas/intimidación,En su vivienda,Hombre
16410,1402807.03,1402807.03.01,1402807.03.01.01,1402807.03.01.01.02.2,1402807,3,1,2,3,2,1,A,1,49,2.0,6,14,39,4,1,,,,,,2.0,,,,,,,,,,,,,,,,,,,,,,,,,,,,,,,,,,,,2,2.0,,4.0,,,,,,,2,,,,,,,,,,,,,,,,1,2200.0,0.0,,,,,,,,,,,,,,,,,,,,,,,,,,,,,,,,,,,,,,,,,,1011,1011.0,U,3,280,6317,Robo de accesorios de vehículo,En su vivienda,Hombre
16411,1403423.01,1403423.01.01,1403423.01.01.03,1403423.01.01.03.01.1,1403423,1,1,1,1,1,3,A,1,28,2.0,1,14,39,4,1,,,,,,2.0,,,,,,,,,,,,,,,,,,,,,,,,,,,,,,,,,,,,2,2.0,,7.0,,,,,,,1,0.0,1.0,0.0,0.0,0.0,0.0,0.0,0.0,0.0,0.0,0.0,0.0,0.0,1.0,0.0,5,,,,,,,,,,,,,,,2.0,,,,,,,,,,,,,,,,,,,,,,,,,,,,,1127,1127.0,U,3,280,6294,Robo total de vehículo,En su vivienda,Hombre
16412,1402807.03,1402807.03.01,1402807.03.01.01,1402807.03.01.01.02.3,1402807,3,1,3,3,2,1,A,1,49,2.0,9,14,39,4,1,,,,,,2.0,,,,,,,,,,,,,,,,,,,,,,,,,,,,,,,,,,,,2,2.0,,4.0,,,,,,,2,,,,,,,,,,,,,,,,1,2000.0,0.0,,,,,,,,,,,,,,,,,,,,,,,,,,,,,,,,,,,,,,,,,,1011,1011.0,U,3,280,6317,Robo de accesorios de vehículo,En su vivienda,Hombre
16413,1405681.01,1405681.01.01,1405681.01.01.01,1405681.01.01.01.07.1,1405681,1,1,1,1,7,1,A,1,61,2.0,8,14,39,9,8,0.0,0.0,0.0,0.0,1.0,,,,,,,,,,,,,,,,,,,,,,,,,,,,,,,,,,,,,2,,,5.0,,,,,,,2,,,,,,,,,,,,,,,,1,15000.0,0.0,,,,,,,,,,,,,,,,,,,,,,,,,,,,4.0,,,,,,,,,,,,,,3529,3529.0,U,4,281,6477,Robo en banco/cajero,En su vivienda,Hombre
16414,1404432.03,1404432.03.01,1404432.03.01.02,1404432.03.01.02.02.1,1404432,3,1,1,1,2,2,A,2,51,2.0,6,14,39,2,1,,,,,,2.0,,,,,,,,,,,,,,,,,,,,,,,,,,,,,,,,,,,,2,2.0,,5.0,,,,,,,2,,,,,,,,,,,,,,,,1,15000.0,9999999.0,0.0,1.0,1.0,1.0,0.0,1.0,1.0,1.0,0.0,0.0,0.0,0.0,,,,,,,,,,,,,,,,,,,,,,,,,,,,,,1014,1014.0,U,3,280,6314,Robo de accesorios de vehículo,En su vivienda,Mujer
16416,1405378.02,1405378.02.01,1405378.02.01.03,1405378.02.01.03.01.1,1405378,2,1,1,1,1,3,A,1,35,2.0,3,14,39,4,1,,,,,,2.0,,,,,,,,,,,,,,,,,,,,,,,,,,,,,,,,,,,,1,,,,1.0,2.0,,3.0,1.0,2.0,1,0.0,1.0,0.0,0.0,0.0,0.0,0.0,0.0,0.0,1.0,0.0,0.0,0.0,0.0,0.0,1,50000.0,0.0,0.0,1.0,1.0,1.0,0.0,0.0,0.0,1.0,1.0,1.0,0.0,0.0,1.0,,,,,,,,,,,,,,,,,,,,,,,,,,,,,1115,1115.0,U,3,280,6296,Robo total de vehículo,En su vivienda,Hombre
16417,1403432.01,1403432.01.01,1403432.01.01.02,1403432.01.01.02.09.1,1403432,1,1,1,1,9,2,A,2,39,2.0,99,14,39,2,2,0.0,1.0,0.0,0.0,0.0,1.0,2.0,,,,,,,,,,,,,,,,,,,,,,,,,,,,,,,,,,,2,,,4.0,,,,,,,2,,,,,,,,,,,,,,,,5,,,0.0,0.0,0.0,0.0,0.0,0.0,0.0,0.0,0.0,0.0,1.0,0.0,,,,,,,,,,,,,,,,,3.0,,,,,1.0,0.0,0.0,3.0,,,,,1907,1907.0,U,3,280,6348,Extorsión,En su vivienda,Mujer
16418,1405681.04,1405681.04.01,1405681.04.01.01,1405681.04.01.01.04.2,1405681,4,1,2,2,4,1,A,1,65,2.0,3,14,39,3,2,,,,,,1.0,1.0,2.0,1.0,1.0,0.0,0.0,3.0,1.0,0.0,0.0,0.0,0.0,0.0,2.0,0.0,0.0,0.0,0.0,1.0,2.0,,,,,,,2.0,,,,,,,,,2,2.0,,6.0,,,,,,,2,,,,,,,,,,,,,,,,5,,,,,,,,,,,,,,,,0.0,0.0,0.0,0.0,0.0,0.0,0.0,0.0,0.0,0.0,0.0,1.0,0.0,1.0,,,,,,,,,,,,,,,882,882.0,U,4,281,6477,Robo en transporte público,En su vivienda,Hombre
16419,1405122.05,1405122.05.01,1405122.05.01.02,1405122.05.01.02.09.2,1405122,5,1,2,5,9,2,A,2,72,2.0,12,14,39,1,2,0.0,1.0,0.0,0.0,0.0,1.0,1.0,1.0,1.0,1.0,0.0,0.0,9.0,1.0,0.0,0.0,0.0,0.0,0.0,2.0,0.0,0.0,0.0,1.0,0.0,2.0,,,,,,,2.0,,,,,,,,,2,,,4.0,,,,,,,2,,,,,,,,,,,,,,,,3,0.0,0.0,,,,,,,,,,,,,,,,,,,,,,,,,,,,,1.0,,,,,1.0,0.0,0.0,3.0,,,,,3780,3780.0,U,3,280,6353,Extorsión,En su vivienda,Mujer
16420,1403423.01,1403423.01.01,1403423.01.01.03,1403423.01.01.03.05.1,1403423,1,1,1,1,5,3,A,1,28,2.0,1,14,39,3,6,,,,,,1.0,1.0,1.0,1.0,0.0,0.0,1.0,9.0,1.0,0.0,0.0,0.0,0.0,0.0,2.0,0.0,0.0,0.0,0.0,1.0,9.0,,,,,,,2.0,,,,,,,,,2,,,3.0,,,,,,,2,,,,,,,,,,,,,,,,1,6000.0,0.0,,,,,,,,,,,,,,0.0,0.0,0.0,0.0,0.0,0.0,0.0,0.0,1.0,0.0,0.0,0.0,0.0,,,,,,,,,,,,,,,,4508,4508.0,U,3,280,6294,Robo en calle (a transeúnte),En su vivienda,Hombre
16421,1415998.04,1415998.04.01,1415998.04.01.01,1415998.04.01.01.09.1,1415998,4,1,1,1,9,1,A,2,33,2.0,2,14,39,2,3,0.0,1.0,0.0,0.0,0.0,1.0,2.0,,,,,,,,,,,,,,,,,,,,,,,,,,,,,,,,,,,2,,,3.0,,,,,,,2,,,,,,,,,,,,,,,,5,,,0.0,0.0,0.0,1.0,0.0,0.0,0.0,0.0,1.0,0.0,0.0,0.0,,,,,,,,,,,,,,,,,3.0,,,,,1.0,0.0,0.0,3.0,,,,,1877,1877.0,U,4,281,6473,Extorsión,En su vivienda,Mujer
16422,1419455.02,1419455.02.01,1419455.02.01.01,1419455.02.01.01.05.1,1419455,2,1,1,2,5,1,A,2,51,2.0,9,14,39,2,6,,,,,,1.0,1.0,2.0,1.0,1.0,0.0,0.0,3.0,1.0,0.0,0.0,0.0,0.0,0.0,2.0,0.0,0.0,0.0,1.0,0.0,2.0,,,,,,,2.0,,,,,,,,,2,,,1.0,,,,,,,2,,,,,,,,,,,,,,,,2,2000.0,1500.0,,,,,,,,,,,,,,0.0,0.0,0.0,0.0,0.0,1.0,0.0,0.0,0.0,0.0,0.0,0.0,0.0,,,,,,,,,,,,,,,,2965,2965.0,U,2,285,6508,Robo en calle (a transeúnte),En su vivienda,Mujer
16423,1403898.03,1403898.03.01,1403898.03.01.01,1403898.03.01.01.05.2,1403898,3,1,2,2,5,1,A,1,36,2.0,8,14,39,1,6,,,,,,1.0,1.0,1.0,1.0,1.0,0.0,0.0,5.0,1.0,0.0,0.0,0.0,0.0,0.0,2.0,0.0,0.0,0.0,1.0,0.0,1.0,1.0,0.0,0.0,0.0,0.0,2.0,2.0,,,,,,,,,2,,,5.0,,,,,,,2,,,,,,,,,,,,,,,,1,10000.0,0.0,1.0,0.0,0.0,0.0,0.0,1.0,0.0,0.0,0.0,0.0,0.0,0.0,,0.0,0.0,0.0,0.0,1.0,0.0,1.0,1.0,1.0,0.0,0.0,0.0,0.0,,,,,,,,,,,,,,,,1070,1070.0,U,4,281,6441,Robo en calle (a transeúnte),En su vivienda,Hombre
16424,1402567.02,1402567.02.01,1402567.02.01.04,1402567.02.01.04.02.1,1402567,2,1,1,1,2,4,A,2,19,2.0,6,14,39,4,1,,,,,,2.0,,,,,,,,,,,,,,,,,,,,,,,,,,,,,,,,,,,,2,2.0,,4.0,,,,,,,2,,,,,,,,,,,,,,,,1,2000.0,0.0,0.0,1.0,1.0,0.0,0.0,0.0,0.0,0.0,1.0,0.0,0.0,0.0,,,,,,,,,,,,,,,,,,,,,,,,,,,,,,954,954.0,U,3,280,6345,Robo de accesorios de vehículo,En su vivienda,Mujer
16426,1403960.03,1403960.03.01,1403960.03.01.03,1403960.03.01.03.05.1,1403960,3,1,1,1,5,3,A,1,18,2.0,12,14,39,3,6,,,,,,1.0,1.0,2.0,1.0,1.0,0.0,0.0,4.0,1.0,0.0,0.0,0.0,0.0,0.0,2.0,0.0,0.0,0.0,1.0,0.0,2.0,,,,,,,2.0,,,,,,,,,2,,,3.0,,,,,,,2,,,,,,,,,,,,,,,,5,,,1.0,0.0,1.0,0.0,1.0,1.0,1.0,1.0,0.0,0.0,0.0,0.0,,0.0,0.0,0.0,0.0,0.0,0.0,0.0,0.0,0.0,0.0,0.0,1.0,0.0,,,,,,,,,,,,,,,,2885,2885.0,U,3,280,6339,Robo en calle (a transeúnte),En su vivienda,Hombre
16427,1402567.04,1402567.04.01,1402567.04.01.01,1402567.04.01.01.03.1,1402567,4,1,1,1,3,1,A,1,58,2.0,4,14,39,4,2,,,,,,2.0,,,,,,,,,,,,,,,,,,,,,,,,,,,,,,,,,,,,2,2.0,,6.0,,,,,,,2,,,,,,,,,,,,,,,,1,300.0,0.0,,,,,,,,,,,,,,,,,,,,,,,,,,,,,,,,,,,,,,,,,,954,954.0,U,3,280,6345,Robo en vivienda,En su vivienda,Hombre
16428,1404388.05,1404388.05.01,1404388.05.01.03,1404388.05.01.03.10.1,1404388,5,1,1,1,10,3,A,1,18,2.0,10,14,39,4,2,1.0,0.0,0.0,0.0,0.0,1.0,1.0,1.0,1.0,0.0,0.0,1.0,9.0,1.0,0.0,0.0,0.0,0.0,0.0,2.0,0.0,0.0,0.0,0.0,1.0,2.0,,,,,,,2.0,,,,,,,,,2,,,4.0,,,,,,,2,,,,,,,,,,,,,,,,3,0.0,0.0,0.0,0.0,0.0,1.0,0.0,1.0,0.0,0.0,1.0,0.0,0.0,0.0,,,,,,,,,,,,,,,,,,,,,,,,,,,,,,2777,2777.0,U,3,280,6363,Amenazas/intimidación,En su vivienda,Hombre
16429,1405453.01,1405453.01.01,1405453.01.01.02,1405453.01.01.02.02.1,1405453,1,1,1,1,2,2,A,2,44,2.0,6,14,39,3,1,,,,,,2.0,,,,,,,,,,,,,,,,,,,,,,,,,,,,,,,,,,,,2,2.0,,4.0,,,,,,,2,,,,,,,,,,,,,,,,1,2500.0,0.0,0.0,0.0,1.0,1.0,0.0,0.0,0.0,1.0,1.0,0.0,0.0,0.0,,,,,,,,,,,,,,,,,,,,,,,,,,,,,,1079,1079.0,U,4,281,6436,Robo de accesorios de vehículo,En su vivienda,Mujer
16430,1404392.02,1404392.02.01,1404392.02.01.01,1404392.02.01.01.09.1,1404392,2,1,1,1,9,1,A,2,53,2.0,6,14,39,2,2,0.0,1.0,0.0,0.0,0.0,1.0,1.0,1.0,1.0,1.0,0.0,0.0,6.0,1.0,0.0,0.0,0.0,0.0,0.0,2.0,0.0,0.0,0.0,0.0,1.0,2.0,,,,,,,2.0,,,,,,,,,2,,,4.0,,,,,,,2,,,,,,,,,,,,,,,,3,0.0,0.0,1.0,1.0,1.0,1.0,1.0,1.0,1.0,1.0,1.0,0.0,0.0,0.0,,,,,,,,,,,,,,,,,3.0,,,,,1.0,0.0,0.0,3.0,,,,,961,961.0,U,3,280,6343,Extorsión,En su vivienda,Mujer
16431,1403454.03,1403454.03.01,1403454.03.01.01,1403454.03.01.01.08.1,1403454,3,1,1,1,8,1,A,1,39,2.0,8,14,39,3,2,1.0,0.0,0.0,0.0,0.0,,,,,,,,,,,,,,,,,,,,,,,,,,,,,,,,,,,,,2,,,6.0,,,,,,,2,,,,,,,,,,,,,,,,1,30000.0,0.0,1.0,1.0,1.0,1.0,1.0,1.0,1.0,1.0,1.0,0.0,0.0,0.0,,,,,,,,,,,,,,,,1.0,,,,,,,,,,,,,,1935,1935.0,U,4,281,6467,Fraude bancario,En su vivienda,Hombre
16433,1402659.01,1402659.01.01,1402659.01.01.03,1402659.01.01.03.04.1,1402659,1,1,1,1,4,3,A,2,30,2.0,1,14,39,4,2,,,,,,2.0,,,,,,,,,,,,,,,,,,,,,,,,,,,,,,,,,,,,2,2.0,,6.0,,,,,,,2,,,,,,,,,,,,,,,,1,8000.0,0.0,,,,,,,,,,,,,,0.0,1.0,1.0,0.0,0.0,0.0,0.0,0.0,0.0,0.0,0.0,0.0,0.0,2.0,,,,,,,,,,,,,,,804,804.0,U,3,280,6382,Robo en transporte público,En su vivienda,Mujer
16434,1405568.01,1405568.01.01,1405568.01.01.02,1405568.01.01.02.03.1,1405568,1,1,1,1,3,2,A,2,63,2.0,4,14,39,3,1,,,,,,2.0,,,,,,,,,,,,,,,,,,,,,,,,,,,,,,,,,,,,2,2.0,,4.0,,,,,,,2,,,,,,,,,,,,,,,,1,900.0,0.0,,,,,,,,,,,,,,,,,,,,,,,,,,,,,,,,,,,,,,,,,,961,961.0,U,3,280,6341,Robo en vivienda,En su vivienda,Mujer
16435,1402567.04,1402567.04.01,1402567.04.01.01,1402567.04.01.01.04.1,1402567,4,1,1,1,4,1,A,1,58,2.0,8,14,39,2,2,,,,,,2.0,,,,,,,,,,,,,,,,,,,,,,,,,,,,,,,,,,,,2,2.0,,6.0,,,,,,,2,,,,,,,,,,,,,,,,1,100000.0,0.0,,,,,,,,,,,,,,0.0,1.0,1.0,1.0,0.0,1.0,1.0,1.0,0.0,0.0,0.0,0.0,0.0,2.0,,,,,,,,,,,,,,,954,954.0,U,3,280,6345,Robo en transporte público,En su vivienda,Hombre
16436,1403338.03,1403338.03.01,1403338.03.01.03,1403338.03.01.03.02.1,1403338,3,1,1,1,2,3,A,1,23,2.0,5,14,39,1,1,,,,,,2.0,,,,,,,,,,,,,,,,,,,,,,,,,,,,,,,,,,,,2,2.0,,6.0,,,,,,,2,,,,,,,,,,,,,,,,1,170000.0,0.0,,,,,,,,,,,,,,,,,,,,,,,,,,,,,,,,,,,,,,,,,,828,828.0,U,2,279,6275,Robo de accesorios de vehículo,En su vivienda,Hombre
16437,1403338.03,1403338.03.01,1403338.03.01.03,1403338.03.01.03.01.2,1403338,3,1,2,2,1,3,A,1,23,2.0,7,14,39,3,1,,,,,,1.0,1.0,1.0,3.0,1.0,0.0,0.0,2.0,1.0,0.0,0.0,0.0,0.0,0.0,1.0,0.0,0.0,0.0,1.0,0.0,1.0,1.0,0.0,0.0,0.0,0.0,2.0,1.0,0.0,1.0,0.0,0.0,0.0,0.0,0.0,1.0,2,2.0,,6.0,,,,,,,2,,,,,,,,,,,,,,,,2,20000.0,8000.0,,,,,,,,,,,,,1.0,,,,,,,,,,,,,,,,,,,,,,,,,,,,,828,828.0,U,2,279,6275,Robo total de vehículo,En su vivienda,Hombre
16438,1418290.01,1418290.01.01,1418290.01.01.02,1418290.01.01.02.07.1,1418290,1,1,1,1,7,2,A,2,33,2.0,12,14,39,2,2,0.0,1.0,0.0,0.0,0.0,,,,,,,,,,,,,,,,,,,,,,,,,,,,,,,,,,,,,2,,,4.0,,,,,,,2,,,,,,,,,,,,,,,,1,25000.0,0.0,0.0,0.0,0.0,0.0,0.0,0.0,0.0,1.0,0.0,0.0,0.0,0.0,,,,,,,,,,,,,,,,4.0,,,,,,,,,,,,,,2170,2170.0,U,4,281,6434,Robo en banco/cajero,En su vivienda,Mujer
16439,1403700.01,1403700.01.01,1403700.01.01.02,1403700.01.01.02.07.1,1403700,1,1,1,1,7,2,A,2,36,2.0,5,14,39,2,9,1.0,0.0,0.0,0.0,0.0,,,,,,,,,,,,,,,,,,,,,,,,,,,,,,,,,,,,,2,,,4.0,,,,,,,2,,,,,,,,,,,,,,,,1,20000.0,0.0,,,,,,,,,,,,,,,,,,,,,,,,,,,,4.0,,,,,,,,,,,,,,2265,2265.0,U,4,281,6414,Robo en banco/cajero,En su vivienda,Mujer
16440,1411417.02,1411417.02.02,1411417.02.02.01,1411417.02.02.01.05.1,1411417,2,2,1,1,5,1,A,1,20,2.0,5,14,39,2,1,,,,,,1.0,1.0,1.0,1.0,1.0,0.0,0.0,4.0,1.0,0.0,0.0,0.0,0.0,0.0,1.0,0.0,0.0,0.0,1.0,0.0,1.0,1.0,0.0,0.0,0.0,0.0,2.0,2.0,,,,,,,,,1,,,,2.0,,4.0,1.0,3.0,4.0,2,,,,,,,,,,0.0,0.0,0.0,0.0,1.0,0.0,1,8000.0,0.0,0.0,1.0,0.0,1.0,0.0,0.0,0.0,0.0,0.0,0.0,0.0,0.0,,0.0,0.0,0.0,0.0,0.0,0.0,0.0,0.0,1.0,0.0,0.0,0.0,0.0,,,,,,,,,,,,,,,,1265,1265.0,U,2,279,6205,Robo en calle (a transeúnte),En su vivienda,Hombre
16442,1404011.05,1404011.05.01,1404011.05.01.01,1404011.05.01.01.05.1,1404011,5,1,1,1,5,1,A,1,32,2.0,10,14,39,4,5,,,,,,1.0,1.0,1.0,4.0,1.0,0.0,0.0,3.0,1.0,0.0,0.0,0.0,0.0,0.0,2.0,0.0,0.0,0.0,1.0,0.0,1.0,1.0,0.0,0.0,1.0,0.0,2.0,1.0,1.0,0.0,0.0,0.0,0.0,0.0,0.0,0.0,2,,,6.0,,,,,,,1,0.0,0.0,0.0,0.0,0.0,0.0,0.0,1.0,0.0,1.0,0.0,0.0,0.0,0.0,0.0,3,2000.0,0.0,0.0,1.0,1.0,1.0,0.0,0.0,1.0,0.0,1.0,0.0,0.0,0.0,,0.0,0.0,0.0,0.0,0.0,0.0,0.0,0.0,1.0,0.0,0.0,0.0,0.0,,,,,,,,,,,,,,,,1112,1112.0,U,4,281,6420,Robo en calle (a transeúnte),En su vivienda,Hombre
16443,1404079.01,1404079.01.01,1404079.01.01.01,1404079.01.01.01.04.1,1404079,1,1,1,1,4,1,A,2,57,2.0,7,14,39,2,2,,,,,,2.0,,,,,,,,,,,,,,,,,,,,,,,,,,,,,,,,,,,,1,,,,1.0,2.0,,3.0,3.0,1.0,2,,,,,,,,,,1.0,0.0,0.0,0.0,0.0,0.0,1,50000.0,0.0,1.0,1.0,0.0,0.0,0.0,0.0,0.0,0.0,0.0,0.0,0.0,0.0,,0.0,0.0,1.0,0.0,0.0,1.0,1.0,0.0,1.0,0.0,0.0,0.0,0.0,2.0,,,,,,,,,,,,,,,777,777.0,U,3,280,6384,Robo en transporte público,En su vivienda,Mujer
16444,1404388.02,1404388.02.01,1404388.02.01.02,1404388.02.01.02.04.1,1404388,2,1,1,1,4,2,A,1,80,2.0,12,14,39,3,2,,,,,,2.0,,,,,,,,,,,,,,,,,,,,,,,,,,,,,,,,,,,,2,9.0,,7.0,,,,,,,2,,,,,,,,,,,,,,,,1,9999999.0,0.0,0.0,0.0,1.0,0.0,0.0,1.0,1.0,0.0,0.0,0.0,0.0,0.0,,0.0,0.0,0.0,0.0,0.0,1.0,0.0,0.0,1.0,0.0,0.0,0.0,0.0,9.0,,,,,,,,,,,,,,,926,926.0,U,3,280,6363,Robo en transporte público,En su vivienda,Hombre
16445,1403454.05,1403454.05.01,1403454.05.01.01,1403454.05.01.01.08.1,1403454,5,1,1,1,8,1,A,2,39,2.0,7,14,39,2,2,1.0,0.0,0.0,0.0,0.0,,,,,,,,,,,,,,,,,,,,,,,,,,,,,,,,,,,,,2,,,7.0,,,,,,,2,,,,,,,,,,,,,,,,1,1800.0,0.0,1.0,1.0,1.0,1.0,1.0,1.0,1.0,1.0,1.0,0.0,0.0,0.0,,,,,,,,,,,,,,,,1.0,,,,,,,,,,,,,,968,968.0,U,4,281,6467,Fraude bancario,En su vivienda,Mujer
16446,1405517.02,1405517.02.01,1405517.02.01.01,1405517.02.01.01.09.1,1405517,2,1,1,1,9,1,A,1,42,2.0,3,14,39,2,1,0.0,1.0,0.0,0.0,0.0,2.0,,,,,,,,,,,,,,,,,,,,,,,,,,,,,,,,,,,,2,,,7.0,,,,,,,1,0.0,1.0,0.0,0.0,0.0,0.0,0.0,0.0,0.0,0.0,0.0,0.0,0.0,1.0,0.0,3,0.0,0.0,,,,,,,,,,,,,,,,,,,,,,,,,,,,,3.0,,,,,1.0,0.0,0.0,3.0,,,,,1200,1200.0,U,2,279,6208,Extorsión,En su vivienda,Hombre
16448,1419455.01,1419455.01.01,1419455.01.01.01,1419455.01.01.01.07.1,1419455,1,1,1,1,7,1,A,1,44,2.0,12,14,39,2,3,1.0,0.0,0.0,0.0,0.0,,,,,,,,,,,,,,,,,,,,,,,,,,,,,,,,,,,,,2,,,4.0,,,,,,,2,,,,,,,,,,,,,,,,1,2300.0,0.0,0.0,0.0,1.0,1.0,0.0,0.0,0.0,1.0,0.0,0.0,0.0,0.0,,,,,,,,,,,,,,,,4.0,,,,,,,,,,,,,,1483,1483.0,U,2,285,6508,Robo en banco/cajero,En su vivienda,Hombre
16449,1405514.01,1405514.01.01,1405514.01.01.04,1405514.01.01.04.10.1,1405514,1,1,1,1,10,4,A,2,24,2.0,5,14,39,3,1,0.0,0.0,1.0,0.0,0.0,1.0,1.0,2.0,1.0,1.0,0.0,0.0,7.0,0.0,0.0,0.0,0.0,1.0,0.0,,1.0,0.0,0.0,0.0,0.0,2.0,,,,,,,2.0,,,,,,,,,1,,,,1.0,2.0,,3.0,3.0,2.0,2,,,,,,,,,,0.0,0.0,0.0,0.0,1.0,0.0,3,0.0,0.0,1.0,1.0,1.0,1.0,1.0,1.0,1.0,1.0,1.0,0.0,0.0,0.0,,,,,,,,,,,,,,,,,,,,,,,,,,,,,,3260,3260.0,U,2,279,6279,Amenazas/intimidación,En su vivienda,Mujer
16450,1403960.02,1403960.02.01,1403960.02.01.04,1403960.02.01.04.03.1,1403960,2,1,1,1,3,4,A,2,25,2.0,2,14,39,4,1,,,,,,1.0,1.0,1.0,9.0,0.0,0.0,1.0,8.0,0.0,0.0,0.0,0.0,0.0,1.0,,0.0,0.0,0.0,0.0,1.0,9.0,,,,,,,2.0,,,,,,,,,2,2.0,,5.0,,,,,,,2,,,,,,,,,,,,,,,,1,0.0,0.0,,,,,,,,,,,,,,,,,,,,,,,,,,,,,,,,,,,,,,,,,,962,962.0,U,3,280,6339,Robo en vivienda,En su vivienda,Mujer
16451,1403898.03,1403898.03.01,1403898.03.01.01,1403898.03.01.01.02.1,1403898,3,1,1,1,2,1,A,1,36,2.0,10,14,39,3,1,,,,,,1.0,2.0,,,,,,,,,,,,,,,,,,,,,,,,,,,,,,,,,,,2,2.0,,1.0,,,,,,,2,,,,,,,,,,,,,,,,1,9999999.0,0.0,,,,,,,,,,,,,,,,,,,,,,,,,,,,,,,,,,,,,,,,,,1070,1070.0,U,4,281,6441,Robo de accesorios de vehículo,En su vivienda,Hombre
16452,1403086.04,1403086.04.01,1403086.04.01.02,1403086.04.01.02.05.1,1403086,4,1,1,1,5,2,A,2,62,2.0,1,14,39,2,1,,,,,,1.0,1.0,2.0,2.0,1.0,0.0,0.0,4.0,1.0,0.0,0.0,0.0,0.0,0.0,2.0,0.0,0.0,0.0,1.0,0.0,2.0,,,,,,,2.0,,,,,,,,,2,,,5.0,,,,,,,2,,,,,,,,,,,,,,,,1,2000.0,0.0,0.0,0.0,0.0,0.0,0.0,0.0,0.0,0.0,0.0,1.0,0.0,0.0,,0.0,0.0,0.0,0.0,0.0,0.0,1.0,0.0,0.0,0.0,0.0,0.0,0.0,,,,,,,,,,,,,,,,2067,2067.0,U,3,280,6306,Robo en calle (a transeúnte),En su vivienda,Mujer
16453,1405681.01,1405681.01.01,1405681.01.01.01,1405681.01.01.01.03.1,1405681,1,1,1,1,3,1,A,1,61,2.0,7,14,39,9,2,,,,,,2.0,,,,,,,,,,,,,,,,,,,,,,,,,,,,,,,,,,,,2,2.0,,5.0,,,,,,,2,,,,,,,,,,,,,,,,1,2000.0,0.0,,,,,,,,,,,,,,,,,,,,,,,,,,,,,,,,,,,,,,,,,,882,882.0,U,4,281,6477,Robo en vivienda,En su vivienda,Hombre
16454,1405678.02,1405678.02.01,1405678.02.01.01,1405678.02.01.01.08.2,1405678,2,1,2,2,8,1,A,1,45,2.0,4,14,39,3,2,1.0,0.0,0.0,0.0,0.0,,,,,,,,,,,,,,,,,,,,,,,,,,,,,,,,,,,,,2,,,6.0,,,,,,,2,,,,,,,,,,,,,,,,1,6000.0,0.0,0.0,1.0,0.0,0.0,0.0,0.0,0.0,0.0,1.0,0.0,0.0,0.0,,,,,,,,,,,,,,,,1.0,,,,,,,,,,,,,,1112,1112.0,U,4,281,6421,Fraude bancario,En su vivienda,Hombre
16455,1419273.01,1419273.01.01,1419273.01.01.01,1419273.01.01.01.05.1,1419273,1,1,1,1,5,1,A,2,40,2.0,11,14,39,1,1,,,,,,1.0,1.0,2.0,1.0,1.0,0.0,0.0,3.0,1.0,0.0,0.0,0.0,0.0,0.0,2.0,0.0,0.0,0.0,1.0,0.0,2.0,,,,,,,2.0,,,,,,,,,1,,,,1.0,6.0,,3.0,2.0,2.0,1,0.0,1.0,0.0,0.0,0.0,0.0,0.0,0.0,0.0,0.0,0.0,0.0,0.0,1.0,0.0,1,12000.0,0.0,,,,,,,,,,,,,,0.0,0.0,0.0,0.0,1.0,0.0,1.0,0.0,1.0,0.0,0.0,0.0,0.0,,,,,,,,,,,,,,,,1110,1110.0,C,2,297,6565,Robo en calle (a transeúnte),En su vivienda,Mujer
16456,1403475.03,1403475.03.01,1403475.03.01.02,1403475.03.01.02.05.1,1403475,3,1,1,1,5,2,A,2,32,2.0,10,14,39,2,5,,,,,,1.0,1.0,2.0,9.0,0.0,0.0,1.0,9.0,0.0,0.0,0.0,0.0,0.0,1.0,,0.0,0.0,0.0,0.0,1.0,9.0,,,,,,,9.0,,,,,,,,,2,,,3.0,,,,,,,2,,,,,,,,,,,,,,,,1,200.0,0.0,1.0,1.0,1.0,1.0,0.0,1.0,1.0,1.0,0.0,0.0,0.0,0.0,,0.0,0.0,0.0,0.0,1.0,0.0,0.0,0.0,0.0,0.0,0.0,0.0,0.0,,,,,,,,,,,,,,,,2922,2922.0,U,3,280,6334,Robo en calle (a transeúnte),En su vivienda,Mujer
16457,1405531.01,1405531.01.01,1405531.01.01.02,1405531.01.01.02.02.1,1405531,1,1,1,1,2,2,A,2,63,2.0,2,14,39,2,8,,,,,,2.0,,,,,,,,,,,,,,,,,,,,,,,,,,,,,,,,,,,,2,2.0,,4.0,,,,,,,1,0.0,1.0,0.0,0.0,0.0,0.0,0.0,0.0,0.0,0.0,0.0,0.0,0.0,1.0,0.0,1,5000.0,0.0,0.0,0.0,1.0,1.0,0.0,0.0,0.0,1.0,1.0,0.0,0.0,0.0,,,,,,,,,,,,,,,,,,,,,,,,,,,,,,959,959.0,U,2,279,6248,Robo de accesorios de vehículo,En su vivienda,Mujer
16458,1402571.05,1402571.05.01,1402571.05.01.02,1402571.05.01.02.09.1,1402571,5,1,1,3,9,2,A,1,23,2.0,12,14,39,2,8,0.0,1.0,0.0,0.0,0.0,1.0,2.0,,,,,,,,,,,,,,,,,,,,,,,,,,,,,,,,,,,2,,,1.0,,,,,,,2,,,,,,,,,,,,,,,,5,,,,,,,,,,,,,,,,,,,,,,,,,,,,,,,3.0,,,,,0.0,0.0,1.0,,,,,,1523,1523.0,U,3,280,6385,Extorsión,En su vivienda,Hombre
16459,1404432.04,1404432.04.01,1404432.04.01.04,1404432.04.01.04.04.1,1404432,4,1,1,1,4,4,A,2,24,2.0,11,14,39,4,2,,,,,,1.0,1.0,1.0,5.0,1.0,0.0,0.0,3.0,1.0,0.0,0.0,0.0,0.0,0.0,2.0,1.0,0.0,0.0,0.0,0.0,1.0,1.0,0.0,0.0,0.0,0.0,2.0,1.0,1.0,0.0,0.0,0.0,0.0,0.0,0.0,0.0,1,,,,1.0,6.0,,4.0,4.0,4.0,2,,,,,,,,,,1.0,0.0,0.0,0.0,0.0,0.0,1,30000.0,4000.0,1.0,1.0,1.0,1.0,1.0,1.0,1.0,1.0,1.0,0.0,0.0,0.0,,0.0,0.0,0.0,0.0,0.0,0.0,1.0,0.0,0.0,0.0,0.0,0.0,0.0,1.0,,,,,,,,,,,,,,,1014,1014.0,U,3,280,6314,Robo en transporte público,En su vivienda,Mujer
16460,1412228.11,1412228.11.01,1412228.11.01.02,1412228.11.01.02.05.1,1412228,11,1,1,1,5,2,A,2,67,2.0,2,14,39,2,1,,,,,,1.0,1.0,2.0,2.0,1.0,0.0,0.0,3.0,1.0,0.0,0.0,0.0,0.0,0.0,2.0,1.0,0.0,0.0,0.0,0.0,2.0,,,,,,,2.0,,,,,,,,,2,,,1.0,,,,,,,2,,,,,,,,,,,,,,,,3,600.0,0.0,1.0,1.0,1.0,1.0,1.0,1.0,0.0,0.0,1.0,0.0,0.0,0.0,,0.0,0.0,0.0,0.0,0.0,0.0,1.0,0.0,0.0,0.0,0.0,0.0,0.0,,,,,,,,,,,,,,,,2712,2712.0,C,2,299,6580,Robo en calle (a transeúnte),En su vivienda,Mujer
16462,1402571.03,1402571.03.01,1402571.03.01.02,1402571.03.01.02.10.1,1402571,3,1,1,1,10,2,A,2,45,2.0,11,14,39,1,3,0.0,1.0,0.0,0.0,0.0,1.0,2.0,,,,,,,,,,,,,,,,,,,,,,,,,,,,,,,,,,,2,,,2.0,,,,,,,2,,,,,,,,,,,,,,,,3,0.0,0.0,1.0,1.0,1.0,1.0,1.0,1.0,1.0,1.0,1.0,0.0,0.0,0.0,,,,,,,,,,,,,,,,,,,,,,,,,,,,,,1523,1523.0,U,3,280,6385,Amenazas/intimidación,En su vivienda,Mujer
16463,1404900.01,1404900.01.01,1404900.01.01.01,1404900.01.01.01.05.1,1404900,1,1,1,1,5,1,A,2,41,2.0,5,14,39,1,1,,,,,,1.0,1.0,2.0,2.0,1.0,0.0,0.0,8.0,1.0,0.0,0.0,0.0,0.0,0.0,1.0,0.0,0.0,0.0,0.0,1.0,1.0,1.0,0.0,0.0,0.0,0.0,2.0,2.0,,,,,,,,,2,,,8.0,,,,,,,2,,,,,,,,,,,,,,,,1,15000.0,0.0,0.0,0.0,1.0,1.0,0.0,0.0,0.0,0.0,0.0,0.0,0.0,0.0,,0.0,0.0,0.0,0.0,0.0,0.0,1.0,0.0,1.0,0.0,0.0,0.0,0.0,,,,,,,,,,,,,,,,1523,1523.0,U,2,279,6285,Robo en calle (a transeúnte),En su vivienda,Mujer
16464,1405460.03,1405460.03.01,1405460.03.01.01,1405460.03.01.01.13.1,1405460,3,1,1,1,13,1,A,2,24,2.0,9,14,39,2,1,0.0,0.0,1.0,0.0,0.0,1.0,1.0,2.0,1.0,1.0,0.0,0.0,4.0,0.0,0.0,1.0,0.0,0.0,0.0,,0.0,0.0,0.0,1.0,0.0,2.0,,,,,,,2.0,,,,,,,,,2,,,4.0,,,,,,,2,,,,,,,,,,,,,,,,3,0.0,0.0,1.0,0.0,1.0,1.0,0.0,0.0,0.0,0.0,1.0,0.0,0.0,0.0,,,,,,,,,,,,,,,,,,,,,,,,,,,,,2.0,869,869.0,U,3,280,6374,Delito sexual,En su vivienda,Mujer
16465,1405027.01,1405027.01.01,1405027.01.01.01,1405027.01.01.01.03.1,1405027,1,1,1,1,3,1,A,1,42,2.0,11,14,39,1,2,,,,,,2.0,,,,,,,,,,,,,,,,,,,,,,,,,,,,,,,,,,,,2,2.0,,4.0,,,,,,,2,,,,,,,,,,,,,,,,5,,,0.0,0.0,0.0,0.0,0.0,0.0,0.0,1.0,0.0,0.0,0.0,0.0,,,,,,,,,,,,,,,,,,,,,,,,,,,,,,921,921.0,U,4,281,6475,Robo en vivienda,En su vivienda,Hombre
16467,1411174.18,1411174.18.01,1411174.18.01.03,1411174.18.01.03.02.1,1411174,18,1,1,2,2,3,A,2,35,2.0,6,14,39,4,5,,,,,,2.0,,,,,,,,,,,,,,,,,,,,,,,,,,,,,,,,,,,,1,,,,1.0,9.0,,4.0,5.0,1.0,2,,,,,,,,,,1.0,0.0,0.0,0.0,0.0,0.0,3,50000.0,300.0,,,,,,,,,,,,,,,,,,,,,,,,,,,,,,,,,,,,,,,,,,1219,1219.0,C,3,300,6588,Robo de accesorios de vehículo,En su vivienda,Mujer
16469,1414007.05,1414007.05.01,1414007.05.01.02,1414007.05.01.02.05.2,1414007,5,1,2,2,5,2,A,1,21,2.0,4,14,39,2,4,,,,,,1.0,1.0,1.0,1.0,1.0,0.0,0.0,5.0,1.0,0.0,0.0,0.0,0.0,0.0,2.0,0.0,0.0,0.0,1.0,0.0,2.0,,,,,,,2.0,,,,,,,,,2,,,7.0,,,,,,,1,0.0,1.0,0.0,0.0,0.0,0.0,0.0,0.0,0.0,0.0,0.0,0.0,0.0,1.0,0.0,3,70.0,0.0,,,,,,,,,,,,,,0.0,0.0,0.0,0.0,0.0,0.0,0.0,0.0,0.0,0.0,0.0,1.0,0.0,,,,,,,,,,,,,,,,1650,1650.0,U,3,286,6513,Robo en calle (a transeúnte),En su vivienda,Hombre
16470,1403454.03,1403454.03.01,1403454.03.01.01,1403454.03.01.01.07.1,1403454,3,1,1,1,7,1,A,1,39,2.0,8,14,39,3,2,1.0,0.0,0.0,0.0,0.0,,,,,,,,,,,,,,,,,,,,,,,,,,,,,,,,,,,,,2,,,3.0,,,,,,,2,,,,,,,,,,,,,,,,1,30000.0,0.0,,,,,,,,,,,,,,,,,,,,,,,,,,,,4.0,,,,,,,,,,,,,,1935,1935.0,U,4,281,6467,Robo en banco/cajero,En su vivienda,Hombre
16471,1402567.04,1402567.04.01,1402567.04.01.01,1402567.04.01.01.11.1,1402567,4,1,1,1,11,1,A,1,58,2.0,4,14,39,2,1,,,,,,1.0,1.0,2.0,1.0,1.0,0.0,0.0,6.0,1.0,0.0,0.0,0.0,0.0,0.0,1.0,1.0,0.0,0.0,0.0,0.0,1.0,0.0,1.0,0.0,0.0,0.0,2.0,1.0,1.0,0.0,0.0,0.0,0.0,0.0,0.0,0.0,2,,,6.0,,,,,,,2,,,,,,,,,,,,,,,,1,1000.0,0.0,0.0,0.0,0.0,0.0,0.0,0.0,0.0,0.0,1.0,0.0,0.0,0.0,,,,,,,,,,,,,,,,,,,,,,,,,,,,,,1907,1907.0,U,3,280,6345,Lesiones,En su vivienda,Hombre
16472,1410660.01,1410660.01.01,1410660.01.01.01,1410660.01.01.01.05.1,1410660,1,1,1,1,5,1,A,1,23,2.0,6,14,39,3,1,,,,,,1.0,1.0,2.0,2.0,1.0,0.0,0.0,4.0,1.0,0.0,0.0,0.0,0.0,0.0,2.0,0.0,0.0,0.0,1.0,0.0,1.0,1.0,0.0,0.0,0.0,0.0,2.0,2.0,,,,,,,,,2,,,4.0,,,,,,,2,,,,,,,,,,,,,,,,1,15000.0,0.0,,,,,,,,,,,,,,0.0,0.0,0.0,0.0,1.0,0.0,1.0,0.0,1.0,0.0,0.0,0.0,0.0,,,,,,,,,,,,,,,,763,763.0,U,3,286,6514,Robo en calle (a transeúnte),En su vivienda,Hombre
16473,1417356.04,1417356.04.01,1417356.04.01.01,1417356.04.01.01.06.1,1417356,4,1,1,1,6,1,A,1,49,2.0,3,14,39,2,1,,,,,,2.0,,,,,,,,,,,,,,,,,,,,,,,,,,,,,,,,,,,,2,,,6.0,,,,,,,2,,,,,,,,,,,,,,,,1,200.0,0.0,,,,,,,,,,,,,,0.0,0.0,0.0,0.0,0.0,0.0,1.0,0.0,0.0,0.0,0.0,0.0,0.0,,,,,,,,,,,,,,,,2211,2211.0,U,4,281,6423,Robo en negocio,En su vivienda,Hombre
16474,1405568.01,1405568.01.01,1405568.01.01.02,1405568.01.01.02.04.1,1405568,1,1,1,1,4,2,A,2,63,2.0,2,14,39,3,2,,,,,,2.0,,,,,,,,,,,,,,,,,,,,,,,,,,,,,,,,,,,,2,2.0,,5.0,,,,,,,2,,,,,,,,,,,,,,,,1,30000.0,0.0,0.0,0.0,0.0,0.0,0.0,0.0,0.0,1.0,1.0,0.0,0.0,0.0,,0.0,0.0,0.0,0.0,0.0,0.0,1.0,0.0,1.0,0.0,0.0,0.0,0.0,2.0,,,,,,,,,,,,,,,961,961.0,U,3,280,6341,Robo en transporte público,En su vivienda,Mujer
16476,1406439.16,1406439.16.01,1406439.16.01.01,1406439.16.01.01.11.1,1406439,16,1,1,1,11,1,A,2,37,2.0,5,14,39,2,3,,,,,,1.0,1.0,1.0,1.0,0.0,1.0,0.0,4.0,0.0,0.0,1.0,0.0,0.0,0.0,,0.0,0.0,0.0,1.0,0.0,2.0,,,,,,,1.0,1.0,0.0,0.0,0.0,0.0,0.0,0.0,0.0,2,,,4.0,,,,,,,2,,,,,,,,,,,,,,,,4,40000.0,0.0,1.0,0.0,0.0,0.0,0.0,1.0,1.0,0.0,0.0,0.0,0.0,0.0,,,,,,,,,,,,,,,,,,,,,,,,,,,,,,1290,1290.0,C,2,297,6561,Lesiones,En su vivienda,Mujer
16477,1419455.05,1419455.05.01,1419455.05.01.01,1419455.05.01.01.02.1,1419455,5,1,1,1,2,1,A,1,34,2.0,5,14,39,2,1,,,,,,2.0,,,,,,,,,,,,,,,,,,,,,,,,,,,,,,,,,,,,2,2.0,,4.0,,,,,,,2,,,,,,,,,,,,,,,,1,5000.0,0.0,,,,,,,,,,,,,,,,,,,,,,,,,,,,,,,,,,,,,,,,,,1483,1483.0,U,2,285,6508,Robo de accesorios de vehículo,En su vivienda,Hombre
16478,1417195.04,1417195.04.01,1417195.04.01.04,1417195.04.01.04.02.1,1417195,4,1,1,1,2,4,A,1,27,2.0,8,14,39,3,1,,,,,,2.0,,,,,,,,,,,,,,,,,,,,,,,,,,,,,,,,,,,,2,2.0,,5.0,,,,,,,2,,,,,,,,,,,,,,,,1,10000.0,0.0,,,,,,,,,,,,,,,,,,,,,,,,,,,,,,,,,,,,,,,,,,1014,1014.0,U,3,280,6315,Robo de accesorios de vehículo,En su vivienda,Hombre
16479,1405018.02,1405018.02.01,1405018.02.01.01,1405018.02.01.01.04.1,1405018,2,1,1,1,4,1,A,2,49,2.0,3,14,39,4,2,,,,,,2.0,,,,,,,,,,,,,,,,,,,,,,,,,,,,,,,,,,,,2,2.0,,4.0,,,,,,,2,,,,,,,,,,,,,,,,1,9999999.0,0.0,,,,,,,,,,,,,,0.0,0.0,0.0,0.0,0.0,0.0,0.0,0.0,0.0,1.0,0.0,0.0,0.0,2.0,,,,,,,,,,,,,,,897,897.0,U,3,280,6369,Robo en transporte público,En su vivienda,Mujer
16480,1405460.02,1405460.02.01,1405460.02.01.01,1405460.02.01.01.02.1,1405460,2,1,1,1,2,1,A,2,65,2.0,11,14,39,1,1,,,,,,2.0,,,,,,,,,,,,,,,,,,,,,,,,,,,,,,,,,,,,2,2.0,,4.0,,,,,,,2,,,,,,,,,,,,,,,,1,9999999.0,0.0,0.0,0.0,1.0,1.0,0.0,0.0,0.0,1.0,1.0,0.0,0.0,0.0,,,,,,,,,,,,,,,,,,,,,,,,,,,,,,869,869.0,U,3,280,6374,Robo de accesorios de vehículo,En su vivienda,Mujer
16481,1402551.01,1402551.01.01,1402551.01.01.03,1402551.01.01.03.10.5,1402551,1,1,5,5,10,3,A,2,30,2.0,4,14,39,3,2,0.0,1.0,0.0,0.0,0.0,2.0,,,,,,,,,,,,,,,,,,,,,,,,,,,,,,,,,,,,1,,,,1.0,2.0,,4.0,6.0,2.0,2,,,,,,,,,,1.0,0.0,0.0,0.0,0.0,0.0,3,2400.0,0.0,,,,,,,,,,,,,,,,,,,,,,,,,,,,,,,,,,,,,,,,,,2868,2868.0,U,2,279,6287,Amenazas/intimidación,En su vivienda,Mujer
16482,1405520.01,1405520.01.01,1405520.01.01.01,1405520.01.01.01.11.1,1405520,1,1,1,1,11,1,A,1,28,2.0,12,14,39,4,3,,,,,,1.0,1.0,1.0,6.0,1.0,0.0,0.0,8.0,1.0,0.0,0.0,0.0,0.0,0.0,2.0,1.0,1.0,0.0,0.0,0.0,1.0,0.0,1.0,1.0,0.0,0.0,1.0,,1.0,1.0,0.0,0.0,0.0,0.0,0.0,0.0,1,,,,1.0,4.0,,4.0,3.0,2.0,2,,,,,,,,,,0.0,0.0,0.0,0.0,1.0,0.0,2,0.0,2000.0,1.0,1.0,1.0,1.0,1.0,1.0,1.0,1.0,1.0,0.0,0.0,0.0,,,,,,,,,,,,,,,,,,,,,,,,,,,,,,1374,1374.0,U,3,280,6388,Lesiones,En su vivienda,Hombre
16483,1402571.05,1402571.05.01,1402571.05.01.02,1402571.05.01.02.08.1,1402571,5,1,1,1,8,2,A,1,23,2.0,7,14,39,3,2,1.0,0.0,0.0,0.0,0.0,,,,,,,,,,,,,,,,,,,,,,,,,,,,,,,,,,,,,2,,,9.0,,,,,,,2,,,,,,,,,,,,,,,,1,800.0,0.0,,,,,,,,,,,,,,,,,,,,,,,,,,,,1.0,,,,,,,,,,,,,,1523,1523.0,U,3,280,6385,Fraude bancario,En su vivienda,Hombre
16484,1419528.01,1419528.01.01,1419528.01.01.01,1419528.01.01.01.02.1,1419528,1,1,1,1,2,1,A,1,69,2.0,11,14,39,2,1,,,,,,2.0,,,,,,,,,,,,,,,,,,,,,,,,,,,,,,,,,,,,2,2.0,,4.0,,,,,,,2,,,,,,,,,,,,,,,,1,3000.0,0.0,0.0,0.0,1.0,0.0,0.0,0.0,0.0,0.0,0.0,0.0,0.0,0.0,,,,,,,,,,,,,,,,,,,,,,,,,,,,,,1013,1013.0,U,4,281,6456,Robo de accesorios de vehículo,En su vivienda,Hombre
16485,1405520.01,1405520.01.01,1405520.01.01.01,1405520.01.01.01.08.1,1405520,1,1,1,1,8,1,A,1,28,2.0,12,14,39,2,2,1.0,0.0,0.0,0.0,0.0,,,,,,,,,,,,,,,,,,,,,,,,,,,,,,,,,,,,,2,,,3.0,,,,,,,2,,,,,,,,,,,,,,,,1,300.0,0.0,,,,,,,,,,,,,,,,,,,,,,,,,,,,1.0,,,,,,,,,,,,,,1374,1374.0,U,3,280,6388,Fraude bancario,En su vivienda,Hombre
16486,1405122.05,1405122.05.01,1405122.05.01.02,1405122.05.01.02.09.1,1405122,5,1,1,5,9,2,A,2,72,2.0,12,14,39,1,2,0.0,1.0,0.0,0.0,0.0,1.0,1.0,1.0,1.0,1.0,0.0,0.0,9.0,1.0,0.0,0.0,0.0,0.0,0.0,2.0,0.0,0.0,0.0,1.0,0.0,2.0,,,,,,,2.0,,,,,,,,,2,,,4.0,,,,,,,2,,,,,,,,,,,,,,,,3,0.0,0.0,,,,,,,,,,,,,,,,,,,,,,,,,,,,,1.0,,,,,1.0,0.0,0.0,3.0,,,,,3780,3780.0,U,3,280,6353,Extorsión,En su vivienda,Mujer
16487,1403423.01,1403423.01.01,1403423.01.01.03,1403423.01.01.03.07.1,1403423,1,1,1,1,7,3,A,1,28,2.0,4,14,39,2,2,0.0,1.0,0.0,0.0,0.0,,,,,,,,,,,,,,,,,,,,,,,,,,,,,,,,,,,,,2,,,9.0,,,,,,,2,,,,,,,,,,,,,,,,1,2000.0,0.0,1.0,1.0,1.0,1.0,0.0,1.0,1.0,0.0,1.0,0.0,0.0,0.0,,,,,,,,,,,,,,,,4.0,,,,,,,,,,,,,,4508,4508.0,U,3,280,6294,Robo en banco/cajero,En su vivienda,Hombre
16488,1413727.01,1413727.01.01,1413727.01.01.02,1413727.01.01.02.02.1,1413727,1,1,1,2,2,2,A,2,40,2.0,11,14,39,1,1,,,,,,2.0,,,,,,,,,,,,,,,,,,,,,,,,,,,,,,,,,,,,2,2.0,,4.0,,,,,,,2,,,,,,,,,,,,,,,,1,2000.0,9999999.0,,,,,,,,,,,,,,,,,,,,,,,,,,,,,,,,,,,,,,,,,,981,981.0,U,4,281,6465,Robo de accesorios de vehículo,En su vivienda,Mujer
16489,1403338.03,1403338.03.01,1403338.03.01.03,1403338.03.01.03.03.1,1403338,3,1,1,1,3,3,A,1,23,2.0,9,14,39,3,1,,,,,,2.0,,,,,,,,,,,,,,,,,,,,,,,,,,,,,,,,,,,,2,2.0,,6.0,,,,,,,2,,,,,,,,,,,,,,,,1,10000.0,0.0,,,,,,,,,,,,,,,,,,,,,,,,,,,,,,,,,,,,,,,,,,828,828.0,U,2,279,6275,Robo en vivienda,En su vivienda,Hombre
16490,1416804.03,1416804.03.01,1416804.03.01.01,1416804.03.01.01.10.1,1416804,3,1,1,1,10,1,A,2,38,2.0,6,14,39,1,3,0.0,0.0,1.0,0.0,0.0,1.0,1.0,2.0,1.0,1.0,0.0,0.0,5.0,1.0,0.0,0.0,0.0,0.0,0.0,1.0,0.0,0.0,0.0,1.0,0.0,2.0,,,,,,,2.0,,,,,,,,,2,,,5.0,,,,,,,2,,,,,,,,,,,,,,,,3,0.0,0.0,0.0,0.0,0.0,0.0,0.0,0.0,0.0,1.0,0.0,0.0,0.0,0.0,,,,,,,,,,,,,,,,,,,,,,,,,,,,,,1193,1193.0,U,4,281,6398,Amenazas/intimidación,En su vivienda,Mujer
16491,1406439.16,1406439.16.01,1406439.16.01.01,1406439.16.01.01.10.1,1406439,16,1,1,1,10,1,A,2,37,2.0,5,14,39,2,3,0.0,0.0,1.0,0.0,0.0,1.0,1.0,1.0,1.0,0.0,1.0,0.0,4.0,0.0,0.0,1.0,0.0,0.0,0.0,,0.0,0.0,0.0,1.0,0.0,2.0,,,,,,,2.0,,,,,,,,,2,,,4.0,,,,,,,2,,,,,,,,,,,,,,,,4,40000.0,0.0,,,,,,,,,,,,,,,,,,,,,,,,,,,,,,,,,,,,,,,,,,1290,1290.0,C,2,297,6561,Amenazas/intimidación,En su vivienda,Mujer
16492,1405520.01,1405520.01.01,1405520.01.01.01,1405520.01.01.01.10.1,1405520,1,1,1,1,10,1,A,1,28,2.0,9,14,39,4,3,0.0,0.0,1.0,0.0,0.0,1.0,1.0,1.0,2.0,1.0,0.0,0.0,4.0,1.0,0.0,0.0,0.0,0.0,0.0,1.0,1.0,1.0,0.0,0.0,0.0,2.0,,,,,,,2.0,,,,,,,,,2,,,9.0,,,,,,,2,,,,,,,,,,,,,,,,3,0.0,0.0,,,,,,,,,,,,,,,,,,,,,,,,,,,,,,,,,,,,,,,,,,1374,1374.0,U,3,280,6388,Amenazas/intimidación,En su vivienda,Hombre
16493,1412256.03,1412256.03.01,1412256.03.01.03,1412256.03.01.03.09.1,1412256,3,1,1,3,9,3,A,1,19,2.0,3,14,39,2,5,0.0,1.0,0.0,0.0,0.0,1.0,2.0,,,,,,,,,,,,,,,,,,,,,,,,,,,,,,,,,,,2,,,3.0,,,,,,,2,,,,,,,,,,,,,,,,5,,,,,,,,,,,,,,,,,,,,,,,,,,,,,,,3.0,,,,,0.0,1.0,0.0,3.0,,,,,2779,2779.0,U,3,280,6362,Extorsión,En su vivienda,Hombre
16494,1404608.03,1404608.03.01,1404608.03.01.02,1404608.03.01.02.02.1,1404608,3,1,1,2,2,2,A,2,53,2.0,2,14,39,4,1,,,,,,2.0,,,,,,,,,,,,,,,,,,,,,,,,,,,,,,,,,,,,2,2.0,,4.0,,,,,,,2,,,,,,,,,,,,,,,,1,0.0,0.0,,,,,,,,,,,,,,,,,,,,,,,,,,,,,,,,,,,,,,,,,,1151,1151.0,U,4,281,6407,Robo de accesorios de vehículo,En su vivienda,Mujer
16495,1411244.01,1411244.01.01,1411244.01.01.01,1411244.01.01.01.09.1,1411244,1,1,1,1,9,1,A,2,32,2.0,8,14,39,1,2,0.0,1.0,0.0,0.0,0.0,1.0,1.0,1.0,3.0,1.0,1.0,0.0,8.0,1.0,0.0,0.0,0.0,0.0,0.0,2.0,0.0,0.0,0.0,1.0,0.0,2.0,,,,,,,2.0,,,,,,,,,2,,,1.0,,,,,,,2,,,,,,,,,,,,,,,,1,9000.0,0.0,1.0,1.0,1.0,1.0,1.0,1.0,1.0,1.0,1.0,0.0,0.0,0.0,,,,,,,,,,,,,,,,,3.0,,,,,1.0,0.0,0.0,1.0,,,,,1725,1725.0,U,3,283,6495,Extorsión,En su vivienda,Mujer
16496,1405272.03,1405272.03.01,1405272.03.01.01,1405272.03.01.01.01.1,1405272,3,1,1,1,1,1,A,1,23,2.0,2,14,39,3,1,,,,,,2.0,,,,,,,,,,,,,,,,,,,,,,,,,,,,,,,,,,,,1,,,,1.0,6.0,,3.0,1.0,2.0,2,,,,,,,,,,0.0,0.0,0.0,0.0,1.0,0.0,1,60000.0,0.0,,,,,,,,,,,,,1.0,,,,,,,,,,,,,,,,,,,,,,,,,,,,,1212,1212.0,U,4,281,6394,Robo total de vehículo,En su vivienda,Hombre
16497,1402994.05,1402994.05.01,1402994.05.01.03,1402994.05.01.03.05.1,1402994,5,1,1,1,5,3,A,1,18,2.0,12,14,39,3,1,,,,,,1.0,1.0,1.0,2.0,1.0,0.0,0.0,4.0,1.0,0.0,0.0,0.0,0.0,0.0,2.0,0.0,0.0,0.0,0.0,1.0,1.0,1.0,0.0,0.0,0.0,0.0,2.0,2.0,,,,,,,,,2,,,99.0,,,,,,,1,0.0,1.0,0.0,0.0,0.0,0.0,0.0,0.0,0.0,1.0,0.0,0.0,0.0,0.0,0.0,1,5000.0,0.0,0.0,0.0,1.0,1.0,0.0,0.0,0.0,0.0,1.0,0.0,0.0,0.0,,0.0,0.0,0.0,0.0,0.0,0.0,0.0,0.0,1.0,0.0,0.0,0.0,0.0,,,,,,,,,,,,,,,,2929,2929.0,U,2,279,6244,Robo en calle (a transeúnte),En su vivienda,Hombre
16498,1404587.01,1404587.01.01,1404587.01.01.02,1404587.01.01.02.02.1,1404587,1,1,1,2,2,2,A,2,62,2.0,3,14,39,4,1,,,,,,2.0,,,,,,,,,,,,,,,,,,,,,,,,,,,,,,,,,,,,2,2.0,,3.0,,,,,,,2,,,,,,,,,,,,,,,,1,3000.0,0.0,,,,,,,,,,,,,,,,,,,,,,,,,,,,,,,,,,,,,,,,,,1066,1066.0,U,4,281,6443,Robo de accesorios de vehículo,En su vivienda,Mujer
16499,1405520.04,1405520.04.01,1405520.04.01.01,1405520.04.01.01.10.1,1405520,4,1,1,1,10,1,A,1,52,2.0,2,14,39,2,2,0.0,0.0,1.0,0.0,0.0,1.0,1.0,2.0,2.0,1.0,0.0,0.0,4.0,1.0,0.0,0.0,0.0,0.0,0.0,2.0,0.0,0.0,0.0,1.0,0.0,2.0,,,,,,,2.0,,,,,,,,,2,,,7.0,,,,,,,2,,,,,,,,,,,,,,,,3,0.0,0.0,1.0,1.0,1.0,1.0,1.0,1.0,1.0,1.0,1.0,0.0,0.0,0.0,,,,,,,,,,,,,,,,,,,,,,,,,,,,,,2061,2061.0,U,3,280,6388,Amenazas/intimidación,En su vivienda,Hombre
16500,1405568.01,1405568.01.01,1405568.01.01.02,1405568.01.01.02.01.1,1405568,1,1,1,1,1,2,A,2,63,2.0,1,14,39,3,1,,,,,,2.0,,,,,,,,,,,,,,,,,,,,,,,,,,,,,,,,,,,,1,,,,2.0,,1.0,4.0,1.0,2.0,2,,,,,,,,,,0.0,0.0,0.0,0.0,1.0,0.0,1,80000.0,0.0,,,,,,,,,,,,,1.0,,,,,,,,,,,,,,,,,,,,,,,,,,,,,961,961.0,U,3,280,6341,Robo total de vehículo,En su vivienda,Mujer
16501,1404491.03,1404491.03.01,1404491.03.01.01,1404491.03.01.01.08.1,1404491,3,1,1,1,8,1,A,1,33,2.0,2,14,39,2,2,0.0,0.0,1.0,0.0,0.0,,,,,,,,,,,,,,,,,,,,,,,,,,,,,,,,,,,,,2,,,4.0,,,,,,,2,,,,,,,,,,,,,,,,1,4000.0,0.0,0.0,0.0,1.0,0.0,0.0,0.0,0.0,0.0,1.0,0.0,0.0,0.0,,,,,,,,,,,,,,,,1.0,,,,,,,,,,,,,,836,836.0,U,3,280,6381,Fraude bancario,En su vivienda,Hombre
16502,1405027.02,1405027.02.01,1405027.02.01.01,1405027.02.01.01.01.1,1405027,2,1,1,1,1,1,A,2,58,2.0,8,14,39,4,1,,,,,,2.0,,,,,,,,,,,,,,,,,,,,,,,,,,,,,,,,,,,,1,,,,1.0,9.0,,9.0,2.0,1.0,2,,,,,,,,,,0.0,0.0,0.0,0.0,0.0,1.0,4,9999999.0,0.0,,,,,,,,,,,,,2.0,,,,,,,,,,,,,,,,,,,,,,,,,,,,,921,921.0,U,4,281,6475,Robo total de vehículo,En su vivienda,Mujer
16503,1403338.03,1403338.03.01,1403338.03.01.03,1403338.03.01.03.07.1,1403338,3,1,1,1,7,3,A,1,23,2.0,11,14,39,2,3,1.0,0.0,0.0,0.0,0.0,,,,,,,,,,,,,,,,,,,,,,,,,,,,,,,,,,,,,2,,,9.0,,,,,,,2,,,,,,,,,,,,,,,,1,5000.0,0.0,,,,,,,,,,,,,,,,,,,,,,,,,,,,4.0,,,,,,,,,,,,,,4141,4141.0,U,2,279,6275,Robo en banco/cajero,En su vivienda,Hombre
16504,1403891.05,1403891.05.01,1403891.05.01.03,1403891.05.01.03.01.1,1403891,5,1,1,1,1,3,A,2,39,2.0,9,14,39,3,1,,,,,,1.0,1.0,1.0,1.0,1.0,0.0,0.0,5.0,0.0,1.0,0.0,0.0,0.0,0.0,,0.0,0.0,0.0,1.0,0.0,1.0,1.0,0.0,0.0,0.0,0.0,2.0,2.0,,,,,,,,,2,9.0,,9.0,,,,,,,2,,,,,,,,,,,,,,,,3,100000.0,0.0,1.0,0.0,0.0,0.0,0.0,1.0,0.0,0.0,0.0,0.0,0.0,0.0,9.0,,,,,,,,,,,,,,,,,,,,,,,,,,,,,930,930.0,U,3,280,6359,Robo total de vehículo,En su vivienda,Mujer
16506,1403318.03,1403318.03.01,1403318.03.01.05,1403318.03.01.05.09.1,1403318,3,1,1,1,9,5,A,2,25,2.0,4,14,39,2,2,0.0,1.0,0.0,0.0,0.0,1.0,2.0,,,,,,,,,,,,,,,,,,,,,,,,,,,,,,,,,,,1,,,,1.0,6.0,,2.0,6.0,4.0,1,0.0,1.0,0.0,0.0,0.0,0.0,0.0,0.0,0.0,1.0,0.0,0.0,0.0,0.0,0.0,3,40000.0,0.0,0.0,1.0,1.0,1.0,0.0,1.0,0.0,0.0,1.0,0.0,0.0,0.0,,,,,,,,,,,,,,,,,3.0,,,,,1.0,0.0,0.0,3.0,,,,,5160,5160.0,U,4,281,6452,Extorsión,En su vivienda,Mujer
16507,1402994.02,1402994.02.01,1402994.02.01.01,1402994.02.01.01.08.1,1402994,2,1,1,1,8,1,A,2,22,2.0,10,14,39,2,4,1.0,0.0,0.0,0.0,0.0,,,,,,,,,,,,,,,,,,,,,,,,,,,,,,,,,,,,,2,,,4.0,,,,,,,2,,,,,,,,,,,,,,,,1,500.0,0.0,0.0,0.0,0.0,1.0,0.0,0.0,0.0,1.0,1.0,0.0,0.0,0.0,,,,,,,,,,,,,,,,1.0,,,,,,,,,,,,,,2929,2929.0,U,2,279,6244,Fraude bancario,En su vivienda,Mujer
16508,1403057.04,1403057.04.02,1403057.04.02.01,1403057.04.02.01.05.1,1403057,4,2,1,1,5,1,A,2,30,2.0,11,14,39,3,1,,,,,,1.0,1.0,2.0,1.0,1.0,0.0,0.0,4.0,1.0,0.0,0.0,0.0,0.0,0.0,2.0,0.0,0.0,0.0,1.0,0.0,1.0,0.0,1.0,0.0,0.0,0.0,2.0,2.0,,,,,,,,,1,,,,2.0,,4.0,1.0,2.0,4.0,2,,,,,,,,,,1.0,0.0,0.0,0.0,0.0,0.0,1,10000.0,0.0,0.0,0.0,0.0,0.0,0.0,0.0,0.0,1.0,1.0,0.0,0.0,0.0,,0.0,0.0,0.0,0.0,0.0,0.0,0.0,0.0,1.0,0.0,0.0,0.0,0.0,,,,,,,,,,,,,,,,1061,1061.0,U,3,280,6300,Robo en calle (a transeúnte),En su vivienda,Mujer
16509,1402551.01,1402551.01.01,1402551.01.01.03,1402551.01.01.03.15.1,1402551,1,1,1,1,15,3,A,2,30,2.0,6,14,39,2,1,,,,,,1.0,1.0,1.0,3.0,1.0,0.0,0.0,8.0,1.0,0.0,0.0,0.0,0.0,0.0,1.0,0.0,0.0,0.0,0.0,1.0,2.0,,,,,,,1.0,0.0,0.0,0.0,0.0,0.0,0.0,0.0,1.0,1,,,,1.0,2.0,,3.0,4.0,2.0,2,,,,,,,,,,1.0,0.0,0.0,0.0,0.0,0.0,3,9999999.0,5000.0,0.0,0.0,1.0,0.0,1.0,0.0,0.0,1.0,0.0,0.0,0.0,0.0,,,,,,,,,,,,,,,,,,,,,,,,,,,,,,2868,2868.0,U,2,279,6287,Otro delito,En su vivienda,Mujer
16510,1403475.01,1403475.01.01,1403475.01.01.02,1403475.01.01.02.07.1,1403475,1,1,1,1,7,2,A,2,37,2.0,6,14,39,4,2,1.0,0.0,0.0,0.0,0.0,,,,,,,,,,,,,,,,,,,,,,,,,,,,,,,,,,,,,2,,,9.0,,,,,,,2,,,,,,,,,,,,,,,,1,0.0,0.0,0.0,0.0,1.0,1.0,0.0,0.0,0.0,0.0,0.0,0.0,0.0,0.0,,,,,,,,,,,,,,,,6.0,,,,,,,,,,,,,,1948,1948.0,U,3,280,6334,Robo en banco/cajero,En su vivienda,Mujer
16511,1403432.01,1403432.01.01,1403432.01.01.02,1403432.01.01.02.04.2,1403432,1,1,2,2,4,2,A,2,39,2.0,99,14,39,4,2,,,,,,1.0,2.0,,,,,,,,,,,,,,,,,,,,,,,,,,,,,,,,,,,2,2.0,,5.0,,,,,,,2,,,,,,,,,,,,,,,,3,0.0,0.0,,,,,,,,,,,,,,0.0,0.0,0.0,0.0,0.0,0.0,0.0,0.0,0.0,0.0,0.0,1.0,0.0,1.0,,,,,,,,,,,,,,,954,954.0,U,3,280,6348,Robo en transporte público,En su vivienda,Mujer
16512,1411174.05,1411174.05.01,1411174.05.01.02,1411174.05.01.02.03.1,1411174,5,1,1,1,3,2,A,1,40,2.0,2,14,39,4,2,,,,,,2.0,,,,,,,,,,,,,,,,,,,,,,,,,,,,,,,,,,,,2,2.0,,4.0,,,,,,,2,,,,,,,,,,,,,,,,1,0.0,0.0,0.0,1.0,0.0,1.0,0.0,0.0,0.0,1.0,1.0,0.0,0.0,0.0,,,,,,,,,,,,,,,,,,,,,,,,,,,,,,1219,1219.0,C,3,300,6588,Robo en vivienda,En su vivienda,Hombre
16513,1405681.04,1405681.04.01,1405681.04.01.01,1405681.04.01.01.02.1,1405681,4,1,1,1,2,1,A,1,65,2.0,5,14,39,3,2,,,,,,1.0,1.0,1.0,1.0,1.0,0.0,0.0,4.0,0.0,1.0,0.0,0.0,0.0,0.0,,0.0,0.0,0.0,1.0,0.0,2.0,,,,,,,2.0,,,,,,,,,2,2.0,,6.0,,,,,,,2,,,,,,,,,,,,,,,,1,1000.0,0.0,,,,,,,,,,,,,,,,,,,,,,,,,,,,,,,,,,,,,,,,,,882,882.0,U,4,281,6477,Robo de accesorios de vehículo,En su vivienda,Hombre
16514,1405027.03,1405027.03.01,1405027.03.01.03,1405027.03.01.03.02.1,1405027,3,1,1,1,2,3,A,1,25,2.0,9,14,39,1,1,,,,,,2.0,,,,,,,,,,,,,,,,,,,,,,,,,,,,,,,,,,,,2,2.0,,4.0,,,,,,,2,,,,,,,,,,,,,,,,5,,,0.0,0.0,0.0,0.0,0.0,0.0,0.0,1.0,0.0,0.0,0.0,0.0,,,,,,,,,,,,,,,,,,,,,,,,,,,,,,921,921.0,U,4,281,6475,Robo de accesorios de vehículo,En su vivienda,Hombre
16515,1404248.04,1404248.04.01,1404248.04.01.01,1404248.04.01.01.09.1,1404248,4,1,1,2,9,1,A,2,23,2.0,11,14,39,2,2,0.0,1.0,0.0,0.0,0.0,1.0,1.0,2.0,1.0,1.0,0.0,0.0,5.0,1.0,0.0,0.0,0.0,0.0,0.0,2.0,0.0,0.0,0.0,0.0,1.0,9.0,,,,,,,9.0,,,,,,,,,2,,,99.0,,,,,,,2,,,,,,,,,,,,,,,,3,0.0,800.0,,,,,,,,,,,,,,,,,,,,,,,,,,,,,1.0,,,,,1.0,0.0,0.0,3.0,,,,,891,891.0,U,3,280,6372,Extorsión,En su vivienda,Mujer
16516,1405027.02,1405027.02.01,1405027.02.01.01,1405027.02.01.01.02.1,1405027,2,1,1,1,2,1,A,2,58,2.0,8,14,39,4,1,,,,,,2.0,,,,,,,,,,,,,,,,,,,,,,,,,,,,,,,,,,,,2,1.0,2.0,,,,,,,,2,,,,,,,,,,0.0,0.0,0.0,0.0,0.0,1.0,4,9999999.0,9999999.0,0.0,0.0,0.0,0.0,0.0,0.0,0.0,0.0,0.0,0.0,0.0,1.0,,,,,,,,,,,,,,,,,,,,,,,,,,,,,,921,921.0,U,4,281,6475,Robo de accesorios de vehículo,En su vivienda,Mujer
16517,1405018.04,1405018.04.01,1405018.04.01.03,1405018.04.01.03.05.1,1405018,4,1,1,1,5,3,A,1,21,2.0,3,14,39,1,6,,,,,,1.0,1.0,2.0,1.0,0.0,0.0,1.0,9.0,1.0,0.0,0.0,0.0,0.0,0.0,2.0,0.0,0.0,0.0,1.0,0.0,2.0,,,,,,,2.0,,,,,,,,,2,,,99.0,,,,,,,2,,,,,,,,,,,,,,,,1,6000.0,0.0,0.0,0.0,0.0,1.0,0.0,0.0,0.0,0.0,1.0,0.0,0.0,0.0,,0.0,0.0,0.0,0.0,0.0,0.0,0.0,0.0,1.0,0.0,0.0,0.0,0.0,,,,,,,,,,,,,,,,2692,2692.0,U,3,280,6369,Robo en calle (a transeúnte),En su vivienda,Hombre
16518,1402818.04,1402818.04.01,1402818.04.01.04,1402818.04.01.04.01.1,1402818,4,1,1,1,1,4,A,2,21,2.0,9,14,39,2,1,,,,,,2.0,,,,,,,,,,,,,,,,,,,,,,,,,,,,,,,,,,,,1,,,,1.0,6.0,,3.0,2.0,4.0,2,,,,,,,,,,0.0,0.0,0.0,0.0,1.0,0.0,1,160000.0,0.0,0.0,1.0,1.0,1.0,1.0,1.0,1.0,1.0,1.0,0.0,0.0,0.0,1.0,,,,,,,,,,,,,,,,,,,,,,,,,,,,,975,975.0,U,2,279,6245,Robo total de vehículo,En su vivienda,Mujer
16519,1403116.02,1403116.02.01,1403116.02.01.01,1403116.02.01.01.02.1,1403116,2,1,1,1,2,1,A,1,29,2.0,11,14,39,4,1,,,,,,2.0,,,,,,,,,,,,,,,,,,,,,,,,,,,,,,,,,,,,2,2.0,,4.0,,,,,,,2,,,,,,,,,,,,,,,,1,4000.0,0.0,0.0,0.0,0.0,0.0,0.0,0.0,0.0,1.0,0.0,0.0,0.0,0.0,,,,,,,,,,,,,,,,,,,,,,,,,,,,,,954,954.0,U,3,280,6346,Robo de accesorios de vehículo,En su vivienda,Hombre
16520,1404671.02,1404671.02.01,1404671.02.01.03,1404671.02.01.03.02.1,1404671,2,1,1,1,2,3,A,1,21,2.0,3,14,39,2,1,,,,,,2.0,,,,,,,,,,,,,,,,,,,,,,,,,,,,,,,,,,,,2,2.0,,5.0,,,,,,,2,,,,,,,,,,,,,,,,1,1200.0,0.0,,,,,,,,,,,,,,,,,,,,,,,,,,,,,,,,,,,,,,,,,,924,924.0,U,3,280,6365,Robo de accesorios de vehículo,En su vivienda,Hombre
16521,1404608.03,1404608.03.01,1404608.03.01.02,1404608.03.01.02.02.2,1404608,3,1,2,2,2,2,A,2,53,2.0,6,14,39,1,1,,,,,,2.0,,,,,,,,,,,,,,,,,,,,,,,,,,,,,,,,,,,,2,2.0,,4.0,,,,,,,2,,,,,,,,,,,,,,,,1,1600.0,0.0,1.0,1.0,1.0,1.0,1.0,1.0,1.0,1.0,1.0,0.0,0.0,0.0,,,,,,,,,,,,,,,,,,,,,,,,,,,,,,1151,1151.0,U,4,281,6407,Robo de accesorios de vehículo,En su vivienda,Mujer
16522,1405272.03,1405272.03.01,1405272.03.01.01,1405272.03.01.01.05.1,1405272,3,1,1,1,5,1,A,1,23,2.0,6,14,39,1,6,,,,,,1.0,1.0,2.0,9.0,0.0,0.0,1.0,9.0,1.0,0.0,0.0,0.0,0.0,0.0,2.0,0.0,0.0,0.0,0.0,1.0,2.0,,,,,,,2.0,,,,,,,,,2,,,6.0,,,,,,,2,,,,,,,,,,,,,,,,1,15000.0,0.0,1.0,1.0,1.0,1.0,0.0,1.0,1.0,1.0,0.0,0.0,0.0,0.0,,0.0,0.0,0.0,0.0,0.0,0.0,0.0,0.0,1.0,0.0,0.0,0.0,0.0,,,,,,,,,,,,,,,,1212,1212.0,U,4,281,6394,Robo en calle (a transeúnte),En su vivienda,Hombre
16523,1411078.18,1411078.18.01,1411078.18.01.01,1411078.18.01.01.08.1,1411078,18,1,1,1,8,1,A,1,32,2.0,8,14,39,2,8,1.0,0.0,0.0,0.0,0.0,,,,,,,,,,,,,,,,,,,,,,,,,,,,,,,,,,,,,2,,,3.0,,,,,,,2,,,,,,,,,,,,,,,,1,3000.0,0.0,0.0,0.0,0.0,1.0,0.0,0.0,0.0,0.0,0.0,0.0,0.0,0.0,,,,,,,,,,,,,,,,1.0,,,,,,,,,,,,,,1809,1809.0,C,3,298,6576,Fraude bancario,En su vivienda,Hombre
16524,1402551.01,1402551.01.01,1402551.01.01.03,1402551.01.01.03.10.4,1402551,1,1,4,5,10,3,A,2,30,2.0,6,14,39,2,4,0.0,1.0,0.0,0.0,0.0,2.0,,,,,,,,,,,,,,,,,,,,,,,,,,,,,,,,,,,,2,,,6.0,,,,,,,2,,,,,,,,,,,,,,,,3,0.0,0.0,,,,,,,,,,,,,,,,,,,,,,,,,,,,,,,,,,,,,,,,,,2868,2868.0,U,2,279,6287,Amenazas/intimidación,En su vivienda,Mujer
16525,1410578.19,1410578.19.01,1410578.19.01.02,1410578.19.01.02.02.1,1410578,19,1,1,1,2,2,A,2,24,2.0,10,14,39,3,1,,,,,,2.0,,,,,,,,,,,,,,,,,,,,,,,,,,,,,,,,,,,,2,2.0,,4.0,,,,,,,2,,,,,,,,,,,,,,,,1,1000.0,0.0,1.0,1.0,1.0,1.0,1.0,1.0,1.0,1.0,1.0,0.0,0.0,0.0,,,,,,,,,,,,,,,,,,,,,,,,,,,,,,1154,1154.0,C,3,298,6573,Robo de accesorios de vehículo,En su vivienda,Mujer
16527,1412256.03,1412256.03.01,1412256.03.01.03,1412256.03.01.03.09.3,1412256,3,1,3,3,9,3,A,1,19,2.0,2,14,39,1,5,0.0,1.0,0.0,0.0,0.0,1.0,1.0,1.0,1.0,1.0,0.0,0.0,4.0,1.0,0.0,0.0,0.0,0.0,0.0,2.0,0.0,0.0,0.0,1.0,0.0,2.0,,,,,,,2.0,,,,,,,,,2,,,3.0,,,,,,,2,,,,,,,,,,,,,,,,5,,,,,,,,,,,,,,,,,,,,,,,,,,,,,,,3.0,,,,,1.0,0.0,0.0,3.0,,,,,2779,2779.0,U,3,280,6362,Extorsión,En su vivienda,Hombre
16528,1404547.01,1404547.01.01,1404547.01.01.01,1404547.01.01.01.02.3,1404547,1,1,3,3,2,1,A,1,54,2.0,10,14,39,1,1,,,,,,2.0,,,,,,,,,,,,,,,,,,,,,,,,,,,,,,,,,,,,2,2.0,,6.0,,,,,,,2,,,,,,,,,,,,,,,,1,2000.0,0.0,,,,,,,,,,,,,,,,,,,,,,,,,,,,,,,,,,,,,,,,,,838,838.0,U,3,280,6379,Robo de accesorios de vehículo,En su vivienda,Hombre
16529,1404248.04,1404248.04.01,1404248.04.01.01,1404248.04.01.01.09.2,1404248,4,1,2,2,9,1,A,2,23,2.0,9,14,39,1,5,1.0,0.0,0.0,0.0,0.0,1.0,1.0,1.0,9.0,0.0,0.0,1.0,9.0,0.0,0.0,0.0,0.0,0.0,1.0,,0.0,0.0,0.0,0.0,1.0,9.0,,,,,,,9.0,,,,,,,,,2,,,7.0,,,,,,,2,,,,,,,,,,,,,,,,9,,,0.0,1.0,0.0,1.0,0.0,1.0,0.0,0.0,0.0,0.0,0.0,0.0,,,,,,,,,,,,,,,,,1.0,,,,,0.0,0.0,1.0,,,,,,891,891.0,U,3,280,6372,Extorsión,En su vivienda,Mujer
16531,1403700.01,1403700.01.01,1403700.01.01.02,1403700.01.01.02.09.1,1403700,1,1,1,1,9,2,A,2,36,2.0,1,14,39,1,2,1.0,0.0,0.0,0.0,0.0,1.0,1.0,2.0,9.0,0.0,0.0,1.0,9.0,0.0,0.0,0.0,0.0,0.0,1.0,,0.0,0.0,0.0,0.0,1.0,9.0,,,,,,,9.0,,,,,,,,,2,,,5.0,,,,,,,2,,,,,,,,,,,,,,,,9,,,0.0,0.0,0.0,0.0,0.0,0.0,0.0,1.0,0.0,0.0,0.0,0.0,,,,,,,,,,,,,,,,,1.0,,,,,1.0,0.0,0.0,3.0,,,,,2265,2265.0,U,4,281,6414,Extorsión,En su vivienda,Mujer
16532,1404718.03,1404718.03.01,1404718.03.01.01,1404718.03.01.01.02.1,1404718,3,1,1,1,2,1,A,1,38,2.0,5,14,39,4,1,,,,,,2.0,,,,,,,,,,,,,,,,,,,,,,,,,,,,,,,,,,,,1,,,,1.0,6.0,,3.0,1.0,2.0,1,0.0,1.0,0.0,0.0,0.0,0.0,0.0,0.0,0.0,1.0,0.0,0.0,0.0,0.0,0.0,1,10000.0,0.0,0.0,1.0,1.0,1.0,0.0,0.0,0.0,1.0,1.0,0.0,0.0,0.0,,,,,,,,,,,,,,,,,,,,,,,,,,,,,,961,961.0,U,3,280,6342,Robo de accesorios de vehículo,En su vivienda,Hombre
16533,1403898.03,1403898.03.01,1403898.03.01.01,1403898.03.01.01.05.1,1403898,3,1,1,2,5,1,A,1,36,2.0,10,14,39,3,1,,,,,,1.0,1.0,2.0,2.0,1.0,0.0,0.0,3.0,1.0,0.0,0.0,0.0,0.0,0.0,2.0,0.0,0.0,0.0,1.0,0.0,1.0,1.0,0.0,0.0,0.0,0.0,2.0,1.0,1.0,0.0,0.0,0.0,0.0,0.0,0.0,0.0,2,,,5.0,,,,,,,1,0.0,1.0,0.0,0.0,0.0,0.0,0.0,0.0,0.0,0.0,0.0,0.0,0.0,1.0,0.0,3,10000.0,0.0,,,,,,,,,,,,,,0.0,0.0,0.0,0.0,1.0,0.0,1.0,1.0,1.0,0.0,0.0,0.0,0.0,,,,,,,,,,,,,,,,1070,1070.0,U,4,281,6441,Robo en calle (a transeúnte),En su vivienda,Hombre
16534,1403432.01,1403432.01.01,1403432.01.01.02,1403432.01.01.02.04.1,1403432,1,1,1,2,4,2,A,2,39,2.0,99,14,39,4,2,,,,,,1.0,2.0,,,,,,,,,,,,,,,,,,,,,,,,,,,,,,,,,,,2,2.0,,5.0,,,,,,,2,,,,,,,,,,,,,,,,3,0.0,0.0,,,,,,,,,,,,,,0.0,0.0,0.0,0.0,0.0,0.0,0.0,0.0,0.0,0.0,0.0,1.0,0.0,1.0,,,,,,,,,,,,,,,954,954.0,U,3,280,6348,Robo en transporte público,En su vivienda,Mujer
16535,1402551.01,1402551.01.01,1402551.01.01.03,1402551.01.01.03.13.1,1402551,1,1,1,1,13,3,A,2,30,2.0,8,14,39,2,1,0.0,0.0,1.0,0.0,0.0,1.0,1.0,1.0,3.0,1.0,0.0,0.0,3.0,1.0,0.0,0.0,0.0,0.0,0.0,1.0,1.0,0.0,0.0,0.0,0.0,9.0,,,,,,,1.0,1.0,0.0,0.0,0.0,0.0,0.0,0.0,0.0,1,,,,1.0,2.0,,4.0,3.0,2.0,2,,,,,,,,,,1.0,0.0,0.0,0.0,0.0,0.0,2,0.0,0.0,,,,,,,,,,,,,,,,,,,,,,,,,,,,,,,,,,,,,,,,,1.0,2868,2868.0,U,2,279,6287,Delito sexual,En su vivienda,Mujer
16536,1413897.01,1413897.01.01,1413897.01.01.01,1413897.01.01.01.08.1,1413897,1,1,1,1,8,1,A,1,40,2.0,3,14,39,2,8,0.0,0.0,1.0,0.0,0.0,,,,,,,,,,,,,,,,,,,,,,,,,,,,,,,,,,,,,2,,,7.0,,,,,,,2,,,,,,,,,,,,,,,,1,283000.0,3000.0,,,,,,,,,,,,,,,,,,,,,,,,,,,,1.0,,,,,,,,,,,,,,2559,2559.0,U,4,281,6478,Fraude bancario,En su vivienda,Hombre
16537,1405780.01,1405780.01.01,1405780.01.01.03,1405780.01.01.03.01.1,1405780,1,1,1,1,1,3,A,2,29,2.0,6,14,39,4,1,,,,,,2.0,,,,,,,,,,,,,,,,,,,,,,,,,,,,,,,,,,,,1,,,,1.0,3.0,,2.0,2.0,2.0,2,,,,,,,,,,1.0,0.0,0.0,0.0,0.0,0.0,1,3000.0,0.0,,,,,,,,,,,,,2.0,,,,,,,,,,,,,,,,,,,,,,,,,,,,,985,985.0,U,3,280,6325,Robo total de vehículo,En su vivienda,Mujer
16538,1405272.01,1405272.01.01,1405272.01.01.02,1405272.01.01.02.08.1,1405272,1,1,1,1,8,2,A,2,29,2.0,3,14,39,2,1,1.0,0.0,0.0,0.0,0.0,,,,,,,,,,,,,,,,,,,,,,,,,,,,,,,,,,,,,2,,,4.0,,,,,,,2,,,,,,,,,,,,,,,,1,2000.0,0.0,,,,,,,,,,,,,,,,,,,,,,,,,,,,1.0,,,,,,,,,,,,,,2424,2424.0,U,4,281,6394,Fraude bancario,En su vivienda,Mujer
16539,1403432.01,1403432.01.01,1403432.01.01.02,1403432.01.01.02.02.2,1403432,1,1,2,2,2,2,A,2,39,2.0,99,14,39,2,1,,,,,,2.0,,,,,,,,,,,,,,,,,,,,,,,,,,,,,,,,,,,,2,2.0,,4.0,,,,,,,2,,,,,,,,,,,,,,,,1,9999999.0,0.0,,,,,,,,,,,,,,,,,,,,,,,,,,,,,,,,,,,,,,,,,,954,954.0,U,3,280,6348,Robo de accesorios de vehículo,En su vivienda,Mujer
16540,1404547.01,1404547.01.01,1404547.01.01.01,1404547.01.01.01.08.1,1404547,1,1,1,1,8,1,A,1,54,2.0,5,14,39,1,4,1.0,0.0,0.0,0.0,0.0,,,,,,,,,,,,,,,,,,,,,,,,,,,,,,,,,,,,,1,,,,1.0,2.0,,3.0,5.0,4.0,2,,,,,,,,,,0.0,0.0,0.0,0.0,1.0,0.0,1,8000.0,0.0,,,,,,,,,,,,,,,,,,,,,,,,,,,,1.0,,,,,,,,,,,,,,1676,1676.0,U,3,280,6379,Fraude bancario,En su vivienda,Hombre
16541,1405229.05,1405229.05.01,1405229.05.01.03,1405229.05.01.03.09.2,1405229,5,1,2,2,9,3,A,2,20,2.0,3,14,39,2,3,0.0,1.0,0.0,0.0,0.0,1.0,1.0,2.0,1.0,0.0,1.0,0.0,9.0,1.0,0.0,0.0,0.0,0.0,0.0,2.0,0.0,0.0,0.0,0.0,1.0,2.0,,,,,,,2.0,,,,,,,,,2,,,4.0,,,,,,,2,,,,,,,,,,,,,,,,4,0.0,0.0,1.0,0.0,0.0,0.0,0.0,0.0,0.0,0.0,0.0,0.0,0.0,0.0,,,,,,,,,,,,,,,,,1.0,,,,,0.0,0.0,1.0,,,,,,3077,3077.0,U,3,280,6310,Extorsión,En su vivienda,Mujer
16542,1405531.03,1405531.03.01,1405531.03.01.01,1405531.03.01.01.03.1,1405531,3,1,1,1,3,1,A,2,51,2.0,6,14,39,3,2,,,,,,2.0,,,,,,,,,,,,,,,,,,,,,,,,,,,,,,,,,,,,2,2.0,,4.0,,,,,,,2,,,,,,,,,,,,,,,,1,2000.0,0.0,0.0,0.0,1.0,0.0,0.0,0.0,0.0,1.0,0.0,0.0,0.0,0.0,,,,,,,,,,,,,,,,,,,,,,,,,,,,,,959,959.0,U,2,279,6248,Robo en vivienda,En su vivienda,Mujer
16543,1404182.01,1404182.01.01,1404182.01.01.02,1404182.01.01.02.11.1,1404182,1,1,1,1,11,2,A,2,26,2.0,2,14,39,3,2,,,,,,1.0,1.0,2.0,1.0,1.0,0.0,0.0,4.0,0.0,0.0,0.0,0.0,1.0,0.0,,0.0,0.0,0.0,1.0,0.0,2.0,,,,,,,1.0,1.0,0.0,0.0,0.0,0.0,0.0,0.0,0.0,2,,,9.0,,,,,,,2,,,,,,,,,,,,,,,,3,0.0,0.0,1.0,0.0,1.0,1.0,0.0,1.0,0.0,0.0,1.0,0.0,0.0,0.0,,,,,,,,,,,,,,,,,,,,,,,,,,,,,,4483,4483.0,U,3,280,6370,Lesiones,En su vivienda,Mujer
16544,1411078.09,1411078.09.01,1411078.09.01.01,1411078.09.01.01.05.5,1411078,9,1,5,5,5,1,A,2,66,2.0,12,14,39,2,1,,,,,,1.0,1.0,2.0,3.0,1.0,0.0,0.0,6.0,1.0,0.0,0.0,0.0,0.0,0.0,2.0,0.0,0.0,0.0,1.0,0.0,2.0,,,,,,,2.0,,,,,,,,,2,,,4.0,,,,,,,2,,,,,,,,,,,,,,,,1,30000.0,0.0,,,,,,,,,,,,,,0.0,0.0,0.0,0.0,0.0,0.0,1.0,0.0,0.0,0.0,0.0,0.0,0.0,,,,,,,,,,,,,,,,904,904.0,C,3,298,6576,Robo en calle (a transeúnte),En su vivienda,Mujer
16545,1405018.01,1405018.01.01,1405018.01.01.02,1405018.01.01.02.01.1,1405018,1,1,1,1,1,2,A,2,32,2.0,1,14,39,2,1,,,,,,2.0,,,,,,,,,,,,,,,,,,,,,,,,,,,,,,,,,,,,2,2.0,,8.0,,,,,,,2,,,,,,,,,,,,,,,,3,0.0,0.0,,,,,,,,,,,,,1.0,,,,,,,,,,,,,,,,,,,,,,,,,,,,,897,897.0,U,3,280,6369,Robo total de vehículo,En su vivienda,Mujer
16546,1405018.01,1405018.01.01,1405018.01.01.02,1405018.01.01.02.07.1,1405018,1,1,1,1,7,2,A,2,32,2.0,3,14,39,4,2,1.0,0.0,0.0,0.0,0.0,,,,,,,,,,,,,,,,,,,,,,,,,,,,,,,,,,,,,2,,,5.0,,,,,,,2,,,,,,,,,,,,,,,,1,1500.0,0.0,0.0,0.0,0.0,0.0,0.0,0.0,0.0,0.0,1.0,0.0,0.0,0.0,,,,,,,,,,,,,,,,4.0,,,,,,,,,,,,,,1795,1795.0,U,3,280,6369,Robo en banco/cajero,En su vivienda,Mujer
16547,1405780.02,1405780.02.01,1405780.02.01.01,1405780.02.01.01.01.1,1405780,2,1,1,1,1,1,A,1,49,2.0,1,14,39,4,1,,,,,,1.0,1.0,1.0,1.0,1.0,0.0,0.0,5.0,1.0,0.0,0.0,0.0,0.0,0.0,1.0,0.0,0.0,0.0,0.0,1.0,2.0,,,,,,,2.0,,,,,,,,,1,,,,1.0,6.0,,2.0,4.0,2.0,2,,,,,,,,,,1.0,0.0,0.0,0.0,0.0,0.0,1,50000.0,0.0,1.0,1.0,1.0,1.0,1.0,0.0,1.0,1.0,1.0,0.0,0.0,0.0,2.0,,,,,,,,,,,,,,,,,,,,,,,,,,,,,985,985.0,U,3,280,6325,Robo total de vehículo,En su vivienda,Hombre
16548,1405741.01,1405741.01.01,1405741.01.01.01,1405741.01.01.01.05.1,1405741,1,1,1,1,5,1,A,1,51,2.0,5,14,39,3,1,,,,,,1.0,1.0,2.0,2.0,1.0,0.0,0.0,3.0,1.0,0.0,0.0,0.0,0.0,0.0,1.0,0.0,0.0,0.0,1.0,0.0,2.0,,,,,,,1.0,0.0,0.0,0.0,0.0,0.0,0.0,0.0,1.0,2,,,4.0,,,,,,,2,,,,,,,,,,,,,,,,1,500.0,0.0,1.0,0.0,0.0,0.0,0.0,0.0,0.0,0.0,0.0,0.0,0.0,0.0,,1.0,0.0,0.0,0.0,0.0,0.0,0.0,0.0,0.0,0.0,0.0,0.0,0.0,,,,,,,,,,,,,,,,3050,3050.0,U,2,279,6229,Robo en calle (a transeúnte),En su vivienda,Hombre
16549,1404547.01,1404547.01.01,1404547.01.01.01,1404547.01.01.01.10.1,1404547,1,1,1,2,10,1,A,1,54,2.0,4,14,39,2,1,0.0,0.0,1.0,0.0,0.0,1.0,1.0,1.0,6.0,1.0,1.0,0.0,2.0,1.0,1.0,0.0,0.0,0.0,0.0,1.0,0.0,0.0,0.0,1.0,0.0,1.0,1.0,0.0,0.0,0.0,0.0,2.0,2.0,,,,,,,,,1,,,,1.0,2.0,,3.0,4.0,3.0,2,,,,,,,,,,0.0,0.0,0.0,0.0,1.0,0.0,3,0.0,0.0,,,,,,,,,,,,,,,,,,,,,,,,,,,,,,,,,,,,,,,,,,1676,1676.0,U,3,280,6379,Amenazas/intimidación,En su vivienda,Hombre
16550,1417689.05,1417689.05.01,1417689.05.01.01,1417689.05.01.01.02.1,1417689,5,1,1,1,2,1,A,2,58,2.0,5,14,39,2,1,,,,,,2.0,,,,,,,,,,,,,,,,,,,,,,,,,,,,,,,,,,,,2,2.0,,6.0,,,,,,,2,,,,,,,,,,,,,,,,1,20000.0,0.0,0.0,0.0,0.0,1.0,0.0,0.0,0.0,1.0,0.0,0.0,0.0,0.0,,,,,,,,,,,,,,,,,,,,,,,,,,,,,,995,995.0,U,2,279,6238,Robo de accesorios de vehículo,En su vivienda,Mujer
16551,1403057.03,1403057.03.01,1403057.03.01.01,1403057.03.01.01.07.1,1403057,3,1,1,1,7,1,A,2,56,2.0,12,14,39,1,2,0.0,1.0,0.0,0.0,0.0,,,,,,,,,,,,,,,,,,,,,,,,,,,,,,,,,,,,,2,,,7.0,,,,,,,2,,,,,,,,,,,,,,,,3,0.0,0.0,0.0,0.0,1.0,1.0,0.0,0.0,0.0,0.0,1.0,0.0,0.0,0.0,,,,,,,,,,,,,,,,4.0,,,,,,,,,,,,,,3184,3184.0,U,3,280,6300,Robo en banco/cajero,En su vivienda,Mujer
16552,1404547.05,1404547.05.01,1404547.05.01.01,1404547.05.01.01.02.1,1404547,5,1,1,1,2,1,A,1,51,2.0,2,14,39,4,1,,,,,,2.0,,,,,,,,,,,,,,,,,,,,,,,,,,,,,,,,,,,,2,2.0,,6.0,,,,,,,1,1.0,0.0,0.0,0.0,0.0,0.0,0.0,0.0,0.0,0.0,0.0,0.0,0.0,1.0,0.0,1,1000.0,0.0,1.0,0.0,0.0,0.0,0.0,0.0,0.0,1.0,0.0,0.0,0.0,0.0,,,,,,,,,,,,,,,,,,,,,,,,,,,,,,838,838.0,U,3,280,6379,Robo de accesorios de vehículo,En su vivienda,Hombre
16553,1403432.01,1403432.01.01,1403432.01.01.02,1403432.01.01.02.02.1,1403432,1,1,1,2,2,2,A,2,39,2.0,99,14,39,2,1,,,,,,2.0,,,,,,,,,,,,,,,,,,,,,,,,,,,,,,,,,,,,1,,,,1.0,6.0,,2.0,3.0,2.0,2,,,,,,,,,,0.0,0.0,0.0,0.0,1.0,0.0,1,9999999.0,0.0,,,,,,,,,,,,,,,,,,,,,,,,,,,,,,,,,,,,,,,,,,954,954.0,U,3,280,6348,Robo de accesorios de vehículo,En su vivienda,Mujer
16555,1405713.03,1405713.03.01,1405713.03.01.01,1405713.03.01.01.12.1,1405713,3,1,1,1,12,1,A,2,38,2.0,11,14,39,2,1,,,,,,1.0,1.0,2.0,3.0,1.0,0.0,0.0,8.0,1.0,0.0,0.0,0.0,0.0,0.0,1.0,0.0,0.0,0.0,0.0,1.0,9.0,,,,,,,2.0,,,,,,,,,1,,,,1.0,6.0,,3.0,3.0,3.0,2,,,,,,,,,,0.0,0.0,0.0,1.0,0.0,0.0,1,9000.0,0.0,0.0,1.0,0.0,1.0,0.0,1.0,1.0,0.0,1.0,0.0,0.0,0.0,,,,,,,,,,,,,,,,,,,,,,,,,,2.0,1.0,1.0,,855,855.0,U,3,280,6377,Secuestro,En su vivienda,Mujer
16556,1405520.03,1405520.03.01,1405520.03.01.01,1405520.03.01.01.09.1,1405520,3,1,1,1,9,1,A,2,33,2.0,8,14,39,2,2,0.0,1.0,0.0,0.0,0.0,2.0,,,,,,,,,,,,,,,,,,,,,,,,,,,,,,,,,,,,2,,,3.0,,,,,,,2,,,,,,,,,,,,,,,,1,3500.0,0.0,1.0,1.0,1.0,1.0,0.0,0.0,1.0,1.0,1.0,0.0,0.0,0.0,,,,,,,,,,,,,,,,,3.0,,,,,1.0,0.0,0.0,1.0,,,,,1374,1374.0,U,3,280,6388,Extorsión,En su vivienda,Mujer
16557,1404900.02,1404900.02.01,1404900.02.01.02,1404900.02.01.02.03.1,1404900,2,1,1,1,3,2,A,1,46,2.0,2,14,39,4,2,,,,,,2.0,,,,,,,,,,,,,,,,,,,,,,,,,,,,,,,,,,,,2,2.0,,8.0,,,,,,,2,,,,,,,,,,,,,,,,1,0.0,0.0,1.0,0.0,1.0,0.0,0.0,0.0,0.0,0.0,0.0,0.0,0.0,0.0,,,,,,,,,,,,,,,,,,,,,,,,,,,,,,761,761.0,U,2,279,6285,Robo en vivienda,En su vivienda,Hombre
16558,1414674.04,1414674.04.01,1414674.04.01.01,1414674.04.01.01.02.1,1414674,4,1,1,1,2,1,A,2,52,2.0,12,14,39,1,4,,,,,,2.0,,,,,,,,,,,,,,,,,,,,,,,,,,,,,,,,,,,,2,2.0,,5.0,,,,,,,2,,,,,,,,,,,,,,,,1,2700.0,0.0,1.0,1.0,1.0,1.0,0.0,0.0,0.0,0.0,1.0,0.0,0.0,0.0,,,,,,,,,,,,,,,,,,,,,,,,,,,,,,962,962.0,U,3,280,6338,Robo de accesorios de vehículo,En su vivienda,Mujer
16559,1405460.03,1405460.03.03,1405460.03.03.01,1405460.03.03.01.04.1,1405460,3,3,1,1,4,1,A,1,37,2.0,12,14,39,4,2,,,,,,2.0,,,,,,,,,,,,,,,,,,,,,,,,,,,,,,,,,,,,2,2.0,,4.0,,,,,,,2,,,,,,,,,,,,,,,,1,12000.0,0.0,1.0,0.0,1.0,1.0,0.0,0.0,0.0,1.0,1.0,0.0,0.0,0.0,,0.0,0.0,1.0,1.0,0.0,0.0,0.0,0.0,0.0,0.0,0.0,0.0,0.0,2.0,,,,,,,,,,,,,,,869,869.0,U,3,280,6374,Robo en transporte público,En su vivienda,Hombre
16560,1403198.03,1403198.03.01,1403198.03.01.01,1403198.03.01.01.02.1,1403198,3,1,1,1,2,1,A,1,72,2.0,4,14,39,4,1,,,,,,2.0,,,,,,,,,,,,,,,,,,,,,,,,,,,,,,,,,,,,2,2.0,,4.0,,,,,,,2,,,,,,,,,,,,,,,,1,5000.0,0.0,0.0,0.0,0.0,0.0,0.0,0.0,0.0,1.0,0.0,0.0,0.0,0.0,,,,,,,,,,,,,,,,,,,,,,,,,,,,,,927,927.0,U,3,280,6361,Robo de accesorios de vehículo,En su vivienda,Hombre
16561,1417141.02,1417141.02.01,1417141.02.01.01,1417141.02.01.01.02.1,1417141,2,1,1,1,2,1,A,1,70,2.0,6,14,39,2,5,,,,,,2.0,,,,,,,,,,,,,,,,,,,,,,,,,,,,,,,,,,,,2,2.0,,3.0,,,,,,,2,,,,,,,,,,,,,,,,1,1500.0,0.0,0.0,0.0,0.0,1.0,0.0,0.0,0.0,0.0,0.0,0.0,0.0,0.0,,,,,,,,,,,,,,,,,,,,,,,,,,,,,,997,997.0,U,2,279,6237,Robo de accesorios de vehículo,En su vivienda,Hombre
16562,1402117.01,1402117.01.01,1402117.01.01.02,1402117.01.01.02.02.1,1402117,1,1,1,1,2,2,A,2,58,2.0,10,14,39,4,4,,,,,,2.0,,,,,,,,,,,,,,,,,,,,,,,,,,,,,,,,,,,,2,2.0,,5.0,,,,,,,2,,,,,,,,,,,,,,,,1,18000.0,0.0,,,,,,,,,,,,,,,,,,,,,,,,,,,,,,,,,,,,,,,,,,1277,1277.0,C,2,301,6592,Robo de accesorios de vehículo,En su vivienda,Mujer
16563,1405741.02,1405741.02.01,1405741.02.01.02,1405741.02.01.02.03.1,1405741,2,1,1,1,3,2,A,2,22,2.0,2,14,39,4,2,,,,,,2.0,,,,,,,,,,,,,,,,,,,,,,,,,,,,,,,,,,,,2,2.0,,4.0,,,,,,,2,,,,,,,,,,,,,,,,1,200.0,0.0,,,,,,,,,,,,,,,,,,,,,,,,,,,,,,,,,,,,,,,,,,1017,1017.0,U,2,279,6229,Robo en vivienda,En su vivienda,Mujer
16564,1418192.03,1418192.03.01,1418192.03.01.02,1418192.03.01.02.02.2,1418192,3,1,2,2,2,2,A,2,45,2.0,3,14,39,2,4,,,,,,2.0,,,,,,,,,,,,,,,,,,,,,,,,,,,,,,,,,,,,2,2.0,,4.0,,,,,,,2,,,,,,,,,,,,,,,,1,6000.0,0.0,,,,,,,,,,,,,,,,,,,,,,,,,,,,,,,,,,,,,,,,,,1450,1450.0,U,4,281,6390,Robo de accesorios de vehículo,En su vivienda,Mujer
16565,1403886.05,1403886.05.01,1403886.05.01.02,1403886.05.01.02.02.1,1403886,5,1,1,1,2,2,A,2,49,2.0,5,14,39,4,1,,,,,,2.0,,,,,,,,,,,,,,,,,,,,,,,,,,,,,,,,,,,,2,2.0,,6.0,,,,,,,2,,,,,,,,,,,,,,,,1,1000.0,0.0,0.0,0.0,1.0,0.0,0.0,0.0,0.0,0.0,0.0,0.0,0.0,0.0,,,,,,,,,,,,,,,,,,,,,,,,,,,,,,1145,1145.0,U,4,281,6411,Robo de accesorios de vehículo,En su vivienda,Mujer
16566,1417661.03,1417661.03.01,1417661.03.01.01,1417661.03.01.01.07.1,1417661,3,1,1,1,7,1,A,1,37,2.0,2,14,39,2,5,0.0,0.0,1.0,0.0,0.0,,,,,,,,,,,,,,,,,,,,,,,,,,,,,,,,,,,,,2,,,4.0,,,,,,,2,,,,,,,,,,,,,,,,1,110000.0,0.0,1.0,1.0,1.0,1.0,1.0,1.0,1.0,1.0,1.0,0.0,0.0,0.0,,,,,,,,,,,,,,,,6.0,,,,,,,,,,,,,,1862,1862.0,U,2,279,6251,Robo en banco/cajero,En su vivienda,Hombre
16567,1402838.01,1402838.01.01,1402838.01.01.01,1402838.01.01.01.01.1,1402838,1,1,1,1,1,1,A,1,60,2.0,11,14,39,4,1,,,,,,2.0,,,,,,,,,,,,,,,,,,,,,,,,,,,,,,,,,,,,1,,,,1.0,6.0,,3.0,5.0,3.0,2,,,,,,,,,,0.0,0.0,0.0,0.0,1.0,0.0,1,150000.0,0.0,0.0,1.0,1.0,1.0,0.0,0.0,0.0,1.0,1.0,0.0,0.0,0.0,2.0,,,,,,,,,,,,,,,,,,,,,,,,,,,,,1032,1032.0,U,3,280,6309,Robo total de vehículo,En su vivienda,Hombre
16569,1412256.03,1412256.03.01,1412256.03.01.03,1412256.03.01.03.10.1,1412256,3,1,1,1,10,3,A,1,19,2.0,4,14,39,1,5,0.0,1.0,0.0,0.0,0.0,1.0,1.0,1.0,1.0,1.0,0.0,0.0,5.0,1.0,0.0,0.0,0.0,0.0,0.0,2.0,0.0,0.0,0.0,1.0,0.0,2.0,,,,,,,2.0,,,,,,,,,2,,,3.0,,,,,,,2,,,,,,,,,,,,,,,,5,,,1.0,1.0,1.0,1.0,1.0,1.0,1.0,1.0,1.0,0.0,0.0,0.0,,,,,,,,,,,,,,,,,,,,,,,,,,,,,,2779,2779.0,U,3,280,6362,Amenazas/intimidación,En su vivienda,Hombre
16570,1404079.04,1404079.04.01,1404079.04.01.01,1404079.04.01.01.05.1,1404079,4,1,1,1,5,1,A,1,25,2.0,6,14,39,2,1,,,,,,1.0,1.0,1.0,2.0,1.0,0.0,0.0,8.0,1.0,0.0,0.0,0.0,0.0,0.0,1.0,0.0,0.0,0.0,0.0,1.0,1.0,1.0,0.0,0.0,0.0,0.0,1.0,,0.0,0.0,0.0,0.0,0.0,0.0,0.0,1.0,2,,,4.0,,,,,,,2,,,,,,,,,,,,,,,,1,1000.0,300.0,0.0,1.0,1.0,1.0,0.0,1.0,1.0,1.0,1.0,0.0,0.0,0.0,,0.0,0.0,0.0,0.0,0.0,0.0,1.0,0.0,1.0,0.0,0.0,0.0,0.0,,,,,,,,,,,,,,,,1553,1553.0,U,3,280,6384,Robo en calle (a transeúnte),En su vivienda,Hombre
16571,1405018.02,1405018.02.01,1405018.02.01.01,1405018.02.01.01.08.1,1405018,2,1,1,1,8,1,A,2,49,2.0,12,14,39,1,2,1.0,0.0,0.0,0.0,0.0,,,,,,,,,,,,,,,,,,,,,,,,,,,,,,,,,,,,,2,,,4.0,,,,,,,2,,,,,,,,,,,,,,,,1,3500.0,0.0,0.0,1.0,0.0,0.0,0.0,0.0,0.0,0.0,0.0,0.0,0.0,0.0,,,,,,,,,,,,,,,,1.0,,,,,,,,,,,,,,1795,1795.0,U,3,280,6369,Fraude bancario,En su vivienda,Mujer
16572,1405531.04,1405531.04.02,1405531.04.02.01,1405531.04.02.01.03.1,1405531,4,2,1,1,3,1,A,2,34,2.0,8,14,39,3,2,,,,,,2.0,,,,,,,,,,,,,,,,,,,,,,,,,,,,,,,,,,,,2,2.0,,4.0,,,,,,,2,,,,,,,,,,,,,,,,1,200.0,0.0,,,,,,,,,,,,,,,,,,,,,,,,,,,,,,,,,,,,,,,,,,959,959.0,U,2,279,6248,Robo en vivienda,En su vivienda,Mujer
16574,1401538.01,1401538.01.01,1401538.01.01.02,1401538.01.01.02.07.1,1401538,1,1,1,1,7,2,A,2,42,2.0,1,14,39,1,4,0.0,0.0,1.0,0.0,0.0,,,,,,,,,,,,,,,,,,,,,,,,,,,,,,,,,,,,,2,,,5.0,,,,,,,2,,,,,,,,,,,,,,,,1,500000.0,0.0,0.0,0.0,0.0,0.0,0.0,0.0,0.0,0.0,0.0,0.0,1.0,0.0,,,,,,,,,,,,,,,,6.0,,,,,,,,,,,,,,1396,1396.0,U,2,291,6536,Robo en banco/cajero,En su vivienda,Mujer
16575,1404608.01,1404608.01.01,1404608.01.01.02,1404608.01.01.02.05.1,1404608,1,1,1,1,5,2,A,2,42,2.0,12,14,39,2,1,,,,,,1.0,1.0,2.0,2.0,1.0,0.0,0.0,5.0,1.0,0.0,0.0,0.0,0.0,0.0,2.0,0.0,0.0,0.0,1.0,0.0,1.0,1.0,0.0,0.0,0.0,0.0,2.0,2.0,,,,,,,,,2,,,4.0,,,,,,,2,,,,,,,,,,,,,,,,1,6000.0,3000.0,1.0,1.0,1.0,1.0,1.0,1.0,1.0,1.0,1.0,0.0,0.0,0.0,,0.0,0.0,0.0,0.0,1.0,0.0,0.0,0.0,1.0,0.0,0.0,0.0,0.0,,,,,,,,,,,,,,,,2302,2302.0,U,4,281,6407,Robo en calle (a transeúnte),En su vivienda,Mujer
16576,1404547.01,1404547.01.01,1404547.01.01.01,1404547.01.01.01.10.2,1404547,1,1,2,2,10,1,A,1,54,2.0,8,14,39,1,1,0.0,0.0,1.0,0.0,0.0,1.0,1.0,2.0,4.0,1.0,1.0,0.0,3.0,1.0,0.0,0.0,0.0,0.0,0.0,1.0,1.0,0.0,0.0,0.0,0.0,1.0,0.0,1.0,0.0,0.0,0.0,2.0,2.0,,,,,,,,,2,,,6.0,,,,,,,2,,,,,,,,,,,,,,,,3,0.0,0.0,0.0,0.0,0.0,0.0,0.0,0.0,0.0,0.0,1.0,0.0,0.0,0.0,,,,,,,,,,,,,,,,,,,,,,,,,,,,,,1676,1676.0,U,3,280,6379,Amenazas/intimidación,En su vivienda,Hombre
16577,1417720.01,1417720.01.01,1417720.01.01.04,1417720.01.01.04.02.1,1417720,1,1,1,1,2,4,A,2,69,2.0,10,14,39,9,1,,,,,,2.0,,,,,,,,,,,,,,,,,,,,,,,,,,,,,,,,,,,,1,,,,1.0,4.0,,4.0,2.0,2.0,2,,,,,,,,,,1.0,0.0,0.0,0.0,0.0,0.0,1,9999999.0,0.0,0.0,1.0,0.0,1.0,0.0,0.0,0.0,0.0,0.0,0.0,0.0,0.0,,,,,,,,,,,,,,,,,,,,,,,,,,,,,,949,949.0,U,4,281,6470,Robo de accesorios de vehículo,En su vivienda,Mujer
16578,1413897.01,1413897.01.01,1413897.01.01.01,1413897.01.01.01.10.1,1413897,1,1,1,1,10,1,A,1,40,2.0,6,14,39,3,1,0.0,0.0,1.0,0.0,0.0,1.0,1.0,2.0,3.0,1.0,0.0,0.0,8.0,1.0,0.0,0.0,0.0,0.0,0.0,2.0,1.0,0.0,0.0,0.0,0.0,2.0,,,,,,,1.0,1.0,0.0,0.0,0.0,0.0,0.0,0.0,0.0,2,,,6.0,,,,,,,2,,,,,,,,,,,,,,,,2,0.0,0.0,0.0,0.0,0.0,1.0,0.0,1.0,0.0,0.0,1.0,0.0,0.0,0.0,,,,,,,,,,,,,,,,,,,,,,,,,,,,,,2559,2559.0,U,4,281,6478,Amenazas/intimidación,En su vivienda,Hombre
16579,1405272.01,1405272.01.01,1405272.01.01.02,1405272.01.01.02.05.1,1405272,1,1,1,1,5,2,A,2,29,2.0,10,14,39,3,1,,,,,,1.0,1.0,2.0,2.0,1.0,0.0,0.0,2.0,1.0,0.0,0.0,0.0,0.0,0.0,2.0,0.0,0.0,0.0,0.0,1.0,1.0,0.0,1.0,0.0,0.0,0.0,2.0,2.0,,,,,,,,,2,,,4.0,,,,,,,2,,,,,,,,,,,,,,,,1,2000.0,0.0,,,,,,,,,,,,,,0.0,0.0,0.0,0.0,0.0,0.0,0.0,0.0,1.0,0.0,0.0,0.0,0.0,,,,,,,,,,,,,,,,2424,2424.0,U,4,281,6394,Robo en calle (a transeúnte),En su vivienda,Mujer
16581,1405681.05,1405681.05.01,1405681.05.01.01,1405681.05.01.01.07.2,1405681,5,1,2,2,7,1,A,1,30,2.0,4,14,39,1,4,1.0,0.0,0.0,0.0,0.0,,,,,,,,,,,,,,,,,,,,,,,,,,,,,,,,,,,,,2,,,4.0,,,,,,,1,0.0,0.0,0.0,0.0,0.0,0.0,0.0,1.0,0.0,0.0,0.0,0.0,0.0,1.0,0.0,1,9000.0,0.0,0.0,1.0,0.0,0.0,0.0,0.0,0.0,1.0,0.0,0.0,0.0,0.0,,,,,,,,,,,,,,,,1.0,,,,,,,,,,,,,,882,882.0,U,4,281,6477,Robo en banco/cajero,En su vivienda,Hombre
16582,1416352.05,1416352.05.01,1416352.05.01.01,1416352.05.01.01.08.1,1416352,5,1,1,1,8,1,A,1,29,2.0,12,14,39,1,4,0.0,0.0,1.0,0.0,0.0,,,,,,,,,,,,,,,,,,,,,,,,,,,,,,,,,,,,,2,,,3.0,,,,,,,2,,,,,,,,,,,,,,,,1,6000.0,0.0,1.0,1.0,1.0,1.0,0.0,0.0,0.0,0.0,1.0,0.0,0.0,0.0,,,,,,,,,,,,,,,,1.0,,,,,,,,,,,,,,1174,1174.0,U,4,281,6402,Fraude bancario,En su vivienda,Hombre
16583,1404011.03,1404011.03.01,1404011.03.01.01,1404011.03.01.01.07.1,1404011,3,1,1,1,7,1,A,1,45,2.0,9,14,39,4,2,1.0,0.0,0.0,0.0,0.0,,,,,,,,,,,,,,,,,,,,,,,,,,,,,,,,,,,,,2,,,4.0,,,,,,,2,,,,,,,,,,,,,,,,1,6000.0,0.0,0.0,0.0,0.0,0.0,0.0,0.0,0.0,1.0,0.0,0.0,0.0,0.0,,,,,,,,,,,,,,,,4.0,,,,,,,,,,,,,,1112,1112.0,U,4,281,6420,Robo en banco/cajero,En su vivienda,Hombre
16584,1412264.07,1412264.07.01,1412264.07.01.01,1412264.07.01.01.05.1,1412264,7,1,1,1,5,1,A,1,57,2.0,12,14,39,2,1,,,,,,1.0,1.0,2.0,3.0,1.0,0.0,0.0,4.0,1.0,0.0,0.0,0.0,0.0,0.0,1.0,1.0,0.0,0.0,0.0,0.0,1.0,1.0,0.0,0.0,0.0,0.0,2.0,2.0,,,,,,,,,2,,,7.0,,,,,,,2,,,,,,,,,,,,,,,,1,7000.0,0.0,0.0,0.0,1.0,1.0,0.0,0.0,0.0,1.0,0.0,0.0,0.0,0.0,,0.0,0.0,0.0,0.0,0.0,0.0,1.0,0.0,0.0,0.0,0.0,0.0,0.0,,,,,,,,,,,,,,,,4068,4068.0,C,2,299,6583,Robo en calle (a transeúnte),En su vivienda,Hombre
16585,1405520.05,1405520.05.01,1405520.05.01.02,1405520.05.01.02.09.1,1405520,5,1,1,1,9,2,A,2,38,2.0,4,14,39,2,2,0.0,1.0,0.0,0.0,0.0,2.0,,,,,,,,,,,,,,,,,,,,,,,,,,,,,,,,,,,,2,,,7.0,,,,,,,2,,,,,,,,,,,,,,,,3,0.0,0.0,1.0,1.0,1.0,1.0,1.0,1.0,1.0,1.0,1.0,0.0,0.0,0.0,,,,,,,,,,,,,,,,,3.0,,,,,1.0,0.0,0.0,3.0,,,,,2748,2748.0,U,3,280,6388,Extorsión,En su vivienda,Mujer
16586,1403306.04,1403306.04.01,1403306.04.01.05,1403306.04.01.05.03.1,1403306,4,1,1,1,3,5,A,2,36,2.0,7,14,39,4,2,,,,,,2.0,,,,,,,,,,,,,,,,,,,,,,,,,,,,,,,,,,,,2,2.0,,3.0,,,,,,,2,,,,,,,,,,,,,,,,1,600.0,0.0,1.0,1.0,1.0,1.0,1.0,1.0,1.0,1.0,1.0,0.0,0.0,0.0,,,,,,,,,,,,,,,,,,,,,,,,,,,,,,773,773.0,U,2,279,6284,Robo en vivienda,En su vivienda,Mujer
16587,1405681.04,1405681.04.01,1405681.04.01.01,1405681.04.01.01.01.1,1405681,4,1,1,1,1,1,A,1,65,2.0,5,14,39,1,2,,,,,,1.0,1.0,2.0,4.0,1.0,0.0,0.0,8.0,1.0,0.0,0.0,0.0,0.0,0.0,2.0,0.0,1.0,0.0,0.0,0.0,1.0,1.0,0.0,0.0,0.0,0.0,2.0,1.0,1.0,0.0,0.0,0.0,0.0,0.0,0.0,0.0,2,2.0,,6.0,,,,,,,2,,,,,,,,,,,,,,,,1,200000.0,0.0,,,,,,,,,,,,,1.0,,,,,,,,,,,,,,,,,,,,,,,,,,,,,882,882.0,U,4,281,6477,Robo total de vehículo,En su vivienda,Hombre
16588,1405520.03,1405520.03.03,1405520.03.03.01,1405520.03.03.01.03.1,1405520,3,3,1,1,3,1,A,2,34,2.0,4,14,39,4,2,,,,,,2.0,,,,,,,,,,,,,,,,,,,,,,,,,,,,,,,,,,,,2,2.0,,4.0,,,,,,,2,,,,,,,,,,,,,,,,1,350.0,0.0,1.0,1.0,1.0,1.0,0.0,0.0,0.0,0.0,1.0,0.0,0.0,0.0,,,,,,,,,,,,,,,,,,,,,,,,,,,,,,687,687.0,U,3,280,6388,Robo en vivienda,En su vivienda,Mujer
16589,1405780.01,1405780.01.01,1405780.01.01.03,1405780.01.01.03.05.2,1405780,1,1,2,2,5,3,A,2,29,2.0,1,14,39,1,1,,,,,,1.0,1.0,1.0,1.0,1.0,0.0,0.0,4.0,1.0,0.0,0.0,0.0,0.0,0.0,2.0,0.0,0.0,0.0,1.0,0.0,2.0,,,,,,,2.0,,,,,,,,,1,,,,1.0,9.0,,2.0,2.0,1.0,2,,,,,,,,,,1.0,0.0,0.0,0.0,0.0,0.0,1,29000.0,0.0,0.0,1.0,1.0,1.0,0.0,1.0,0.0,1.0,1.0,0.0,0.0,0.0,,0.0,0.0,0.0,0.0,0.0,0.0,1.0,1.0,1.0,0.0,0.0,0.0,0.0,,,,,,,,,,,,,,,,2955,2955.0,U,3,280,6325,Robo en calle (a transeúnte),En su vivienda,Mujer
16590,1413897.04,1413897.04.01,1413897.04.01.02,1413897.04.01.02.05.2,1413897,4,1,2,2,5,2,A,2,55,2.0,12,14,39,2,4,,,,,,1.0,1.0,2.0,2.0,1.0,0.0,0.0,9.0,1.0,0.0,0.0,0.0,0.0,0.0,2.0,0.0,0.0,0.0,0.0,1.0,9.0,,,,,,,2.0,,,,,,,,,2,,,4.0,,,,,,,2,,,,,,,,,,,,,,,,1,12000.0,8000.0,1.0,0.0,0.0,0.0,0.0,0.0,0.0,0.0,1.0,0.0,0.0,0.0,,0.0,0.0,0.0,0.0,0.0,0.0,1.0,0.0,0.0,0.0,0.0,0.0,0.0,,,,,,,,,,,,,,,,3413,3413.0,U,4,281,6478,Robo en calle (a transeúnte),En su vivienda,Mujer
16591,1402838.05,1402838.05.01,1402838.05.01.02,1402838.05.01.02.05.1,1402838,5,1,1,1,5,2,A,2,33,2.0,12,14,39,3,1,,,,,,1.0,1.0,2.0,1.0,1.0,0.0,0.0,4.0,1.0,0.0,0.0,0.0,0.0,0.0,2.0,0.0,0.0,0.0,0.0,1.0,1.0,0.0,1.0,0.0,0.0,0.0,2.0,2.0,,,,,,,,,2,,,4.0,,,,,,,2,,,,,,,,,,,,,,,,1,2000.0,0.0,1.0,0.0,0.0,1.0,0.0,0.0,0.0,0.0,1.0,0.0,0.0,0.0,,0.0,0.0,0.0,0.0,0.0,0.0,0.0,0.0,1.0,0.0,0.0,0.0,0.0,,,,,,,,,,,,,,,,2063,2063.0,U,3,280,6309,Robo en calle (a transeúnte),En su vivienda,Mujer
16592,1405520.04,1405520.04.01,1405520.04.01.01,1405520.04.01.01.02.1,1405520,4,1,1,1,2,1,A,1,52,2.0,7,14,39,2,1,,,,,,2.0,,,,,,,,,,,,,,,,,,,,,,,,,,,,,,,,,,,,2,2.0,,4.0,,,,,,,2,,,,,,,,,,,,,,,,1,1000.0,0.0,,,,,,,,,,,,,,,,,,,,,,,,,,,,,,,,,,,,,,,,,,687,687.0,U,3,280,6388,Robo de accesorios de vehículo,En su vivienda,Hombre
16593,1403267.03,1403267.03.01,1403267.03.01.01,1403267.03.01.01.03.1,1403267,3,1,1,1,3,1,A,2,51,2.0,3,14,39,3,2,,,,,,2.0,,,,,,,,,,,,,,,,,,,,,,,,,,,,,,,,,,,,2,2.0,,4.0,,,,,,,2,,,,,,,,,,,,,,,,1,2000.0,0.0,,,,,,,,,,,,,,,,,,,,,,,,,,,,,,,,,,,,,,,,,,1072,1072.0,U,4,281,6439,Robo en vivienda,En su vivienda,Mujer
16594,1402838.03,1402838.03.01,1402838.03.01.01,1402838.03.01.01.02.1,1402838,3,1,1,1,2,1,A,1,48,2.0,6,14,39,3,1,,,,,,2.0,,,,,,,,,,,,,,,,,,,,,,,,,,,,,,,,,,,,1,,,,1.0,2.0,,3.0,1.0,3.0,1,0.0,1.0,0.0,0.0,0.0,0.0,0.0,0.0,0.0,1.0,0.0,0.0,0.0,0.0,0.0,1,15000.0,0.0,0.0,1.0,1.0,1.0,0.0,0.0,0.0,1.0,1.0,0.0,0.0,0.0,,,,,,,,,,,,,,,,,,,,,,,,,,,,,,1032,1032.0,U,3,280,6309,Robo de accesorios de vehículo,En su vivienda,Hombre
16595,1404547.01,1404547.01.01,1404547.01.01.01,1404547.01.01.01.02.2,1404547,1,1,2,3,2,1,A,1,54,2.0,6,14,39,3,1,,,,,,2.0,,,,,,,,,,,,,,,,,,,,,,,,,,,,,,,,,,,,2,2.0,,6.0,,,,,,,2,,,,,,,,,,,,,,,,1,10000.0,0.0,,,,,,,,,,,,,,,,,,,,,,,,,,,,,,,,,,,,,,,,,,838,838.0,U,3,280,6379,Robo de accesorios de vehículo,En su vivienda,Hombre
16597,1403306.02,1403306.02.01,1403306.02.01.01,1403306.02.01.01.08.1,1403306,2,1,1,2,8,1,A,2,33,2.0,8,14,39,3,8,1.0,0.0,0.0,0.0,0.0,,,,,,,,,,,,,,,,,,,,,,,,,,,,,,,,,,,,,2,,,3.0,,,,,,,2,,,,,,,,,,,,,,,,1,1000.0,0.0,,,,,,,,,,,,,,,,,,,,,,,,,,,,1.0,,,,,,,,,,,,,,773,773.0,U,2,279,6284,Fraude bancario,En su vivienda,Mujer
16598,1412256.03,1412256.03.01,1412256.03.01.03,1412256.03.01.03.09.2,1412256,3,1,2,3,9,3,A,1,19,2.0,3,14,39,1,5,0.0,1.0,0.0,0.0,0.0,1.0,1.0,1.0,1.0,1.0,0.0,0.0,4.0,1.0,0.0,0.0,0.0,0.0,0.0,2.0,0.0,0.0,0.0,1.0,0.0,2.0,,,,,,,2.0,,,,,,,,,2,,,3.0,,,,,,,2,,,,,,,,,,,,,,,,5,,,,,,,,,,,,,,,,,,,,,,,,,,,,,,,3.0,,,,,0.0,1.0,0.0,3.0,,,,,2779,2779.0,U,3,280,6362,Extorsión,En su vivienda,Hombre
16599,1415923.05,1415923.05.01,1415923.05.01.03,1415923.05.01.03.08.2,1415923,5,1,2,3,8,3,A,1,24,2.0,1,14,39,3,5,1.0,0.0,0.0,0.0,0.0,,,,,,,,,,,,,,,,,,,,,,,,,,,,,,,,,,,,,2,,,5.0,,,,,,,2,,,,,,,,,,,,,,,,1,800.0,0.0,,,,,,,,,,,,,,,,,,,,,,,,,,,,1.0,,,,,,,,,,,,,,3345,3345.0,U,4,281,6419,Fraude bancario,En su vivienda,Hombre
16600,1418192.03,1418192.03.01,1418192.03.01.02,1418192.03.01.02.02.1,1418192,3,1,1,2,2,2,A,2,45,2.0,6,14,39,1,1,,,,,,2.0,,,,,,,,,,,,,,,,,,,,,,,,,,,,,,,,,,,,1,,,,1.0,3.0,,2.0,5.0,3.0,2,,,,,,,,,,0.0,1.0,0.0,0.0,0.0,0.0,1,4000.0,9999999.0,,,,,,,,,,,,,,,,,,,,,,,,,,,,,,,,,,,,,,,,,,1450,1450.0,U,4,281,6390,Robo de accesorios de vehículo,En su vivienda,Mujer
16601,1418689.02,1418689.02.01,1418689.02.01.04,1418689.02.01.04.02.1,1418689,2,1,1,1,2,4,A,2,54,2.0,3,14,39,2,1,,,,,,2.0,,,,,,,,,,,,,,,,,,,,,,,,,,,,,,,,,,,,2,2.0,,4.0,,,,,,,2,,,,,,,,,,,,,,,,1,10000.0,0.0,1.0,1.0,1.0,1.0,1.0,0.0,1.0,1.0,0.0,0.0,0.0,0.0,,,,,,,,,,,,,,,,,,,,,,,,,,,,,,892,892.0,C,2,295,6554,Robo de accesorios de vehículo,En su vivienda,Mujer
16602,1413897.04,1413897.04.01,1413897.04.01.02,1413897.04.01.02.05.1,1413897,4,1,1,2,5,2,A,2,55,2.0,5,14,39,2,1,,,,,,1.0,1.0,2.0,2.0,1.0,0.0,0.0,4.0,1.0,0.0,0.0,0.0,0.0,0.0,2.0,0.0,0.0,0.0,0.0,1.0,1.0,1.0,0.0,0.0,0.0,0.0,2.0,2.0,,,,,,,,,1,,,,1.0,6.0,,3.0,3.0,2.0,2,,,,,,,,,,0.0,0.0,0.0,0.0,1.0,0.0,1,10000.0,0.0,,,,,,,,,,,,,,0.0,0.0,0.0,0.0,0.0,0.0,1.0,0.0,0.0,0.0,0.0,0.0,0.0,,,,,,,,,,,,,,,,3413,3413.0,U,4,281,6478,Robo en calle (a transeúnte),En su vivienda,Mujer
16603,1405272.03,1405272.03.01,1405272.03.01.01,1405272.03.01.01.02.1,1405272,3,1,1,1,2,1,A,1,23,2.0,1,14,39,2,1,,,,,,2.0,,,,,,,,,,,,,,,,,,,,,,,,,,,,,,,,,,,,2,2.0,,3.0,,,,,,,2,,,,,,,,,,,,,,,,1,10000.0,0.0,,,,,,,,,,,,,,,,,,,,,,,,,,,,,,,,,,,,,,,,,,1212,1212.0,U,4,281,6394,Robo de accesorios de vehículo,En su vivienda,Hombre
16604,1402818.03,1402818.03.01,1402818.03.01.04,1402818.03.01.04.02.1,1402818,3,1,1,1,2,4,A,1,27,2.0,1,14,39,4,1,,,,,,2.0,,,,,,,,,,,,,,,,,,,,,,,,,,,,,,,,,,,,2,2.0,,6.0,,,,,,,2,,,,,,,,,,,,,,,,1,15000.0,0.0,1.0,1.0,1.0,1.0,1.0,1.0,1.0,1.0,1.0,0.0,0.0,0.0,,,,,,,,,,,,,,,,,,,,,,,,,,,,,,975,975.0,U,2,279,6245,Robo de accesorios de vehículo,En su vivienda,Hombre
16605,1415923.05,1415923.05.01,1415923.05.01.03,1415923.05.01.03.11.1,1415923,5,1,1,1,11,3,A,1,24,2.0,2,14,39,3,5,,,,,,1.0,1.0,1.0,2.0,1.0,0.0,0.0,3.0,1.0,0.0,0.0,0.0,0.0,0.0,2.0,0.0,1.0,0.0,0.0,0.0,2.0,,,,,,,1.0,1.0,0.0,0.0,0.0,0.0,0.0,0.0,0.0,2,,,4.0,,,,,,,2,,,,,,,,,,,,,,,,2,0.0,0.0,0.0,0.0,1.0,0.0,0.0,0.0,0.0,0.0,0.0,0.0,0.0,0.0,,,,,,,,,,,,,,,,,,,,,,,,,,,,,,3345,3345.0,U,4,281,6419,Lesiones,En su vivienda,Hombre
16606,1405681.04,1405681.04.01,1405681.04.01.01,1405681.04.01.01.05.2,1405681,4,1,2,2,5,1,A,1,65,2.0,7,14,39,3,1,,,,,,1.0,1.0,2.0,1.0,1.0,0.0,0.0,3.0,1.0,0.0,0.0,0.0,0.0,0.0,2.0,0.0,0.0,0.0,0.0,1.0,2.0,,,,,,,2.0,,,,,,,,,2,,,6.0,,,,,,,2,,,,,,,,,,,,,,,,1,2000.0,0.0,,,,,,,,,,,,,,0.0,0.0,0.0,0.0,0.0,0.0,0.0,0.0,1.0,0.0,0.0,0.0,0.0,,,,,,,,,,,,,,,,882,882.0,U,4,281,6477,Robo en calle (a transeúnte),En su vivienda,Hombre
16607,1411162.02,1411162.02.01,1411162.02.01.02,1411162.02.01.02.08.1,1411162,2,1,1,1,8,2,A,1,33,2.0,10,14,39,1,4,0.0,0.0,1.0,0.0,0.0,,,,,,,,,,,,,,,,,,,,,,,,,,,,,,,,,,,,,2,,,4.0,,,,,,,2,,,,,,,,,,,,,,,,1,14000.0,0.0,,,,,,,,,,,,,,,,,,,,,,,,,,,,1.0,,,,,,,,,,,,,,1939,1939.0,U,3,286,6512,Fraude bancario,En su vivienda,Hombre
16608,1403306.02,1403306.02.01,1403306.02.01.01,1403306.02.01.01.08.2,1403306,2,1,2,2,8,1,A,2,33,2.0,7,14,39,2,2,1.0,0.0,0.0,0.0,0.0,,,,,,,,,,,,,,,,,,,,,,,,,,,,,,,,,,,,,2,,,3.0,,,,,,,2,,,,,,,,,,,,,,,,1,500.0,0.0,0.0,0.0,1.0,1.0,0.0,0.0,0.0,0.0,0.0,0.0,0.0,0.0,,,,,,,,,,,,,,,,1.0,,,,,,,,,,,,,,773,773.0,U,2,279,6284,Fraude bancario,En su vivienda,Mujer
16609,1405272.05,1405272.05.01,1405272.05.01.02,1405272.05.01.02.07.1,1405272,5,1,1,1,7,2,A,2,44,2.0,8,14,39,3,1,0.0,0.0,1.0,0.0,0.0,,,,,,,,,,,,,,,,,,,,,,,,,,,,,,,,,,,,,2,,,4.0,,,,,,,2,,,,,,,,,,,,,,,,1,7000.0,0.0,0.0,1.0,1.0,1.0,0.0,0.0,0.0,1.0,0.0,0.0,0.0,0.0,,,,,,,,,,,,,,,,4.0,,,,,,,,,,,,,,2424,2424.0,U,4,281,6394,Robo en banco/cajero,En su vivienda,Mujer
16610,1403254.04,1403254.04.01,1403254.04.01.01,1403254.04.01.01.08.1,1403254,4,1,1,1,8,1,A,2,73,2.0,10,14,39,1,2,0.0,1.0,0.0,0.0,0.0,,,,,,,,,,,,,,,,,,,,,,,,,,,,,,,,,,,,,1,,,,1.0,6.0,,3.0,4.0,4.0,1,0.0,0.0,0.0,0.0,0.0,0.0,1.0,0.0,0.0,0.0,0.0,0.0,0.0,1.0,0.0,1,18000.0,0.0,0.0,0.0,0.0,0.0,1.0,1.0,0.0,1.0,0.0,0.0,0.0,0.0,,,,,,,,,,,,,,,,1.0,,,,,,,,,,,,,,1907,1907.0,U,3,280,6347,Fraude bancario,En su vivienda,Mujer
16611,1403267.04,1403267.04.01,1403267.04.01.02,1403267.04.01.02.05.1,1403267,4,1,1,1,5,2,A,1,98,2.0,4,14,39,2,1,,,,,,1.0,1.0,2.0,2.0,1.0,0.0,0.0,4.0,1.0,0.0,0.0,0.0,0.0,0.0,1.0,0.0,0.0,0.0,1.0,0.0,1.0,1.0,0.0,0.0,0.0,0.0,2.0,1.0,1.0,1.0,0.0,0.0,0.0,0.0,0.0,0.0,2,,,5.0,,,,,,,2,,,,,,,,,,,,,,,,2,3000.0,1000.0,0.0,0.0,1.0,1.0,0.0,1.0,1.0,0.0,1.0,0.0,0.0,0.0,,0.0,0.0,0.0,0.0,0.0,0.0,0.0,1.0,1.0,0.0,0.0,0.0,0.0,,,,,,,,,,,,,,,,4288,4288.0,U,4,281,6439,Robo en calle (a transeúnte),En su vivienda,Hombre
16612,1405272.02,1405272.02.01,1405272.02.01.02,1405272.02.01.02.05.1,1405272,2,1,1,1,5,2,A,2,39,2.0,11,14,39,1,1,,,,,,1.0,1.0,2.0,1.0,1.0,0.0,0.0,3.0,1.0,0.0,0.0,0.0,0.0,0.0,1.0,0.0,0.0,0.0,1.0,0.0,9.0,,,,,,,9.0,,,,,,,,,1,,,,1.0,6.0,,2.0,2.0,3.0,1,1.0,0.0,0.0,0.0,0.0,0.0,0.0,0.0,0.0,0.0,0.0,0.0,0.0,1.0,0.0,1,3000.0,0.0,0.0,0.0,0.0,0.0,0.0,0.0,0.0,1.0,0.0,0.0,0.0,0.0,,0.0,0.0,0.0,0.0,0.0,0.0,0.0,0.0,0.0,1.0,0.0,0.0,0.0,,,,,,,,,,,,,,,,2424,2424.0,U,4,281,6394,Robo en calle (a transeúnte),En su vivienda,Mujer
16613,1404608.01,1404608.01.01,1404608.01.01.02,1404608.01.01.02.03.1,1404608,1,1,1,1,3,2,A,2,42,2.0,11,14,39,4,2,,,,,,2.0,,,,,,,,,,,,,,,,,,,,,,,,,,,,,,,,,,,,2,2.0,,4.0,,,,,,,2,,,,,,,,,,,,,,,,1,5000.0,0.0,,,,,,,,,,,,,,,,,,,,,,,,,,,,,,,,,,,,,,,,,,1151,1151.0,U,4,281,6407,Robo en vivienda,En su vivienda,Mujer
16614,1405681.04,1405681.04.01,1405681.04.01.01,1405681.04.01.01.05.1,1405681,4,1,1,2,5,1,A,1,65,2.0,9,14,39,3,1,,,,,,1.0,1.0,2.0,1.0,1.0,0.0,0.0,4.0,1.0,0.0,0.0,0.0,0.0,0.0,2.0,0.0,0.0,0.0,0.0,1.0,2.0,,,,,,,1.0,0.0,0.0,1.0,0.0,0.0,0.0,0.0,0.0,2,,,6.0,,,,,,,2,,,,,,,,,,,,,,,,1,15000.0,0.0,,,,,,,,,,,,,,0.0,0.0,0.0,0.0,0.0,0.0,0.0,0.0,1.0,0.0,0.0,0.0,0.0,,,,,,,,,,,,,,,,882,882.0,U,4,281,6477,Robo en calle (a transeúnte),En su vivienda,Hombre
16615,1418764.02,1418764.02.01,1418764.02.01.03,1418764.02.01.03.02.2,1418764,2,1,2,2,2,3,A,2,24,2.0,7,14,39,2,1,,,,,,2.0,,,,,,,,,,,,,,,,,,,,,,,,,,,,,,,,,,,,2,2.0,,5.0,,,,,,,2,,,,,,,,,,,,,,,,1,10000.0,0.0,0.0,0.0,0.0,0.0,0.0,0.0,0.0,1.0,0.0,0.0,0.0,0.0,,,,,,,,,,,,,,,,,,,,,,,,,,,,,,1035,1035.0,U,4,281,6451,Robo de accesorios de vehículo,En su vivienda,Mujer
16616,1405681.04,1405681.04.01,1405681.04.01.01,1405681.04.01.01.08.1,1405681,4,1,1,1,8,1,A,1,65,2.0,10,14,39,2,2,0.0,0.0,1.0,0.0,0.0,,,,,,,,,,,,,,,,,,,,,,,,,,,,,,,,,,,,,2,,,6.0,,,,,,,2,,,,,,,,,,,,,,,,1,2000.0,0.0,1.0,0.0,0.0,0.0,0.0,0.0,0.0,0.0,1.0,0.0,0.0,0.0,,,,,,,,,,,,,,,,1.0,,,,,,,,,,,,,,882,882.0,U,4,281,6477,Fraude bancario,En su vivienda,Hombre
16617,1405780.01,1405780.01.01,1405780.01.01.03,1405780.01.01.03.05.1,1405780,1,1,1,2,5,3,A,2,29,2.0,1,14,39,1,1,,,,,,1.0,1.0,1.0,1.0,1.0,0.0,0.0,4.0,1.0,0.0,0.0,0.0,0.0,0.0,2.0,0.0,0.0,0.0,1.0,0.0,2.0,,,,,,,1.0,0.0,0.0,0.0,0.0,0.0,0.0,0.0,1.0,1,,,,1.0,6.0,,2.0,2.0,1.0,2,,,,,,,,,,1.0,0.0,0.0,0.0,0.0,0.0,2,29000.0,0.0,,,,,,,,,,,,,,0.0,0.0,0.0,0.0,0.0,0.0,1.0,0.0,1.0,0.0,0.0,0.0,0.0,,,,,,,,,,,,,,,,2955,2955.0,U,3,280,6325,Robo en calle (a transeúnte),En su vivienda,Mujer
16619,1403423.03,1403423.03.01,1403423.03.01.01,1403423.03.01.01.09.1,1403423,3,1,1,1,9,1,A,1,37,2.0,8,14,39,2,2,0.0,1.0,0.0,0.0,0.0,1.0,2.0,,,,,,,,,,,,,,,,,,,,,,,,,,,,,,,,,,,2,,,4.0,,,,,,,2,,,,,,,,,,,,,,,,3,0.0,0.0,0.0,1.0,1.0,1.0,1.0,1.0,0.0,1.0,1.0,0.0,0.0,0.0,,,,,,,,,,,,,,,,,3.0,,,,,0.0,0.0,1.0,,,,,,2254,2254.0,U,3,280,6294,Extorsión,En su vivienda,Hombre
16620,1405741.02,1405741.02.01,1405741.02.01.02,1405741.02.01.02.10.1,1405741,2,1,1,1,10,2,A,2,22,2.0,3,14,39,3,1,0.0,0.0,1.0,0.0,0.0,1.0,1.0,1.0,1.0,0.0,1.0,0.0,3.0,1.0,0.0,0.0,0.0,0.0,0.0,1.0,0.0,1.0,0.0,0.0,0.0,2.0,,,,,,,2.0,,,,,,,,,2,,,5.0,,,,,,,2,,,,,,,,,,,,,,,,3,0.0,0.0,1.0,0.0,0.0,1.0,0.0,1.0,1.0,1.0,1.0,0.0,0.0,0.0,,,,,,,,,,,,,,,,,,,,,,,,,,,,,,2033,2033.0,U,2,279,6229,Amenazas/intimidación,En su vivienda,Mujer
16621,1405681.05,1405681.05.01,1405681.05.01.01,1405681.05.01.01.07.1,1405681,5,1,1,2,7,1,A,1,30,2.0,10,14,39,1,5,0.0,0.0,1.0,0.0,0.0,,,,,,,,,,,,,,,,,,,,,,,,,,,,,,,,,,,,,2,,,4.0,,,,,,,1,0.0,0.0,0.0,0.0,0.0,0.0,0.0,1.0,0.0,0.0,0.0,0.0,0.0,1.0,0.0,1,22000.0,0.0,,,,,,,,,,,,,,,,,,,,,,,,,,,,4.0,,,,,,,,,,,,,,882,882.0,U,4,281,6477,Robo en banco/cajero,En su vivienda,Hombre
16624,1404587.01,1404587.01.01,1404587.01.01.02,1404587.01.01.02.02.2,1404587,1,1,2,2,2,2,A,2,62,2.0,8,14,39,4,1,,,,,,1.0,2.0,,,,,,,,,,,,,,,,,,,,,,,,,,,,,,,,,,,2,2.0,,4.0,,,,,,,2,,,,,,,,,,,,,,,,1,2000.0,0.0,1.0,1.0,1.0,1.0,1.0,1.0,1.0,1.0,1.0,0.0,0.0,0.0,,,,,,,,,,,,,,,,,,,,,,,,,,,,,,1066,1066.0,U,4,281,6443,Robo de accesorios de vehículo,En su vivienda,Mujer
16625,1405272.01,1405272.01.01,1405272.01.01.02,1405272.01.01.02.13.1,1405272,1,1,1,1,13,2,A,2,29,2.0,6,14,39,2,6,0.0,0.0,1.0,0.0,0.0,1.0,1.0,2.0,1.0,1.0,0.0,0.0,4.0,1.0,0.0,0.0,0.0,0.0,0.0,1.0,0.0,0.0,0.0,1.0,0.0,2.0,,,,,,,2.0,,,,,,,,,2,,,4.0,,,,,,,2,,,,,,,,,,,,,,,,3,0.0,0.0,1.0,1.0,0.0,1.0,0.0,0.0,1.0,1.0,1.0,0.0,0.0,0.0,,,,,,,,,,,,,,,,,,,,,,,,,,,,,3.0,2424,2424.0,U,4,281,6394,Delito sexual,En su vivienda,Mujer
16626,1418990.16,1418990.16.01,1418990.16.01.01,1418990.16.01.01.05.1,1418990,16,1,1,1,5,1,A,1,70,2.0,11,14,39,1,1,,,,,,1.0,1.0,2.0,1.0,1.0,0.0,0.0,5.0,1.0,0.0,0.0,0.0,0.0,0.0,2.0,0.0,0.0,0.0,1.0,0.0,9.0,,,,,,,2.0,,,,,,,,,1,,,,1.0,6.0,,2.0,4.0,3.0,1,0.0,1.0,0.0,0.0,0.0,0.0,0.0,0.0,0.0,0.0,0.0,0.0,0.0,1.0,0.0,1,1500.0,0.0,1.0,0.0,0.0,1.0,1.0,0.0,1.0,0.0,0.0,0.0,0.0,0.0,,0.0,0.0,0.0,0.0,0.0,0.0,1.0,0.0,0.0,0.0,0.0,0.0,0.0,,,,,,,,,,,,,,,,1259,1259.0,C,2,297,6562,Robo en calle (a transeúnte),En su vivienda,Hombre
16632,1406439.17,1406439.17.01,1406439.17.01.01,1406439.17.01.01.10.1,1406439,17,1,1,1,10,1,A,2,37,,1,14,46,1,2,0.0,1.0,0.0,0.0,0.0,1.0,1.0,2.0,1.0,1.0,0.0,0.0,9.0,1.0,0.0,0.0,0.0,0.0,0.0,2.0,0.0,0.0,0.0,0.0,1.0,2.0,,,,,,,2.0,,,,,,,,,2,,,1.0,,,,,,,2,,,,,,,,,,,,,,,,3,0.0,0.0,1.0,0.0,0.0,0.0,1.0,1.0,1.0,0.0,0.0,0.0,0.0,0.0,,,,,,,,,,,,,,,,,,,,,,,,,,,,,,1290,,C,2,297,6561,Amenazas/intimidación,,Mujer
16633,1460843.01,1460843.01.01,1460843.01.01.01,1460843.01.01.01.09.1,1460843,1,1,1,2,9,1,A,2,60,,10,14,47,2,2,0.0,1.0,0.0,0.0,0.0,1.0,2.0,,,,,,,,,,,,,,,,,,,,,,,,,,,,,,,,,,,2,,,3.0,,,,,,,2,,,,,,,,,,,,,,,,5,,,,,,,,,,,,,,,,,,,,,,,,,,,,,,,3.0,,,,,1.0,0.0,0.0,3.0,,,,,1032,,R,2,303,6607,Extorsión,,Mujer
16634,1460843.01,1460843.01.01,1460843.01.01.01,1460843.01.01.01.09.2,1460843,1,1,2,2,9,1,A,2,60,,5,14,47,1,2,0.0,1.0,0.0,0.0,0.0,1.0,2.0,,,,,,,,,,,,,,,,,,,,,,,,,,,,,,,,,,,2,,,9.0,,,,,,,2,,,,,,,,,,,,,,,,5,,,1.0,1.0,1.0,1.0,0.0,0.0,0.0,0.0,0.0,0.0,0.0,0.0,,,,,,,,,,,,,,,,,3.0,,,,,1.0,0.0,0.0,3.0,,,,,1032,,R,2,303,6607,Extorsión,,Mujer
16635,1460843.07,1460843.07.01,1460843.07.01.01,1460843.07.01.01.09.1,1460843,7,1,1,1,9,1,A,1,27,,6,14,47,2,3,0.0,1.0,0.0,0.0,0.0,1.0,2.0,,,,,,,,,,,,,,,,,,,,,,,,,,,,,,,,,,,2,,,7.0,,,,,,,2,,,,,,,,,,,,,,,,5,,,0.0,0.0,1.0,1.0,0.0,0.0,0.0,0.0,0.0,0.0,0.0,0.0,,,,,,,,,,,,,,,,,3.0,,,,,1.0,0.0,0.0,3.0,,,,,2065,,R,2,303,6607,Extorsión,,Hombre
16636,1406238.03,1406238.03.01,1406238.03.01.01,1406238.03.01.01.06.1,1406238,3,1,1,1,6,1,A,1,35,,6,14,47,3,1,,,,,,2.0,,,,,,,,,,,,,,,,,,,,,,,,,,,,,,,,,,,,2,,,7.0,,,,,,,2,,,,,,,,,,,,,,,,1,40000.0,0.0,,,,,,,,,,,,,,0.0,0.0,0.0,0.0,0.0,0.0,1.0,0.0,0.0,0.0,1.0,0.0,0.0,,,,,,,,,,,,,,,,2093,,C,2,297,6568,Robo en negocio,,Hombre
16637,1406238.03,1406238.03.01,1406238.03.01.01,1406238.03.01.01.08.1,1406238,3,1,1,1,8,1,A,1,35,,1,14,47,2,8,1.0,0.0,0.0,0.0,0.0,,,,,,,,,,,,,,,,,,,,,,,,,,,,,,,,,,,,,2,,,9.0,,,,,,,2,,,,,,,,,,,,,,,,1,4000.0,0.0,,,,,,,,,,,,,,,,,,,,,,,,,,,,1.0,,,,,,,,,,,,,,2093,,C,2,297,6568,Fraude bancario,,Hombre
16638,1406238.03,1406238.03.01,1406238.03.01.01,1406238.03.01.01.09.3,1406238,3,1,3,3,9,1,A,1,35,,3,14,47,2,2,0.0,1.0,0.0,0.0,0.0,1.0,1.0,1.0,1.0,0.0,1.0,0.0,6.0,1.0,0.0,0.0,0.0,0.0,0.0,2.0,0.0,0.0,0.0,1.0,0.0,2.0,,,,,,,2.0,,,,,,,,,2,,,9.0,,,,,,,2,,,,,,,,,,,,,,,,5,,,,,,,,,,,,,,,,,,,,,,,,,,,,,,,3.0,,,,,1.0,0.0,0.0,3.0,,,,,2093,,C,2,297,6568,Extorsión,,Hombre
16639,1406238.06,1406238.06.01,1406238.06.01.04,1406238.06.01.04.03.1,1406238,6,1,1,2,3,4,A,1,38,,3,14,47,3,1,,,,,,2.0,,,,,,,,,,,,,,,,,,,,,,,,,,,,,,,,,,,,2,2.0,,4.0,,,,,,,2,,,,,,,,,,,,,,,,1,1800.0,0.0,,,,,,,,,,,,,,,,,,,,,,,,,,,,,,,,,,,,,,,,,,1046,,C,2,297,6568,Robo en vivienda,,Hombre
16640,1406238.06,1406238.06.01,1406238.06.01.04,1406238.06.01.04.03.2,1406238,6,1,2,2,3,4,A,1,38,,5,14,47,3,1,,,,,,2.0,,,,,,,,,,,,,,,,,,,,,,,,,,,,,,,,,,,,2,2.0,,4.0,,,,,,,2,,,,,,,,,,,,,,,,1,3200.0,0.0,,,,,,,,,,,,,,,,,,,,,,,,,,,,,,,,,,,,,,,,,,1046,,C,2,297,6568,Robo en vivienda,,Hombre
16641,1406238.06,1406238.06.01,1406238.06.01.04,1406238.06.01.04.07.1,1406238,6,1,1,1,7,4,A,1,38,,7,14,47,4,2,1.0,0.0,0.0,0.0,0.0,,,,,,,,,,,,,,,,,,,,,,,,,,,,,,,,,,,,,2,,,4.0,,,,,,,2,,,,,,,,,,,,,,,,1,70.0,0.0,0.0,1.0,0.0,0.0,0.0,0.0,0.0,1.0,0.0,0.0,0.0,0.0,,,,,,,,,,,,,,,,4.0,,,,,,,,,,,,,,4185,,C,2,297,6568,Robo en banco/cajero,,Hombre
16642,1406238.16,1406238.16.01,1406238.16.01.03,1406238.16.01.03.10.1,1406238,16,1,1,1,10,3,A,2,19,,11,14,47,2,2,1.0,0.0,0.0,0.0,0.0,1.0,1.0,2.0,9.0,0.0,0.0,1.0,9.0,1.0,0.0,0.0,0.0,0.0,0.0,2.0,0.0,0.0,0.0,0.0,1.0,2.0,,,,,,,2.0,,,,,,,,,2,,,7.0,,,,,,,2,,,,,,,,,,,,,,,,5,,,1.0,1.0,1.0,0.0,0.0,1.0,0.0,0.0,0.0,0.0,0.0,0.0,,,,,,,,,,,,,,,,,,,,,,,,,,,,,,3139,,C,2,297,6568,Amenazas/intimidación,,Mujer
16643,1406439.01,1406439.01.01,1406439.01.01.02,1406439.01.01.02.08.1,1406439,1,1,1,2,8,2,A,2,43,2.0,4,14,51,2,2,0.0,1.0,0.0,0.0,0.0,,,,,,,,,,,,,,,,,,,,,,,,,,,,,,,,,,,,,2,,,2.0,,,,,,,2,,,,,,,,,,,,,,,,1,8000.0,0.0,,,,,,,,,,,,,,,,,,,,,,,,,,,,1.0,,,,,,,,,,,,,,2579,2579.0,C,2,297,6561,Fraude bancario,En su vivienda,Mujer
16644,1406439.17,1406439.17.01,1406439.17.01.01,1406439.17.01.01.03.1,1406439,17,1,1,1,3,1,A,2,37,2.0,1,14,51,4,2,,,,,,2.0,,,,,,,,,,,,,,,,,,,,,,,,,,,,,,,,,,,,2,2.0,,1.0,,,,,,,2,,,,,,,,,,,,,,,,1,300.0,0.0,,,,,,,,,,,,,,,,,,,,,,,,,,,,,,,,,,,,,,,,,,1290,1290.0,C,2,297,6561,Robo en vivienda,En su vivienda,Mujer
16645,1406439.11,1406439.11.01,1406439.11.01.01,1406439.11.01.01.03.1,1406439,11,1,1,1,3,1,A,1,35,2.0,10,14,51,2,2,,,,,,2.0,,,,,,,,,,,,,,,,,,,,,,,,,,,,,,,,,,,,2,2.0,,3.0,,,,,,,2,,,,,,,,,,,,,,,,1,800.0,0.0,0.0,0.0,0.0,0.0,0.0,0.0,0.0,0.0,1.0,0.0,0.0,0.0,,,,,,,,,,,,,,,,,,,,,,,,,,,,,,1290,1290.0,C,2,297,6561,Robo en vivienda,En su vivienda,Hombre
16646,1406439.01,1406439.01.01,1406439.01.01.02,1406439.01.01.02.08.2,1406439,1,1,2,2,8,2,A,2,43,2.0,9,14,51,3,2,0.0,1.0,0.0,0.0,0.0,,,,,,,,,,,,,,,,,,,,,,,,,,,,,,,,,,,,,2,,,2.0,,,,,,,2,,,,,,,,,,,,,,,,1,5000.0,0.0,0.0,0.0,0.0,1.0,0.0,0.0,0.0,0.0,1.0,0.0,0.0,0.0,,,,,,,,,,,,,,,,1.0,,,,,,,,,,,,,,2579,2579.0,C,2,297,6561,Fraude bancario,En su vivienda,Mujer
16647,1406439.16,1406439.16.01,1406439.16.01.01,1406439.16.01.01.03.1,1406439,16,1,1,1,3,1,A,2,37,2.0,10,14,51,4,2,,,,,,2.0,,,,,,,,,,,,,,,,,,,,,,,,,,,,,,,,,,,,2,2.0,,4.0,,,,,,,2,,,,,,,,,,,,,,,,1,0.0,0.0,,,,,,,,,,,,,,,,,,,,,,,,,,,,,,,,,,,,,,,,,,1290,1290.0,C,2,297,6561,Robo en vivienda,En su vivienda,Mujer
16648,1406439.19,1406439.19.01,1406439.19.01.01,1406439.19.01.01.03.1,1406439,19,1,1,1,3,1,A,2,33,2.0,6,14,51,3,2,,,,,,2.0,,,,,,,,,,,,,,,,,,,,,,,,,,,,,,,,,,,,2,2.0,,4.0,,,,,,,2,,,,,,,,,,,,,,,,1,300.0,0.0,0.0,1.0,1.0,0.0,0.0,0.0,0.0,0.0,0.0,0.0,0.0,0.0,,,,,,,,,,,,,,,,,,,,,,,,,,,,,,1290,1290.0,C,2,297,6561,Robo en vivienda,En su vivienda,Mujer
16649,1406439.01,1406439.01.01,1406439.01.01.02,1406439.01.01.02.03.1,1406439,1,1,1,1,3,2,A,2,43,2.0,7,14,51,3,2,,,,,,2.0,,,,,,,,,,,,,,,,,,,,,,,,,,,,,,,,,,,,2,2.0,,2.0,,,,,,,2,,,,,,,,,,,,,,,,1,1200.0,0.0,,,,,,,,,,,,,,,,,,,,,,,,,,,,,,,,,,,,,,,,,,1290,1290.0,C,2,297,6561,Robo en vivienda,En su vivienda,Mujer
16650,1406790.03,1406790.03.01,1406790.03.01.01,1406790.03.01.01.02.1,1406790,3,1,1,1,2,1,A,1,45,,7,14,53,2,1,,,,,,2.0,,,,,,,,,,,,,,,,,,,,,,,,,,,,,,,,,,,,2,2.0,,7.0,,,,,,,2,,,,,,,,,,,,,,,,1,7000.0,0.0,1.0,0.0,1.0,1.0,1.0,1.0,1.0,1.0,1.0,0.0,0.0,0.0,,,,,,,,,,,,,,,,,,,,,,,,,,,,,,951,,U,2,293,6544,Robo de accesorios de vehículo,,Hombre
16651,1406801.03,1406801.03.01,1406801.03.01.01,1406801.03.01.01.05.1,1406801,3,1,1,1,5,1,A,1,31,,3,14,53,3,5,,,,,,1.0,1.0,2.0,1.0,1.0,0.0,0.0,4.0,1.0,0.0,0.0,0.0,0.0,0.0,2.0,1.0,0.0,0.0,0.0,0.0,2.0,,,,,,,2.0,,,,,,,,,2,,,4.0,,,,,,,2,,,,,,,,,,,,,,,,3,0.0,0.0,0.0,0.0,0.0,0.0,0.0,1.0,0.0,0.0,0.0,0.0,0.0,0.0,,0.0,0.0,0.0,0.0,0.0,0.0,0.0,0.0,0.0,0.0,0.0,1.0,0.0,,,,,,,,,,,,,,,,2470,,U,3,294,6548,Robo en calle (a transeúnte),,Hombre
16652,1406801.05,1406801.05.01,1406801.05.01.01,1406801.05.01.01.02.1,1406801,5,1,1,1,2,1,A,1,58,,4,14,53,4,1,,,,,,2.0,,,,,,,,,,,,,,,,,,,,,,,,,,,,,,,,,,,,2,2.0,,3.0,,,,,,,2,,,,,,,,,,,,,,,,1,400.0,0.0,0.0,0.0,0.0,0.0,0.0,0.0,0.0,0.0,0.0,0.0,1.0,0.0,,,,,,,,,,,,,,,,,,,,,,,,,,,,,,1235,,U,3,294,6548,Robo de accesorios de vehículo,,Hombre
16653,1406833.03,1406833.03.01,1406833.03.01.01,1406833.03.01.01.03.1,1406833,3,1,1,2,3,1,A,1,59,,12,14,53,3,2,,,,,,1.0,1.0,1.0,4.0,1.0,0.0,0.0,3.0,1.0,0.0,0.0,0.0,0.0,0.0,2.0,0.0,0.0,0.0,1.0,0.0,2.0,,,,,,,2.0,,,,,,,,,2,2.0,,4.0,,,,,,,1,0.0,0.0,1.0,0.0,0.0,0.0,0.0,0.0,0.0,1.0,0.0,0.0,0.0,0.0,0.0,1,1000.0,0.0,,,,,,,,,,,,,,,,,,,,,,,,,,,,,,,,,,,,,,,,,,1103,,U,3,294,6551,Robo en vivienda,,Hombre
16654,1406833.03,1406833.03.01,1406833.03.01.01,1406833.03.01.01.03.2,1406833,3,1,2,2,3,1,A,1,59,,12,14,53,3,2,,,,,,2.0,,,,,,,,,,,,,,,,,,,,,,,,,,,,,,,,,,,,2,2.0,,4.0,,,,,,,2,,,,,,,,,,,,,,,,1,1500.0,0.0,1.0,1.0,1.0,1.0,1.0,1.0,1.0,1.0,1.0,0.0,0.0,0.0,,,,,,,,,,,,,,,,,,,,,,,,,,,,,,1103,,U,3,294,6551,Robo en vivienda,,Hombre
16655,1406884.04,1406884.04.01,1406884.04.01.02,1406884.04.01.02.10.1,1406884,4,1,1,1,10,2,A,2,46,,10,14,53,2,1,0.0,0.0,1.0,0.0,0.0,1.0,1.0,1.0,3.0,1.0,1.0,0.0,8.0,0.0,1.0,0.0,0.0,0.0,0.0,,1.0,0.0,0.0,0.0,0.0,1.0,1.0,0.0,0.0,0.0,0.0,2.0,1.0,0.0,0.0,0.0,0.0,0.0,0.0,0.0,1.0,1,,,,1.0,6.0,,2.0,5.0,2.0,2,,,,,,,,,,0.0,0.0,0.0,0.0,1.0,0.0,3,9999999.0,10000.0,1.0,1.0,1.0,1.0,1.0,1.0,1.0,1.0,1.0,0.0,0.0,0.0,,,,,,,,,,,,,,,,,,,,,,,,,,,,,,2801,,U,2,293,6543,Amenazas/intimidación,,Mujer
16656,1406884.05,1406884.05.01,1406884.05.01.01,1406884.05.01.01.01.1,1406884,5,1,1,1,1,1,A,1,42,,9,14,53,4,1,,,,,,2.0,,,,,,,,,,,,,,,,,,,,,,,,,,,,,,,,,,,,2,2.0,,1.0,,,,,,,2,,,,,,,,,,,,,,,,1,3000.0,0.0,,,,,,,,,,,,,2.0,,,,,,,,,,,,,,,,,,,,,,,,,,,,,1401,,U,2,293,6543,Robo total de vehículo,,Hombre
16657,1406884.05,1406884.05.01,1406884.05.01.01,1406884.05.01.01.09.1,1406884,5,1,1,1,9,1,A,1,42,,8,14,53,3,2,0.0,1.0,0.0,0.0,0.0,1.0,2.0,,,,,,,,,,,,,,,,,,,,,,,,,,,,,,,,,,,2,,,3.0,,,,,,,2,,,,,,,,,,,,,,,,3,0.0,0.0,,,,,,,,,,,,,,,,,,,,,,,,,,,,,3.0,,,,,1.0,0.0,0.0,3.0,,,,,2801,,U,2,293,6543,Extorsión,,Hombre
16658,1406884.05,1406884.05.01,1406884.05.01.01,1406884.05.01.01.11.1,1406884,5,1,1,1,11,1,A,1,42,,11,14,53,2,2,,,,,,1.0,1.0,1.0,4.0,1.0,0.0,0.0,8.0,0.0,1.0,0.0,0.0,0.0,0.0,,1.0,1.0,0.0,0.0,0.0,1.0,0.0,1.0,0.0,0.0,0.0,1.0,,0.0,1.0,0.0,0.0,0.0,0.0,0.0,0.0,2,,,1.0,,,,,,,2,,,,,,,,,,,,,,,,2,0.0,1000.0,1.0,1.0,1.0,1.0,1.0,1.0,1.0,1.0,1.0,0.0,0.0,0.0,,,,,,,,,,,,,,,,,,,,,,,,,,,,,,2801,,U,2,293,6543,Lesiones,,Hombre
16659,1406652.03,1406652.03.01,1406652.03.01.02,1406652.03.01.02.09.1,1406652,3,1,1,1,9,2,A,2,48,,8,14,53,1,2,0.0,1.0,0.0,0.0,0.0,2.0,,,,,,,,,,,,,,,,,,,,,,,,,,,,,,,,,,,,2,,,3.0,,,,,,,2,,,,,,,,,,,,,,,,3,0.0,0.0,1.0,0.0,1.0,1.0,1.0,1.0,1.0,1.0,1.0,0.0,0.0,0.0,,,,,,,,,,,,,,,,,3.0,,,,,0.0,0.0,1.0,,,,,,1651,,U,2,293,6547,Extorsión,,Mujer
16660,1406707.03,1406707.03.01,1406707.03.01.02,1406707.03.01.02.09.1,1406707,3,1,1,1,9,2,A,2,42,,3,14,53,2,2,0.0,1.0,0.0,0.0,0.0,1.0,2.0,,,,,,,,,,,,,,,,,,,,,,,,,,,,,,,,,,,2,,,6.0,,,,,,,2,,,,,,,,,,,,,,,,1,0.0,0.0,1.0,0.0,1.0,1.0,0.0,1.0,0.0,1.0,0.0,0.0,0.0,0.0,,,,,,,,,,,,,,,,,3.0,,,,,1.0,0.0,0.0,3.0,,,,,1772,,U,2,293,6545,Extorsión,,Mujer
16661,1406715.03,1406715.03.01,1406715.03.01.02,1406715.03.01.02.09.1,1406715,3,1,1,1,9,2,A,2,80,,5,14,53,2,2,0.0,1.0,0.0,0.0,0.0,1.0,2.0,,,,,,,,,,,,,,,,,,,,,,,,,,,,,,,,,,,2,,,3.0,,,,,,,2,,,,,,,,,,,,,,,,5,,,0.0,0.0,0.0,0.0,0.0,0.0,0.0,0.0,0.0,0.0,1.0,0.0,,,,,,,,,,,,,,,,,3.0,,,,,0.0,0.0,1.0,,,,,,3347,,U,4,294,6549,Extorsión,,Mujer
16662,1406762.02,1406762.02.01,1406762.02.01.01,1406762.02.01.01.09.1,1406762,2,1,1,1,9,1,A,1,35,,12,14,53,2,3,0.0,1.0,0.0,0.0,0.0,1.0,2.0,,,,,,,,,,,,,,,,,,,,,,,,,,,,,,,,,,,2,,,4.0,,,,,,,2,,,,,,,,,,,,,,,,5,,,1.0,0.0,0.0,1.0,0.0,0.0,0.0,0.0,0.0,0.0,0.0,0.0,,,,,,,,,,,,,,,,,3.0,,,,,0.0,0.0,1.0,,,,,,1723,,U,2,293,6546,Extorsión,,Hombre
16663,1406790.02,1406790.02.01,1406790.02.01.02,1406790.02.01.02.09.1,1406790,2,1,1,1,9,2,A,2,51,,8,14,53,2,2,0.0,1.0,0.0,0.0,0.0,1.0,2.0,,,,,,,,,,,,,,,,,,,,,,,,,,,,,,,,,,,2,,,3.0,,,,,,,2,,,,,,,,,,,,,,,,3,0.0,0.0,1.0,0.0,0.0,0.0,0.0,1.0,0.0,0.0,1.0,0.0,0.0,0.0,,,,,,,,,,,,,,,,,3.0,,,,,1.0,0.0,0.0,3.0,,,,,3803,,U,2,293,6544,Extorsión,,Mujer
16664,1406944.04,1406944.04.01,1406944.04.01.01,1406944.04.01.01.09.1,1406944,4,1,1,1,9,1,A,1,56,,9,14,55,3,2,0.0,1.0,0.0,0.0,0.0,1.0,1.0,1.0,1.0,1.0,0.0,0.0,9.0,1.0,0.0,0.0,0.0,0.0,0.0,2.0,0.0,0.0,0.0,0.0,1.0,9.0,,,,,,,2.0,,,,,,,,,2,,,3.0,,,,,,,2,,,,,,,,,,,,,,,,5,,,1.0,1.0,1.0,1.0,0.0,0.0,0.0,0.0,0.0,0.0,0.0,0.0,,,,,,,,,,,,,,,,,2.0,,,,,0.0,0.0,1.0,,,,,,1770,,C,3,298,6577,Extorsión,,Hombre
16665,1406944.08,1406944.08.02,1406944.08.02.02,1406944.08.02.02.08.1,1406944,8,2,1,1,8,2,A,2,30,,1,14,55,1,3,0.0,1.0,0.0,0.0,0.0,,,,,,,,,,,,,,,,,,,,,,,,,,,,,,,,,,,,,2,,,4.0,,,,,,,2,,,,,,,,,,,,,,,,1,0.0,0.0,1.0,1.0,1.0,1.0,1.0,1.0,0.0,1.0,1.0,0.0,0.0,0.0,,,,,,,,,,,,,,,,1.0,,,,,,,,,,,,,,1770,,C,3,298,6577,Fraude bancario,,Mujer
16666,1406944.1,1406944.10.01,1406944.10.01.02,1406944.10.01.02.01.1,1406944,10,1,1,1,1,2,A,2,80,,3,14,55,1,1,,,,,,2.0,,,,,,,,,,,,,,,,,,,,,,,,,,,,,,,,,,,,2,2.0,,5.0,,,,,,,2,,,,,,,,,,,,,,,,1,5000.0,0.0,,,,,,,,,,,,,2.0,,,,,,,,,,,,,,,,,,,,,,,,,,,,,885,,C,3,298,6577,Robo total de vehículo,,Mujer
16667,1406944.1,1406944.10.01,1406944.10.01.02,1406944.10.01.02.09.1,1406944,10,1,1,1,9,2,A,2,80,,10,14,55,2,2,0.0,1.0,0.0,0.0,0.0,1.0,1.0,2.0,9.0,1.0,0.0,0.0,9.0,1.0,0.0,0.0,0.0,0.0,0.0,2.0,0.0,0.0,0.0,0.0,1.0,2.0,,,,,,,2.0,,,,,,,,,2,,,5.0,,,,,,,2,,,,,,,,,,,,,,,,1,2800.0,0.0,1.0,0.0,0.0,0.0,1.0,0.0,0.0,0.0,1.0,0.0,0.0,0.0,,,,,,,,,,,,,,,,,3.0,,,,,1.0,0.0,0.0,1.0,,,,,1770,,C,3,298,6577,Extorsión,,Mujer
16672,1406238.03,1406238.03.01,1406238.03.01.01,1406238.03.01.01.09.1,1406238,3,1,1,3,9,1,A,1,35,,7,14,63,2,3,0.0,1.0,0.0,0.0,0.0,1.0,1.0,2.0,1.0,1.0,0.0,0.0,5.0,1.0,0.0,0.0,0.0,0.0,0.0,2.0,0.0,0.0,0.0,1.0,0.0,9.0,,,,,,,2.0,,,,,,,,,2,,,9.0,,,,,,,2,,,,,,,,,,,,,,,,3,0.0,0.0,,,,,,,,,,,,,,,,,,,,,,,,,,,,,3.0,,,,,0.0,1.0,0.0,3.0,,,,,2093,,C,2,297,6568,Extorsión,,Hombre
16673,1406238.03,1406238.03.01,1406238.03.01.01,1406238.03.01.01.09.2,1406238,3,1,2,3,9,1,A,1,35,,4,14,63,1,3,0.0,1.0,0.0,0.0,0.0,1.0,1.0,1.0,1.0,1.0,0.0,0.0,5.0,1.0,0.0,0.0,0.0,0.0,0.0,2.0,0.0,0.0,0.0,1.0,0.0,2.0,,,,,,,2.0,,,,,,,,,2,,,9.0,,,,,,,2,,,,,,,,,,,,,,,,3,0.0,0.0,,,,,,,,,,,,,,,,,,,,,,,,,,,,,3.0,,,,,1.0,0.0,0.0,3.0,,,,,2093,,C,2,297,6568,Extorsión,,Hombre
16674,1406238.03,1406238.03.01,1406238.03.01.01,1406238.03.01.01.10.1,1406238,3,1,1,1,10,1,A,1,35,,3,14,63,2,3,0.0,0.0,1.0,0.0,0.0,1.0,1.0,2.0,1.0,1.0,0.0,0.0,5.0,0.0,0.0,1.0,0.0,0.0,0.0,,0.0,0.0,0.0,1.0,0.0,2.0,,,,,,,2.0,,,,,,,,,2,,,9.0,,,,,,,2,,,,,,,,,,,,,,,,2,0.0,0.0,1.0,1.0,1.0,1.0,1.0,1.0,1.0,1.0,1.0,0.0,0.0,0.0,,,,,,,,,,,,,,,,,,,,,,,,,,,,,,2093,,C,2,297,6568,Amenazas/intimidación,,Hombre
16675,1407130.03,1407130.03.01,1407130.03.01.02,1407130.03.01.02.02.1,1407130,3,1,1,1,2,2,A,2,36,,3,14,63,3,1,,,,,,2.0,,,,,,,,,,,,,,,,,,,,,,,,,,,,,,,,,,,,2,2.0,,4.0,,,,,,,2,,,,,,,,,,,,,,,,1,800.0,0.0,0.0,1.0,0.0,0.0,0.0,0.0,0.0,1.0,0.0,0.0,0.0,0.0,,,,,,,,,,,,,,,,,,,,,,,,,,,,,,942,,C,3,296,6558,Robo de accesorios de vehículo,,Mujer
16676,1407130.07,1407130.07.01,1407130.07.01.03,1407130.07.01.03.04.1,1407130,7,1,1,1,4,3,A,1,39,,4,14,63,4,2,,,,,,2.0,,,,,,,,,,,,,,,,,,,,,,,,,,,,,,,,,,,,2,2.0,,4.0,,,,,,,1,0.0,1.0,0.0,0.0,0.0,0.0,0.0,0.0,0.0,1.0,0.0,0.0,0.0,0.0,0.0,1,15000.0,0.0,,,,,,,,,,,,,,0.0,0.0,0.0,1.0,0.0,1.0,1.0,0.0,0.0,0.0,0.0,0.0,0.0,2.0,,,,,,,,,,,,,,,942,,C,3,296,6558,Robo en transporte público,,Hombre
16677,1407130.07,1407130.07.01,1407130.07.01.03,1407130.07.01.03.07.1,1407130,7,1,1,1,7,3,A,1,39,,9,14,63,1,5,0.0,0.0,1.0,0.0,0.0,,,,,,,,,,,,,,,,,,,,,,,,,,,,,,,,,,,,,2,,,2.0,,,,,,,2,,,,,,,,,,,,,,,,1,2000.0,0.0,,,,,,,,,,,,,,,,,,,,,,,,,,,,3.0,,,,,,,,,,,,,,2827,,C,3,296,6558,Robo en banco/cajero,,Hombre
16678,1407130.07,1407130.07.01,1407130.07.01.03,1407130.07.01.03.08.1,1407130,7,1,1,1,8,3,A,1,39,,12,14,63,1,2,1.0,0.0,0.0,0.0,0.0,,,,,,,,,,,,,,,,,,,,,,,,,,,,,,,,,,,,,2,,,4.0,,,,,,,2,,,,,,,,,,,,,,,,1,1000.0,0.0,1.0,1.0,1.0,1.0,1.0,0.0,0.0,1.0,1.0,0.0,0.0,0.0,,,,,,,,,,,,,,,,1.0,,,,,,,,,,,,,,2827,,C,3,296,6558,Fraude bancario,,Hombre
16679,1407130.17,1407130.17.01,1407130.17.01.04,1407130.17.01.04.07.1,1407130,17,1,1,1,7,4,A,1,24,,3,14,63,3,8,1.0,0.0,0.0,0.0,0.0,,,,,,,,,,,,,,,,,,,,,,,,,,,,,,,,,,,,,2,,,9.0,,,,,,,2,,,,,,,,,,,,,,,,3,300.0,0.0,1.0,1.0,1.0,1.0,0.0,1.0,0.0,1.0,1.0,0.0,0.0,0.0,,,,,,,,,,,,,,,,4.0,,,,,,,,,,,,,,3769,,C,3,296,6558,Robo en banco/cajero,,Hombre
16680,1407130.18,1407130.18.01,1407130.18.01.01,1407130.18.01.01.09.1,1407130,18,1,1,1,9,1,A,1,36,,3,14,63,3,1,0.0,1.0,0.0,0.0,0.0,1.0,2.0,,,,,,,,,,,,,,,,,,,,,,,,,,,,,,,,,,,2,,,7.0,,,,,,,2,,,,,,,,,,,,,,,,5,,,0.0,0.0,1.0,1.0,0.0,0.0,0.0,0.0,0.0,0.0,0.0,0.0,,,,,,,,,,,,,,,,,3.0,,,,,1.0,0.0,0.0,3.0,,,,,1884,,C,3,296,6558,Extorsión,,Hombre
16681,1407130.19,1407130.19.01,1407130.19.01.03,1407130.19.01.03.02.1,1407130,19,1,1,1,2,3,A,2,41,,5,14,63,4,1,,,,,,2.0,,,,,,,,,,,,,,,,,,,,,,,,,,,,,,,,,,,,2,2.0,,4.0,,,,,,,2,,,,,,,,,,,,,,,,1,9999999.0,9999999.0,1.0,1.0,1.0,1.0,0.0,1.0,1.0,1.0,1.0,0.0,0.0,0.0,,,,,,,,,,,,,,,,,,,,,,,,,,,,,,942,,C,3,296,6558,Robo de accesorios de vehículo,,Mujer
16683,1460843.15,1460843.15.01,1460843.15.01.02,1460843.15.01.02.09.1,1460843,15,1,1,1,9,2,A,2,38,,8,14,63,2,3,0.0,1.0,0.0,0.0,0.0,1.0,1.0,1.0,2.0,1.0,0.0,0.0,5.0,1.0,0.0,0.0,0.0,0.0,0.0,2.0,0.0,0.0,0.0,1.0,0.0,9.0,,,,,,,2.0,,,,,,,,,2,,,3.0,,,,,,,2,,,,,,,,,,,,,,,,5,,,1.0,1.0,1.0,1.0,1.0,1.0,1.0,1.0,1.0,0.0,0.0,0.0,,,,,,,,,,,,,,,,,1.0,,,,,1.0,0.0,0.0,3.0,,,,,2065,,R,2,303,6607,Extorsión,,Mujer
16684,1461181.07,1461181.07.01,1461181.07.01.01,1461181.07.01.01.08.1,1461181,7,1,1,1,8,1,A,1,63,,6,14,65,2,2,0.0,0.0,1.0,0.0,0.0,,,,,,,,,,,,,,,,,,,,,,,,,,,,,,,,,,,,,2,,,6.0,,,,,,,2,,,,,,,,,,,,,,,,1,2250.0,0.0,0.0,0.0,0.0,1.0,0.0,0.0,0.0,0.0,0.0,0.0,0.0,0.0,,,,,,,,,,,,,,,,1.0,,,,,,,,,,,,,,2340,,R,2,303,6604,Fraude bancario,,Hombre
16685,1461181.1,1461181.10.01,1461181.10.01.01,1461181.10.01.01.15.1,1461181,10,1,1,1,15,1,A,2,25,,1,14,65,3,2,,,,,,1.0,1.0,1.0,2.0,1.0,1.0,0.0,3.0,0.0,0.0,0.0,0.0,1.0,0.0,,0.0,0.0,0.0,1.0,0.0,2.0,,,,,,,2.0,,,,,,,,,2,,,7.0,,,,,,,2,,,,,,,,,,,,,,,,1,5000.0,0.0,1.0,0.0,1.0,0.0,1.0,0.0,0.0,1.0,0.0,0.0,0.0,0.0,,,,,,,,,,,,,,,,,,,,,,,,,,,,,,1170,,R,2,303,6604,Otro delito,,Mujer
16687,1461181.02,1461181.02.01,1461181.02.01.01,1461181.02.01.01.07.1,1461181,2,1,1,1,7,1,A,1,40,,8,14,65,2,2,1.0,0.0,0.0,0.0,0.0,,,,,,,,,,,,,,,,,,,,,,,,,,,,,,,,,,,,,2,,,9.0,,,,,,,2,,,,,,,,,,,,,,,,3,9000.0,2000.0,1.0,1.0,1.0,1.0,1.0,1.0,0.0,1.0,1.0,0.0,0.0,0.0,,,,,,,,,,,,,,,,4.0,,,,,,,,,,,,,,2340,,R,2,303,6604,Robo en banco/cajero,,Hombre
16693,1407771.01,1407771.01.01,1407771.01.01.01,1407771.01.01.01.02.1,1407771,1,1,1,1,2,1,A,1,57,,11,14,67,4,1,,,,,,2.0,,,,,,,,,,,,,,,,,,,,,,,,,,,,,,,,,,,,2,2.0,,4.0,,,,,,,2,,,,,,,,,,,,,,,,1,1000.0,0.0,1.0,1.0,1.0,1.0,0.0,0.0,0.0,0.0,1.0,0.0,0.0,0.0,,,,,,,,,,,,,,,,,,,,,,,,,,,,,,1364,,U,4,290,6533,Robo de accesorios de vehículo,,Hombre
16694,1407771.05,1407771.05.01,1407771.05.01.01,1407771.05.01.01.09.1,1407771,5,1,1,1,9,1,A,1,34,,1,14,67,2,2,0.0,1.0,0.0,0.0,0.0,1.0,1.0,1.0,1.0,0.0,1.0,0.0,4.0,0.0,0.0,0.0,0.0,0.0,1.0,,0.0,0.0,0.0,1.0,0.0,9.0,,,,,,,2.0,,,,,,,,,2,,,4.0,,,,,,,2,,,,,,,,,,,,,,,,5,,,0.0,0.0,0.0,0.0,0.0,0.0,0.0,0.0,0.0,1.0,0.0,0.0,,,,,,,,,,,,,,,,,2.0,,,,,0.0,0.0,1.0,,,,,,2728,,U,4,290,6533,Extorsión,,Hombre
16695,1407922.05,1407922.05.01,1407922.05.01.01,1407922.05.01.01.10.1,1407922,5,1,1,4,10,1,A,1,24,,12,14,67,1,3,0.0,0.0,1.0,0.0,0.0,1.0,1.0,1.0,2.0,1.0,0.0,0.0,3.0,0.0,1.0,0.0,0.0,0.0,0.0,,0.0,0.0,0.0,1.0,0.0,2.0,,,,,,,2.0,,,,,,,,,2,,,4.0,,,,,,,2,,,,,,,,,,,,,,,,3,0.0,0.0,,,,,,,,,,,,,,,,,,,,,,,,,,,,,,,,,,,,,,,,,,2463,,U,2,288,6518,Amenazas/intimidación,,Hombre
16698,1405453.02,1405453.02.01,1405453.02.01.01,1405453.02.01.01.07.1,1405453,2,1,1,1,7,1,A,1,39,,8,14,67,2,4,1.0,0.0,0.0,0.0,0.0,,,,,,,,,,,,,,,,,,,,,,,,,,,,,,,,,,,,,2,,,4.0,,,,,,,2,,,,,,,,,,,,,,,,1,8000.0,0.0,1.0,0.0,1.0,1.0,0.0,0.0,0.0,0.0,1.0,0.0,0.0,0.0,,,,,,,,,,,,,,,,4.0,,,,,,,,,,,,,,2157,,U,4,281,6436,Robo en banco/cajero,,Hombre
16699,1407616.04,1407616.04.01,1407616.04.01.01,1407616.04.01.01.08.1,1407616,4,1,1,2,8,1,A,2,42,,7,14,67,2,3,1.0,0.0,0.0,0.0,0.0,,,,,,,,,,,,,,,,,,,,,,,,,,,,,,,,,,,,,2,,,7.0,,,,,,,2,,,,,,,,,,,,,,,,1,4500.0,0.0,,,,,,,,,,,,,,,,,,,,,,,,,,,,1.0,,,,,,,,,,,,,,999,,U,3,289,6531,Fraude bancario,,Mujer
16700,1407616.04,1407616.04.01,1407616.04.01.01,1407616.04.01.01.08.2,1407616,4,1,2,2,8,1,A,2,42,,2,14,67,1,2,1.0,0.0,0.0,0.0,0.0,,,,,,,,,,,,,,,,,,,,,,,,,,,,,,,,,,,,,2,,,7.0,,,,,,,2,,,,,,,,,,,,,,,,1,2000.0,0.0,1.0,1.0,1.0,1.0,1.0,1.0,1.0,1.0,1.0,0.0,0.0,0.0,,,,,,,,,,,,,,,,1.0,,,,,,,,,,,,,,999,,U,3,289,6531,Fraude bancario,,Mujer
16701,1407654.05,1407654.05.01,1407654.05.01.02,1407654.05.01.02.02.1,1407654,5,1,1,1,2,2,A,2,46,,6,14,67,2,1,,,,,,2.0,,,,,,,,,,,,,,,,,,,,,,,,,,,,,,,,,,,,2,2.0,,3.0,,,,,,,2,,,,,,,,,,,,,,,,1,2000.0,0.0,1.0,1.0,1.0,1.0,1.0,1.0,1.0,1.0,1.0,0.0,0.0,0.0,,,,,,,,,,,,,,,,,,,,,,,,,,,,,,1147,,U,4,290,6534,Robo de accesorios de vehículo,,Mujer
16702,1407711.02,1407711.02.01,1407711.02.01.01,1407711.02.01.01.10.1,1407711,2,1,1,1,10,1,A,2,55,,10,14,67,1,2,0.0,1.0,0.0,0.0,0.0,1.0,2.0,,,,,,,,,,,,,,,,,,,,,,,,,,,,,,,,,,,2,,,2.0,,,,,,,1,0.0,0.0,0.0,0.0,0.0,1.0,0.0,0.0,0.0,1.0,0.0,0.0,0.0,0.0,0.0,3,0.0,8000.0,0.0,1.0,0.0,1.0,1.0,1.0,1.0,1.0,1.0,0.0,0.0,0.0,,,,,,,,,,,,,,,,,,,,,,,,,,,,,,1232,,U,2,288,6519,Amenazas/intimidación,,Mujer
16703,1407711.05,1407711.05.01,1407711.05.01.01,1407711.05.01.01.01.1,1407711,5,1,1,1,1,1,A,2,37,,1,14,67,1,1,,,,,,1.0,1.0,1.0,2.0,1.0,1.0,0.0,5.0,1.0,0.0,0.0,0.0,0.0,0.0,1.0,0.0,0.0,0.0,1.0,0.0,2.0,,,,,,,2.0,,,,,,,,,1,,,,1.0,6.0,,4.0,2.0,2.0,1,0.0,1.0,0.0,0.0,0.0,0.0,0.0,0.0,0.0,1.0,0.0,0.0,0.0,0.0,0.0,1,600000.0,0.0,1.0,1.0,1.0,1.0,1.0,1.0,1.0,1.0,1.0,0.0,0.0,0.0,2.0,,,,,,,,,,,,,,,,,,,,,,,,,,,,,1232,,U,2,288,6519,Robo total de vehículo,,Mujer
16704,1407899.01,1407899.01.01,1407899.01.01.02,1407899.01.01.02.04.1,1407899,1,1,1,1,4,2,A,2,52,,6,14,67,4,2,,,,,,1.0,2.0,,,,,,,,,,,,,,,,,,,,,,,,,,,,,,,,,,,2,2.0,,4.0,,,,,,,2,,,,,,,,,,,,,,,,1,2000.0,0.0,1.0,0.0,1.0,0.0,0.0,0.0,0.0,0.0,1.0,0.0,0.0,0.0,,0.0,0.0,0.0,1.0,0.0,0.0,0.0,0.0,0.0,0.0,0.0,0.0,0.0,2.0,,,,,,,,,,,,,,,1160,,U,2,288,6525,Robo en transporte público,,Mujer
16705,1407899.02,1407899.02.01,1407899.02.01.02,1407899.02.01.02.02.1,1407899,2,1,1,2,2,2,A,2,39,,9,14,67,4,1,,,,,,2.0,,,,,,,,,,,,,,,,,,,,,,,,,,,,,,,,,,,,1,,,,1.0,6.0,,1.0,4.0,4.0,1,0.0,1.0,0.0,0.0,0.0,0.0,0.0,0.0,0.0,0.0,0.0,0.0,0.0,1.0,0.0,1,4500.0,0.0,,,,,,,,,,,,,,,,,,,,,,,,,,,,,,,,,,,,,,,,,,1160,,U,2,288,6525,Robo de accesorios de vehículo,,Mujer
16706,1407899.02,1407899.02.01,1407899.02.01.02,1407899.02.01.02.02.2,1407899,2,1,2,2,2,2,A,2,39,,3,14,67,4,1,,,,,,2.0,,,,,,,,,,,,,,,,,,,,,,,,,,,,,,,,,,,,1,,,,1.0,6.0,,1.0,4.0,4.0,2,,,,,,,,,,0.0,0.0,0.0,0.0,1.0,0.0,1,2000.0,0.0,1.0,1.0,1.0,1.0,1.0,0.0,0.0,1.0,1.0,0.0,0.0,0.0,,,,,,,,,,,,,,,,,,,,,,,,,,,,,,1160,,U,2,288,6525,Robo de accesorios de vehículo,,Mujer
16707,1407922.04,1407922.04.01,1407922.04.01.02,1407922.04.01.02.05.1,1407922,4,1,1,2,5,2,A,2,27,,2,14,67,4,1,,,,,,1.0,1.0,1.0,5.0,1.0,0.0,0.0,2.0,1.0,0.0,0.0,0.0,0.0,0.0,2.0,0.0,0.0,0.0,0.0,1.0,1.0,0.0,1.0,0.0,0.0,0.0,2.0,2.0,,,,,,,,,2,,,7.0,,,,,,,1,0.0,0.0,1.0,0.0,0.0,0.0,0.0,0.0,0.0,1.0,0.0,0.0,0.0,0.0,0.0,1,6000.0,0.0,,,,,,,,,,,,,,0.0,0.0,0.0,0.0,0.0,0.0,1.0,1.0,1.0,0.0,0.0,0.0,0.0,,,,,,,,,,,,,,,,2463,,U,2,288,6518,Robo en calle (a transeúnte),,Mujer
16708,1407922.04,1407922.04.01,1407922.04.01.02,1407922.04.01.02.05.2,1407922,4,1,2,2,5,2,A,2,27,,11,14,67,4,3,,,,,,1.0,1.0,2.0,1.0,1.0,0.0,0.0,4.0,1.0,0.0,0.0,0.0,0.0,0.0,2.0,1.0,0.0,0.0,0.0,0.0,1.0,0.0,1.0,0.0,0.0,0.0,2.0,2.0,,,,,,,,,2,,,7.0,,,,,,,2,,,,,,,,,,,,,,,,1,3500.0,0.0,,,,,,,,,,,,,,0.0,0.0,0.0,0.0,0.0,0.0,1.0,0.0,0.0,0.0,0.0,0.0,0.0,,,,,,,,,,,,,,,,2463,,U,2,288,6518,Robo en calle (a transeúnte),,Mujer
16709,1407922.04,1407922.04.01,1407922.04.01.02,1407922.04.01.02.10.1,1407922,4,1,1,1,10,2,A,2,27,,4,14,67,4,1,0.0,0.0,1.0,0.0,0.0,1.0,1.0,2.0,1.0,1.0,0.0,0.0,5.0,0.0,1.0,0.0,0.0,0.0,0.0,,0.0,1.0,0.0,0.0,0.0,2.0,,,,,,,1.0,0.0,0.0,0.0,0.0,0.0,0.0,0.0,1.0,2,,,1.0,,,,,,,2,,,,,,,,,,,,,,,,5,,,1.0,0.0,1.0,0.0,0.0,0.0,1.0,1.0,0.0,0.0,0.0,0.0,,,,,,,,,,,,,,,,,,,,,,,,,,,,,,2463,,U,2,288,6518,Amenazas/intimidación,,Mujer
16710,1407922.05,1407922.05.01,1407922.05.01.01,1407922.05.01.01.10.2,1407922,5,1,2,4,10,1,A,1,24,,10,14,67,2,2,1.0,0.0,0.0,0.0,0.0,1.0,2.0,,,,,,,,,,,,,,,,,,,,,,,,,,,,,,,,,,,2,,,4.0,,,,,,,2,,,,,,,,,,,,,,,,5,,,,,,,,,,,,,,,,,,,,,,,,,,,,,,,,,,,,,,,,,,,,2463,,U,2,288,6518,Amenazas/intimidación,,Hombre
16711,1407922.05,1407922.05.01,1407922.05.01.01,1407922.05.01.01.10.3,1407922,5,1,3,4,10,1,A,1,24,,9,14,67,4,2,1.0,0.0,0.0,0.0,0.0,1.0,2.0,,,,,,,,,,,,,,,,,,,,,,,,,,,,,,,,,,,2,,,4.0,,,,,,,2,,,,,,,,,,,,,,,,5,,,,,,,,,,,,,,,,,,,,,,,,,,,,,,,,,,,,,,,,,,,,2463,,U,2,288,6518,Amenazas/intimidación,,Hombre
16712,1407922.05,1407922.05.01,1407922.05.01.01,1407922.05.01.01.10.4,1407922,5,1,4,4,10,1,A,1,24,,7,14,67,1,1,0.0,0.0,1.0,0.0,0.0,1.0,1.0,2.0,3.0,1.0,0.0,0.0,9.0,1.0,0.0,0.0,0.0,0.0,0.0,2.0,1.0,0.0,0.0,0.0,0.0,1.0,0.0,1.0,0.0,0.0,0.0,1.0,,1.0,1.0,0.0,0.0,0.0,0.0,0.0,0.0,1,,,,9.0,,,3.0,5.0,3.0,1,0.0,0.0,0.0,0.0,0.0,1.0,0.0,0.0,0.0,1.0,0.0,0.0,0.0,0.0,0.0,2,0.0,0.0,1.0,0.0,0.0,1.0,0.0,1.0,1.0,0.0,1.0,0.0,0.0,0.0,,,,,,,,,,,,,,,,,,,,,,,,,,,,,,2463,,U,2,288,6518,Amenazas/intimidación,,Hombre
16713,1407937.02,1407937.02.01,1407937.02.01.02,1407937.02.01.02.07.1,1407937,2,1,1,1,7,2,A,2,30,,1,14,67,1,2,1.0,0.0,0.0,0.0,0.0,,,,,,,,,,,,,,,,,,,,,,,,,,,,,,,,,,,,,2,,,8.0,,,,,,,2,,,,,,,,,,,,,,,,5,,,1.0,1.0,1.0,1.0,1.0,1.0,1.0,1.0,1.0,0.0,0.0,0.0,,,,,,,,,,,,,,,,4.0,,,,,,,,,,,,,,2484,,U,2,288,6521,Robo en banco/cajero,,Mujer
16714,1407937.03,1407937.03.01,1407937.03.01.02,1407937.03.01.02.07.1,1407937,3,1,1,1,7,2,A,2,43,,6,14,67,2,2,1.0,0.0,0.0,0.0,0.0,,,,,,,,,,,,,,,,,,,,,,,,,,,,,,,,,,,,,2,,,5.0,,,,,,,2,,,,,,,,,,,,,,,,1,1200.0,0.0,0.0,0.0,0.0,1.0,0.0,0.0,0.0,1.0,0.0,0.0,0.0,0.0,,,,,,,,,,,,,,,,4.0,,,,,,,,,,,,,,2484,,U,2,288,6521,Robo en banco/cajero,,Mujer
16715,1407970.05,1407970.05.01,1407970.05.01.03,1407970.05.01.03.02.1,1407970,5,1,1,1,2,3,A,1,30,,1,14,67,2,5,,,,,,2.0,,,,,,,,,,,,,,,,,,,,,,,,,,,,,,,,,,,,2,2.0,,4.0,,,,,,,2,,,,,,,,,,,,,,,,1,8000.0,0.0,1.0,1.0,1.0,0.0,0.0,0.0,0.0,0.0,0.0,0.0,0.0,0.0,,,,,,,,,,,,,,,,,,,,,,,,,,,,,,845,,C,3,298,6578,Robo de accesorios de vehículo,,Hombre
16716,1407970.12,1407970.12.02,1407970.12.02.01,1407970.12.02.01.04.1,1407970,12,2,1,1,4,1,A,1,25,,11,14,67,3,2,,,,,,2.0,,,,,,,,,,,,,,,,,,,,,,,,,,,,,,,,,,,,2,2.0,,4.0,,,,,,,2,,,,,,,,,,,,,,,,5,,,,,,,,,,,,,,,,0.0,0.0,0.0,0.0,0.0,0.0,0.0,0.0,0.0,0.0,0.0,1.0,0.0,2.0,,,,,,,,,,,,,,,845,,C,3,298,6578,Robo en transporte público,,Hombre
16717,1407970.12,1407970.12.02,1407970.12.02.01,1407970.12.02.01.11.1,1407970,12,2,1,1,11,1,A,1,25,,8,14,67,3,1,,,,,,1.0,1.0,2.0,2.0,1.0,0.0,0.0,3.0,1.0,0.0,0.0,0.0,0.0,0.0,2.0,0.0,0.0,0.0,1.0,0.0,2.0,,,,,,,1.0,1.0,0.0,0.0,0.0,0.0,0.0,0.0,0.0,1,,,,9.0,,,2.0,3.0,2.0,2,,,,,,,,,,0.0,0.0,0.0,0.0,1.0,0.0,2,0.0,0.0,1.0,1.0,1.0,1.0,1.0,0.0,1.0,0.0,1.0,0.0,0.0,0.0,,,,,,,,,,,,,,,,,,,,,,,,,,,,,,845,,C,3,298,6578,Lesiones,,Hombre
16718,1407970.18,1407970.18.01,1407970.18.01.01,1407970.18.01.01.08.1,1407970,18,1,1,1,8,1,A,2,42,,6,14,67,1,5,0.0,1.0,0.0,0.0,0.0,,,,,,,,,,,,,,,,,,,,,,,,,,,,,,,,,,,,,2,,,6.0,,,,,,,2,,,,,,,,,,,,,,,,1,0.0,0.0,,,,,,,,,,,,,,,,,,,,,,,,,,,,1.0,,,,,,,,,,,,,,1690,,C,3,298,6578,Fraude bancario,,Mujer
16719,1407970.18,1407970.18.01,1407970.18.01.01,1407970.18.01.01.09.1,1407970,18,1,1,1,9,1,A,2,42,,7,14,67,3,2,0.0,1.0,0.0,0.0,0.0,1.0,2.0,,,,,,,,,,,,,,,,,,,,,,,,,,,,,,,,,,,2,,,6.0,,,,,,,2,,,,,,,,,,,,,,,,1,3000000.0,0.0,0.0,0.0,0.0,0.0,0.0,0.0,0.0,0.0,0.0,0.0,1.0,0.0,,,,,,,,,,,,,,,,,2.0,,,,,0.0,1.0,0.0,1.0,,,,,1690,,C,3,298,6578,Extorsión,,Mujer
16720,1407992.03,1407992.03.01,1407992.03.01.01,1407992.03.01.01.09.1,1407992,3,1,1,1,9,1,A,2,56,,2,14,67,2,2,0.0,1.0,0.0,0.0,0.0,1.0,1.0,2.0,1.0,1.0,0.0,0.0,9.0,1.0,0.0,0.0,0.0,0.0,0.0,2.0,0.0,0.0,0.0,1.0,0.0,2.0,,,,,,,2.0,,,,,,,,,1,,,,2.0,,3.0,3.0,3.0,2.0,2,,,,,,,,,,1.0,0.0,0.0,0.0,0.0,0.0,3,0.0,0.0,,,,,,,,,,,,,,,,,,,,,,,,,,,,,3.0,,,,,1.0,0.0,0.0,3.0,,,,,797,,C,2,297,6572,Extorsión,,Mujer
16721,1407992.03,1407992.03.01,1407992.03.01.01,1407992.03.01.01.13.1,1407992,3,1,1,1,13,1,A,2,56,,6,14,67,2,3,0.0,0.0,1.0,0.0,0.0,1.0,1.0,1.0,1.0,1.0,0.0,0.0,5.0,0.0,0.0,1.0,0.0,0.0,0.0,,0.0,0.0,0.0,1.0,0.0,2.0,,,,,,,2.0,,,,,,,,,2,,,9.0,,,,,,,2,,,,,,,,,,,,,,,,3,0.0,0.0,1.0,1.0,1.0,1.0,1.0,1.0,1.0,1.0,1.0,0.0,0.0,0.0,,,,,,,,,,,,,,,,,,,,,,,,,,,,,2.0,797,,C,2,297,6572,Delito sexual,,Mujer
16722,1407992.04,1407992.04.01,1407992.04.01.03,1407992.04.01.03.04.1,1407992,4,1,1,1,4,3,A,2,32,,3,14,67,2,2,,,,,,2.0,,,,,,,,,,,,,,,,,,,,,,,,,,,,,,,,,,,,2,2.0,,5.0,,,,,,,2,,,,,,,,,,,,,,,,1,30000.0,0.0,1.0,1.0,1.0,1.0,0.0,1.0,1.0,1.0,1.0,0.0,0.0,0.0,,0.0,0.0,0.0,0.0,0.0,0.0,0.0,0.0,0.0,0.0,0.0,0.0,1.0,2.0,,,,,,,,,,,,,,,797,,C,2,297,6572,Robo en transporte público,,Mujer
16723,1407992.11,1407992.11.01,1407992.11.01.02,1407992.11.01.02.10.1,1407992,11,1,1,1,10,2,A,2,38,,3,14,67,1,2,0.0,0.0,1.0,0.0,0.0,1.0,1.0,1.0,1.0,1.0,0.0,0.0,4.0,0.0,0.0,1.0,0.0,0.0,0.0,,1.0,0.0,0.0,0.0,0.0,1.0,1.0,0.0,0.0,0.0,0.0,2.0,2.0,,,,,,,,,2,,,2.0,,,,,,,2,,,,,,,,,,,,,,,,3,0.0,200.0,1.0,0.0,0.0,1.0,1.0,1.0,0.0,0.0,1.0,0.0,0.0,0.0,,,,,,,,,,,,,,,,,,,,,,,,,,,,,,1593,,C,2,297,6572,Amenazas/intimidación,,Mujer
16724,1408056.02,1408056.02.01,1408056.02.01.03,1408056.02.01.03.07.1,1408056,2,1,1,2,7,3,A,2,22,,11,14,67,3,2,0.0,1.0,0.0,0.0,0.0,,,,,,,,,,,,,,,,,,,,,,,,,,,,,,,,,,,,,2,,,4.0,,,,,,,2,,,,,,,,,,,,,,,,1,1800.0,0.0,,,,,,,,,,,,,,,,,,,,,,,,,,,,4.0,,,,,,,,,,,,,,2700,,U,2,288,6527,Robo en banco/cajero,,Mujer
16725,1408056.02,1408056.02.01,1408056.02.01.03,1408056.02.01.03.07.2,1408056,2,1,2,2,7,3,A,2,22,,1,14,67,2,2,1.0,0.0,0.0,0.0,0.0,,,,,,,,,,,,,,,,,,,,,,,,,,,,,,,,,,,,,2,,,4.0,,,,,,,2,,,,,,,,,,,,,,,,1,900.0,0.0,,,,,,,,,,,,,,,,,,,,,,,,,,,,1.0,,,,,,,,,,,,,,2700,,U,2,288,6527,Robo en banco/cajero,,Mujer
16726,1408056.02,1408056.02.01,1408056.02.01.03,1408056.02.01.03.08.1,1408056,2,1,1,1,8,3,A,2,22,,1,14,67,2,2,1.0,0.0,0.0,0.0,0.0,,,,,,,,,,,,,,,,,,,,,,,,,,,,,,,,,,,,,2,,,4.0,,,,,,,2,,,,,,,,,,,,,,,,1,6000.0,0.0,0.0,0.0,1.0,0.0,0.0,0.0,0.0,1.0,0.0,0.0,0.0,0.0,,,,,,,,,,,,,,,,1.0,,,,,,,,,,,,,,2700,,U,2,288,6527,Fraude bancario,,Mujer
16727,1408056.03,1408056.03.01,1408056.03.01.01,1408056.03.01.01.07.1,1408056,3,1,1,1,7,1,A,1,35,,11,14,67,3,4,1.0,0.0,0.0,0.0,0.0,,,,,,,,,,,,,,,,,,,,,,,,,,,,,,,,,,,,,2,,,5.0,,,,,,,2,,,,,,,,,,,,,,,,1,1600.0,0.0,0.0,0.0,0.0,0.0,1.0,0.0,0.0,0.0,1.0,0.0,0.0,0.0,,,,,,,,,,,,,,,,4.0,,,,,,,,,,,,,,900,,U,2,288,6527,Robo en banco/cajero,,Hombre
16728,1408249.02,1408249.02.01,1408249.02.01.03,1408249.02.01.03.07.1,1408249,2,1,1,1,7,3,A,1,27,,11,14,67,3,1,1.0,0.0,0.0,0.0,0.0,,,,,,,,,,,,,,,,,,,,,,,,,,,,,,,,,,,,,2,,,4.0,,,,,,,2,,,,,,,,,,,,,,,,5,,,0.0,0.0,1.0,1.0,0.0,0.0,0.0,0.0,0.0,0.0,0.0,0.0,,,,,,,,,,,,,,,,5.0,,,,,,,,,,,,,,4692,,U,2,288,6524,Robo en banco/cajero,,Hombre
16729,1408263.01,1408263.01.01,1408263.01.01.03,1408263.01.01.03.03.1,1408263,1,1,1,1,3,3,A,1,28,,7,14,67,4,1,,,,,,2.0,,,,,,,,,,,,,,,,,,,,,,,,,,,,,,,,,,,,1,,,,9.0,,,9.0,3.0,2.0,2,,,,,,,,,,0.0,0.0,0.0,0.0,1.0,0.0,1,0.0,0.0,1.0,1.0,1.0,1.0,1.0,1.0,1.0,1.0,1.0,0.0,0.0,0.0,,,,,,,,,,,,,,,,,,,,,,,,,,,,,,1675,,U,4,290,6532,Robo en vivienda,,Hombre
16731,1419478.03,1419478.03.01,1419478.03.01.01,1419478.03.01.01.02.1,1419478,3,1,1,1,2,1,A,1,28,,4,14,67,2,1,,,,,,2.0,,,,,,,,,,,,,,,,,,,,,,,,,,,,,,,,,,,,1,,,,1.0,6.0,,2.0,1.0,2.0,2,,,,,,,,,,0.0,0.0,0.0,0.0,1.0,0.0,1,15800.0,0.0,,,,,,,,,,,,,,,,,,,,,,,,,,,,,,,,,,,,,,,,,,1208,,U,4,281,6395,Robo de accesorios de vehículo,,Hombre
16733,1408263.04,1408263.04.01,1408263.04.01.03,1408263.04.01.03.07.1,1408263,4,1,1,1,7,3,A,1,31,,6,14,67,1,3,1.0,0.0,0.0,0.0,0.0,,,,,,,,,,,,,,,,,,,,,,,,,,,,,,,,,,,,,2,,,9.0,,,,,,,2,,,,,,,,,,,,,,,,1,15000.0,0.0,1.0,1.0,1.0,1.0,1.0,1.0,1.0,1.0,1.0,0.0,0.0,0.0,,,,,,,,,,,,,,,,4.0,,,,,,,,,,,,,,8375,,U,4,290,6532,Robo en banco/cajero,,Hombre
16735,1408379.1,1408379.10.01,1408379.10.01.01,1408379.10.01.01.03.1,1408379,10,1,1,1,3,1,A,1,56,2.0,9,14,70,4,2,,,,,,2.0,,,,,,,,,,,,,,,,,,,,,,,,,,,,,,,,,,,,2,2.0,,6.0,,,,,,,2,,,,,,,,,,,,,,,,1,1000.0,0.0,,,,,,,,,,,,,,,,,,,,,,,,,,,,,,,,,,,,,,,,,,1105,1105.0,C,2,297,6566,Robo en vivienda,En su vivienda,Hombre
16736,1461282.16,1461282.16.01,1461282.16.01.04,1461282.16.01.04.13.1,1461282,16,1,1,1,13,4,A,2,19,2.0,9,14,70,4,1,0.0,0.0,1.0,0.0,0.0,1.0,1.0,2.0,2.0,1.0,0.0,0.0,5.0,1.0,0.0,0.0,0.0,0.0,0.0,2.0,0.0,0.0,0.0,1.0,0.0,2.0,,,,,,,2.0,,,,,,,,,2,,,9.0,,,,,,,2,,,,,,,,,,,,,,,,3,0.0,0.0,1.0,1.0,1.0,1.0,0.0,1.0,1.0,1.0,1.0,0.0,0.0,0.0,,,,,,,,,,,,,,,,,,,,,,,,,,,,,3.0,3472,3472.0,R,1,302,6596,Delito sexual,En su vivienda,Mujer
16737,1461282.16,1461282.16.01,1461282.16.01.04,1461282.16.01.04.10.1,1461282,16,1,1,1,10,4,A,2,19,2.0,11,14,70,2,3,0.0,0.0,1.0,0.0,0.0,1.0,1.0,2.0,1.0,0.0,1.0,0.0,4.0,1.0,0.0,0.0,0.0,0.0,0.0,2.0,0.0,0.0,0.0,1.0,0.0,2.0,,,,,,,2.0,,,,,,,,,2,,,3.0,,,,,,,2,,,,,,,,,,,,,,,,3,0.0,0.0,,,,,,,,,,,,,,,,,,,,,,,,,,,,,,,,,,,,,,,,,,3472,3472.0,R,1,302,6596,Amenazas/intimidación,En su vivienda,Mujer
16738,1408379.2,1408379.20.01,1408379.20.01.03,1408379.20.01.03.05.1,1408379,20,1,1,1,5,3,A,1,24,2.0,9,14,70,4,1,,,,,,1.0,1.0,1.0,2.0,1.0,0.0,0.0,4.0,1.0,0.0,0.0,0.0,0.0,0.0,2.0,0.0,0.0,0.0,1.0,0.0,1.0,1.0,0.0,0.0,0.0,0.0,1.0,,1.0,1.0,0.0,0.0,0.0,0.0,0.0,0.0,2,,,1.0,,,,,,,2,,,,,,,,,,,,,,,,1,20000.0,1000.0,,,,,,,,,,,,,,0.0,0.0,1.0,0.0,0.0,1.0,1.0,1.0,1.0,0.0,0.0,0.0,0.0,,,,,,,,,,,,,,,,4419,4419.0,C,2,297,6566,Robo en calle (a transeúnte),En su vivienda,Hombre
16739,1408379.2,1408379.20.01,1408379.20.01.03,1408379.20.01.03.08.1,1408379,20,1,1,1,8,3,A,1,24,2.0,12,14,70,3,2,1.0,0.0,0.0,0.0,0.0,,,,,,,,,,,,,,,,,,,,,,,,,,,,,,,,,,,,,2,,,9.0,,,,,,,2,,,,,,,,,,,,,,,,1,400.0,0.0,0.0,0.0,1.0,1.0,0.0,0.0,1.0,0.0,0.0,0.0,0.0,0.0,,,,,,,,,,,,,,,,1.0,,,,,,,,,,,,,,4419,4419.0,C,2,297,6566,Fraude bancario,En su vivienda,Hombre
16740,1461282.08,1461282.08.01,1461282.08.01.01,1461282.08.01.01.07.1,1461282,8,1,1,1,7,1,A,2,32,2.0,3,14,70,3,8,1.0,0.0,0.0,0.0,0.0,,,,,,,,,,,,,,,,,,,,,,,,,,,,,,,,,,,,,2,,,4.0,,,,,,,2,,,,,,,,,,,,,,,,1,2300.0,0.0,1.0,1.0,1.0,1.0,0.0,0.0,0.0,1.0,0.0,0.0,0.0,0.0,,,,,,,,,,,,,,,,4.0,,,,,,,,,,,,,,868,868.0,R,1,302,6596,Robo en banco/cajero,En su vivienda,Mujer
16741,1408523.18,1408523.18.01,1408523.18.01.01,1408523.18.01.01.07.1,1408523,18,1,1,1,7,1,A,2,26,2.0,5,14,70,1,8,1.0,0.0,0.0,0.0,0.0,,,,,,,,,,,,,,,,,,,,,,,,,,,,,,,,,,,,,2,,,9.0,,,,,,,2,,,,,,,,,,,,,,,,5,,,0.0,0.0,0.0,1.0,0.0,0.0,0.0,0.0,0.0,0.0,0.0,0.0,,,,,,,,,,,,,,,,4.0,,,,,,,,,,,,,,1149,1149.0,C,2,297,6563,Robo en banco/cajero,En su vivienda,Mujer
16742,1408379.1,1408379.10.01,1408379.10.01.01,1408379.10.01.01.09.1,1408379,10,1,1,1,9,1,A,1,56,2.0,4,14,70,1,2,0.0,1.0,0.0,0.0,0.0,1.0,2.0,,,,,,,,,,,,,,,,,,,,,,,,,,,,,,,,,,,2,,,6.0,,,,,,,2,,,,,,,,,,,,,,,,5,,,0.0,0.0,0.0,0.0,0.0,0.0,0.0,0.0,1.0,0.0,0.0,0.0,,,,,,,,,,,,,,,,,3.0,,,,,1.0,0.0,0.0,3.0,,,,,1105,1105.0,C,2,297,6566,Extorsión,En su vivienda,Hombre
16743,1408523.15,1408523.15.01,1408523.15.01.03,1408523.15.01.03.05.1,1408523,15,1,1,1,5,3,A,2,26,2.0,3,14,70,3,1,,,,,,1.0,1.0,2.0,3.0,1.0,0.0,0.0,3.0,1.0,0.0,0.0,0.0,0.0,0.0,2.0,0.0,0.0,0.0,1.0,0.0,2.0,,,,,,,2.0,,,,,,,,,2,,,1.0,,,,,,,2,,,,,,,,,,,,,,,,3,5000.0,0.0,1.0,1.0,1.0,1.0,0.0,1.0,0.0,0.0,0.0,0.0,0.0,0.0,,0.0,0.0,0.0,0.0,0.0,0.0,1.0,0.0,1.0,0.0,0.0,0.0,0.0,,,,,,,,,,,,,,,,4594,4594.0,C,2,297,6563,Robo en calle (a transeúnte),En su vivienda,Mujer
16744,1408524.11,1408524.11.01,1408524.11.01.02,1408524.11.01.02.05.1,1408524,11,1,1,1,5,2,A,2,45,2.0,12,14,70,1,5,,,,,,1.0,1.0,2.0,2.0,1.0,0.0,0.0,4.0,1.0,0.0,0.0,0.0,0.0,0.0,2.0,0.0,0.0,0.0,1.0,0.0,1.0,1.0,0.0,0.0,0.0,0.0,2.0,2.0,,,,,,,,,2,,,7.0,,,,,,,1,0.0,1.0,0.0,0.0,0.0,0.0,0.0,0.0,0.0,0.0,0.0,0.0,0.0,1.0,0.0,3,10000.0,0.0,,,,,,,,,,,,,,0.0,0.0,0.0,0.0,0.0,0.0,1.0,0.0,1.0,0.0,0.0,0.0,0.0,,,,,,,,,,,,,,,,2638,2638.0,C,2,297,6560,Robo en calle (a transeúnte),En su vivienda,Mujer
16745,1410626.06,1410626.06.01,1410626.06.01.02,1410626.06.01.02.01.1,1410626,6,1,1,1,1,2,A,2,46,2.0,11,14,70,2,3,,,,,,2.0,,,,,,,,,,,,,,,,,,,,,,,,,,,,,,,,,,,,1,,,,1.0,6.0,,4.0,5.0,2.0,1,0.0,1.0,0.0,0.0,0.0,0.0,0.0,0.0,0.0,1.0,0.0,0.0,0.0,0.0,0.0,3,25000.0,0.0,,,,,,,,,,,,,2.0,,,,,,,,,,,,,,,,,,,,,,,,,,,,,1503,1503.0,C,2,299,6581,Robo total de vehículo,En su vivienda,Mujer
16746,1412228.17,1412228.17.01,1412228.17.01.02,1412228.17.01.02.07.1,1412228,17,1,1,1,7,2,A,2,29,2.0,10,14,70,2,5,1.0,0.0,0.0,0.0,0.0,,,,,,,,,,,,,,,,,,,,,,,,,,,,,,,,,,,,,2,,,5.0,,,,,,,2,,,,,,,,,,,,,,,,1,2000.0,0.0,1.0,1.0,1.0,1.0,1.0,1.0,0.0,1.0,1.0,0.0,0.0,0.0,,,,,,,,,,,,,,,,4.0,,,,,,,,,,,,,,2712,2712.0,C,2,299,6580,Robo en banco/cajero,En su vivienda,Mujer
16747,1408523.03,1408523.03.01,1408523.03.01.01,1408523.03.01.01.09.1,1408523,3,1,1,1,9,1,A,1,61,2.0,6,14,70,1,2,0.0,1.0,0.0,0.0,0.0,1.0,2.0,,,,,,,,,,,,,,,,,,,,,,,,,,,,,,,,,,,2,,,6.0,,,,,,,2,,,,,,,,,,,,,,,,5,,,0.0,0.0,0.0,0.0,0.0,0.0,0.0,0.0,0.0,0.0,1.0,0.0,,,,,,,,,,,,,,,,,3.0,,,,,1.0,0.0,0.0,3.0,,,,,1149,1149.0,C,2,297,6563,Extorsión,En su vivienda,Hombre
16748,1408523.05,1408523.05.01,1408523.05.01.02,1408523.05.01.02.09.1,1408523,5,1,1,1,9,2,A,2,53,2.0,8,14,70,1,2,0.0,1.0,0.0,0.0,0.0,1.0,1.0,2.0,2.0,1.0,1.0,0.0,8.0,1.0,0.0,0.0,0.0,0.0,0.0,2.0,0.0,0.0,0.0,1.0,0.0,9.0,,,,,,,2.0,,,,,,,,,2,,,4.0,,,,,,,2,,,,,,,,,,,,,,,,5,,,0.0,0.0,0.0,0.0,0.0,0.0,0.0,0.0,0.0,0.0,1.0,0.0,,,,,,,,,,,,,,,,,3.0,,,,,1.0,0.0,0.0,3.0,,,,,3446,3446.0,C,2,297,6563,Extorsión,En su vivienda,Mujer
16749,1408523.07,1408523.07.01,1408523.07.01.01,1408523.07.01.01.03.1,1408523,7,1,1,1,3,1,A,1,41,2.0,5,14,70,3,1,,,,,,2.0,,,,,,,,,,,,,,,,,,,,,,,,,,,,,,,,,,,,2,2.0,,4.0,,,,,,,2,,,,,,,,,,,,,,,,3,500.0,0.0,1.0,1.0,1.0,1.0,0.0,0.0,0.0,0.0,1.0,0.0,0.0,0.0,,,,,,,,,,,,,,,,,,,,,,,,,,,,,,1149,1149.0,C,2,297,6563,Robo en vivienda,En su vivienda,Hombre
16750,1408379.03,1408379.03.01,1408379.03.01.03,1408379.03.01.03.03.1,1408379,3,1,1,1,3,3,A,2,23,2.0,10,14,70,3,1,,,,,,2.0,,,,,,,,,,,,,,,,,,,,,,,,,,,,,,,,,,,,2,2.0,,4.0,,,,,,,2,,,,,,,,,,,,,,,,1,1500.0,0.0,,,,,,,,,,,,,,,,,,,,,,,,,,,,,,,,,,,,,,,,,,1105,1105.0,C,2,297,6566,Robo en vivienda,En su vivienda,Mujer
16751,1408524.19,1408524.19.01,1408524.19.01.01,1408524.19.01.01.09.1,1408524,19,1,1,1,9,1,A,1,35,2.0,12,14,70,2,2,0.0,1.0,0.0,0.0,0.0,1.0,1.0,1.0,2.0,1.0,0.0,0.0,8.0,1.0,0.0,0.0,0.0,0.0,0.0,2.0,0.0,0.0,0.0,1.0,0.0,9.0,,,,,,,9.0,,,,,,,,,2,,,6.0,,,,,,,2,,,,,,,,,,,,,,,,5,,,1.0,1.0,1.0,1.0,0.0,1.0,0.0,0.0,0.0,0.0,0.0,0.0,,,,,,,,,,,,,,,,,3.0,,,,,1.0,0.0,0.0,3.0,,,,,2638,2638.0,C,2,297,6560,Extorsión,En su vivienda,Hombre
16752,1408523.1,1408523.10.01,1408523.10.01.01,1408523.10.01.01.04.1,1408523,10,1,1,1,4,1,A,1,27,2.0,11,14,70,1,2,,,,,,2.0,,,,,,,,,,,,,,,,,,,,,,,,,,,,,,,,,,,,2,2.0,,9.0,,,,,,,2,,,,,,,,,,,,,,,,1,12000.0,0.0,1.0,1.0,1.0,1.0,1.0,0.0,0.0,1.0,1.0,0.0,0.0,0.0,,0.0,1.0,1.0,1.0,0.0,0.0,0.0,0.0,0.0,0.0,1.0,0.0,0.0,2.0,,,,,,,,,,,,,,,1149,1149.0,C,2,297,6563,Robo en transporte público,En su vivienda,Hombre
16753,1408379.08,1408379.08.01,1408379.08.01.02,1408379.08.01.02.10.1,1408379,8,1,1,1,10,2,A,1,27,2.0,9,14,70,3,1,0.0,0.0,1.0,0.0,0.0,1.0,1.0,2.0,1.0,1.0,0.0,0.0,4.0,1.0,0.0,0.0,0.0,0.0,0.0,1.0,1.0,0.0,0.0,0.0,0.0,2.0,,,,,,,2.0,,,,,,,,,2,,,4.0,,,,,,,2,,,,,,,,,,,,,,,,3,0.0,0.0,1.0,1.0,1.0,1.0,1.0,1.0,1.0,1.0,0.0,0.0,0.0,0.0,,,,,,,,,,,,,,,,,,,,,,,,,,,,,,3314,3314.0,C,2,297,6566,Amenazas/intimidación,En su vivienda,Hombre
16754,1408379.03,1408379.03.01,1408379.03.01.03,1408379.03.01.03.13.1,1408379,3,1,1,1,13,3,A,2,23,2.0,9,14,70,2,6,0.0,0.0,1.0,0.0,0.0,1.0,1.0,2.0,1.0,1.0,0.0,0.0,4.0,1.0,0.0,0.0,0.0,0.0,0.0,1.0,0.0,0.0,0.0,1.0,0.0,2.0,,,,,,,2.0,,,,,,,,,2,,,9.0,,,,,,,2,,,,,,,,,,,,,,,,3,1800.0,0.0,0.0,0.0,1.0,0.0,0.0,1.0,0.0,0.0,1.0,0.0,0.0,0.0,,,,,,,,,,,,,,,,,,,,,,,,,,,,,3.0,3314,3314.0,C,2,297,6566,Delito sexual,En su vivienda,Mujer
16755,1408379.1,1408379.10.01,1408379.10.01.01,1408379.10.01.01.05.1,1408379,10,1,1,1,5,1,A,1,56,2.0,11,14,70,3,1,,,,,,1.0,1.0,2.0,2.0,1.0,0.0,0.0,3.0,1.0,0.0,0.0,0.0,0.0,0.0,1.0,0.0,0.0,0.0,1.0,0.0,1.0,1.0,0.0,0.0,0.0,0.0,2.0,2.0,,,,,,,,,1,,,,1.0,6.0,,1.0,3.0,2.0,1,0.0,1.0,0.0,0.0,0.0,0.0,0.0,0.0,0.0,1.0,0.0,0.0,0.0,0.0,0.0,3,15000.0,1500.0,,,,,,,,,,,,,,0.0,0.0,0.0,0.0,0.0,0.0,1.0,0.0,1.0,0.0,0.0,0.0,0.0,,,,,,,,,,,,,,,,1105,1105.0,C,2,297,6566,Robo en calle (a transeúnte),En su vivienda,Hombre
16756,1410626.18,1410626.18.01,1410626.18.01.01,1410626.18.01.01.13.1,1410626,18,1,1,1,13,1,A,2,42,2.0,7,14,70,2,6,0.0,0.0,1.0,0.0,0.0,1.0,1.0,2.0,1.0,1.0,0.0,0.0,6.0,1.0,0.0,0.0,0.0,0.0,0.0,2.0,0.0,0.0,0.0,1.0,0.0,2.0,,,,,,,2.0,,,,,,,,,2,,,4.0,,,,,,,2,,,,,,,,,,,,,,,,3,0.0,0.0,1.0,0.0,1.0,1.0,1.0,1.0,0.0,1.0,1.0,0.0,0.0,0.0,,,,,,,,,,,,,,,,,,,,,,,,,,,,,3.0,3005,3005.0,C,2,299,6581,Delito sexual,En su vivienda,Mujer
16757,1408603.05,1408603.05.01,1408603.05.01.01,1408603.05.01.01.05.1,1408603,5,1,1,1,5,1,A,1,55,2.0,10,14,70,4,1,,,,,,1.0,1.0,2.0,2.0,1.0,0.0,0.0,2.0,1.0,0.0,0.0,0.0,0.0,0.0,2.0,0.0,0.0,0.0,0.0,1.0,1.0,1.0,0.0,0.0,0.0,0.0,2.0,1.0,0.0,0.0,0.0,0.0,0.0,0.0,0.0,1.0,2,,,1.0,,,,,,,2,,,,,,,,,,,,,,,,3,4000.0,0.0,0.0,0.0,0.0,0.0,0.0,1.0,0.0,0.0,0.0,0.0,0.0,0.0,,0.0,0.0,1.0,0.0,0.0,0.0,0.0,0.0,0.0,0.0,0.0,0.0,0.0,,,,,,,,,,,,,,,,1943,1943.0,U,2,282,6493,Robo en calle (a transeúnte),En su vivienda,Hombre
16758,1408379.1,1408379.10.01,1408379.10.01.01,1408379.10.01.01.07.2,1408379,10,1,2,2,7,1,A,1,56,2.0,6,14,70,2,2,1.0,0.0,0.0,0.0,0.0,,,,,,,,,,,,,,,,,,,,,,,,,,,,,,,,,,,,,2,,,4.0,,,,,,,2,,,,,,,,,,,,,,,,1,8000.0,0.0,,,,,,,,,,,,,,,,,,,,,,,,,,,,4.0,,,,,,,,,,,,,,1105,1105.0,C,2,297,6566,Robo en banco/cajero,En su vivienda,Hombre
16759,1408379.1,1408379.10.01,1408379.10.01.01,1408379.10.01.01.07.1,1408379,10,1,1,2,7,1,A,1,56,2.0,10,14,70,2,2,1.0,0.0,0.0,0.0,0.0,,,,,,,,,,,,,,,,,,,,,,,,,,,,,,,,,,,,,2,,,4.0,,,,,,,2,,,,,,,,,,,,,,,,1,3700.0,0.0,,,,,,,,,,,,,,,,,,,,,,,,,,,,4.0,,,,,,,,,,,,,,1105,1105.0,C,2,297,6566,Robo en banco/cajero,En su vivienda,Hombre
16760,1408524.11,1408524.11.01,1408524.11.01.02,1408524.11.01.02.09.1,1408524,11,1,1,1,9,2,A,2,45,2.0,8,14,70,2,8,0.0,1.0,0.0,0.0,0.0,1.0,2.0,,,,,,,,,,,,,,,,,,,,,,,,,,,,,,,,,,,2,,,3.0,,,,,,,2,,,,,,,,,,,,,,,,5,,,1.0,1.0,1.0,1.0,0.0,1.0,1.0,0.0,1.0,0.0,0.0,0.0,,,,,,,,,,,,,,,,,3.0,,,,,1.0,0.0,0.0,3.0,,,,,2638,2638.0,C,2,297,6560,Extorsión,En su vivienda,Mujer
16761,1404885.04,1404885.04.01,1404885.04.01.02,1404885.04.01.02.01.1,1404885,4,1,1,1,1,2,A,2,59,2.0,5,14,70,3,1,,,,,,2.0,,,,,,,,,,,,,,,,,,,,,,,,,,,,,,,,,,,,1,,,,1.0,3.0,,9.0,1.0,3.0,2,,,,,,,,,,1.0,0.0,0.0,0.0,0.0,0.0,1,200000.0,0.0,0.0,1.0,1.0,0.0,0.0,0.0,0.0,1.0,0.0,0.0,0.0,0.0,1.0,,,,,,,,,,,,,,,,,,,,,,,,,,,,,1180,1180.0,U,4,281,6399,Robo total de vehículo,En su vivienda,Mujer
16762,1408379.08,1408379.08.01,1408379.08.01.02,1408379.08.01.02.07.1,1408379,8,1,1,1,7,2,A,1,27,2.0,8,14,70,2,3,1.0,0.0,0.0,0.0,0.0,,,,,,,,,,,,,,,,,,,,,,,,,,,,,,,,,,,,,2,,,4.0,,,,,,,2,,,,,,,,,,,,,,,,1,800.0,0.0,,,,,,,,,,,,,,,,,,,,,,,,,,,,4.0,,,,,,,,,,,,,,3314,3314.0,C,2,297,6566,Robo en banco/cajero,En su vivienda,Hombre
16763,1408379.03,1408379.03.01,1408379.03.01.03,1408379.03.01.03.08.1,1408379,3,1,1,1,8,3,A,2,23,2.0,7,14,70,2,2,1.0,0.0,0.0,0.0,0.0,,,,,,,,,,,,,,,,,,,,,,,,,,,,,,,,,,,,,2,,,6.0,,,,,,,2,,,,,,,,,,,,,,,,1,2300.0,0.0,,,,,,,,,,,,,,,,,,,,,,,,,,,,1.0,,,,,,,,,,,,,,3314,3314.0,C,2,297,6566,Fraude bancario,En su vivienda,Mujer
16764,1408697.05,1408697.05.01,1408697.05.01.01,1408697.05.01.01.05.1,1408697,5,1,1,1,5,1,A,2,33,2.0,5,14,70,3,1,,,,,,1.0,1.0,2.0,2.0,1.0,0.0,0.0,9.0,1.0,0.0,0.0,0.0,0.0,0.0,2.0,0.0,0.0,0.0,1.0,0.0,1.0,0.0,1.0,0.0,0.0,0.0,2.0,2.0,,,,,,,,,2,,,6.0,,,,,,,2,,,,,,,,,,,,,,,,1,3000.0,0.0,,,,,,,,,,,,,,0.0,0.0,0.0,0.0,1.0,0.0,1.0,0.0,0.0,0.0,0.0,0.0,0.0,,,,,,,,,,,,,,,,1125,1125.0,U,2,282,6485,Robo en calle (a transeúnte),En su vivienda,Mujer
16765,1408697.05,1408697.05.01,1408697.05.01.01,1408697.05.01.01.08.1,1408697,5,1,1,1,8,1,A,2,33,2.0,12,14,70,1,3,0.0,0.0,0.0,1.0,0.0,,,,,,,,,,,,,,,,,,,,,,,,,,,,,,,,,,,,,2,,,6.0,,,,,,,2,,,,,,,,,,,,,,,,1,30000.0,0.0,0.0,1.0,0.0,0.0,0.0,0.0,0.0,0.0,0.0,0.0,0.0,0.0,,,,,,,,,,,,,,,,1.0,,,,,,,,,,,,,,1125,1125.0,U,2,282,6485,Fraude bancario,En su vivienda,Mujer
16766,1408379.08,1408379.08.01,1408379.08.01.02,1408379.08.01.02.03.1,1408379,8,1,1,2,3,2,A,1,27,2.0,7,14,70,4,2,,,,,,2.0,,,,,,,,,,,,,,,,,,,,,,,,,,,,,,,,,,,,2,2.0,,3.0,,,,,,,2,,,,,,,,,,,,,,,,1,300.0,0.0,,,,,,,,,,,,,,,,,,,,,,,,,,,,,,,,,,,,,,,,,,1105,1105.0,C,2,297,6566,Robo en vivienda,En su vivienda,Hombre
16767,1408379.08,1408379.08.01,1408379.08.01.02,1408379.08.01.02.03.2,1408379,8,1,2,2,3,2,A,1,27,2.0,10,14,70,4,2,,,,,,2.0,,,,,,,,,,,,,,,,,,,,,,,,,,,,,,,,,,,,2,2.0,,3.0,,,,,,,2,,,,,,,,,,,,,,,,1,300.0,0.0,,,,,,,,,,,,,,,,,,,,,,,,,,,,,,,,,,,,,,,,,,1105,1105.0,C,2,297,6566,Robo en vivienda,En su vivienda,Hombre
16768,1461282.12,1461282.12.01,1461282.12.01.01,1461282.12.01.01.04.1,1461282,12,1,1,1,4,1,A,2,43,2.0,12,14,70,2,2,,,,,,2.0,,,,,,,,,,,,,,,,,,,,,,,,,,,,,,,,,,,,2,2.0,,6.0,,,,,,,2,,,,,,,,,,,,,,,,1,5000.0,0.0,1.0,1.0,1.0,1.0,1.0,1.0,1.0,1.0,1.0,0.0,0.0,0.0,,0.0,0.0,1.0,0.0,0.0,1.0,1.0,0.0,0.0,0.0,1.0,0.0,0.0,2.0,,,,,,,,,,,,,,,868,868.0,R,1,302,6596,Robo en transporte público,En su vivienda,Mujer
16769,1408859.13,1408859.13.01,1408859.13.01.01,1408859.13.01.01.09.1,1408859,13,1,1,1,9,1,A,2,60,,12,14,72,2,2,0.0,1.0,0.0,0.0,0.0,1.0,2.0,,,,,,,,,,,,,,,,,,,,,,,,,,,,,,,,,,,2,,,1.0,,,,,,,1,0.0,1.0,0.0,0.0,0.0,0.0,0.0,0.0,0.0,1.0,0.0,0.0,0.0,0.0,0.0,3,0.0,50.0,0.0,0.0,0.0,1.0,0.0,1.0,1.0,0.0,1.0,0.0,0.0,0.0,,,,,,,,,,,,,,,,,3.0,,,,,1.0,0.0,0.0,3.0,,,,,2697,,C,2,299,6584,Extorsión,,Mujer
16770,1408859.19,1408859.19.01,1408859.19.01.01,1408859.19.01.01.09.1,1408859,19,1,1,1,9,1,A,2,77,,6,14,72,1,2,0.0,1.0,0.0,0.0,0.0,2.0,,,,,,,,,,,,,,,,,,,,,,,,,,,,,,,,,,,,2,,,8.0,,,,,,,2,,,,,,,,,,,,,,,,3,0.0,0.0,0.0,0.0,0.0,0.0,0.0,0.0,0.0,0.0,1.0,0.0,0.0,0.0,,,,,,,,,,,,,,,,,3.0,,,,,1.0,0.0,0.0,1.0,,,,,1348,,C,2,299,6584,Extorsión,,Mujer
16771,1461307.1,1461307.10.01,1461307.10.01.02,1461307.10.01.02.09.1,1461307,10,1,1,1,9,2,A,2,58,,5,14,73,2,2,0.0,1.0,0.0,0.0,0.0,1.0,2.0,,,,,,,,,,,,,,,,,,,,,,,,,,,,,,,,,,,2,,,4.0,,,,,,,2,,,,,,,,,,,,,,,,3,0.0,0.0,1.0,1.0,1.0,1.0,0.0,1.0,0.0,1.0,1.0,0.0,0.0,0.0,,,,,,,,,,,,,,,,,3.0,,,,,1.0,0.0,0.0,3.0,,,,,1944,,R,2,303,6609,Extorsión,,Mujer
16773,1461358.1,1461358.10.01,1461358.10.01.01,1461358.10.01.01.09.1,1461358,10,1,1,1,9,1,A,2,55,,6,14,77,3,2,0.0,1.0,0.0,0.0,0.0,1.0,1.0,1.0,1.0,1.0,0.0,0.0,9.0,1.0,0.0,0.0,0.0,0.0,0.0,2.0,0.0,0.0,0.0,0.0,1.0,9.0,,,,,,,2.0,,,,,,,,,2,,,3.0,,,,,,,2,,,,,,,,,,,,,,,,5,,,1.0,1.0,1.0,0.0,0.0,0.0,0.0,0.0,0.0,0.0,0.0,0.0,,,,,,,,,,,,,,,,,2.0,,,,,0.0,0.0,1.0,,,,,,994,,R,2,303,6608,Extorsión,,Mujer
16774,1407917.01,1407917.01.01,1407917.01.01.02,1407917.01.01.02.09.1,1407917,1,1,1,1,9,2,A,2,51,,8,14,77,1,3,0.0,1.0,0.0,0.0,0.0,1.0,2.0,,,,,,,,,,,,,,,,,,,,,,,,,,,,,,,,,,,2,,,3.0,,,,,,,2,,,,,,,,,,,,,,,,3,0.0,0.0,0.0,0.0,0.0,0.0,0.0,0.0,0.0,0.0,0.0,0.0,1.0,0.0,,,,,,,,,,,,,,,,,1.0,,,,,1.0,0.0,0.0,3.0,,,,,3695,,U,2,288,6522,Extorsión,,Mujer
16775,1409151.04,1409151.04.01,1409151.04.01.03,1409151.04.01.03.08.1,1409151,4,1,1,1,8,3,A,2,30,,11,14,77,1,2,0.0,1.0,0.0,0.0,0.0,,,,,,,,,,,,,,,,,,,,,,,,,,,,,,,,,,,,,2,,,5.0,,,,,,,2,,,,,,,,,,,,,,,,3,0.0,0.0,1.0,0.0,1.0,1.0,1.0,1.0,1.0,1.0,1.0,0.0,0.0,0.0,,,,,,,,,,,,,,,,1.0,,,,,,,,,,,,,,3901,,C,2,299,6585,Fraude bancario,,Mujer
16776,1409151.01,1409151.01.01,1409151.01.01.03,1409151.01.01.03.02.2,1409151,1,1,2,2,2,3,A,1,19,,10,14,77,3,1,,,,,,2.0,,,,,,,,,,,,,,,,,,,,,,,,,,,,,,,,,,,,2,2.0,,4.0,,,,,,,2,,,,,,,,,,,,,,,,1,500.0,0.0,,,,,,,,,,,,,,,,,,,,,,,,,,,,,,,,,,,,,,,,,,1300,,C,2,299,6585,Robo de accesorios de vehículo,,Hombre
16777,1409151.01,1409151.01.01,1409151.01.01.03,1409151.01.01.03.03.1,1409151,1,1,1,1,3,3,A,1,19,,10,14,77,3,2,,,,,,2.0,,,,,,,,,,,,,,,,,,,,,,,,,,,,,,,,,,,,2,2.0,,4.0,,,,,,,2,,,,,,,,,,,,,,,,9,,,1.0,1.0,1.0,1.0,0.0,0.0,1.0,1.0,1.0,0.0,0.0,0.0,,,,,,,,,,,,,,,,,,,,,,,,,,,,,,1300,,C,2,299,6585,Robo en vivienda,,Hombre
16778,1409151.08,1409151.08.01,1409151.08.01.02,1409151.08.01.02.04.1,1409151,8,1,1,1,4,2,A,2,62,,11,14,77,4,2,,,,,,2.0,,,,,,,,,,,,,,,,,,,,,,,,,,,,,,,,,,,,2,2.0,,4.0,,,,,,,2,,,,,,,,,,,,,,,,1,10000.0,0.0,,,,,,,,,,,,,,0.0,0.0,0.0,1.0,0.0,0.0,0.0,0.0,0.0,0.0,0.0,0.0,0.0,2.0,,,,,,,,,,,,,,,1300,,C,2,299,6585,Robo en transporte público,,Mujer
16779,1409151.08,1409151.08.01,1409151.08.01.02,1409151.08.01.02.09.1,1409151,8,1,1,1,9,2,A,2,62,,11,14,77,2,2,0.0,1.0,0.0,0.0,0.0,1.0,1.0,1.0,1.0,1.0,0.0,0.0,9.0,1.0,0.0,0.0,0.0,0.0,0.0,2.0,0.0,0.0,0.0,1.0,0.0,2.0,,,,,,,2.0,,,,,,,,,2,,,3.0,,,,,,,2,,,,,,,,,,,,,,,,3,0.0,0.0,0.0,0.0,1.0,0.0,0.0,0.0,0.0,1.0,1.0,0.0,0.0,0.0,,,,,,,,,,,,,,,,,3.0,,,,,1.0,0.0,0.0,3.0,,,,,3901,,C,2,299,6585,Extorsión,,Mujer
16780,1409151.14,1409151.14.01,1409151.14.01.01,1409151.14.01.01.09.1,1409151,14,1,1,2,9,1,A,1,29,,11,14,77,2,3,0.0,1.0,0.0,0.0,0.0,1.0,2.0,,,,,,,,,,,,,,,,,,,,,,,,,,,,,,,,,,,2,,,1.0,,,,,,,2,,,,,,,,,,,,,,,,1,0.0,0.0,,,,,,,,,,,,,,,,,,,,,,,,,,,,,2.0,,,,,1.0,0.0,0.0,3.0,,,,,2601,,C,2,299,6585,Extorsión,,Hombre
16781,1409151.15,1409151.15.01,1409151.15.01.01,1409151.15.01.01.09.1,1409151,15,1,1,1,9,1,A,2,82,,11,14,77,2,2,0.0,1.0,0.0,0.0,0.0,1.0,1.0,2.0,2.0,1.0,1.0,0.0,9.0,1.0,0.0,0.0,0.0,0.0,0.0,2.0,0.0,0.0,0.0,1.0,0.0,2.0,,,,,,,2.0,,,,,,,,,2,,,3.0,,,,,,,2,,,,,,,,,,,,,,,,5,,,0.0,0.0,0.0,0.0,0.0,0.0,0.0,0.0,0.0,0.0,1.0,0.0,,,,,,,,,,,,,,,,,3.0,,,,,1.0,0.0,0.0,3.0,,,,,1300,,C,2,299,6585,Extorsión,,Mujer
16782,1409151.01,1409151.01.01,1409151.01.01.03,1409151.01.01.03.02.1,1409151,1,1,1,2,2,3,A,1,19,,10,14,77,3,1,,,,,,2.0,,,,,,,,,,,,,,,,,,,,,,,,,,,,,,,,,,,,2,2.0,,4.0,,,,,,,2,,,,,,,,,,,,,,,,1,500.0,0.0,,,,,,,,,,,,,,,,,,,,,,,,,,,,,,,,,,,,,,,,,,1300,,C,2,299,6585,Robo de accesorios de vehículo,,Hombre
16783,1409156.12,1409156.12.01,1409156.12.01.02,1409156.12.01.02.09.1,1409156,12,1,1,1,9,2,A,2,19,,6,14,77,3,2,0.0,1.0,0.0,0.0,0.0,1.0,2.0,,,,,,,,,,,,,,,,,,,,,,,,,,,,,,,,,,,1,,,,1.0,2.0,,3.0,6.0,1.0,1,0.0,1.0,0.0,0.0,0.0,0.0,0.0,0.0,0.0,0.0,0.0,0.0,1.0,0.0,0.0,3,0.0,0.0,0.0,0.0,0.0,0.0,0.0,0.0,0.0,0.0,1.0,0.0,0.0,0.0,,,,,,,,,,,,,,,,,1.0,,,,,1.0,0.0,0.0,3.0,,,,,2921,,C,2,299,6582,Extorsión,,Mujer
16784,1409151.14,1409151.14.01,1409151.14.01.01,1409151.14.01.01.09.2,1409151,14,1,2,2,9,1,A,1,29,,10,14,77,2,3,0.0,1.0,0.0,0.0,0.0,1.0,2.0,,,,,,,,,,,,,,,,,,,,,,,,,,,,,,,,,,,2,,,4.0,,,,,,,2,,,,,,,,,,,,,,,,5,,,1.0,1.0,1.0,1.0,1.0,1.0,1.0,1.0,1.0,0.0,0.0,0.0,,,,,,,,,,,,,,,,,1.0,,,,,1.0,0.0,0.0,3.0,,,,,2601,,C,2,299,6585,Extorsión,,Hombre
16785,1409260.1,1409260.10.01,1409260.10.01.01,1409260.10.01.01.09.2,1409260,10,1,2,2,9,1,A,1,72,,1,14,79,1,1,0.0,1.0,0.0,0.0,0.0,2.0,,,,,,,,,,,,,,,,,,,,,,,,,,,,,,,,,,,,2,,,1.0,,,,,,,2,,,,,,,,,,,,,,,,3,0.0,0.0,1.0,1.0,1.0,1.0,0.0,1.0,1.0,0.0,0.0,0.0,0.0,0.0,,,,,,,,,,,,,,,,,3.0,,,,,1.0,0.0,0.0,3.0,,,,,1254,,C,2,299,6587,Extorsión,,Hombre
16786,1409260.03,1409260.03.01,1409260.03.01.01,1409260.03.01.01.10.1,1409260,3,1,1,1,10,1,A,2,32,,5,14,79,1,2,1.0,1.0,0.0,0.0,0.0,2.0,,,,,,,,,,,,,,,,,,,,,,,,,,,,,,,,,,,,2,,,1.0,,,,,,,2,,,,,,,,,,,,,,,,3,15000.0,2000.0,,,,,,,,,,,,,,,,,,,,,,,,,,,,,,,,,,,,,,,,,,2508,,C,2,299,6587,Amenazas/intimidación,,Mujer
16787,1409260.12,1409260.12.01,1409260.12.01.05,1409260.12.01.05.03.1,1409260,12,1,1,2,3,5,A,2,76,,1,14,79,3,2,,,,,,1.0,2.0,,,,,,,,,,,,,,,,,,,,,,,,,,,,,,,,,,,2,2.0,,6.0,,,,,,,2,,,,,,,,,,,,,,,,1,2500.0,0.0,,,,,,,,,,,,,,,,,,,,,,,,,,,,,,,,,,,,,,,,,,1254,,C,2,299,6587,Robo en vivienda,,Mujer
16788,1409260.18,1409260.18.01,1409260.18.01.01,1409260.18.01.01.09.1,1409260,18,1,1,1,9,1,A,1,76,,12,14,79,3,2,0.0,1.0,0.0,0.0,0.0,1.0,2.0,,,,,,,,,,,,,,,,,,,,,,,,,,,,,,,,,,,2,,,5.0,,,,,,,2,,,,,,,,,,,,,,,,5,,,0.0,0.0,0.0,1.0,0.0,0.0,0.0,0.0,0.0,0.0,0.0,0.0,,,,,,,,,,,,,,,,,3.0,,,,,1.0,0.0,0.0,3.0,,,,,2508,,C,2,299,6587,Extorsión,,Hombre
16789,1409260.19,1409260.19.01,1409260.19.01.02,1409260.19.01.02.09.1,1409260,19,1,1,1,9,2,A,2,32,,10,14,79,2,2,0.0,1.0,0.0,0.0,0.0,1.0,2.0,,,,,,,,,,,,,,,,,,,,,,,,,,,,,,,,,,,2,,,5.0,,,,,,,2,,,,,,,,,,,,,,,,5,,,0.0,0.0,0.0,1.0,0.0,0.0,0.0,0.0,0.0,0.0,0.0,0.0,,,,,,,,,,,,,,,,,3.0,,,,,1.0,0.0,0.0,3.0,,,,,2508,,C,2,299,6587,Extorsión,,Mujer
16790,1409260.08,1409260.08.01,1409260.08.01.03,1409260.08.01.03.10.2,1409260,8,1,2,2,10,3,A,1,18,,7,14,79,2,1,0.0,1.0,0.0,0.0,0.0,1.0,1.0,1.0,2.0,1.0,0.0,0.0,3.0,1.0,0.0,0.0,0.0,0.0,0.0,2.0,0.0,0.0,0.0,1.0,0.0,1.0,1.0,0.0,0.0,0.0,0.0,2.0,2.0,,,,,,,,,2,,,4.0,,,,,,,2,,,,,,,,,,,,,,,,5,,,,,,,,,,,,,,,,,,,,,,,,,,,,,,,,,,,,,,,,,,,,3761,,C,2,299,6587,Amenazas/intimidación,,Hombre
16791,1409260.18,1409260.18.01,1409260.18.01.01,1409260.18.01.01.06.1,1409260,18,1,1,1,6,1,A,1,76,,3,14,79,4,8,,,,,,2.0,,,,,,,,,,,,,,,,,,,,,,,,,,,,,,,,,,,,2,,,5.0,,,,,,,1,1.0,0.0,0.0,0.0,0.0,0.0,0.0,0.0,0.0,0.0,0.0,0.0,0.0,1.0,0.0,1,130000.0,0.0,,,,,,,,,,,,,,1.0,0.0,1.0,0.0,0.0,0.0,0.0,0.0,0.0,0.0,1.0,0.0,0.0,,,,,,,,,,,,,,,,2508,,C,2,299,6587,Robo en negocio,,Hombre
16792,1409260.2,1409260.20.01,1409260.20.01.01,1409260.20.01.01.09.2,1409260,20,1,2,2,9,1,A,2,75,,2,14,79,1,2,0.0,1.0,0.0,0.0,0.0,1.0,1.0,2.0,1.0,1.0,0.0,0.0,4.0,1.0,0.0,0.0,0.0,0.0,0.0,2.0,0.0,0.0,0.0,1.0,0.0,2.0,,,,,,,2.0,,,,,,,,,1,,,,2.0,,2.0,1.0,2.0,2.0,2,,,,,,,,,,0.0,0.0,1.0,0.0,0.0,0.0,1,5000.0,0.0,1.0,1.0,1.0,1.0,1.0,1.0,1.0,1.0,1.0,0.0,0.0,0.0,,,,,,,,,,,,,,,,,3.0,,,,,1.0,0.0,0.0,1.0,,,,,1254,,C,2,299,6587,Extorsión,,Mujer
16793,1409260.08,1409260.08.01,1409260.08.01.03,1409260.08.01.03.03.2,1409260,8,1,2,2,3,3,A,1,18,,2,14,79,4,2,,,,,,2.0,,,,,,,,,,,,,,,,,,,,,,,,,,,,,,,,,,,,2,2.0,,4.0,,,,,,,2,,,,,,,,,,,,,,,,1,500.0,0.0,,,,,,,,,,,,,,,,,,,,,,,,,,,,,,,,,,,,,,,,,,1254,,C,2,299,6587,Robo en vivienda,,Hombre
16794,1409260.08,1409260.08.01,1409260.08.01.03,1409260.08.01.03.10.1,1409260,8,1,1,2,10,3,A,1,18,,10,14,79,3,5,0.0,0.0,1.0,0.0,0.0,1.0,1.0,1.0,6.0,1.0,0.0,0.0,3.0,0.0,1.0,0.0,0.0,0.0,0.0,,0.0,0.0,0.0,1.0,0.0,1.0,0.0,0.0,1.0,0.0,0.0,1.0,,1.0,0.0,0.0,0.0,0.0,0.0,0.0,0.0,2,,,9.0,,,,,,,2,,,,,,,,,,,,,,,,2,0.0,5000.0,,,,,,,,,,,,,,,,,,,,,,,,,,,,,,,,,,,,,,,,,,3761,,C,2,299,6587,Amenazas/intimidación,,Hombre
16795,1409260.1,1409260.10.01,1409260.10.01.01,1409260.10.01.01.09.1,1409260,10,1,1,2,9,1,A,1,72,,12,14,79,1,2,0.0,1.0,0.0,0.0,0.0,1.0,2.0,,,,,,,,,,,,,,,,,,,,,,,,,,,,,,,,,,,2,,,1.0,,,,,,,2,,,,,,,,,,,,,,,,3,0.0,0.0,,,,,,,,,,,,,,,,,,,,,,,,,,,,,3.0,,,,,1.0,0.0,0.0,3.0,,,,,1254,,C,2,299,6587,Extorsión,,Hombre
16796,1409260.08,1409260.08.01,1409260.08.01.03,1409260.08.01.03.02.2,1409260,8,1,2,2,2,3,A,1,18,,3,14,79,2,1,,,,,,2.0,,,,,,,,,,,,,,,,,,,,,,,,,,,,,,,,,,,,2,2.0,,4.0,,,,,,,2,,,,,,,,,,,,,,,,1,4000.0,0.0,,,,,,,,,,,,,,,,,,,,,,,,,,,,,,,,,,,,,,,,,,1254,,C,2,299,6587,Robo de accesorios de vehículo,,Hombre
16797,1409260.08,1409260.08.01,1409260.08.01.03,1409260.08.01.03.03.1,1409260,8,1,1,2,3,3,A,1,18,,6,14,79,4,2,,,,,,2.0,,,,,,,,,,,,,,,,,,,,,,,,,,,,,,,,,,,,2,2.0,,4.0,,,,,,,2,,,,,,,,,,,,,,,,1,500.0,0.0,,,,,,,,,,,,,,,,,,,,,,,,,,,,,,,,,,,,,,,,,,1254,,C,2,299,6587,Robo en vivienda,,Hombre
16798,1409260.12,1409260.12.01,1409260.12.01.05,1409260.12.01.05.03.2,1409260,12,1,2,2,3,5,A,2,76,,8,14,79,3,2,,,,,,1.0,1.0,1.0,9.0,1.0,0.0,0.0,2.0,1.0,0.0,0.0,0.0,0.0,0.0,2.0,0.0,0.0,0.0,0.0,1.0,2.0,,,,,,,2.0,,,,,,,,,2,2.0,,5.0,,,,,,,2,,,,,,,,,,,,,,,,1,0.0,0.0,,,,,,,,,,,,,,,,,,,,,,,,,,,,,,,,,,,,,,,,,,1254,,C,2,299,6587,Robo en vivienda,,Mujer
16799,1409260.12,1409260.12.01,1409260.12.01.05,1409260.12.01.05.04.1,1409260,12,1,1,1,4,5,A,2,76,,6,14,79,2,2,,,,,,1.0,1.0,2.0,1.0,0.0,1.0,0.0,5.0,0.0,1.0,0.0,0.0,0.0,0.0,,0.0,0.0,0.0,0.0,1.0,2.0,,,,,,,2.0,,,,,,,,,2,2.0,,1.0,,,,,,,2,,,,,,,,,,,,,,,,1,1000.0,0.0,,,,,,,,,,,,,,0.0,0.0,0.0,0.0,0.0,0.0,1.0,0.0,0.0,0.0,0.0,0.0,0.0,2.0,,,,,,,,,,,,,,,1254,,C,2,299,6587,Robo en transporte público,,Mujer
16800,1409260.16,1409260.16.01,1409260.16.01.02,1409260.16.01.02.09.1,1409260,16,1,1,1,9,2,A,2,46,,6,14,79,1,3,0.0,1.0,0.0,0.0,0.0,1.0,2.0,,,,,,,,,,,,,,,,,,,,,,,,,,,,,,,,,,,2,,,6.0,,,,,,,2,,,,,,,,,,,,,,,,5,,,0.0,0.0,1.0,1.0,0.0,1.0,0.0,0.0,0.0,0.0,0.0,0.0,,,,,,,,,,,,,,,,,3.0,,,,,1.0,0.0,0.0,3.0,,,,,5015,,C,2,299,6587,Extorsión,,Mujer
16801,1409260.03,1409260.03.01,1409260.03.01.01,1409260.03.01.01.13.1,1409260,3,1,1,1,13,1,A,2,32,,2,14,79,3,2,1.0,0.0,0.0,0.0,0.0,1.0,1.0,2.0,1.0,1.0,0.0,0.0,9.0,1.0,0.0,0.0,0.0,0.0,0.0,2.0,0.0,0.0,0.0,1.0,0.0,2.0,,,,,,,2.0,,,,,,,,,2,,,6.0,,,,,,,2,,,,,,,,,,,,,,,,5,,,1.0,1.0,1.0,1.0,1.0,1.0,1.0,1.0,1.0,0.0,0.0,0.0,,,,,,,,,,,,,,,,,,,,,,,,,,,,,2.0,2508,,C,2,299,6587,Delito sexual,,Mujer
16802,1409260.12,1409260.12.01,1409260.12.01.05,1409260.12.01.05.07.1,1409260,12,1,1,1,7,5,A,2,76,,5,14,79,2,2,0.0,0.0,1.0,0.0,0.0,,,,,,,,,,,,,,,,,,,,,,,,,,,,,,,,,,,,,2,,,6.0,,,,,,,2,,,,,,,,,,,,,,,,1,3000.0,1600.0,1.0,1.0,1.0,1.0,1.0,1.0,1.0,1.0,1.0,0.0,0.0,0.0,,,,,,,,,,,,,,,,4.0,,,,,,,,,,,,,,6269,,C,2,299,6587,Robo en banco/cajero,,Mujer
16803,1409260.2,1409260.20.01,1409260.20.01.01,1409260.20.01.01.09.1,1409260,20,1,1,2,9,1,A,2,75,,3,14,79,2,2,0.0,1.0,0.0,0.0,0.0,1.0,1.0,2.0,2.0,1.0,1.0,0.0,8.0,1.0,0.0,0.0,0.0,0.0,0.0,2.0,0.0,0.0,0.0,1.0,0.0,2.0,,,,,,,2.0,,,,,,,,,1,,,,2.0,,3.0,1.0,2.0,2.0,2,,,,,,,,,,0.0,0.0,1.0,0.0,0.0,0.0,1,7000.0,0.0,,,,,,,,,,,,,,,,,,,,,,,,,,,,,3.0,,,,,1.0,0.0,0.0,1.0,,,,,1254,,C,2,299,6587,Extorsión,,Mujer
16804,1409260.03,1409260.03.01,1409260.03.01.01,1409260.03.01.01.11.1,1409260,3,1,1,1,11,1,A,2,32,,1,14,79,3,5,,,,,,1.0,1.0,2.0,1.0,0.0,1.0,0.0,4.0,0.0,0.0,0.0,1.0,0.0,0.0,,1.0,1.0,0.0,0.0,0.0,2.0,,,,,,,1.0,1.0,0.0,0.0,0.0,0.0,0.0,0.0,0.0,2,,,3.0,,,,,,,2,,,,,,,,,,,,,,,,3,0.0,0.0,,,,,,,,,,,,,,,,,,,,,,,,,,,,,,,,,,,,,,,,,,2508,,C,2,299,6587,Lesiones,,Mujer
16805,1409670.13,1409670.13.01,1409670.13.01.02,1409670.13.01.02.09.1,1409670,13,1,1,1,9,2,A,2,49,,10,14,85,1,2,0.0,1.0,0.0,0.0,0.0,1.0,1.0,1.0,1.0,1.0,0.0,0.0,6.0,1.0,0.0,0.0,0.0,0.0,0.0,2.0,0.0,0.0,0.0,0.0,1.0,2.0,,,,,,,2.0,,,,,,,,,2,,,9.0,,,,,,,2,,,,,,,,,,,,,,,,5,,,1.0,1.0,1.0,1.0,1.0,1.0,0.0,0.0,1.0,0.0,0.0,0.0,,,,,,,,,,,,,,,,,3.0,,,,,0.0,0.0,1.0,,,,,,5097,,C,2,297,6569,Extorsión,,Mujer
16806,1418620.15,1418620.15.01,1418620.15.01.01,1418620.15.01.01.08.1,1418620,15,1,1,1,8,1,A,2,35,,8,14,86,1,8,1.0,0.0,0.0,0.0,0.0,,,,,,,,,,,,,,,,,,,,,,,,,,,,,,,,,,,,,2,,,9.0,,,,,,,2,,,,,,,,,,,,,,,,1,2500.0,0.0,1.0,1.0,1.0,1.0,1.0,1.0,1.0,1.0,1.0,0.0,0.0,0.0,,,,,,,,,,,,,,,,1.0,,,,,,,,,,,,,,1689,,C,3,296,6559,Fraude bancario,,Mujer
16808,1410302.19,1410302.19.01,1410302.19.01.01,1410302.19.01.01.09.1,1410302,19,1,1,1,9,1,A,1,35,,4,14,93,2,1,0.0,0.0,1.0,0.0,0.0,1.0,1.0,2.0,4.0,1.0,0.0,0.0,3.0,1.0,0.0,0.0,0.0,0.0,0.0,1.0,0.0,0.0,0.0,1.0,0.0,2.0,,,,,,,2.0,,,,,,,,,1,,,,1.0,6.0,,4.0,1.0,2.0,2,,,,,,,,,,0.0,0.0,0.0,0.0,1.0,0.0,1,20000.0,0.0,,,,,,,,,,,,,,,,,,,,,,,,,,,,,3.0,0.0,1.0,0.0,0.0,1.0,0.0,0.0,3.0,,,,,1981,,C,4,296,6557,Extorsión,,Hombre
16809,1410302.1,1410302.10.01,1410302.10.01.02,1410302.10.01.02.02.1,1410302,10,1,1,1,2,2,A,2,34,,4,14,93,4,1,,,,,,2.0,,,,,,,,,,,,,,,,,,,,,,,,,,,,,,,,,,,,2,2.0,,6.0,,,,,,,2,,,,,,,,,,,,,,,,1,10000.0,0.0,,,,,,,,,,,,,,,,,,,,,,,,,,,,,,,,,,,,,,,,,,991,,C,4,296,6557,Robo de accesorios de vehículo,,Mujer
16810,1410302.15,1410302.15.01,1410302.15.01.02,1410302.15.01.02.08.1,1410302,15,1,1,1,8,2,A,1,62,,2,14,93,1,1,0.0,1.0,0.0,0.0,0.0,,,,,,,,,,,,,,,,,,,,,,,,,,,,,,,,,,,,,2,,,6.0,,,,,,,2,,,,,,,,,,,,,,,,1,25000.0,0.0,,,,,,,,,,,,,,,,,,,,,,,,,,,,1.0,,,,,,,,,,,,,,1981,,C,4,296,6557,Fraude bancario,,Hombre
16811,1410232.15,1410232.15.01,1410232.15.01.01,1410232.15.01.01.09.1,1410232,15,1,1,1,9,1,A,1,61,,6,14,93,2,3,0.0,1.0,0.0,0.0,0.0,1.0,2.0,,,,,,,,,,,,,,,,,,,,,,,,,,,,,,,,,,,2,,,3.0,,,,,,,2,,,,,,,,,,,,,,,,5,,,1.0,1.0,1.0,1.0,0.0,0.0,1.0,1.0,1.0,0.0,0.0,0.0,,,,,,,,,,,,,,,,,3.0,,,,,0.0,0.0,1.0,,,,,,936,,C,2,295,6553,Extorsión,,Hombre
16812,1410302.05,1410302.05.01,1410302.05.01.03,1410302.05.01.03.09.1,1410302,5,1,1,1,9,3,A,2,23,,12,14,93,2,2,0.0,1.0,0.0,0.0,0.0,1.0,2.0,,,,,,,,,,,,,,,,,,,,,,,,,,,,,,,,,,,2,,,5.0,,,,,,,2,,,,,,,,,,,,,,,,5,,,,,,,,,,,,,,,,,,,,,,,,,,,,,,,3.0,,,,,1.0,0.0,0.0,3.0,,,,,2972,,C,4,296,6557,Extorsión,,Mujer
16813,1410302.05,1410302.05.01,1410302.05.01.03,1410302.05.01.03.13.1,1410302,5,1,1,1,13,3,A,2,23,,12,14,93,3,1,0.0,0.0,1.0,0.0,0.0,1.0,1.0,2.0,1.0,1.0,0.0,0.0,6.0,1.0,0.0,0.0,0.0,0.0,0.0,2.0,0.0,0.0,0.0,1.0,0.0,2.0,,,,,,,2.0,,,,,,,,,2,,,5.0,,,,,,,2,,,,,,,,,,,,,,,,3,0.0,0.0,1.0,1.0,1.0,0.0,1.0,1.0,0.0,1.0,1.0,0.0,0.0,0.0,,,,,,,,,,,,,,,,,,,,,,,,,,,,,2.0,2972,,C,4,296,6557,Delito sexual,,Mujer
16814,1410302.1,1410302.10.01,1410302.10.01.02,1410302.10.01.02.09.1,1410302,10,1,1,1,9,2,A,2,34,,5,14,93,2,3,0.0,1.0,0.0,0.0,0.0,1.0,2.0,,,,,,,,,,,,,,,,,,,,,,,,,,,,,,,,,,,2,,,8.0,,,,,,,2,,,,,,,,,,,,,,,,3,0.0,0.0,0.0,0.0,1.0,0.0,0.0,0.0,0.0,0.0,1.0,0.0,0.0,0.0,,,,,,,,,,,,,,,,,3.0,,,,,1.0,0.0,0.0,3.0,,,,,1981,,C,4,296,6557,Extorsión,,Mujer
16815,1410302.13,1410302.13.01,1410302.13.01.01,1410302.13.01.01.04.1,1410302,13,1,1,1,4,1,A,2,42,,3,14,93,3,2,,,,,,2.0,,,,,,,,,,,,,,,,,,,,,,,,,,,,,,,,,,,,2,2.0,,3.0,,,,,,,2,,,,,,,,,,,,,,,,3,0.0,0.0,,,,,,,,,,,,,,0.0,0.0,0.0,0.0,0.0,0.0,0.0,0.0,0.0,0.0,0.0,1.0,0.0,1.0,,,,,,,,,,,,,,,991,,C,4,296,6557,Robo en transporte público,,Mujer
16816,1410302.15,1410302.15.01,1410302.15.01.02,1410302.15.01.02.02.1,1410302,15,1,1,1,2,2,A,1,62,,4,14,93,4,1,,,,,,2.0,,,,,,,,,,,,,,,,,,,,,,,,,,,,,,,,,,,,2,2.0,,6.0,,,,,,,2,,,,,,,,,,,,,,,,1,10000.0,0.0,,,,,,,,,,,,,,,,,,,,,,,,,,,,,,,,,,,,,,,,,,991,,C,4,296,6557,Robo de accesorios de vehículo,,Hombre
16817,1410302.15,1410302.15.01,1410302.15.01.02,1410302.15.01.02.10.1,1410302,15,1,1,1,10,2,A,1,62,,5,14,93,3,2,0.0,1.0,0.0,0.0,0.0,1.0,2.0,,,,,,,,,,,,,,,,,,,,,,,,,,,,,,,,,,,2,,,6.0,,,,,,,2,,,,,,,,,,,,,,,,1,150000.0,0.0,1.0,1.0,1.0,1.0,1.0,1.0,1.0,1.0,1.0,0.0,0.0,0.0,,,,,,,,,,,,,,,,,,,,,,,,,,,,,,1981,,C,4,296,6557,Amenazas/intimidación,,Hombre
16818,1410302.19,1410302.19.01,1410302.19.01.01,1410302.19.01.01.08.1,1410302,19,1,1,1,8,1,A,1,35,,4,14,93,2,2,0.0,0.0,1.0,0.0,0.0,,,,,,,,,,,,,,,,,,,,,,,,,,,,,,,,,,,,,2,,,3.0,,,,,,,2,,,,,,,,,,,,,,,,1,3000.0,0.0,,,,,,,,,,,,,,,,,,,,,,,,,,,,1.0,,,,,,,,,,,,,,1981,,C,4,296,6557,Fraude bancario,,Hombre
16819,1410302.2,1410302.20.01,1410302.20.01.01,1410302.20.01.01.07.1,1410302,20,1,1,1,7,1,A,1,49,,3,14,93,2,4,0.0,0.0,1.0,0.0,0.0,,,,,,,,,,,,,,,,,,,,,,,,,,,,,,,,,,,,,2,,,5.0,,,,,,,2,,,,,,,,,,,,,,,,1,10000.0,0.0,,,,,,,,,,,,,,,,,,,,,,,,,,,,4.0,,,,,,,,,,,,,,1981,,C,4,296,6557,Robo en banco/cajero,,Hombre
16820,1410353.07,1410353.07.01,1410353.07.01.03,1410353.07.01.03.10.1,1410353,7,1,1,1,10,3,A,1,20,,1,14,93,2,5,0.0,0.0,1.0,0.0,0.0,1.0,1.0,1.0,1.0,1.0,0.0,0.0,2.0,1.0,0.0,0.0,0.0,0.0,0.0,2.0,0.0,0.0,0.0,1.0,0.0,1.0,0.0,1.0,0.0,0.0,0.0,2.0,2.0,,,,,,,,,2,,,3.0,,,,,,,2,,,,,,,,,,,,,,,,5,,,1.0,0.0,0.0,0.0,0.0,0.0,0.0,0.0,0.0,0.0,0.0,0.0,,,,,,,,,,,,,,,,,,,,,,,,,,,,,,3489,,C,2,301,6593,Amenazas/intimidación,,Hombre
16821,1410302.19,1410302.19.01,1410302.19.01.01,1410302.19.01.01.11.1,1410302,19,1,1,1,11,1,A,1,35,,4,14,93,3,1,,,,,,1.0,1.0,1.0,6.0,1.0,0.0,0.0,3.0,1.0,0.0,0.0,0.0,0.0,0.0,2.0,1.0,1.0,0.0,0.0,0.0,2.0,,,,,,,1.0,0.0,0.0,0.0,1.0,0.0,0.0,0.0,0.0,1,,,,1.0,6.0,,4.0,3.0,2.0,2,,,,,,,,,,0.0,0.0,0.0,0.0,1.0,0.0,2,0.0,10000.0,1.0,1.0,1.0,1.0,1.0,1.0,1.0,1.0,1.0,0.0,0.0,0.0,,,,,,,,,,,,,,,,,,,,,,,,,,,,,,1981,,C,4,296,6557,Lesiones,,Hombre
16822,1410353.12,1410353.12.01,1410353.12.01.01,1410353.12.01.01.09.1,1410353,12,1,1,1,9,1,A,1,38,,8,14,93,2,2,0.0,1.0,0.0,0.0,0.0,1.0,2.0,,,,,,,,,,,,,,,,,,,,,,,,,,,,,,,,,,,2,,,3.0,,,,,,,2,,,,,,,,,,,,,,,,5,,,1.0,1.0,1.0,1.0,0.0,0.0,0.0,0.0,1.0,0.0,0.0,0.0,,,,,,,,,,,,,,,,,1.0,,,,,1.0,0.0,0.0,3.0,,,,,2326,,C,2,301,6593,Extorsión,,Hombre
16823,1410302.2,1410302.20.01,1410302.20.01.01,1410302.20.01.01.10.1,1410302,20,1,1,1,10,1,A,1,49,,2,14,93,3,2,0.0,1.0,0.0,0.0,0.0,1.0,2.0,,,,,,,,,,,,,,,,,,,,,,,,,,,,,,,,,,,2,,,6.0,,,,,,,2,,,,,,,,,,,,,,,,3,0.0,0.0,1.0,1.0,1.0,1.0,1.0,1.0,1.0,0.0,1.0,0.0,0.0,0.0,,,,,,,,,,,,,,,,,,,,,,,,,,,,,,1981,,C,4,296,6557,Amenazas/intimidación,,Hombre
16824,1410353.01,1410353.01.01,1410353.01.01.01,1410353.01.01.01.09.1,1410353,1,1,1,1,9,1,A,1,74,,9,14,93,1,1,0.0,1.0,0.0,0.0,0.0,1.0,2.0,,,,,,,,,,,,,,,,,,,,,,,,,,,,,,,,,,,2,,,3.0,,,,,,,2,,,,,,,,,,,,,,,,3,0.0,0.0,0.0,0.0,0.0,0.0,0.0,0.0,0.0,0.0,0.0,0.0,1.0,0.0,,,,,,,,,,,,,,,,,3.0,,,,,1.0,0.0,0.0,3.0,,,,,1163,,C,2,301,6593,Extorsión,,Hombre
16825,1410232.01,1410232.01.01,1410232.01.01.02,1410232.01.01.02.03.1,1410232,1,1,1,1,3,2,A,2,28,,11,14,93,4,2,,,,,,2.0,,,,,,,,,,,,,,,,,,,,,,,,,,,,,,,,,,,,2,2.0,,4.0,,,,,,,2,,,,,,,,,,,,,,,,5,,,0.0,0.0,0.0,0.0,0.0,0.0,0.0,0.0,1.0,0.0,0.0,0.0,,,,,,,,,,,,,,,,,,,,,,,,,,,,,,936,,C,2,295,6553,Robo en vivienda,,Mujer
16826,1410353.13,1410353.13.01,1410353.13.01.01,1410353.13.01.01.11.1,1410353,13,1,1,1,11,1,A,2,44,,4,14,93,2,1,,,,,,1.0,1.0,1.0,2.0,0.0,1.0,0.0,8.0,0.0,0.0,0.0,1.0,0.0,0.0,,0.0,0.0,0.0,1.0,0.0,2.0,,,,,,,1.0,0.0,0.0,0.0,0.0,0.0,0.0,0.0,1.0,2,,,5.0,,,,,,,2,,,,,,,,,,,,,,,,3,0.0,0.0,1.0,0.0,1.0,1.0,0.0,0.0,0.0,0.0,0.0,0.0,0.0,0.0,,,,,,,,,,,,,,,,,,,,,,,,,,,,,,2326,,C,2,301,6593,Lesiones,,Mujer
16827,1410302.13,1410302.13.01,1410302.13.01.01,1410302.13.01.01.09.1,1410302,13,1,1,1,9,1,A,2,42,,6,14,93,2,2,0.0,1.0,0.0,0.0,0.0,1.0,2.0,,,,,,,,,,,,,,,,,,,,,,,,,,,,,,,,,,,2,,,3.0,,,,,,,2,,,,,,,,,,,,,,,,3,0.0,0.0,0.0,1.0,0.0,1.0,0.0,0.0,0.0,0.0,1.0,0.0,0.0,0.0,,,,,,,,,,,,,,,,,3.0,,,,,1.0,0.0,0.0,3.0,,,,,991,,C,4,296,6557,Extorsión,,Mujer
16828,1410302.04,1410302.04.01,1410302.04.01.02,1410302.04.01.02.02.1,1410302,4,1,1,1,2,2,A,1,27,,3,14,93,4,1,,,,,,2.0,,,,,,,,,,,,,,,,,,,,,,,,,,,,,,,,,,,,2,2.0,,7.0,,,,,,,2,,,,,,,,,,,,,,,,1,10000.0,0.0,0.0,0.0,1.0,1.0,0.0,0.0,0.0,1.0,1.0,0.0,0.0,0.0,,,,,,,,,,,,,,,,,,,,,,,,,,,,,,991,,C,4,296,6557,Robo de accesorios de vehículo,,Hombre
16829,1411244.05,1411244.05.01,1411244.05.01.01,1411244.05.01.01.05.1,1411244,5,1,1,2,5,1,A,2,36,2.0,11,14,97,1,1,,,,,,1.0,1.0,2.0,1.0,1.0,0.0,0.0,3.0,1.0,0.0,0.0,0.0,0.0,0.0,1.0,0.0,1.0,0.0,0.0,0.0,1.0,1.0,0.0,0.0,0.0,0.0,2.0,1.0,1.0,0.0,0.0,0.0,0.0,0.0,0.0,0.0,1,,,,1.0,2.0,,1.0,3.0,2.0,2,,,,,,,,,,0.0,0.0,1.0,0.0,0.0,0.0,1,17000.0,0.0,,,,,,,,,,,,,,0.0,0.0,0.0,0.0,0.0,0.0,0.0,0.0,1.0,0.0,0.0,0.0,0.0,,,,,,,,,,,,,,,,862,862.0,U,3,283,6495,Robo en calle (a transeúnte),En su vivienda,Mujer
16830,1411417.05,1411417.05.01,1411417.05.01.01,1411417.05.01.01.13.1,1411417,5,1,1,1,13,1,A,2,43,2.0,7,14,97,3,6,0.0,0.0,1.0,0.0,0.0,1.0,1.0,2.0,1.0,1.0,0.0,0.0,6.0,1.0,0.0,0.0,0.0,0.0,0.0,2.0,0.0,0.0,0.0,1.0,0.0,2.0,,,,,,,2.0,,,,,,,,,2,,,3.0,,,,,,,2,,,,,,,,,,,,,,,,5,,,0.0,0.0,1.0,0.0,0.0,1.0,0.0,0.0,0.0,0.0,0.0,0.0,,,,,,,,,,,,,,,,,,,,,,,,,,,,,2.0,2529,2529.0,U,2,279,6205,Delito sexual,En su vivienda,Mujer
16831,1411554.03,1411554.03.01,1411554.03.01.03,1411554.03.01.03.08.1,1411554,3,1,1,1,8,3,A,1,23,2.0,9,14,97,2,1,1.0,0.0,0.0,0.0,0.0,,,,,,,,,,,,,,,,,,,,,,,,,,,,,,,,,,,,,2,,,8.0,,,,,,,2,,,,,,,,,,,,,,,,1,1500.0,0.0,1.0,1.0,1.0,1.0,1.0,1.0,1.0,1.0,1.0,0.0,0.0,0.0,,,,,,,,,,,,,,,,1.0,,,,,,,,,,,,,,11040,11040.0,U,4,287,6515,Fraude bancario,En su vivienda,Hombre
16832,1411244.05,1411244.05.01,1411244.05.01.01,1411244.05.01.01.05.2,1411244,5,1,2,2,5,1,A,2,36,2.0,8,14,97,3,1,,,,,,1.0,1.0,2.0,2.0,1.0,0.0,0.0,3.0,1.0,0.0,0.0,0.0,0.0,0.0,1.0,0.0,0.0,0.0,1.0,0.0,1.0,1.0,0.0,0.0,0.0,0.0,2.0,1.0,0.0,0.0,0.0,0.0,0.0,0.0,0.0,1.0,1,,,,1.0,7.0,,1.0,5.0,2.0,2,,,,,,,,,,0.0,0.0,1.0,0.0,0.0,0.0,4,35000.0,0.0,1.0,1.0,1.0,1.0,1.0,1.0,1.0,1.0,1.0,0.0,0.0,0.0,,0.0,0.0,0.0,0.0,0.0,0.0,0.0,0.0,1.0,0.0,0.0,0.0,0.0,,,,,,,,,,,,,,,,862,862.0,U,3,283,6495,Robo en calle (a transeúnte),En su vivienda,Mujer
16833,1411993.04,1411993.04.01,1411993.04.01.01,1411993.04.01.01.03.3,1411993,4,1,3,5,3,1,A,2,48,2.0,3,14,97,1,2,,,,,,2.0,,,,,,,,,,,,,,,,,,,,,,,,,,,,,,,,,,,,2,2.0,,9.0,,,,,,,1,0.0,1.0,0.0,1.0,0.0,0.0,0.0,0.0,0.0,1.0,0.0,0.0,0.0,0.0,0.0,2,1500.0,0.0,,,,,,,,,,,,,,,,,,,,,,,,,,,,,,,,,,,,,,,,,,2079,2079.0,U,2,279,6224,Robo en vivienda,En su vivienda,Mujer
16834,1411993.04,1411993.04.01,1411993.04.01.01,1411993.04.01.01.03.5,1411993,4,1,5,5,3,1,A,2,48,2.0,1,14,97,4,2,,,,,,2.0,,,,,,,,,,,,,,,,,,,,,,,,,,,,,,,,,,,,2,2.0,,1.0,,,,,,,1,0.0,0.0,0.0,1.0,0.0,0.0,0.0,0.0,0.0,1.0,0.0,0.0,0.0,0.0,0.0,3,0.0,0.0,1.0,1.0,1.0,1.0,0.0,1.0,1.0,1.0,1.0,0.0,0.0,0.0,,,,,,,,,,,,,,,,,,,,,,,,,,,,,,2079,2079.0,U,2,279,6224,Robo en vivienda,En su vivienda,Mujer
16835,1412100.03,1412100.03.01,1412100.03.01.03,1412100.03.01.03.07.2,1412100,3,1,2,3,7,3,A,2,27,2.0,6,14,97,1,2,1.0,0.0,0.0,0.0,0.0,,,,,,,,,,,,,,,,,,,,,,,,,,,,,,,,,,,,,2,,,3.0,,,,,,,2,,,,,,,,,,,,,,,,1,250.0,0.0,,,,,,,,,,,,,,,,,,,,,,,,,,,,4.0,,,,,,,,,,,,,,4316,4316.0,U,3,280,6297,Robo en banco/cajero,En su vivienda,Mujer
16836,1411022.03,1411022.03.01,1411022.03.01.01,1411022.03.01.01.03.3,1411022,3,1,3,3,3,1,A,1,28,2.0,6,14,97,3,1,,,,,,2.0,,,,,,,,,,,,,,,,,,,,,,,,,,,,,,,,,,,,2,2.0,,4.0,,,,,,,2,,,,,,,,,,,,,,,,5,,,0.0,0.0,0.0,0.0,0.0,0.0,0.0,1.0,0.0,0.0,0.0,0.0,,,,,,,,,,,,,,,,,,,,,,,,,,,,,,1080,1080.0,U,2,282,6482,Robo en vivienda,En su vivienda,Hombre
16837,1411417.04,1411417.04.01,1411417.04.01.01,1411417.04.01.01.04.2,1411417,4,1,2,2,4,1,A,2,44,2.0,5,14,97,1,2,,,,,,2.0,,,,,,,,,,,,,,,,,,,,,,,,,,,,,,,,,,,,1,,,,1.0,2.0,,4.0,3.0,4.0,2,,,,,,,,,,0.0,0.0,0.0,0.0,1.0,0.0,1,10000.0,0.0,,,,,,,,,,,,,,0.0,0.0,1.0,1.0,0.0,0.0,0.0,0.0,0.0,0.0,1.0,0.0,0.0,2.0,,,,,,,,,,,,,,,1265,1265.0,U,2,279,6205,Robo en transporte público,En su vivienda,Mujer
16838,1411993.04,1411993.04.01,1411993.04.01.01,1411993.04.01.01.03.4,1411993,4,1,4,5,3,1,A,2,48,2.0,1,14,97,4,2,,,,,,2.0,,,,,,,,,,,,,,,,,,,,,,,,,,,,,,,,,,,,2,2.0,,99.0,,,,,,,1,0.0,0.0,0.0,1.0,0.0,0.0,0.0,0.0,0.0,1.0,0.0,0.0,0.0,0.0,0.0,3,0.0,0.0,,,,,,,,,,,,,,,,,,,,,,,,,,,,,,,,,,,,,,,,,,2079,2079.0,U,2,279,6224,Robo en vivienda,En su vivienda,Mujer
16839,1410578.03,1410578.03.01,1410578.03.01.01,1410578.03.01.01.03.1,1410578,3,1,1,2,3,1,A,1,66,2.0,8,14,97,4,1,,,,,,2.0,,,,,,,,,,,,,,,,,,,,,,,,,,,,,,,,,,,,2,2.0,,3.0,,,,,,,1,0.0,1.0,0.0,0.0,0.0,0.0,0.0,0.0,0.0,0.0,0.0,0.0,0.0,1.0,0.0,1,2000.0,0.0,,,,,,,,,,,,,,,,,,,,,,,,,,,,,,,,,,,,,,,,,,1154,1154.0,C,3,298,6573,Robo en vivienda,En su vivienda,Hombre
16840,1411993.02,1411993.02.01,1411993.02.01.01,1411993.02.01.01.05.1,1411993,2,1,1,1,5,1,A,2,42,2.0,10,14,97,2,1,,,,,,1.0,1.0,2.0,2.0,1.0,1.0,0.0,8.0,1.0,0.0,0.0,0.0,0.0,0.0,2.0,0.0,0.0,0.0,1.0,0.0,1.0,1.0,0.0,0.0,0.0,0.0,2.0,2.0,,,,,,,,,1,,,,1.0,6.0,,1.0,2.0,2.0,2,,,,,,,,,,0.0,0.0,0.0,0.0,1.0,0.0,3,10000.0,4000.0,,,,,,,,,,,,,,0.0,0.0,0.0,0.0,0.0,1.0,1.0,0.0,0.0,0.0,0.0,0.0,0.0,,,,,,,,,,,,,,,,3119,3119.0,U,2,279,6224,Robo en calle (a transeúnte),En su vivienda,Mujer
16841,1411658.01,1411658.01.01,1411658.01.01.01,1411658.01.01.01.05.1,1411658,1,1,1,1,5,1,A,2,33,2.0,5,14,97,2,1,,,,,,1.0,1.0,1.0,1.0,1.0,0.0,0.0,3.0,1.0,0.0,0.0,0.0,0.0,0.0,2.0,0.0,0.0,0.0,1.0,0.0,2.0,,,,,,,2.0,,,,,,,,,2,,,3.0,,,,,,,2,,,,,,,,,,,,,,,,3,0.0,0.0,1.0,1.0,1.0,1.0,1.0,1.0,1.0,1.0,1.0,0.0,0.0,0.0,,0.0,0.0,0.0,0.0,0.0,0.0,0.0,0.0,0.0,0.0,0.0,1.0,0.0,,,,,,,,,,,,,,,,1070,1070.0,R,2,303,6606,Robo en calle (a transeúnte),En su vivienda,Mujer
16842,1412100.03,1412100.03.01,1412100.03.01.03,1412100.03.01.03.07.3,1412100,3,1,3,3,7,3,A,2,27,2.0,6,14,97,3,2,1.0,0.0,0.0,0.0,0.0,,,,,,,,,,,,,,,,,,,,,,,,,,,,,,,,,,,,,2,,,3.0,,,,,,,2,,,,,,,,,,,,,,,,1,250.0,0.0,1.0,1.0,1.0,1.0,1.0,1.0,1.0,1.0,1.0,0.0,0.0,0.0,,,,,,,,,,,,,,,,4.0,,,,,,,,,,,,,,4316,4316.0,U,3,280,6297,Robo en banco/cajero,En su vivienda,Mujer
16843,1419403.1,1419403.10.01,1419403.10.01.01,1419403.10.01.01.10.1,1419403,10,1,1,1,10,1,A,1,50,2.0,10,14,97,3,2,1.0,0.0,0.0,0.0,0.0,1.0,2.0,,,,,,,,,,,,,,,,,,,,,,,,,,,,,,,,,,,1,,,,2.0,,3.0,4.0,3.0,4.0,2,,,,,,,,,,0.0,0.0,0.0,0.0,1.0,0.0,3,0.0,0.0,0.0,1.0,1.0,1.0,0.0,0.0,0.0,0.0,0.0,0.0,0.0,0.0,,,,,,,,,,,,,,,,,,,,,,,,,,,,,,1356,1356.0,C,2,299,6579,Amenazas/intimidación,En su vivienda,Hombre
16844,1411658.07,1411658.07.01,1411658.07.01.01,1411658.07.01.01.06.1,1411658,7,1,1,1,6,1,A,1,39,2.0,6,14,97,4,1,,,,,,2.0,,,,,,,,,,,,,,,,,,,,,,,,,,,,,,,,,,,,1,,,,1.0,6.0,,3.0,2.0,3.0,2,,,,,,,,,,0.0,0.0,0.0,0.0,1.0,0.0,1,25000.0,0.0,1.0,1.0,1.0,1.0,1.0,1.0,1.0,1.0,1.0,0.0,0.0,0.0,,0.0,0.0,0.0,0.0,0.0,0.0,0.0,0.0,0.0,0.0,1.0,0.0,0.0,,,,,,,,,,,,,,,,2140,2140.0,R,2,303,6606,Robo en negocio,En su vivienda,Hombre
16845,1411022.03,1411022.03.01,1411022.03.01.01,1411022.03.01.01.03.2,1411022,3,1,2,3,3,1,A,1,28,2.0,4,14,97,3,1,,,,,,2.0,,,,,,,,,,,,,,,,,,,,,,,,,,,,,,,,,,,,2,2.0,,4.0,,,,,,,2,,,,,,,,,,,,,,,,5,,,,,,,,,,,,,,,,,,,,,,,,,,,,,,,,,,,,,,,,,,,,1080,1080.0,U,2,282,6482,Robo en vivienda,En su vivienda,Hombre
16846,1411979.03,1411979.03.01,1411979.03.01.01,1411979.03.01.01.11.2,1411979,3,1,2,2,11,1,A,2,27,2.0,3,14,97,3,2,,,,,,1.0,1.0,1.0,1.0,1.0,0.0,0.0,4.0,0.0,0.0,0.0,0.0,1.0,0.0,,0.0,0.0,0.0,1.0,0.0,2.0,,,,,,,1.0,1.0,0.0,0.0,0.0,0.0,0.0,0.0,0.0,2,,,4.0,,,,,,,2,,,,,,,,,,,,,,,,3,0.0,0.0,1.0,1.0,1.0,1.0,1.0,1.0,1.0,1.0,1.0,0.0,0.0,0.0,,,,,,,,,,,,,,,,,,,,,,,,,,,,,,1225,1225.0,U,2,279,6206,Lesiones,En su vivienda,Mujer
16847,1411658.12,1411658.12.01,1411658.12.01.01,1411658.12.01.01.09.1,1411658,12,1,1,1,9,1,A,2,27,2.0,8,14,97,2,2,0.0,1.0,0.0,0.0,0.0,2.0,,,,,,,,,,,,,,,,,,,,,,,,,,,,,,,,,,,,2,,,3.0,,,,,,,2,,,,,,,,,,,,,,,,3,0.0,0.0,0.0,1.0,0.0,1.0,0.0,1.0,0.0,0.0,1.0,0.0,0.0,0.0,,,,,,,,,,,,,,,,,3.0,,,,,0.0,0.0,1.0,,,,,,1070,1070.0,R,2,303,6606,Extorsión,En su vivienda,Mujer
16848,1411022.03,1411022.03.01,1411022.03.01.01,1411022.03.01.01.03.1,1411022,3,1,1,3,3,1,A,1,28,2.0,3,14,97,3,2,,,,,,2.0,,,,,,,,,,,,,,,,,,,,,,,,,,,,,,,,,,,,2,2.0,,4.0,,,,,,,2,,,,,,,,,,,,,,,,5,,,,,,,,,,,,,,,,,,,,,,,,,,,,,,,,,,,,,,,,,,,,1080,1080.0,U,2,282,6482,Robo en vivienda,En su vivienda,Hombre
16849,1410626.18,1410626.18.01,1410626.18.01.01,1410626.18.01.01.10.1,1410626,18,1,1,1,10,1,A,2,42,2.0,9,14,97,2,1,0.0,0.0,1.0,0.0,0.0,1.0,1.0,2.0,2.0,0.0,1.0,0.0,8.0,0.0,0.0,1.0,0.0,0.0,0.0,,0.0,0.0,0.0,1.0,0.0,2.0,,,,,,,2.0,,,,,,,,,2,,,1.0,,,,,,,2,,,,,,,,,,,,,,,,3,0.0,0.0,,,,,,,,,,,,,,,,,,,,,,,,,,,,,,,,,,,,,,,,,,3005,3005.0,C,2,299,6581,Amenazas/intimidación,En su vivienda,Mujer
16850,1410626.12,1410626.12.01,1410626.12.01.01,1410626.12.01.01.09.1,1410626,12,1,1,1,9,1,A,1,46,2.0,11,14,97,4,2,0.0,1.0,0.0,0.0,0.0,1.0,1.0,2.0,6.0,1.0,1.0,0.0,8.0,1.0,0.0,0.0,0.0,0.0,0.0,1.0,0.0,0.0,0.0,0.0,1.0,1.0,1.0,0.0,0.0,0.0,0.0,2.0,2.0,,,,,,,,,2,,,4.0,,,,,,,2,,,,,,,,,,,,,,,,3,0.0,0.0,1.0,1.0,1.0,1.0,1.0,1.0,1.0,1.0,1.0,0.0,0.0,0.0,,,,,,,,,,,,,,,,,3.0,,,,,1.0,0.0,0.0,3.0,,,,,1503,1503.0,C,2,299,6581,Extorsión,En su vivienda,Hombre
16851,1411417.04,1411417.04.01,1411417.04.01.01,1411417.04.01.01.10.1,1411417,4,1,1,1,10,1,A,2,44,2.0,11,14,97,2,2,0.0,0.0,1.0,0.0,0.0,1.0,1.0,1.0,3.0,1.0,1.0,0.0,8.0,0.0,0.0,1.0,0.0,0.0,0.0,,0.0,0.0,0.0,1.0,0.0,2.0,,,,,,,2.0,,,,,,,,,2,,,6.0,,,,,,,2,,,,,,,,,,,,,,,,3,0.0,0.0,0.0,0.0,1.0,1.0,0.0,0.0,0.0,1.0,0.0,0.0,0.0,0.0,,,,,,,,,,,,,,,,,,,,,,,,,,,,,,1265,1265.0,U,2,279,6205,Amenazas/intimidación,En su vivienda,Mujer
16852,1410578.03,1410578.03.01,1410578.03.01.01,1410578.03.01.01.03.2,1410578,3,1,2,2,3,1,A,1,66,2.0,1,14,97,4,1,,,,,,2.0,,,,,,,,,,,,,,,,,,,,,,,,,,,,,,,,,,,,2,2.0,,3.0,,,,,,,2,,,,,,,,,,,,,,,,1,800.0,0.0,1.0,1.0,1.0,1.0,0.0,0.0,0.0,1.0,1.0,0.0,0.0,0.0,,,,,,,,,,,,,,,,,,,,,,,,,,,,,,1154,1154.0,C,3,298,6573,Robo en vivienda,En su vivienda,Hombre
16853,1412264.1,1412264.10.01,1412264.10.01.01,1412264.10.01.01.09.1,1412264,10,1,1,1,9,1,A,1,28,2.0,12,14,97,1,3,0.0,1.0,0.0,0.0,0.0,1.0,2.0,,,,,,,,,,,,,,,,,,,,,,,,,,,,,,,,,,,2,,,6.0,,,,,,,2,,,,,,,,,,,,,,,,1,3500.0,0.0,1.0,0.0,0.0,1.0,0.0,0.0,0.0,0.0,0.0,0.0,0.0,0.0,,,,,,,,,,,,,,,,,3.0,,,,,1.0,0.0,0.0,1.0,,,,,1356,1356.0,C,2,299,6583,Extorsión,En su vivienda,Hombre
16854,1410626.06,1410626.06.01,1410626.06.01.02,1410626.06.01.02.03.1,1410626,6,1,1,1,3,2,A,2,46,2.0,7,14,97,3,1,,,,,,2.0,,,,,,,,,,,,,,,,,,,,,,,,,,,,,,,,,,,,2,2.0,,3.0,,,,,,,2,,,,,,,,,,,,,,,,1,15000.0,0.0,,,,,,,,,,,,,,,,,,,,,,,,,,,,,,,,,,,,,,,,,,1503,1503.0,C,2,299,6581,Robo en vivienda,En su vivienda,Mujer
16855,1410660.05,1410660.05.01,1410660.05.01.01,1410660.05.01.01.06.1,1410660,5,1,1,1,6,1,A,1,62,2.0,4,14,97,3,1,,,,,,1.0,1.0,2.0,1.0,1.0,0.0,0.0,3.0,1.0,0.0,0.0,0.0,0.0,0.0,1.0,0.0,0.0,0.0,1.0,0.0,2.0,,,,,,,2.0,,,,,,,,,2,,,4.0,,,,,,,2,,,,,,,,,,,,,,,,1,2000.0,0.0,1.0,0.0,1.0,1.0,0.0,1.0,1.0,1.0,1.0,0.0,0.0,0.0,,0.0,0.0,0.0,0.0,0.0,0.0,0.0,0.0,0.0,1.0,0.0,0.0,0.0,,,,,,,,,,,,,,,,763,763.0,U,3,286,6514,Robo en negocio,En su vivienda,Hombre
16856,1411554.02,1411554.02.01,1411554.02.01.02,1411554.02.01.02.07.1,1411554,2,1,1,1,7,2,A,1,27,2.0,6,14,97,9,4,1.0,0.0,0.0,0.0,0.0,,,,,,,,,,,,,,,,,,,,,,,,,,,,,,,,,,,,,2,,,4.0,,,,,,,2,,,,,,,,,,,,,,,,1,8000.0,0.0,1.0,1.0,1.0,1.0,1.0,1.0,1.0,1.0,1.0,0.0,0.0,0.0,,,,,,,,,,,,,,,,4.0,,,,,,,,,,,,,,7360,7360.0,U,4,287,6515,Robo en banco/cajero,En su vivienda,Hombre
16857,1410626.07,1410626.07.01,1410626.07.01.01,1410626.07.01.01.08.1,1410626,7,1,1,1,8,1,A,2,44,2.0,6,14,97,2,1,1.0,0.0,0.0,0.0,0.0,,,,,,,,,,,,,,,,,,,,,,,,,,,,,,,,,,,,,2,,,4.0,,,,,,,2,,,,,,,,,,,,,,,,1,2000.0,0.0,1.0,0.0,1.0,1.0,0.0,1.0,1.0,1.0,1.0,0.0,0.0,0.0,,,,,,,,,,,,,,,,1.0,,,,,,,,,,,,,,3005,3005.0,C,2,299,6581,Fraude bancario,En su vivienda,Mujer
16858,1411979.05,1411979.05.01,1411979.05.01.01,1411979.05.01.01.10.1,1411979,5,1,1,1,10,1,A,1,47,2.0,10,14,97,3,2,0.0,0.0,1.0,0.0,0.0,1.0,1.0,2.0,1.0,1.0,0.0,0.0,3.0,0.0,1.0,0.0,0.0,0.0,0.0,,0.0,0.0,0.0,1.0,0.0,2.0,,,,,,,2.0,,,,,,,,,2,,,8.0,,,,,,,2,,,,,,,,,,,,,,,,3,0.0,0.0,1.0,1.0,1.0,1.0,1.0,0.0,0.0,1.0,1.0,0.0,0.0,0.0,,,,,,,,,,,,,,,,,,,,,,,,,,,,,,1225,1225.0,U,2,279,6206,Amenazas/intimidación,En su vivienda,Hombre
16860,1418990.18,1418990.18.01,1418990.18.01.02,1418990.18.01.02.05.1,1418990,18,1,1,1,5,2,A,1,23,2.0,3,14,97,3,1,,,,,,1.0,1.0,1.0,3.0,1.0,0.0,0.0,8.0,1.0,1.0,0.0,0.0,0.0,0.0,1.0,1.0,0.0,0.0,0.0,0.0,1.0,1.0,0.0,0.0,0.0,0.0,2.0,2.0,,,,,,,,,2,,,6.0,,,,,,,1,0.0,1.0,0.0,0.0,0.0,0.0,0.0,0.0,0.0,0.0,0.0,0.0,0.0,1.0,0.0,1,25000.0,0.0,,,,,,,,,,,,,,0.0,0.0,0.0,0.0,0.0,0.0,1.0,0.0,1.0,0.0,0.0,0.0,0.0,,,,,,,,,,,,,,,,2519,2519.0,C,2,297,6562,Robo en calle (a transeúnte),En su vivienda,Hombre
16861,1411993.01,1411993.01.01,1411993.01.01.01,1411993.01.01.01.07.1,1411993,1,1,1,1,7,1,A,1,48,2.0,10,14,97,2,1,0.0,0.0,1.0,0.0,0.0,,,,,,,,,,,,,,,,,,,,,,,,,,,,,,,,,,,,,2,,,1.0,,,,,,,2,,,,,,,,,,,,,,,,1,5200.0,0.0,1.0,0.0,1.0,1.0,0.0,0.0,0.0,1.0,0.0,0.0,0.0,0.0,,,,,,,,,,,,,,,,4.0,,,,,,,,,,,,,,3119,3119.0,U,2,279,6224,Robo en banco/cajero,En su vivienda,Hombre
16862,1411658.07,1411658.07.01,1411658.07.01.01,1411658.07.01.01.05.1,1411658,7,1,1,1,5,1,A,1,39,2.0,6,14,97,3,1,,,,,,1.0,1.0,2.0,2.0,1.0,0.0,0.0,8.0,1.0,0.0,0.0,0.0,0.0,0.0,2.0,0.0,0.0,0.0,1.0,0.0,1.0,1.0,0.0,0.0,0.0,0.0,2.0,2.0,,,,,,,,,2,,,6.0,,,,,,,2,,,,,,,,,,,,,,,,3,9000.0,0.0,,,,,,,,,,,,,,0.0,0.0,0.0,0.0,0.0,0.0,1.0,1.0,1.0,0.0,0.0,0.0,0.0,,,,,,,,,,,,,,,,2140,2140.0,R,2,303,6606,Robo en calle (a transeúnte),En su vivienda,Hombre
16863,1411658.08,1411658.08.01,1411658.08.01.01,1411658.08.01.01.07.1,1411658,8,1,1,1,7,1,A,1,65,2.0,10,14,97,1,8,0.0,0.0,1.0,1.0,0.0,,,,,,,,,,,,,,,,,,,,,,,,,,,,,,,,,,,,,2,,,7.0,,,,,,,2,,,,,,,,,,,,,,,,1,10000.0,0.0,1.0,1.0,1.0,1.0,1.0,0.0,0.0,0.0,0.0,0.0,0.0,0.0,,,,,,,,,,,,,,,,4.0,,,,,,,,,,,,,,2140,2140.0,R,2,303,6606,Robo en banco/cajero,En su vivienda,Hombre
16864,1412228.06,1412228.06.01,1412228.06.01.04,1412228.06.01.04.04.1,1412228,6,1,1,1,4,4,A,1,29,2.0,2,14,97,4,2,,,,,,2.0,,,,,,,,,,,,,,,,,,,,,,,,,,,,,,,,,,,,1,,,,1.0,2.0,,2.0,3.0,1.0,2,,,,,,,,,,1.0,0.0,0.0,0.0,0.0,0.0,1,9999999.0,0.0,1.0,0.0,0.0,0.0,0.0,0.0,0.0,1.0,0.0,0.0,0.0,0.0,,0.0,1.0,1.0,1.0,1.0,0.0,0.0,0.0,0.0,1.0,0.0,0.0,0.0,2.0,,,,,,,,,,,,,,,1356,1356.0,C,2,299,6580,Robo en transporte público,En su vivienda,Hombre
16865,1411971.05,1411971.05.01,1411971.05.01.01,1411971.05.01.01.09.1,1411971,5,1,1,1,9,1,A,2,33,2.0,6,14,97,2,2,0.0,1.0,0.0,0.0,0.0,1.0,2.0,,,,,,,,,,,,,,,,,,,,,,,,,,,,,,,,,,,2,,,6.0,,,,,,,2,,,,,,,,,,,,,,,,5,,,0.0,0.0,1.0,0.0,0.0,0.0,0.0,0.0,0.0,0.0,0.0,0.0,,,,,,,,,,,,,,,,,2.0,,,,,1.0,0.0,0.0,3.0,,,,,1178,1178.0,U,2,279,6209,Extorsión,En su vivienda,Mujer
16866,1411993.02,1411993.02.01,1411993.02.01.01,1411993.02.01.01.09.1,1411993,2,1,1,1,9,1,A,2,42,2.0,8,14,97,3,2,0.0,1.0,0.0,0.0,0.0,1.0,1.0,1.0,1.0,1.0,0.0,0.0,9.0,1.0,0.0,0.0,0.0,0.0,0.0,2.0,0.0,0.0,0.0,1.0,0.0,2.0,,,,,,,2.0,,,,,,,,,2,,,4.0,,,,,,,2,,,,,,,,,,,,,,,,5,,,1.0,1.0,1.0,1.0,1.0,1.0,1.0,1.0,1.0,0.0,0.0,0.0,,,,,,,,,,,,,,,,,3.0,,,,,1.0,0.0,0.0,3.0,,,,,3119,3119.0,U,2,279,6224,Extorsión,En su vivienda,Mujer
16867,1410660.01,1410660.01.01,1410660.01.01.01,1410660.01.01.01.08.1,1410660,1,1,1,1,8,1,A,1,23,2.0,11,14,97,1,2,1.0,0.0,0.0,0.0,0.0,,,,,,,,,,,,,,,,,,,,,,,,,,,,,,,,,,,,,2,,,3.0,,,,,,,2,,,,,,,,,,,,,,,,1,800.0,0.0,1.0,1.0,1.0,1.0,1.0,0.0,0.0,0.0,0.0,0.0,0.0,0.0,,,,,,,,,,,,,,,,1.0,,,,,,,,,,,,,,763,763.0,U,3,286,6514,Fraude bancario,En su vivienda,Hombre
16868,1410896.04,1410896.04.01,1410896.04.01.01,1410896.04.01.01.09.1,1410896,4,1,1,1,9,1,A,2,20,2.0,12,14,97,1,1,0.0,1.0,0.0,0.0,0.0,1.0,1.0,2.0,1.0,1.0,0.0,0.0,9.0,1.0,0.0,0.0,0.0,0.0,0.0,2.0,0.0,0.0,0.0,0.0,1.0,2.0,,,,,,,2.0,,,,,,,,,2,,,4.0,,,,,,,2,,,,,,,,,,,,,,,,3,0.0,0.0,1.0,1.0,1.0,1.0,0.0,1.0,0.0,1.0,0.0,0.0,0.0,0.0,,,,,,,,,,,,,,,,,3.0,,,,,0.0,1.0,0.0,3.0,,,,,1426,1426.0,U,4,284,6504,Extorsión,En su vivienda,Mujer
16869,1411658.18,1411658.18.01,1411658.18.01.02,1411658.18.01.02.04.1,1411658,18,1,1,1,4,2,A,1,22,2.0,8,14,97,3,2,,,,,,2.0,,,,,,,,,,,,,,,,,,,,,,,,,,,,,,,,,,,,2,2.0,,7.0,,,,,,,1,0.0,1.0,0.0,0.0,0.0,0.0,0.0,0.0,0.0,1.0,0.0,0.0,0.0,0.0,0.0,1,800.0,0.0,0.0,0.0,0.0,0.0,1.0,0.0,0.0,0.0,0.0,0.0,0.0,0.0,,0.0,0.0,0.0,0.0,0.0,0.0,1.0,0.0,0.0,0.0,0.0,0.0,0.0,2.0,,,,,,,,,,,,,,,1070,1070.0,R,2,303,6606,Robo en transporte público,En su vivienda,Hombre
16870,1410998.04,1410998.04.01,1410998.04.01.01,1410998.04.01.01.11.1,1410998,4,1,1,1,11,1,A,2,31,2.0,7,14,97,3,1,,,,,,1.0,1.0,2.0,2.0,1.0,1.0,0.0,5.0,0.0,1.0,0.0,0.0,0.0,0.0,,1.0,0.0,0.0,0.0,0.0,2.0,,,,,,,1.0,1.0,0.0,0.0,0.0,0.0,0.0,0.0,0.0,2,,,4.0,,,,,,,2,,,,,,,,,,,,,,,,2,0.0,0.0,0.0,0.0,0.0,0.0,0.0,1.0,1.0,0.0,0.0,0.0,0.0,0.0,,,,,,,,,,,,,,,,,,,,,,,,,,,,,,1080,1080.0,U,2,282,6483,Lesiones,En su vivienda,Mujer
16871,1411879.02,1411879.02.01,1411879.02.01.01,1411879.02.01.01.02.1,1411879,2,1,1,1,2,1,A,2,33,2.0,9,14,97,3,2,,,,,,2.0,,,,,,,,,,,,,,,,,,,,,,,,,,,,,,,,,,,,2,2.0,,4.0,,,,,,,2,,,,,,,,,,,,,,,,1,2000.0,0.0,,,,,,,,,,,,,,,,,,,,,,,,,,,,,,,,,,,,,,,,,,1288,1288.0,U,2,279,6204,Robo de accesorios de vehículo,En su vivienda,Mujer
16872,1411979.03,1411979.03.01,1411979.03.01.01,1411979.03.01.01.11.1,1411979,3,1,1,2,11,1,A,2,27,2.0,11,14,97,3,2,,,,,,1.0,1.0,1.0,1.0,1.0,0.0,0.0,4.0,0.0,0.0,0.0,0.0,1.0,0.0,,0.0,0.0,0.0,1.0,0.0,2.0,,,,,,,1.0,1.0,0.0,0.0,0.0,0.0,0.0,0.0,0.0,2,,,4.0,,,,,,,2,,,,,,,,,,,,,,,,2,0.0,0.0,,,,,,,,,,,,,,,,,,,,,,,,,,,,,,,,,,,,,,,,,,1225,1225.0,U,2,279,6206,Lesiones,En su vivienda,Mujer
16873,1411979.01,1411979.01.01,1411979.01.01.01,1411979.01.01.01.13.2,1411979,1,1,2,2,13,1,A,2,20,2.0,3,14,97,3,1,0.0,0.0,1.0,0.0,0.0,1.0,1.0,1.0,1.0,1.0,0.0,0.0,4.0,1.0,0.0,0.0,0.0,0.0,0.0,2.0,0.0,0.0,0.0,1.0,0.0,2.0,,,,,,,2.0,,,,,,,,,2,,,8.0,,,,,,,2,,,,,,,,,,,,,,,,3,0.0,0.0,1.0,1.0,1.0,1.0,1.0,1.0,1.0,1.0,1.0,0.0,0.0,0.0,,,,,,,,,,,,,,,,,,,,,,,,,,,,,3.0,1225,1225.0,U,2,279,6206,Delito sexual,En su vivienda,Mujer
16874,1411658.03,1411658.03.01,1411658.03.01.02,1411658.03.01.02.10.1,1411658,3,1,1,1,10,2,A,2,44,2.0,7,14,97,1,2,0.0,1.0,0.0,1.0,0.0,2.0,,,,,,,,,,,,,,,,,,,,,,,,,,,,,,,,,,,,2,,,9.0,,,,,,,2,,,,,,,,,,,,,,,,3,0.0,0.0,1.0,1.0,1.0,1.0,1.0,1.0,1.0,1.0,1.0,0.0,0.0,0.0,,,,,,,,,,,,,,,,,,,,,,,,,,,,,,4280,4280.0,R,2,303,6606,Amenazas/intimidación,En su vivienda,Mujer
16876,1410626.12,1410626.12.01,1410626.12.01.01,1410626.12.01.01.03.2,1410626,12,1,2,2,3,1,A,1,46,2.0,7,14,97,4,2,,,,,,2.0,,,,,,,,,,,,,,,,,,,,,,,,,,,,,,,,,,,,2,2.0,,4.0,,,,,,,2,,,,,,,,,,,,,,,,1,800.0,0.0,,,,,,,,,,,,,,,,,,,,,,,,,,,,,,,,,,,,,,,,,,1503,1503.0,C,2,299,6581,Robo en vivienda,En su vivienda,Hombre
16877,1412264.11,1412264.11.01,1412264.11.01.02,1412264.11.01.02.13.1,1412264,11,1,1,1,13,2,A,2,20,2.0,12,14,97,1,1,0.0,0.0,1.0,0.0,0.0,1.0,1.0,2.0,1.0,1.0,0.0,0.0,5.0,1.0,0.0,0.0,0.0,0.0,0.0,2.0,0.0,0.0,0.0,1.0,0.0,2.0,,,,,,,2.0,,,,,,,,,2,,,4.0,,,,,,,2,,,,,,,,,,,,,,,,3,0.0,0.0,0.0,0.0,0.0,1.0,0.0,0.0,0.0,0.0,0.0,0.0,0.0,0.0,,,,,,,,,,,,,,,,,,,,,,,,,,,,,2.0,4068,4068.0,C,2,299,6583,Delito sexual,En su vivienda,Mujer
16878,1411993.04,1411993.04.01,1411993.04.01.01,1411993.04.01.01.03.1,1411993,4,1,1,5,3,1,A,2,48,2.0,8,14,97,4,2,,,,,,2.0,,,,,,,,,,,,,,,,,,,,,,,,,,,,,,,,,,,,1,,,,1.0,6.0,,1.0,3.0,2.0,2,,,,,,,,,,1.0,0.0,0.0,0.0,0.0,0.0,1,5000.0,0.0,,,,,,,,,,,,,,,,,,,,,,,,,,,,,,,,,,,,,,,,,,2079,2079.0,U,2,279,6224,Robo en vivienda,En su vivienda,Mujer
16879,1412228.1,1412228.10.01,1412228.10.01.02,1412228.10.01.02.04.1,1412228,10,1,1,1,4,2,A,1,32,2.0,2,14,97,2,2,,,,,,2.0,,,,,,,,,,,,,,,,,,,,,,,,,,,,,,,,,,,,1,,,,1.0,6.0,,3.0,3.0,4.0,1,0.0,1.0,0.0,0.0,0.0,0.0,0.0,0.0,0.0,0.0,0.0,0.0,0.0,1.0,0.0,1,15000.0,7000.0,,,,,,,,,,,,,,0.0,0.0,0.0,1.0,0.0,1.0,1.0,0.0,0.0,0.0,0.0,0.0,0.0,2.0,,,,,,,,,,,,,,,1356,1356.0,C,2,299,6580,Robo en transporte público,En su vivienda,Hombre
16880,1411658.17,1411658.17.01,1411658.17.01.02,1411658.17.01.02.06.1,1411658,17,1,1,1,6,2,A,1,27,2.0,7,14,97,2,1,,,,,,2.0,,,,,,,,,,,,,,,,,,,,,,,,,,,,,,,,,,,,2,,,3.0,,,,,,,2,,,,,,,,,,,,,,,,1,500.0,0.0,0.0,0.0,0.0,0.0,0.0,0.0,0.0,0.0,0.0,0.0,1.0,0.0,,0.0,0.0,0.0,0.0,0.0,0.0,0.0,0.0,0.0,0.0,1.0,0.0,0.0,,,,,,,,,,,,,,,,2140,2140.0,R,2,303,6606,Robo en negocio,En su vivienda,Hombre
16881,1410626.06,1410626.06.01,1410626.06.01.02,1410626.06.01.02.11.1,1410626,6,1,1,1,11,2,A,2,46,2.0,12,14,97,1,1,,,,,,1.0,1.0,1.0,3.0,1.0,1.0,0.0,8.0,0.0,1.0,0.0,1.0,0.0,0.0,,0.0,0.0,0.0,1.0,0.0,2.0,,,,,,,1.0,0.0,0.0,0.0,0.0,0.0,0.0,0.0,1.0,2,,,1.0,,,,,,,2,,,,,,,,,,,,,,,,3,0.0,0.0,0.0,0.0,0.0,0.0,0.0,0.0,0.0,0.0,1.0,0.0,0.0,0.0,,,,,,,,,,,,,,,,,,,,,,,,,,,,,,3005,3005.0,C,2,299,6581,Lesiones,En su vivienda,Mujer
16882,1411554.03,1411554.03.01,1411554.03.01.03,1411554.03.01.03.02.1,1411554,3,1,1,1,2,3,A,1,23,2.0,11,14,97,1,1,,,,,,2.0,,,,,,,,,,,,,,,,,,,,,,,,,,,,,,,,,,,,2,2.0,,9.0,,,,,,,2,,,,,,,,,,,,,,,,1,15000.0,0.0,,,,,,,,,,,,,,,,,,,,,,,,,,,,,,,,,,,,,,,,,,3680,3680.0,U,4,287,6515,Robo de accesorios de vehículo,En su vivienda,Hombre
16883,1410626.06,1410626.06.01,1410626.06.01.02,1410626.06.01.02.10.1,1410626,6,1,1,1,10,2,A,2,46,2.0,12,14,97,1,1,0.0,0.0,1.0,0.0,0.0,1.0,1.0,1.0,3.0,1.0,1.0,0.0,8.0,0.0,1.0,0.0,1.0,0.0,0.0,,0.0,0.0,0.0,1.0,0.0,2.0,,,,,,,2.0,,,,,,,,,2,,,1.0,,,,,,,2,,,,,,,,,,,,,,,,3,0.0,0.0,,,,,,,,,,,,,,,,,,,,,,,,,,,,,,,,,,,,,,,,,,3005,3005.0,C,2,299,6581,Amenazas/intimidación,En su vivienda,Mujer
16884,1411979.03,1411979.03.01,1411979.03.01.01,1411979.03.01.01.04.1,1411979,3,1,1,1,4,1,A,2,27,2.0,11,14,97,1,2,,,,,,2.0,,,,,,,,,,,,,,,,,,,,,,,,,,,,,,,,,,,,2,2.0,,3.0,,,,,,,2,,,,,,,,,,,,,,,,3,0.0,600.0,,,,,,,,,,,,,,0.0,0.0,0.0,0.0,0.0,0.0,0.0,0.0,0.0,0.0,0.0,1.0,0.0,2.0,,,,,,,,,,,,,,,1225,1225.0,U,2,279,6206,Robo en transporte público,En su vivienda,Mujer
16885,1410578.15,1410578.15.01,1410578.15.01.01,1410578.15.01.01.08.1,1410578,15,1,1,1,8,1,A,1,58,2.0,10,14,97,3,2,0.0,1.0,0.0,0.0,0.0,,,,,,,,,,,,,,,,,,,,,,,,,,,,,,,,,,,,,2,,,4.0,,,,,,,2,,,,,,,,,,,,,,,,1,20000.0,0.0,0.0,1.0,1.0,1.0,0.0,0.0,0.0,1.0,1.0,0.0,0.0,0.0,,,,,,,,,,,,,,,,1.0,,,,,,,,,,,,,,2308,2308.0,C,3,298,6573,Fraude bancario,En su vivienda,Hombre
16886,1411921.02,1411921.02.01,1411921.02.01.01,1411921.02.01.01.03.1,1411921,2,1,1,1,3,1,A,2,65,2.0,11,14,97,4,2,,,,,,2.0,,,,,,,,,,,,,,,,,,,,,,,,,,,,,,,,,,,,2,2.0,,8.0,,,,,,,2,,,,,,,,,,,,,,,,1,2500.0,0.0,1.0,1.0,1.0,1.0,0.0,1.0,0.0,1.0,1.0,0.0,0.0,0.0,,,,,,,,,,,,,,,,,,,,,,,,,,,,,,932,932.0,U,3,280,6356,Robo en vivienda,En su vivienda,Mujer
16887,1408379.03,1408379.03.01,1408379.03.01.03,1408379.03.01.03.01.1,1408379,3,1,1,1,1,3,A,2,23,2.0,8,14,97,3,1,,,,,,2.0,,,,,,,,,,,,,,,,,,,,,,,,,,,,,,,,,,,,1,,,,1.0,2.0,,4.0,2.0,3.0,2,,,,,,,,,,0.0,0.0,0.0,0.0,1.0,0.0,1,120000.0,0.0,,,,,,,,,,,,,2.0,,,,,,,,,,,,,,,,,,,,,,,,,,,,,1105,1105.0,C,2,297,6566,Robo total de vehículo,En su vivienda,Mujer
16888,1412100.03,1412100.03.01,1412100.03.01.03,1412100.03.01.03.02.2,1412100,3,1,2,2,2,3,A,2,27,2.0,12,14,97,2,1,,,,,,2.0,,,,,,,,,,,,,,,,,,,,,,,,,,,,,,,,,,,,2,2.0,,4.0,,,,,,,2,,,,,,,,,,,,,,,,5,,,,,,,,,,,,,,,,,,,,,,,,,,,,,,,,,,,,,,,,,,,,1079,1079.0,U,3,280,6297,Robo de accesorios de vehículo,En su vivienda,Mujer
16889,1412100.03,1412100.03.01,1412100.03.01.03,1412100.03.01.03.02.1,1412100,3,1,1,2,2,3,A,2,27,2.0,12,14,97,2,1,,,,,,2.0,,,,,,,,,,,,,,,,,,,,,,,,,,,,,,,,,,,,2,2.0,,3.0,,,,,,,2,,,,,,,,,,,,,,,,5,,,,,,,,,,,,,,,,,,,,,,,,,,,,,,,,,,,,,,,,,,,,1079,1079.0,U,3,280,6297,Robo de accesorios de vehículo,En su vivienda,Mujer
16890,1410626.12,1410626.12.01,1410626.12.01.01,1410626.12.01.01.01.1,1410626,12,1,1,1,1,1,A,1,46,2.0,5,14,97,2,5,,,,,,2.0,,,,,,,,,,,,,,,,,,,,,,,,,,,,,,,,,,,,2,2.0,,4.0,,,,,,,2,,,,,,,,,,,,,,,,1,68000.0,0.0,,,,,,,,,,,,,2.0,,,,,,,,,,,,,,,,,,,,,,,,,,,,,1503,1503.0,C,2,299,6581,Robo total de vehículo,En su vivienda,Hombre
16891,1412124.02,1412124.02.01,1412124.02.01.01,1412124.02.01.01.06.1,1412124,2,1,1,1,6,1,A,2,57,2.0,3,14,97,1,3,,,,,,1.0,1.0,2.0,2.0,1.0,0.0,0.0,3.0,1.0,0.0,0.0,0.0,0.0,0.0,2.0,0.0,0.0,0.0,1.0,0.0,1.0,1.0,0.0,0.0,0.0,0.0,2.0,2.0,,,,,,,,,2,,,4.0,,,,,,,2,,,,,,,,,,,,,,,,1,1000.0,0.0,0.0,0.0,0.0,1.0,0.0,1.0,0.0,0.0,0.0,0.0,0.0,0.0,,0.0,0.0,0.0,0.0,0.0,0.0,1.0,0.0,0.0,0.0,0.0,0.0,0.0,,,,,,,,,,,,,,,,1059,1059.0,U,2,279,6222,Robo en negocio,En su vivienda,Mujer
16892,1410998.04,1410998.04.01,1410998.04.01.01,1410998.04.01.01.03.1,1410998,4,1,1,1,3,1,A,2,31,2.0,8,14,97,4,2,,,,,,2.0,,,,,,,,,,,,,,,,,,,,,,,,,,,,,,,,,,,,2,2.0,,4.0,,,,,,,2,,,,,,,,,,,,,,,,1,10000.0,0.0,,,,,,,,,,,,,,,,,,,,,,,,,,,,,,,,,,,,,,,,,,1080,1080.0,U,2,282,6483,Robo en vivienda,En su vivienda,Mujer
16893,1410828.02,1410828.02.01,1410828.02.01.01,1410828.02.01.01.05.1,1410828,2,1,1,1,5,1,A,1,46,2.0,12,14,97,2,1,,,,,,1.0,1.0,2.0,1.0,1.0,0.0,0.0,4.0,1.0,0.0,0.0,0.0,0.0,0.0,1.0,0.0,0.0,0.0,1.0,0.0,1.0,1.0,0.0,0.0,0.0,0.0,2.0,2.0,,,,,,,,,2,,,5.0,,,,,,,2,,,,,,,,,,,,,,,,1,1500.0,0.0,1.0,1.0,1.0,1.0,0.0,1.0,1.0,1.0,1.0,0.0,0.0,0.0,,0.0,0.0,0.0,0.0,1.0,0.0,1.0,0.0,0.0,0.0,0.0,0.0,0.0,,,,,,,,,,,,,,,,1229,1229.0,U,2,285,6511,Robo en calle (a transeúnte),En su vivienda,Hombre
16894,1411658.14,1411658.14.01,1411658.14.01.02,1411658.14.01.02.09.1,1411658,14,1,1,1,9,2,A,2,40,2.0,6,14,97,2,2,0.0,1.0,0.0,0.0,0.0,1.0,2.0,,,,,,,,,,,,,,,,,,,,,,,,,,,,,,,,,,,2,,,4.0,,,,,,,2,,,,,,,,,,,,,,,,5,,,1.0,1.0,1.0,1.0,1.0,1.0,1.0,1.0,1.0,0.0,0.0,0.0,,,,,,,,,,,,,,,,,3.0,,,,,1.0,0.0,0.0,3.0,,,,,3210,3210.0,R,2,303,6606,Extorsión,En su vivienda,Mujer
16895,1410887.05,1410887.05.01,1410887.05.01.02,1410887.05.01.02.02.1,1410887,5,1,1,1,2,2,A,1,34,2.0,12,14,97,4,1,,,,,,2.0,,,,,,,,,,,,,,,,,,,,,,,,,,,,,,,,,,,,1,,,,2.0,,2.0,2.0,5.0,3.0,2,,,,,,,,,,0.0,0.0,1.0,0.0,0.0,0.0,1,4000.0,0.0,1.0,1.0,1.0,1.0,1.0,1.0,1.0,1.0,1.0,0.0,0.0,0.0,,,,,,,,,,,,,,,,,,,,,,,,,,,,,,1466,1466.0,U,4,284,6503,Robo de accesorios de vehículo,En su vivienda,Hombre
16896,1412228.1,1412228.10.01,1412228.10.01.02,1412228.10.01.02.13.1,1412228,10,1,1,1,13,2,A,1,32,2.0,3,14,97,3,5,0.0,0.0,1.0,0.0,0.0,1.0,1.0,2.0,1.0,1.0,0.0,0.0,4.0,0.0,1.0,0.0,0.0,0.0,0.0,,0.0,0.0,0.0,0.0,1.0,2.0,,,,,,,1.0,1.0,0.0,0.0,0.0,0.0,0.0,0.0,0.0,2,,,8.0,,,,,,,2,,,,,,,,,,,,,,,,3,0.0,8000.0,1.0,1.0,1.0,1.0,1.0,1.0,1.0,1.0,1.0,0.0,0.0,0.0,,,,,,,,,,,,,,,,,,,,,,,,,,,,,1.0,2712,2712.0,C,2,299,6580,Delito sexual,En su vivienda,Hombre
16897,1418192.03,1418192.03.01,1418192.03.01.02,1418192.03.01.02.05.1,1418192,3,1,1,1,5,2,A,2,45,2.0,11,14,97,2,1,,,,,,1.0,1.0,2.0,2.0,1.0,0.0,0.0,3.0,1.0,0.0,0.0,0.0,0.0,0.0,2.0,0.0,0.0,0.0,0.0,1.0,1.0,1.0,0.0,0.0,0.0,0.0,2.0,1.0,1.0,0.0,0.0,0.0,0.0,0.0,0.0,0.0,2,,,4.0,,,,,,,2,,,,,,,,,,,,,,,,1,32000.0,1000.0,,,,,,,,,,,,,,0.0,0.0,0.0,0.0,0.0,0.0,1.0,1.0,0.0,0.0,0.0,0.0,0.0,,,,,,,,,,,,,,,,2899,2899.0,U,4,281,6390,Robo en calle (a transeúnte),En su vivienda,Mujer
16898,1411174.18,1411174.18.01,1411174.18.01.03,1411174.18.01.03.02.2,1411174,18,1,2,2,2,3,A,2,35,2.0,8,14,97,2,1,,,,,,2.0,,,,,,,,,,,,,,,,,,,,,,,,,,,,,,,,,,,,2,2.0,,4.0,,,,,,,1,0.0,1.0,0.0,0.0,0.0,0.0,0.0,0.0,0.0,1.0,0.0,0.0,0.0,0.0,0.0,3,3000.0,0.0,1.0,1.0,1.0,0.0,1.0,0.0,0.0,1.0,0.0,0.0,0.0,0.0,,,,,,,,,,,,,,,,,,,,,,,,,,,,,,1219,1219.0,C,3,300,6588,Robo de accesorios de vehículo,En su vivienda,Mujer
16899,1411734.04,1411734.04.01,1411734.04.01.01,1411734.04.01.01.03.1,1411734,4,1,1,2,3,1,A,1,42,2.0,3,14,97,4,2,,,,,,2.0,,,,,,,,,,,,,,,,,,,,,,,,,,,,,,,,,,,,2,2.0,,4.0,,,,,,,2,,,,,,,,,,,,,,,,1,300.0,0.0,,,,,,,,,,,,,,,,,,,,,,,,,,,,,,,,,,,,,,,,,,632,632.0,U,3,283,6501,Robo en vivienda,En su vivienda,Hombre
16900,1411244.02,1411244.02.01,1411244.02.01.01,1411244.02.01.01.08.2,1411244,2,1,2,2,8,1,A,1,53,2.0,2,14,97,1,2,1.0,0.0,0.0,0.0,0.0,,,,,,,,,,,,,,,,,,,,,,,,,,,,,,,,,,,,,2,,,3.0,,,,,,,2,,,,,,,,,,,,,,,,3,0.0,0.0,,,,,,,,,,,,,,,,,,,,,,,,,,,,1.0,,,,,,,,,,,,,,862,862.0,U,3,283,6495,Fraude bancario,En su vivienda,Hombre
16901,1411879.02,1411879.02.01,1411879.02.01.01,1411879.02.01.01.03.1,1411879,2,1,1,1,3,1,A,2,33,2.0,12,14,97,3,2,,,,,,1.0,2.0,,,,,,,,,,,,,,,,,,,,,,,,,,,,,,,,,,,2,2.0,,4.0,,,,,,,2,,,,,,,,,,,,,,,,1,2000.0,0.0,1.0,1.0,1.0,1.0,1.0,0.0,0.0,1.0,1.0,0.0,0.0,0.0,,,,,,,,,,,,,,,,,,,,,,,,,,,,,,1288,1288.0,U,2,279,6204,Robo en vivienda,En su vivienda,Mujer
16902,1410626.18,1410626.18.01,1410626.18.01.01,1410626.18.01.01.03.1,1410626,18,1,1,1,3,1,A,2,42,2.0,12,14,97,3,2,,,,,,2.0,,,,,,,,,,,,,,,,,,,,,,,,,,,,,,,,,,,,2,2.0,,1.0,,,,,,,2,,,,,,,,,,,,,,,,1,200.0,0.0,,,,,,,,,,,,,,,,,,,,,,,,,,,,,,,,,,,,,,,,,,1503,1503.0,C,2,299,6581,Robo en vivienda,En su vivienda,Mujer
16903,1410626.12,1410626.12.01,1410626.12.01.01,1410626.12.01.01.03.1,1410626,12,1,1,2,3,1,A,1,46,2.0,12,14,97,4,2,,,,,,2.0,,,,,,,,,,,,,,,,,,,,,,,,,,,,,,,,,,,,2,2.0,,4.0,,,,,,,2,,,,,,,,,,,,,,,,1,800.0,0.0,,,,,,,,,,,,,,,,,,,,,,,,,,,,,,,,,,,,,,,,,,1503,1503.0,C,2,299,6581,Robo en vivienda,En su vivienda,Hombre
16904,1410626.11,1410626.11.01,1410626.11.01.05,1410626.11.01.05.09.1,1410626,11,1,1,1,9,5,A,1,39,2.0,6,14,97,2,2,1.0,0.0,0.0,0.0,0.0,1.0,1.0,2.0,9.0,0.0,0.0,1.0,9.0,0.0,0.0,0.0,0.0,0.0,1.0,,0.0,0.0,0.0,0.0,1.0,9.0,,,,,,,9.0,,,,,,,,,2,,,4.0,,,,,,,2,,,,,,,,,,,,,,,,3,0.0,0.0,1.0,0.0,0.0,0.0,0.0,0.0,0.0,0.0,1.0,0.0,0.0,0.0,,,,,,,,,,,,,,,,,3.0,,,,,0.0,0.0,1.0,,,,,,9015,9015.0,C,2,299,6581,Extorsión,En su vivienda,Hombre
16905,1411993.04,1411993.04.01,1411993.04.01.01,1411993.04.01.01.03.2,1411993,4,1,2,5,3,1,A,2,48,2.0,5,14,97,4,2,,,,,,2.0,,,,,,,,,,,,,,,,,,,,,,,,,,,,,,,,,,,,2,2.0,,1.0,,,,,,,2,,,,,,,,,,,,,,,,3,0.0,0.0,,,,,,,,,,,,,,,,,,,,,,,,,,,,,,,,,,,,,,,,,,2079,2079.0,U,2,279,6224,Robo en vivienda,En su vivienda,Mujer
16906,1411658.15,1411658.15.01,1411658.15.01.01,1411658.15.01.01.04.1,1411658,15,1,1,1,4,1,A,1,34,2.0,5,14,97,1,2,,,,,,2.0,,,,,,,,,,,,,,,,,,,,,,,,,,,,,,,,,,,,2,2.0,,4.0,,,,,,,2,,,,,,,,,,,,,,,,5,,,1.0,1.0,1.0,1.0,1.0,1.0,1.0,1.0,1.0,0.0,0.0,0.0,,0.0,0.0,0.0,0.0,0.0,0.0,0.0,0.0,0.0,0.0,0.0,1.0,0.0,2.0,,,,,,,,,,,,,,,1070,1070.0,R,2,303,6606,Robo en transporte público,En su vivienda,Hombre
16907,1410661.04,1410661.04.01,1410661.04.01.02,1410661.04.01.02.11.1,1410661,4,1,1,1,11,2,A,2,18,2.0,9,14,97,1,2,,,,,,1.0,1.0,1.0,2.0,1.0,1.0,0.0,6.0,0.0,0.0,0.0,0.0,1.0,0.0,,0.0,0.0,0.0,1.0,0.0,2.0,,,,,,,1.0,0.0,0.0,0.0,0.0,1.0,1.0,0.0,1.0,2,,,1.0,,,,,,,2,,,,,,,,,,,,,,,,3,0.0,10000.0,1.0,1.0,1.0,1.0,1.0,1.0,1.0,1.0,1.0,0.0,0.0,0.0,,,,,,,,,,,,,,,,,,,,,,,,,,,,,,2866,2866.0,U,2,285,6509,Lesiones,En su vivienda,Mujer
16908,1412228.13,1412228.13.01,1412228.13.01.01,1412228.13.01.01.05.1,1412228,13,1,1,1,5,1,A,2,68,2.0,7,14,97,4,1,,,,,,1.0,1.0,2.0,1.0,1.0,0.0,0.0,3.0,1.0,0.0,0.0,0.0,0.0,0.0,2.0,1.0,0.0,0.0,0.0,0.0,2.0,,,,,,,2.0,,,,,,,,,2,,,9.0,,,,,,,2,,,,,,,,,,,,,,,,3,0.0,0.0,1.0,1.0,1.0,1.0,1.0,1.0,1.0,1.0,1.0,0.0,0.0,0.0,,0.0,0.0,0.0,0.0,0.0,0.0,0.0,0.0,0.0,0.0,0.0,1.0,0.0,,,,,,,,,,,,,,,,1356,1356.0,C,2,299,6580,Robo en calle (a transeúnte),En su vivienda,Mujer
16909,1411059.03,1411059.03.01,1411059.03.01.02,1411059.03.01.02.09.1,1411059,3,1,1,2,9,2,A,2,23,2.0,12,14,97,1,2,0.0,0.0,1.0,0.0,0.0,1.0,1.0,1.0,1.0,1.0,0.0,0.0,5.0,0.0,1.0,0.0,0.0,0.0,0.0,,1.0,0.0,0.0,0.0,0.0,2.0,,,,,,,2.0,,,,,,,,,2,,,5.0,,,,,,,2,,,,,,,,,,,,,,,,1,1000.0,0.0,,,,,,,,,,,,,,,,,,,,,,,,,,,,,2.0,1.0,0.0,0.0,0.0,1.0,0.0,0.0,1.0,,,,,2162,2162.0,U,2,279,6217,Extorsión,En su vivienda,Mujer
16910,1411059.03,1411059.03.01,1411059.03.01.02,1411059.03.01.02.04.1,1411059,3,1,1,1,4,2,A,2,23,2.0,3,14,97,9,2,,,,,,2.0,,,,,,,,,,,,,,,,,,,,,,,,,,,,,,,,,,,,2,2.0,,5.0,,,,,,,2,,,,,,,,,,,,,,,,2,10000.0,0.0,,,,,,,,,,,,,,0.0,0.0,1.0,1.0,0.0,0.0,0.0,0.0,0.0,0.0,0.0,0.0,0.0,2.0,,,,,,,,,,,,,,,1081,1081.0,U,2,279,6217,Robo en transporte público,En su vivienda,Mujer
16911,1411162.04,1411162.04.01,1411162.04.01.02,1411162.04.01.02.03.1,1411162,4,1,1,1,3,2,A,2,46,2.0,9,14,97,4,2,,,,,,2.0,,,,,,,,,,,,,,,,,,,,,,,,,,,,,,,,,,,,2,2.0,,4.0,,,,,,,2,,,,,,,,,,,,,,,,1,0.0,0.0,1.0,1.0,1.0,1.0,1.0,1.0,0.0,1.0,1.0,0.0,0.0,0.0,,,,,,,,,,,,,,,,,,,,,,,,,,,,,,969,969.0,U,3,286,6512,Robo en vivienda,En su vivienda,Mujer
16912,1411174.15,1411174.15.01,1411174.15.01.01,1411174.15.01.01.05.1,1411174,15,1,1,1,5,1,A,2,58,2.0,10,14,97,3,6,,,,,,1.0,1.0,2.0,9.0,0.0,1.0,0.0,4.0,1.0,0.0,0.0,0.0,0.0,0.0,2.0,0.0,0.0,0.0,1.0,0.0,2.0,,,,,,,2.0,,,,,,,,,2,,,4.0,,,,,,,2,,,,,,,,,,,,,,,,1,3000.0,0.0,1.0,0.0,1.0,1.0,0.0,1.0,0.0,0.0,1.0,0.0,0.0,0.0,,0.0,0.0,0.0,0.0,0.0,0.0,0.0,0.0,1.0,0.0,0.0,0.0,0.0,,,,,,,,,,,,,,,,1219,1219.0,C,3,300,6588,Robo en calle (a transeúnte),En su vivienda,Mujer
16913,1412100.03,1412100.03.01,1412100.03.01.03,1412100.03.01.03.07.1,1412100,3,1,1,3,7,3,A,2,27,2.0,10,14,97,4,2,1.0,0.0,0.0,0.0,0.0,,,,,,,,,,,,,,,,,,,,,,,,,,,,,,,,,,,,,2,,,3.0,,,,,,,2,,,,,,,,,,,,,,,,1,300.0,0.0,,,,,,,,,,,,,,,,,,,,,,,,,,,,4.0,,,,,,,,,,,,,,4316,4316.0,U,3,280,6297,Robo en banco/cajero,En su vivienda,Mujer
16914,1411022.05,1411022.05.01,1411022.05.01.01,1411022.05.01.01.06.1,1411022,5,1,1,1,6,1,A,2,37,2.0,6,14,97,2,1,,,,,,1.0,1.0,2.0,2.0,1.0,0.0,0.0,6.0,1.0,0.0,0.0,0.0,0.0,0.0,2.0,0.0,0.0,0.0,0.0,1.0,1.0,0.0,0.0,0.0,1.0,0.0,1.0,,0.0,0.0,0.0,0.0,0.0,0.0,0.0,1.0,2,,,4.0,,,,,,,2,,,,,,,,,,,,,,,,1,9999999.0,0.0,1.0,0.0,0.0,0.0,0.0,0.0,0.0,0.0,1.0,0.0,0.0,0.0,,0.0,0.0,0.0,0.0,1.0,0.0,1.0,0.0,0.0,0.0,0.0,0.0,0.0,,,,,,,,,,,,,,,,1080,1080.0,U,2,282,6482,Robo en negocio,En su vivienda,Mujer
16915,1411710.04,1411710.04.01,1411710.04.01.02,1411710.04.01.02.03.1,1411710,4,1,1,1,3,2,A,2,35,2.0,9,14,97,4,2,,,,,,2.0,,,,,,,,,,,,,,,,,,,,,,,,,,,,,,,,,,,,2,2.0,,5.0,,,,,,,2,,,,,,,,,,,,,,,,1,200.0,0.0,1.0,1.0,1.0,1.0,0.0,0.0,1.0,1.0,1.0,0.0,0.0,0.0,,,,,,,,,,,,,,,,,,,,,,,,,,,,,,1323,1323.0,U,4,284,6505,Robo en vivienda,En su vivienda,Mujer
16916,1411658.16,1411658.16.01,1411658.16.01.01,1411658.16.01.01.02.1,1411658,16,1,1,1,2,1,A,1,39,2.0,2,14,97,4,1,,,,,,1.0,2.0,,,,,,,,,,,,,,,,,,,,,,,,,,,,,,,,,,,2,2.0,,3.0,,,,,,,2,,,,,,,,,,,,,,,,1,6000.0,0.0,1.0,1.0,1.0,1.0,1.0,0.0,0.0,1.0,1.0,0.0,0.0,0.0,,,,,,,,,,,,,,,,,,,,,,,,,,,,,,1070,1070.0,R,2,303,6606,Robo de accesorios de vehículo,En su vivienda,Hombre
16917,1412264.19,1412264.19.02,1412264.19.02.02,1412264.19.02.02.08.1,1412264,19,2,1,1,8,2,A,2,21,2.0,3,14,97,1,2,1.0,0.0,0.0,0.0,0.0,,,,,,,,,,,,,,,,,,,,,,,,,,,,,,,,,,,,,2,,,4.0,,,,,,,2,,,,,,,,,,,,,,,,1,1000.0,0.0,0.0,0.0,1.0,1.0,0.0,0.0,0.0,0.0,0.0,0.0,0.0,0.0,,,,,,,,,,,,,,,,1.0,,,,,,,,,,,,,,2712,2712.0,C,2,299,6583,Fraude bancario,En su vivienda,Mujer
16918,1419403.14,1419403.14.01,1419403.14.01.02,1419403.14.01.02.05.1,1419403,14,1,1,1,5,2,A,2,18,2.0,3,14,97,2,1,,,,,,1.0,1.0,1.0,2.0,1.0,0.0,0.0,9.0,1.0,0.0,0.0,0.0,0.0,0.0,2.0,0.0,0.0,0.0,1.0,0.0,2.0,,,,,,,2.0,,,,,,,,,2,,,4.0,,,,,,,2,,,,,,,,,,,,,,,,1,3000.0,0.0,0.0,0.0,0.0,1.0,0.0,0.0,0.0,1.0,0.0,0.0,0.0,0.0,,0.0,0.0,0.0,0.0,1.0,0.0,1.0,0.0,0.0,0.0,0.0,0.0,0.0,,,,,,,,,,,,,,,,2712,2712.0,C,2,299,6579,Robo en calle (a transeúnte),En su vivienda,Mujer
16919,1411417.03,1411417.03.01,1411417.03.01.01,1411417.03.01.01.05.1,1411417,3,1,1,1,5,1,A,1,22,2.0,11,14,97,3,1,,,,,,1.0,1.0,2.0,1.0,1.0,0.0,0.0,4.0,1.0,0.0,0.0,0.0,0.0,0.0,2.0,1.0,0.0,0.0,0.0,0.0,1.0,1.0,0.0,0.0,0.0,0.0,2.0,2.0,,,,,,,,,2,,,6.0,,,,,,,2,,,,,,,,,,,,,,,,1,5000.0,0.0,0.0,0.0,0.0,1.0,0.0,0.0,0.0,1.0,0.0,0.0,0.0,0.0,,0.0,0.0,0.0,0.0,0.0,0.0,1.0,0.0,1.0,0.0,0.0,0.0,0.0,,,,,,,,,,,,,,,,1265,1265.0,U,2,279,6205,Robo en calle (a transeúnte),En su vivienda,Hombre
16920,1411078.06,1411078.06.01,1411078.06.01.01,1411078.06.01.01.09.1,1411078,6,1,1,1,9,1,A,2,55,2.0,12,14,97,1,2,0.0,1.0,0.0,0.0,0.0,1.0,2.0,,,,,,,,,,,,,,,,,,,,,,,,,,,,,,,,,,,2,,,7.0,,,,,,,2,,,,,,,,,,,,,,,,5,,,1.0,0.0,0.0,1.0,0.0,0.0,0.0,0.0,0.0,0.0,0.0,0.0,,,,,,,,,,,,,,,,,3.0,,,,,0.0,0.0,1.0,,,,,,1809,1809.0,C,3,298,6576,Extorsión,En su vivienda,Mujer
16921,1410578.09,1410578.09.01,1410578.09.01.01,1410578.09.01.01.03.1,1410578,9,1,1,1,3,1,A,1,42,2.0,8,14,97,2,2,,,,,,2.0,,,,,,,,,,,,,,,,,,,,,,,,,,,,,,,,,,,,2,2.0,,4.0,,,,,,,2,,,,,,,,,,,,,,,,1,0.0,0.0,,,,,,,,,,,,,,,,,,,,,,,,,,,,,,,,,,,,,,,,,,1154,1154.0,C,3,298,6573,Robo en vivienda,En su vivienda,Hombre
16922,1411078.04,1411078.04.01,1411078.04.01.01,1411078.04.01.01.08.1,1411078,4,1,1,1,8,1,A,1,25,2.0,12,14,97,1,8,1.0,0.0,0.0,0.0,0.0,,,,,,,,,,,,,,,,,,,,,,,,,,,,,,,,,,,,,2,,,6.0,,,,,,,2,,,,,,,,,,,,,,,,1,1500.0,0.0,0.0,0.0,0.0,1.0,0.0,0.0,0.0,0.0,0.0,0.0,0.0,0.0,,,,,,,,,,,,,,,,1.0,,,,,,,,,,,,,,904,904.0,C,3,298,6576,Fraude bancario,En su vivienda,Hombre
16923,1411162.02,1411162.02.01,1411162.02.01.02,1411162.02.01.02.10.1,1411162,2,1,1,1,10,2,A,1,33,2.0,6,14,97,4,1,0.0,0.0,1.0,0.0,0.0,1.0,1.0,2.0,1.0,1.0,0.0,0.0,4.0,1.0,0.0,0.0,0.0,0.0,0.0,2.0,0.0,0.0,0.0,1.0,0.0,9.0,,,,,,,2.0,,,,,,,,,2,,,3.0,,,,,,,2,,,,,,,,,,,,,,,,5,,,1.0,1.0,1.0,1.0,1.0,1.0,1.0,1.0,1.0,0.0,0.0,0.0,,,,,,,,,,,,,,,,,,,,,,,,,,,,,,1939,1939.0,U,3,286,6512,Amenazas/intimidación,En su vivienda,Hombre
16924,1411078.1,1411078.10.01,1411078.10.01.01,1411078.10.01.01.08.1,1411078,10,1,1,1,8,1,A,1,40,2.0,12,14,97,2,3,1.0,0.0,0.0,0.0,0.0,,,,,,,,,,,,,,,,,,,,,,,,,,,,,,,,,,,,,2,,,5.0,,,,,,,2,,,,,,,,,,,,,,,,1,1000.0,0.0,0.0,0.0,0.0,1.0,0.0,0.0,0.0,0.0,0.0,0.0,0.0,0.0,,,,,,,,,,,,,,,,1.0,,,,,,,,,,,,,,2713,2713.0,C,3,298,6576,Fraude bancario,En su vivienda,Hombre
16925,1411162.05,1411162.05.01,1411162.05.01.02,1411162.05.01.02.09.1,1411162,5,1,1,1,9,2,A,2,22,2.0,10,14,97,1,3,0.0,1.0,0.0,0.0,0.0,1.0,1.0,2.0,1.0,1.0,0.0,0.0,6.0,1.0,0.0,0.0,0.0,0.0,0.0,2.0,0.0,0.0,0.0,1.0,0.0,2.0,,,,,,,2.0,,,,,,,,,2,,,4.0,,,,,,,2,,,,,,,,,,,,,,,,3,0.0,0.0,1.0,1.0,1.0,1.0,1.0,1.0,0.0,1.0,0.0,0.0,0.0,0.0,,,,,,,,,,,,,,,,,3.0,,,,,1.0,0.0,0.0,3.0,,,,,1939,1939.0,U,3,286,6512,Extorsión,En su vivienda,Mujer
16926,1411979.01,1411979.01.01,1411979.01.01.01,1411979.01.01.01.13.1,1411979,1,1,1,2,13,1,A,2,20,2.0,6,14,97,1,1,0.0,0.0,1.0,0.0,0.0,1.0,1.0,2.0,1.0,1.0,0.0,0.0,4.0,1.0,0.0,0.0,0.0,0.0,0.0,2.0,0.0,0.0,0.0,1.0,0.0,2.0,,,,,,,2.0,,,,,,,,,2,,,8.0,,,,,,,2,,,,,,,,,,,,,,,,3,0.0,0.0,,,,,,,,,,,,,,,,,,,,,,,,,,,,,,,,,,,,,,,,,3.0,1225,1225.0,U,2,279,6206,Delito sexual,En su vivienda,Mujer
16927,1411734.04,1411734.04.01,1411734.04.01.01,1411734.04.01.01.03.2,1411734,4,1,2,2,3,1,A,1,42,2.0,10,14,97,3,2,,,,,,1.0,2.0,,,,,,,,,,,,,,,,,,,,,,,,,,,,,,,,,,,2,2.0,,4.0,,,,,,,2,,,,,,,,,,,,,,,,1,300.0,0.0,1.0,1.0,1.0,0.0,0.0,0.0,0.0,1.0,1.0,0.0,0.0,0.0,,,,,,,,,,,,,,,,,,,,,,,,,,,,,,632,632.0,U,3,283,6501,Robo en vivienda,En su vivienda,Hombre
16928,1412228.06,1412228.06.01,1412228.06.01.04,1412228.06.01.04.01.1,1412228,6,1,1,1,1,4,A,1,29,2.0,9,14,97,3,5,,,,,,2.0,,,,,,,,,,,,,,,,,,,,,,,,,,,,,,,,,,,,2,2.0,,9.0,,,,,,,1,0.0,1.0,0.0,0.0,0.0,0.0,0.0,0.0,0.0,1.0,0.0,0.0,0.0,0.0,0.0,1,20000.0,0.0,,,,,,,,,,,,,2.0,,,,,,,,,,,,,,,,,,,,,,,,,,,,,1356,1356.0,C,2,299,6580,Robo total de vehículo,En su vivienda,Hombre
16929,1412124.02,1412124.02.01,1412124.02.01.01,1412124.02.01.01.03.1,1412124,2,1,1,1,3,1,A,2,57,2.0,3,14,97,3,2,,,,,,2.0,,,,,,,,,,,,,,,,,,,,,,,,,,,,,,,,,,,,2,2.0,,4.0,,,,,,,2,,,,,,,,,,,,,,,,5,,,,,,,,,,,,,,,,,,,,,,,,,,,,,,,,,,,,,,,,,,,,1059,1059.0,U,2,279,6222,Robo en vivienda,En su vivienda,Mujer
16930,1412264.01,1412264.01.01,1412264.01.01.01,1412264.01.01.01.08.1,1412264,1,1,1,1,8,1,A,2,53,2.0,12,14,97,1,8,1.0,0.0,0.0,0.0,0.0,,,,,,,,,,,,,,,,,,,,,,,,,,,,,,,,,,,,,2,,,6.0,,,,,,,2,,,,,,,,,,,,,,,,1,400.0,0.0,0.0,0.0,0.0,1.0,0.0,0.0,0.0,0.0,0.0,0.0,0.0,0.0,,,,,,,,,,,,,,,,1.0,,,,,,,,,,,,,,2712,2712.0,C,2,299,6583,Fraude bancario,En su vivienda,Mujer
16931,1411879.03,1411879.03.01,1411879.03.01.01,1411879.03.01.01.07.1,1411879,3,1,1,1,7,1,A,1,27,2.0,10,14,97,3,4,1.0,0.0,0.0,0.0,0.0,,,,,,,,,,,,,,,,,,,,,,,,,,,,,,,,,,,,,2,,,4.0,,,,,,,2,,,,,,,,,,,,,,,,1,700.0,0.0,1.0,1.0,1.0,1.0,0.0,0.0,0.0,0.0,0.0,0.0,0.0,0.0,,,,,,,,,,,,,,,,4.0,,,,,,,,,,,,,,2576,2576.0,U,2,279,6204,Robo en banco/cajero,En su vivienda,Hombre
16932,1411059.03,1411059.03.01,1411059.03.01.02,1411059.03.01.02.09.2,1411059,3,1,2,2,9,2,A,2,23,2.0,10,14,97,3,2,0.0,0.0,1.0,0.0,0.0,1.0,1.0,1.0,2.0,1.0,0.0,0.0,8.0,0.0,1.0,0.0,0.0,0.0,0.0,,1.0,0.0,0.0,0.0,0.0,2.0,,,,,,,2.0,,,,,,,,,2,,,5.0,,,,,,,2,,,,,,,,,,,,,,,,1,1000.0,0.0,1.0,1.0,1.0,1.0,1.0,1.0,1.0,1.0,1.0,0.0,0.0,0.0,,,,,,,,,,,,,,,,,2.0,1.0,0.0,0.0,0.0,1.0,0.0,0.0,1.0,,,,,2162,2162.0,U,2,279,6217,Extorsión,En su vivienda,Mujer
16933,1411417.04,1411417.04.01,1411417.04.01.01,1411417.04.01.01.04.1,1411417,4,1,1,2,4,1,A,2,44,2.0,4,14,97,1,2,,,,,,2.0,,,,,,,,,,,,,,,,,,,,,,,,,,,,,,,,,,,,1,,,,2.0,,6.0,1.0,6.0,4.0,2,,,,,,,,,,0.0,0.0,0.0,0.0,1.0,0.0,1,30000.0,0.0,,,,,,,,,,,,,,0.0,0.0,1.0,1.0,0.0,0.0,1.0,0.0,1.0,0.0,1.0,0.0,0.0,2.0,,,,,,,,,,,,,,,1265,1265.0,U,2,279,6205,Robo en transporte público,En su vivienda,Mujer
16934,1418990.18,1418990.18.01,1418990.18.01.02,1418990.18.01.02.10.1,1418990,18,1,1,1,10,2,A,1,23,2.0,6,14,97,3,1,0.0,1.0,0.0,0.0,0.0,1.0,1.0,2.0,1.0,1.0,0.0,0.0,4.0,0.0,1.0,0.0,0.0,0.0,0.0,,0.0,0.0,0.0,0.0,1.0,9.0,,,,,,,2.0,,,,,,,,,2,,,3.0,,,,,,,2,,,,,,,,,,,,,,,,3,0.0,0.0,1.0,1.0,1.0,1.0,0.0,0.0,0.0,1.0,0.0,0.0,0.0,0.0,,,,,,,,,,,,,,,,,,,,,,,,,,,,,,2519,2519.0,C,2,297,6562,Amenazas/intimidación,En su vivienda,Hombre
16935,1411910.01,1411910.01.01,1411910.01.01.03,1411910.01.01.03.05.1,1411910,1,1,1,1,5,3,A,1,18,2.0,7,14,97,3,1,,,,,,1.0,1.0,1.0,2.0,1.0,0.0,0.0,4.0,1.0,0.0,0.0,0.0,0.0,0.0,2.0,1.0,1.0,0.0,0.0,0.0,1.0,1.0,0.0,0.0,0.0,0.0,1.0,,0.0,1.0,0.0,0.0,0.0,0.0,0.0,0.0,2,,,4.0,,,,,,,2,,,,,,,,,,,,,,,,1,3500.0,0.0,0.0,0.0,0.0,1.0,0.0,0.0,0.0,0.0,0.0,0.0,0.0,0.0,,0.0,0.0,0.0,0.0,0.0,0.0,1.0,0.0,1.0,0.0,0.0,0.0,0.0,,,,,,,,,,,,,,,,3178,3178.0,U,2,279,6221,Robo en calle (a transeúnte),En su vivienda,Hombre
16936,1411078.1,1411078.10.01,1411078.10.01.01,1411078.10.01.01.03.1,1411078,10,1,1,1,3,1,A,1,40,2.0,2,14,97,4,2,,,,,,2.0,,,,,,,,,,,,,,,,,,,,,,,,,,,,,,,,,,,,2,2.0,,4.0,,,,,,,2,,,,,,,,,,,,,,,,1,300.0,0.0,,,,,,,,,,,,,,,,,,,,,,,,,,,,,,,,,,,,,,,,,,904,904.0,C,3,298,6576,Robo en vivienda,En su vivienda,Hombre
16937,1411174.06,1411174.06.01,1411174.06.01.01,1411174.06.01.01.04.1,1411174,6,1,1,1,4,1,A,1,35,2.0,8,14,97,3,2,,,,,,2.0,,,,,,,,,,,,,,,,,,,,,,,,,,,,,,,,,,,,2,2.0,,4.0,,,,,,,2,,,,,,,,,,,,,,,,1,10000.0,0.0,1.0,1.0,1.0,1.0,1.0,0.0,0.0,0.0,1.0,0.0,0.0,0.0,,1.0,1.0,0.0,0.0,0.0,0.0,0.0,0.0,0.0,0.0,0.0,0.0,0.0,2.0,,,,,,,,,,,,,,,1219,1219.0,C,3,300,6588,Robo en transporte público,En su vivienda,Hombre
16938,1411879.05,1411879.05.01,1411879.05.01.01,1411879.05.01.01.11.1,1411879,5,1,1,1,11,1,A,2,33,2.0,12,14,97,3,2,,,,,,1.0,1.0,2.0,1.0,1.0,0.0,0.0,4.0,0.0,0.0,0.0,1.0,0.0,0.0,,0.0,0.0,0.0,1.0,0.0,2.0,,,,,,,1.0,1.0,0.0,0.0,0.0,0.0,0.0,0.0,0.0,2,,,1.0,,,,,,,2,,,,,,,,,,,,,,,,3,0.0,0.0,1.0,1.0,1.0,1.0,1.0,1.0,1.0,1.0,1.0,0.0,0.0,0.0,,,,,,,,,,,,,,,,,,,,,,,,,,,,,,1288,1288.0,U,2,279,6204,Lesiones,En su vivienda,Mujer
16939,1410578.09,1410578.09.01,1410578.09.01.01,1410578.09.01.01.10.1,1410578,9,1,1,1,10,1,A,1,42,2.0,11,14,97,3,1,0.0,0.0,1.0,0.0,0.0,1.0,1.0,2.0,2.0,1.0,0.0,0.0,3.0,0.0,0.0,1.0,0.0,0.0,0.0,,0.0,0.0,0.0,1.0,0.0,2.0,,,,,,,2.0,,,,,,,,,2,,,5.0,,,,,,,2,,,,,,,,,,,,,,,,3,0.0,0.0,1.0,1.0,0.0,0.0,0.0,0.0,1.0,0.0,1.0,0.0,0.0,0.0,,,,,,,,,,,,,,,,,,,,,,,,,,,,,,3461,3461.0,C,3,298,6573,Amenazas/intimidación,En su vivienda,Hombre
16940,1411879.03,1411879.03.01,1411879.03.01.01,1411879.03.01.01.05.1,1411879,3,1,1,1,5,1,A,1,27,2.0,7,14,97,3,1,,,,,,1.0,1.0,2.0,2.0,1.0,0.0,0.0,8.0,1.0,0.0,0.0,0.0,0.0,0.0,2.0,0.0,0.0,0.0,1.0,0.0,1.0,1.0,0.0,0.0,0.0,0.0,1.0,,1.0,1.0,0.0,0.0,0.0,0.0,1.0,0.0,2,,,4.0,,,,,,,2,,,,,,,,,,,,,,,,1,1000.0,250000.0,,,,,,,,,,,,,,0.0,0.0,0.0,0.0,0.0,0.0,0.0,0.0,1.0,0.0,0.0,0.0,0.0,,,,,,,,,,,,,,,,2576,2576.0,U,2,279,6204,Robo en calle (a transeúnte),En su vivienda,Hombre
16941,1411162.02,1411162.02.01,1411162.02.01.02,1411162.02.01.02.03.1,1411162,2,1,1,1,3,2,A,1,33,2.0,12,14,97,2,2,,,,,,2.0,,,,,,,,,,,,,,,,,,,,,,,,,,,,,,,,,,,,2,2.0,,3.0,,,,,,,2,,,,,,,,,,,,,,,,1,200.0,0.0,,,,,,,,,,,,,,,,,,,,,,,,,,,,,,,,,,,,,,,,,,969,969.0,U,3,286,6512,Robo en vivienda,En su vivienda,Hombre
16942,1412394.02,1412394.02.01,1412394.02.01.03,1412394.02.01.03.10.1,1412394,2,1,1,1,10,3,A,2,25,2.0,12,14,98,2,2,0.0,0.0,1.0,0.0,0.0,1.0,1.0,1.0,1.0,0.0,1.0,0.0,5.0,1.0,0.0,0.0,0.0,0.0,0.0,1.0,0.0,0.0,0.0,1.0,0.0,9.0,,,,,,,2.0,,,,,,,,,2,,,4.0,,,,,,,2,,,,,,,,,,,,,,,,3,0.0,0.0,1.0,0.0,1.0,1.0,0.0,0.0,0.0,0.0,1.0,0.0,0.0,0.0,,,,,,,,,,,,,,,,,,,,,,,,,,,,,,2977,2977.0,U,3,280,6322,Amenazas/intimidación,En su vivienda,Mujer
16943,1412490.04,1412490.04.01,1412490.04.01.02,1412490.04.01.02.01.1,1412490,4,1,1,1,1,2,A,2,39,2.0,9,14,98,4,1,,,,,,2.0,,,,,,,,,,,,,,,,,,,,,,,,,,,,,,,,,,,,1,,,,1.0,2.0,,3.0,2.0,2.0,2,,,,,,,,,,0.0,0.0,0.0,0.0,1.0,0.0,1,80000.0,0.0,,,,,,,,,,,,,1.0,,,,,,,,,,,,,,,,,,,,,,,,,,,,,1019,1019.0,U,2,279,6227,Robo total de vehículo,En su vivienda,Mujer
16944,1413727.01,1413727.01.01,1413727.01.01.02,1413727.01.01.02.03.1,1413727,1,1,1,1,3,2,A,2,40,2.0,11,14,98,9,2,,,,,,2.0,,,,,,,,,,,,,,,,,,,,,,,,,,,,,,,,,,,,2,2.0,,7.0,,,,,,,2,,,,,,,,,,,,,,,,1,0.0,0.0,,,,,,,,,,,,,,,,,,,,,,,,,,,,,,,,,,,,,,,,,,981,981.0,U,4,281,6465,Robo en vivienda,En su vivienda,Mujer
16945,1412394.03,1412394.03.01,1412394.03.01.01,1412394.03.01.01.05.1,1412394,3,1,1,1,5,1,A,2,40,2.0,12,14,98,1,1,,,,,,1.0,1.0,2.0,2.0,1.0,0.0,0.0,5.0,1.0,0.0,0.0,0.0,0.0,0.0,1.0,0.0,0.0,0.0,0.0,1.0,1.0,1.0,0.0,0.0,0.0,0.0,2.0,2.0,,,,,,,,,2,,,6.0,,,,,,,2,,,,,,,,,,,,,,,,3,0.0,0.0,,,,,,,,,,,,,,0.0,0.0,0.0,0.0,0.0,0.0,0.0,0.0,0.0,0.0,0.0,1.0,0.0,,,,,,,,,,,,,,,,2977,2977.0,U,3,280,6322,Robo en calle (a transeúnte),En su vivienda,Mujer
16946,1414179.01,1414179.01.01,1414179.01.01.04,1414179.01.01.04.13.1,1414179,1,1,1,1,13,4,A,2,22,2.0,6,14,98,1,1,0.0,0.0,1.0,0.0,0.0,1.0,1.0,2.0,1.0,1.0,0.0,0.0,5.0,1.0,0.0,0.0,0.0,0.0,0.0,2.0,0.0,0.0,0.0,1.0,0.0,2.0,,,,,,,2.0,,,,,,,,,2,,,3.0,,,,,,,2,,,,,,,,,,,,,,,,3,0.0,0.0,1.0,1.0,1.0,1.0,1.0,1.0,1.0,1.0,1.0,0.0,0.0,0.0,,,,,,,,,,,,,,,,,,,,,,,,,,,,,2.0,3574,3574.0,U,3,280,6371,Delito sexual,En su vivienda,Mujer
16947,1412443.01,1412443.01.01,1412443.01.01.02,1412443.01.01.02.05.3,1412443,1,1,3,3,5,2,A,2,29,2.0,12,14,98,3,4,,,,,,1.0,1.0,1.0,2.0,1.0,1.0,0.0,5.0,1.0,0.0,0.0,0.0,0.0,0.0,2.0,1.0,0.0,0.0,0.0,0.0,1.0,0.0,1.0,0.0,0.0,0.0,2.0,2.0,,,,,,,,,1,,,,1.0,6.0,,4.0,3.0,3.0,2,,,,,,,,,,0.0,0.0,0.0,0.0,1.0,0.0,1,12000.0,0.0,0.0,1.0,0.0,1.0,0.0,1.0,1.0,0.0,0.0,0.0,0.0,0.0,,0.0,0.0,0.0,0.0,0.0,0.0,1.0,0.0,0.0,0.0,0.0,0.0,0.0,,,,,,,,,,,,,,,,1759,1759.0,U,2,279,6263,Robo en calle (a transeúnte),En su vivienda,Mujer
16948,1413524.02,1413524.02.01,1413524.02.01.03,1413524.02.01.03.03.1,1413524,2,1,1,1,3,3,A,2,26,2.0,6,14,98,2,2,,,,,,2.0,,,,,,,,,,,,,,,,,,,,,,,,,,,,,,,,,,,,2,2.0,,3.0,,,,,,,2,,,,,,,,,,,,,,,,1,1000.0,0.0,,,,,,,,,,,,,,,,,,,,,,,,,,,,,,,,,,,,,,,,,,879,879.0,U,2,279,6264,Robo en vivienda,En su vivienda,Mujer
16949,1412490.01,1412490.01.01,1412490.01.01.02,1412490.01.01.02.05.1,1412490,1,1,1,1,5,2,A,2,26,2.0,11,14,98,1,6,,,,,,1.0,1.0,2.0,1.0,0.0,0.0,1.0,9.0,1.0,0.0,0.0,0.0,0.0,0.0,2.0,0.0,0.0,0.0,1.0,0.0,2.0,,,,,,,2.0,,,,,,,,,2,,,4.0,,,,,,,2,,,,,,,,,,,,,,,,1,2000.0,0.0,0.0,0.0,0.0,0.0,1.0,0.0,0.0,0.0,0.0,0.0,0.0,0.0,,0.0,0.0,1.0,0.0,0.0,0.0,1.0,0.0,1.0,0.0,0.0,0.0,0.0,,,,,,,,,,,,,,,,2039,2039.0,U,2,279,6227,Robo en calle (a transeúnte),En su vivienda,Mujer
16950,1404355.01,1404355.01.01,1404355.01.01.02,1404355.01.01.02.06.1,1404355,1,1,1,1,6,2,A,2,79,2.0,2,14,98,1,1,,,,,,1.0,2.0,,,,,,,,,,,,,,,,,,,,,,,,,,,,,,,,,,,2,,,7.0,,,,,,,2,,,,,,,,,,,,,,,,1,200.0,0.0,1.0,1.0,1.0,1.0,1.0,1.0,1.0,1.0,1.0,0.0,0.0,0.0,,0.0,0.0,0.0,0.0,0.0,0.0,1.0,0.0,0.0,0.0,0.0,0.0,0.0,,,,,,,,,,,,,,,,2328,2328.0,U,4,281,6404,Robo en negocio,En su vivienda,Mujer
16951,1412490.04,1412490.04.01,1412490.04.01.02,1412490.04.01.02.02.1,1412490,4,1,1,1,2,2,A,2,39,2.0,12,14,98,4,1,,,,,,2.0,,,,,,,,,,,,,,,,,,,,,,,,,,,,,,,,,,,,2,2.0,,5.0,,,,,,,2,,,,,,,,,,,,,,,,1,5000.0,0.0,,,,,,,,,,,,,,,,,,,,,,,,,,,,,,,,,,,,,,,,,,1019,1019.0,U,2,279,6227,Robo de accesorios de vehículo,En su vivienda,Mujer
16952,1408697.01,1408697.01.01,1408697.01.01.01,1408697.01.01.01.05.1,1408697,1,1,1,1,5,1,A,2,36,2.0,7,14,98,3,1,,,,,,1.0,1.0,1.0,2.0,1.0,0.0,0.0,9.0,1.0,0.0,0.0,0.0,0.0,0.0,1.0,0.0,0.0,0.0,1.0,0.0,2.0,,,,,,,1.0,1.0,0.0,0.0,0.0,0.0,0.0,0.0,0.0,1,,,,1.0,6.0,,2.0,6.0,2.0,2,,,,,,,,,,0.0,0.0,0.0,0.0,1.0,0.0,3,9000.0,750.0,,,,,,,,,,,,,,0.0,0.0,0.0,0.0,0.0,0.0,0.0,0.0,1.0,0.0,0.0,0.0,0.0,,,,,,,,,,,,,,,,2250,2250.0,U,2,282,6485,Robo en calle (a transeúnte),En su vivienda,Mujer
16953,1410578.15,1410578.15.01,1410578.15.01.01,1410578.15.01.01.02.1,1410578,15,1,1,1,2,1,A,1,58,2.0,12,14,98,4,1,,,,,,2.0,,,,,,,,,,,,,,,,,,,,,,,,,,,,,,,,,,,,1,,,,1.0,6.0,,4.0,1.0,4.0,1,0.0,1.0,0.0,0.0,0.0,0.0,0.0,0.0,0.0,1.0,0.0,0.0,0.0,0.0,0.0,1,30000.0,0.0,,,,,,,,,,,,,,,,,,,,,,,,,,,,,,,,,,,,,,,,,,1154,1154.0,C,3,298,6573,Robo de accesorios de vehículo,En su vivienda,Hombre
16954,1461282.19,1461282.19.01,1461282.19.01.03,1461282.19.01.03.01.1,1461282,19,1,1,1,1,3,A,1,30,2.0,8,14,98,1,1,,,,,,2.0,,,,,,,,,,,,,,,,,,,,,,,,,,,,,,,,,,,,1,,,,1.0,2.0,,3.0,5.0,1.0,1,0.0,1.0,0.0,0.0,0.0,0.0,0.0,0.0,0.0,1.0,0.0,0.0,0.0,0.0,0.0,1,70000.0,0.0,0.0,0.0,0.0,1.0,0.0,0.0,0.0,0.0,0.0,0.0,0.0,0.0,2.0,,,,,,,,,,,,,,,,,,,,,,,,,,,,,868,868.0,R,1,302,6596,Robo total de vehículo,En su vivienda,Hombre
16955,1413551.01,1413551.01.01,1413551.01.01.02,1413551.01.01.02.07.1,1413551,1,1,1,1,7,2,A,2,40,2.0,11,14,98,3,4,1.0,0.0,0.0,0.0,0.0,,,,,,,,,,,,,,,,,,,,,,,,,,,,,,,,,,,,,2,,,2.0,,,,,,,2,,,,,,,,,,,,,,,,1,5000.0,0.0,0.0,0.0,0.0,0.0,0.0,0.0,0.0,0.0,1.0,0.0,0.0,0.0,,,,,,,,,,,,,,,,4.0,,,,,,,,,,,,,,1738,1738.0,U,2,279,6266,Robo en banco/cajero,En su vivienda,Mujer
16956,1414910.05,1414910.05.01,1414910.05.01.01,1414910.05.01.01.01.1,1414910,5,1,1,1,1,1,A,1,24,2.0,3,14,98,3,1,,,,,,2.0,,,,,,,,,,,,,,,,,,,,,,,,,,,,,,,,,,,,1,,,,1.0,3.0,,2.0,1.0,2.0,1,0.0,1.0,0.0,0.0,0.0,0.0,0.0,0.0,0.0,0.0,0.0,0.0,0.0,1.0,0.0,1,30000.0,0.0,1.0,1.0,1.0,1.0,0.0,0.0,0.0,0.0,1.0,0.0,0.0,0.0,1.0,,,,,,,,,,,,,,,,,,,,,,,,,,,,,962,962.0,U,3,280,6340,Robo total de vehículo,En su vivienda,Hombre
16957,1412490.02,1412490.02.01,1412490.02.01.05,1412490.02.01.05.02.1,1412490,2,1,1,1,2,5,A,2,18,2.0,1,14,98,9,2,,,,,,2.0,,,,,,,,,,,,,,,,,,,,,,,,,,,,,,,,,,,,2,2.0,,3.0,,,,,,,2,,,,,,,,,,,,,,,,1,2000.0,0.0,,,,,,,,,,,,,,,,,,,,,,,,,,,,,,,,,,,,,,,,,,1019,1019.0,U,2,279,6227,Robo de accesorios de vehículo,En su vivienda,Mujer
16958,1412490.02,1412490.02.01,1412490.02.01.05,1412490.02.01.05.08.1,1412490,2,1,1,1,8,5,A,2,18,2.0,1,14,98,2,8,1.0,0.0,0.0,0.0,0.0,,,,,,,,,,,,,,,,,,,,,,,,,,,,,,,,,,,,,2,,,3.0,,,,,,,2,,,,,,,,,,,,,,,,1,3000.0,0.0,0.0,0.0,0.0,0.0,0.0,0.0,0.0,1.0,0.0,0.0,0.0,0.0,,,,,,,,,,,,,,,,1.0,,,,,,,,,,,,,,5097,5097.0,U,2,279,6227,Fraude bancario,En su vivienda,Mujer
16959,1412443.01,1412443.01.01,1412443.01.01.02,1412443.01.01.02.05.2,1412443,1,1,2,3,5,2,A,2,29,2.0,9,14,98,1,1,,,,,,1.0,1.0,2.0,1.0,1.0,0.0,0.0,5.0,1.0,0.0,0.0,0.0,0.0,0.0,2.0,0.0,0.0,0.0,1.0,0.0,9.0,,,,,,,1.0,1.0,0.0,0.0,0.0,0.0,0.0,0.0,0.0,1,,,,1.0,2.0,,4.0,3.0,3.0,2,,,,,,,,,,0.0,0.0,0.0,0.0,1.0,0.0,2,5000.0,9999999.0,,,,,,,,,,,,,,0.0,0.0,0.0,0.0,1.0,0.0,0.0,0.0,0.0,0.0,0.0,0.0,0.0,,,,,,,,,,,,,,,,1759,1759.0,U,2,279,6263,Robo en calle (a transeúnte),En su vivienda,Mujer
16960,1412552.01,1412552.01.01,1412552.01.01.01,1412552.01.01.01.15.1,1412552,1,1,1,1,15,1,A,2,31,2.0,12,14,98,2,2,,,,,,1.0,1.0,2.0,1.0,1.0,0.0,0.0,5.0,0.0,0.0,0.0,0.0,1.0,0.0,,0.0,0.0,0.0,0.0,1.0,9.0,,,,,,,2.0,,,,,,,,,1,,,,2.0,,4.0,4.0,4.0,2.0,2,,,,,,,,,,0.0,0.0,0.0,0.0,1.0,0.0,1,10000.0,0.0,0.0,1.0,0.0,1.0,0.0,0.0,0.0,1.0,1.0,0.0,0.0,0.0,,,,,,,,,,,,,,,,,,,,,,,,,,,,,,1130,1130.0,U,4,281,6416,Otro delito,En su vivienda,Mujer
16962,1408603.04,1408603.04.01,1408603.04.01.03,1408603.04.01.03.03.1,1408603,4,1,1,1,3,3,A,2,84,2.0,12,14,98,3,2,,,,,,1.0,1.0,2.0,6.0,1.0,0.0,0.0,4.0,0.0,1.0,0.0,0.0,0.0,0.0,,1.0,0.0,0.0,0.0,0.0,1.0,0.0,1.0,0.0,0.0,0.0,2.0,2.0,,,,,,,,,2,2.0,,8.0,,,,,,,2,,,,,,,,,,,,,,,,3,1200.0,9999999.0,,,,,,,,,,,,,,,,,,,,,,,,,,,,,,,,,,,,,,,,,,972,972.0,U,2,282,6493,Robo en vivienda,En su vivienda,Mujer
16963,1413727.01,1413727.01.01,1413727.01.01.02,1413727.01.01.02.02.2,1413727,1,1,2,2,2,2,A,2,40,2.0,2,14,98,3,1,,,,,,2.0,,,,,,,,,,,,,,,,,,,,,,,,,,,,,,,,,,,,2,2.0,,4.0,,,,,,,2,,,,,,,,,,,,,,,,1,9999999.0,9999999.0,,,,,,,,,,,,,,,,,,,,,,,,,,,,,,,,,,,,,,,,,,981,981.0,U,4,281,6465,Robo de accesorios de vehículo,En su vivienda,Mujer
16964,1413727.01,1413727.01.01,1413727.01.01.02,1413727.01.01.02.05.1,1413727,1,1,1,1,5,2,A,2,40,2.0,3,14,98,1,1,,,,,,1.0,1.0,1.0,2.0,1.0,0.0,0.0,8.0,1.0,0.0,0.0,0.0,0.0,0.0,2.0,0.0,0.0,0.0,0.0,1.0,2.0,,,,,,,2.0,,,,,,,,,2,,,4.0,,,,,,,2,,,,,,,,,,,,,,,,1,25000.0,0.0,,,,,,,,,,,,,,0.0,0.0,0.0,0.0,0.0,0.0,0.0,0.0,1.0,0.0,0.0,0.0,0.0,,,,,,,,,,,,,,,,2944,2944.0,U,4,281,6465,Robo en calle (a transeúnte),En su vivienda,Mujer
16965,1413524.02,1413524.02.01,1413524.02.01.03,1413524.02.01.03.10.1,1413524,2,1,1,1,10,3,A,2,26,2.0,6,14,98,2,2,0.0,0.0,1.0,0.0,0.0,1.0,1.0,1.0,2.0,1.0,0.0,0.0,5.0,1.0,0.0,0.0,0.0,0.0,0.0,2.0,0.0,0.0,0.0,1.0,0.0,2.0,,,,,,,2.0,,,,,,,,,1,,,,1.0,2.0,,3.0,5.0,2.0,2,,,,,,,,,,0.0,0.0,0.0,0.0,1.0,0.0,1,2000.0,0.0,0.0,0.0,0.0,0.0,0.0,0.0,0.0,1.0,1.0,0.0,0.0,0.0,,,,,,,,,,,,,,,,,,,,,,,,,,,,,,4395,4395.0,U,2,279,6264,Amenazas/intimidación,En su vivienda,Mujer
16966,1413608.02,1413608.02.01,1413608.02.01.03,1413608.02.01.03.05.1,1413608,2,1,1,1,5,3,A,2,27,2.0,99,14,98,1,1,,,,,,1.0,1.0,2.0,2.0,1.0,0.0,0.0,3.0,1.0,0.0,0.0,0.0,0.0,0.0,2.0,0.0,0.0,0.0,1.0,0.0,1.0,1.0,0.0,0.0,0.0,0.0,2.0,1.0,1.0,0.0,0.0,0.0,0.0,0.0,0.0,0.0,2,,,6.0,,,,,,,2,,,,,,,,,,,,,,,,1,4000.0,0.0,1.0,0.0,0.0,0.0,0.0,0.0,0.0,0.0,1.0,0.0,0.0,0.0,,0.0,0.0,0.0,0.0,0.0,0.0,1.0,0.0,1.0,0.0,0.0,0.0,0.0,,,,,,,,,,,,,,,,2973,2973.0,U,2,279,6241,Robo en calle (a transeúnte),En su vivienda,Mujer
16967,1412443.01,1412443.01.01,1412443.01.01.02,1412443.01.01.02.05.1,1412443,1,1,1,3,5,2,A,2,29,2.0,5,14,98,2,6,,,,,,1.0,1.0,2.0,2.0,1.0,0.0,0.0,3.0,1.0,0.0,0.0,0.0,0.0,0.0,2.0,1.0,0.0,0.0,0.0,0.0,1.0,1.0,0.0,0.0,0.0,0.0,2.0,2.0,,,,,,,,,2,,,4.0,,,,,,,2,,,,,,,,,,,,,,,,4,3000.0,0.0,,,,,,,,,,,,,,0.0,0.0,0.0,0.0,0.0,0.0,1.0,1.0,1.0,0.0,0.0,0.0,0.0,,,,,,,,,,,,,,,,1759,1759.0,U,2,279,6263,Robo en calle (a transeúnte),En su vivienda,Mujer
16968,1413611.03,1413611.03.01,1413611.03.01.01,1413611.03.01.01.05.1,1413611,3,1,1,1,5,1,A,2,60,2.0,9,14,98,3,1,,,,,,1.0,1.0,2.0,1.0,1.0,0.0,0.0,3.0,1.0,0.0,0.0,0.0,0.0,0.0,2.0,0.0,0.0,0.0,0.0,1.0,2.0,,,,,,,2.0,,,,,,,,,2,,,4.0,,,,,,,2,,,,,,,,,,,,,,,,1,3000.0,0.0,1.0,0.0,0.0,0.0,0.0,0.0,0.0,0.0,0.0,0.0,0.0,0.0,,0.0,0.0,0.0,0.0,0.0,0.0,1.0,0.0,0.0,0.0,0.0,0.0,0.0,,,,,,,,,,,,,,,,987,987.0,U,4,281,6463,Robo en calle (a transeúnte),En su vivienda,Mujer
16970,1413337.05,1413337.05.01,1413337.05.01.02,1413337.05.01.02.03.1,1413337,5,1,1,1,3,2,A,2,56,2.0,2,14,98,4,2,,,,,,2.0,,,,,,,,,,,,,,,,,,,,,,,,,,,,,,,,,,,,2,2.0,,3.0,,,,,,,2,,,,,,,,,,,,,,,,1,400.0,0.0,1.0,1.0,1.0,1.0,0.0,1.0,1.0,1.0,1.0,0.0,0.0,0.0,,,,,,,,,,,,,,,,,,,,,,,,,,,,,,862,862.0,U,3,283,6498,Robo en vivienda,En su vivienda,Mujer
16971,1412834.01,1412834.01.01,1412834.01.01.01,1412834.01.01.01.02.1,1412834,1,1,1,1,2,1,A,1,46,2.0,6,14,98,4,1,,,,,,2.0,,,,,,,,,,,,,,,,,,,,,,,,,,,,,,,,,,,,2,2.0,,3.0,,,,,,,2,,,,,,,,,,,,,,,,1,5000.0,0.0,,,,,,,,,,,,,,,,,,,,,,,,,,,,,,,,,,,,,,,,,,946,946.0,U,3,280,6352,Robo de accesorios de vehículo,En su vivienda,Hombre
16972,1408603.04,1408603.04.01,1408603.04.01.03,1408603.04.01.03.04.1,1408603,4,1,1,1,4,3,A,2,84,2.0,11,14,98,4,2,,,,,,1.0,2.0,,,,,,,,,,,,,,,,,,,,,,,,,,,,,,,,,,,1,,,,1.0,3.0,,4.0,2.0,3.0,2,,,,,,,,,,0.0,0.0,0.0,0.0,1.0,0.0,1,40000.0,0.0,0.0,0.0,0.0,0.0,0.0,1.0,0.0,0.0,0.0,0.0,0.0,0.0,,0.0,0.0,1.0,1.0,1.0,0.0,1.0,0.0,1.0,0.0,0.0,0.0,0.0,2.0,,,,,,,,,,,,,,,972,972.0,U,2,282,6493,Robo en transporte público,En su vivienda,Mujer
16973,1408697.01,1408697.01.01,1408697.01.01.01,1408697.01.01.01.11.1,1408697,1,1,1,1,11,1,A,2,36,2.0,12,14,98,1,1,,,,,,1.0,1.0,2.0,1.0,1.0,0.0,0.0,5.0,0.0,0.0,0.0,1.0,0.0,0.0,,0.0,0.0,0.0,1.0,0.0,2.0,,,,,,,1.0,0.0,0.0,0.0,0.0,0.0,0.0,0.0,1.0,1,,,,1.0,2.0,,3.0,3.0,2.0,1,0.0,0.0,0.0,0.0,0.0,0.0,0.0,1.0,0.0,1.0,0.0,0.0,0.0,0.0,0.0,2,0.0,0.0,0.0,0.0,0.0,0.0,0.0,1.0,0.0,0.0,0.0,0.0,0.0,0.0,,,,,,,,,,,,,,,,,,,,,,,,,,,,,,2250,2250.0,U,2,282,6485,Lesiones,En su vivienda,Mujer
16974,1412490.04,1412490.04.01,1412490.04.01.02,1412490.04.01.02.05.1,1412490,4,1,1,1,5,2,A,2,39,2.0,10,14,98,3,1,,,,,,1.0,1.0,2.0,3.0,1.0,0.0,0.0,5.0,1.0,0.0,0.0,0.0,0.0,0.0,2.0,1.0,0.0,0.0,0.0,0.0,1.0,1.0,0.0,0.0,0.0,0.0,2.0,2.0,,,,,,,,,2,,,4.0,,,,,,,2,,,,,,,,,,,,,,,,1,30000.0,0.0,,,,,,,,,,,,,,0.0,0.0,0.0,0.0,0.0,0.0,0.0,0.0,1.0,0.0,0.0,0.0,0.0,,,,,,,,,,,,,,,,3058,3058.0,U,2,279,6227,Robo en calle (a transeúnte),En su vivienda,Mujer
16975,1413524.02,1413524.02.01,1413524.02.01.03,1413524.02.01.03.04.1,1413524,2,1,1,1,4,3,A,2,26,2.0,7,14,98,1,2,,,,,,1.0,1.0,2.0,2.0,0.0,1.0,0.0,5.0,1.0,0.0,0.0,0.0,0.0,0.0,2.0,0.0,0.0,0.0,0.0,1.0,2.0,,,,,,,2.0,,,,,,,,,1,,,,1.0,2.0,,3.0,3.0,3.0,2,,,,,,,,,,0.0,0.0,0.0,0.0,1.0,0.0,1,5000.0,0.0,,,,,,,,,,,,,,0.0,0.0,0.0,0.0,0.0,1.0,0.0,0.0,0.0,1.0,0.0,0.0,0.0,1.0,,,,,,,,,,,,,,,879,879.0,U,2,279,6264,Robo en transporte público,En su vivienda,Mujer
16976,1413634.01,1413634.01.01,1413634.01.01.01,1413634.01.01.01.08.1,1413634,1,1,1,1,8,1,A,2,45,2.0,8,14,98,3,3,1.0,0.0,0.0,0.0,0.0,,,,,,,,,,,,,,,,,,,,,,,,,,,,,,,,,,,,,2,,,4.0,,,,,,,2,,,,,,,,,,,,,,,,1,2000.0,0.0,0.0,0.0,1.0,1.0,0.0,0.0,0.0,1.0,1.0,0.0,0.0,0.0,,,,,,,,,,,,,,,,1.0,,,,,,,,,,,,,,2445,2445.0,U,4,281,6393,Fraude bancario,En su vivienda,Mujer
16977,1412633.04,1412633.04.01,1412633.04.01.04,1412633.04.01.04.02.1,1412633,4,1,1,1,2,4,A,1,22,2.0,6,14,98,3,1,,,,,,1.0,1.0,1.0,5.0,1.0,0.0,0.0,4.0,1.0,0.0,0.0,0.0,0.0,0.0,2.0,0.0,0.0,0.0,1.0,0.0,1.0,1.0,0.0,0.0,0.0,0.0,2.0,2.0,,,,,,,,,2,2.0,,4.0,,,,,,,2,,,,,,,,,,,,,,,,4,13000.0,0.0,,,,,,,,,,,,,,,,,,,,,,,,,,,,,,,,,,,,,,,,,,856,856.0,U,2,279,6268,Robo de accesorios de vehículo,En su vivienda,Hombre
16978,1413611.02,1413611.02.01,1413611.02.01.01,1413611.02.01.01.02.1,1413611,2,1,1,1,2,1,A,1,51,2.0,8,14,98,3,1,,,,,,2.0,,,,,,,,,,,,,,,,,,,,,,,,,,,,,,,,,,,,1,,,,2.0,,1.0,3.0,5.0,2.0,2,,,,,,,,,,0.0,0.0,0.0,0.0,1.0,0.0,1,8000.0,0.0,1.0,0.0,0.0,0.0,0.0,0.0,0.0,0.0,1.0,0.0,0.0,0.0,,,,,,,,,,,,,,,,,,,,,,,,,,,,,,987,987.0,U,4,281,6463,Robo de accesorios de vehículo,En su vivienda,Hombre
16979,1413634.01,1413634.01.01,1413634.01.01.01,1413634.01.01.01.01.1,1413634,1,1,1,1,1,1,A,2,45,2.0,5,14,98,4,2,,,,,,2.0,,,,,,,,,,,,,,,,,,,,,,,,,,,,,,,,,,,,1,,,,1.0,2.0,,4.0,1.0,2.0,2,,,,,,,,,,1.0,0.0,0.0,0.0,0.0,0.0,1,200000.0,0.0,,,,,,,,,,,,,1.0,,,,,,,,,,,,,,,,,,,,,,,,,,,,,1223,1223.0,U,4,281,6393,Robo total de vehículo,En su vivienda,Mujer
16980,1412394.04,1412394.04.01,1412394.04.01.02,1412394.04.01.02.03.1,1412394,4,1,1,1,3,2,A,2,21,2.0,11,14,98,3,2,,,,,,2.0,,,,,,,,,,,,,,,,,,,,,,,,,,,,,,,,,,,,2,2.0,,4.0,,,,,,,2,,,,,,,,,,,,,,,,5,,,0.0,0.0,0.0,0.0,0.0,0.0,0.0,1.0,1.0,0.0,0.0,0.0,,,,,,,,,,,,,,,,,,,,,,,,,,,,,,992,992.0,U,3,280,6322,Robo en vivienda,En su vivienda,Mujer
16981,1413068.02,1413068.02.01,1413068.02.01.03,1413068.02.01.03.02.1,1413068,2,1,1,1,2,3,A,2,29,2.0,12,14,98,1,1,,,,,,2.0,,,,,,,,,,,,,,,,,,,,,,,,,,,,,,,,,,,,2,2.0,,4.0,,,,,,,2,,,,,,,,,,,,,,,,1,7000.0,0.0,1.0,1.0,0.0,0.0,0.0,0.0,0.0,0.0,1.0,0.0,0.0,0.0,,,,,,,,,,,,,,,,,,,,,,,,,,,,,,831,831.0,U,2,279,6274,Robo de accesorios de vehículo,En su vivienda,Mujer
16982,1418192.03,1418192.03.01,1418192.03.01.02,1418192.03.01.02.07.1,1418192,3,1,1,1,7,2,A,2,45,2.0,11,14,98,2,1,0.0,1.0,0.0,0.0,0.0,,,,,,,,,,,,,,,,,,,,,,,,,,,,,,,,,,,,,2,,,4.0,,,,,,,2,,,,,,,,,,,,,,,,1,22000.0,0.0,0.0,0.0,1.0,0.0,0.0,0.0,0.0,0.0,1.0,0.0,0.0,0.0,,,,,,,,,,,,,,,,4.0,,,,,,,,,,,,,,2899,2899.0,U,4,281,6390,Robo en banco/cajero,En su vivienda,Mujer
16983,1413355.05,1413355.05.01,1413355.05.01.01,1413355.05.01.01.09.1,1413355,5,1,1,1,9,1,A,2,64,2.0,4,14,98,2,2,0.0,1.0,0.0,0.0,0.0,2.0,,,,,,,,,,,,,,,,,,,,,,,,,,,,,,,,,,,,2,,,3.0,,,,,,,2,,,,,,,,,,,,,,,,1,0.0,0.0,1.0,1.0,1.0,1.0,0.0,1.0,1.0,1.0,1.0,0.0,0.0,0.0,,,,,,,,,,,,,,,,,3.0,,,,,1.0,0.0,0.0,3.0,,,,,837,837.0,U,3,283,6499,Extorsión,En su vivienda,Mujer
16984,1411921.04,1411921.04.01,1411921.04.01.01,1411921.04.01.01.05.1,1411921,4,1,1,1,5,1,A,2,50,2.0,1,14,98,3,1,,,,,,1.0,1.0,2.0,3.0,1.0,0.0,0.0,8.0,1.0,0.0,0.0,0.0,0.0,0.0,2.0,0.0,0.0,0.0,1.0,0.0,1.0,0.0,1.0,0.0,0.0,0.0,2.0,2.0,,,,,,,,,2,,,1.0,,,,,,,2,,,,,,,,,,,,,,,,3,50000.0,0.0,1.0,1.0,1.0,1.0,1.0,1.0,1.0,1.0,1.0,0.0,0.0,0.0,,0.0,0.0,1.0,0.0,0.0,0.0,1.0,0.0,1.0,0.0,0.0,0.0,0.0,,,,,,,,,,,,,,,,2797,2797.0,U,3,280,6356,Robo en calle (a transeúnte),En su vivienda,Mujer
16985,1412572.04,1412572.04.01,1412572.04.01.01,1412572.04.01.01.07.1,1412572,4,1,1,2,7,1,A,1,53,2.0,6,14,98,4,4,1.0,0.0,0.0,0.0,0.0,,,,,,,,,,,,,,,,,,,,,,,,,,,,,,,,,,,,,2,,,5.0,,,,,,,2,,,,,,,,,,,,,,,,1,10000.0,0.0,,,,,,,,,,,,,,,,,,,,,,,,,,,,4.0,,,,,,,,,,,,,,4171,4171.0,U,4,281,6449,Robo en banco/cajero,En su vivienda,Hombre
16986,1412552.01,1412552.01.01,1412552.01.01.01,1412552.01.01.01.11.1,1412552,1,1,1,1,11,1,A,2,31,2.0,10,14,98,3,1,,,,,,1.0,1.0,1.0,1.0,1.0,0.0,0.0,5.0,0.0,0.0,0.0,0.0,1.0,0.0,,0.0,0.0,0.0,1.0,0.0,2.0,,,,,,,1.0,0.0,0.0,0.0,1.0,0.0,0.0,0.0,0.0,1,,,,1.0,4.0,,4.0,5.0,2.0,2,,,,,,,,,,1.0,0.0,0.0,0.0,0.0,0.0,2,5000.0,5000.0,,,,,,,,,,,,,,,,,,,,,,,,,,,,,,,,,,,,,,,,,,1130,1130.0,U,4,281,6416,Lesiones,En su vivienda,Mujer
16987,1412490.04,1412490.04.01,1412490.04.01.02,1412490.04.01.02.09.1,1412490,4,1,1,1,9,2,A,2,39,2.0,5,14,98,2,2,0.0,1.0,0.0,0.0,0.0,1.0,1.0,2.0,1.0,1.0,0.0,0.0,4.0,1.0,0.0,0.0,0.0,0.0,0.0,2.0,0.0,0.0,0.0,1.0,0.0,9.0,,,,,,,2.0,,,,,,,,,2,,,2.0,,,,,,,2,,,,,,,,,,,,,,,,5,,,1.0,0.0,0.0,0.0,0.0,1.0,0.0,0.0,0.0,0.0,0.0,0.0,,,,,,,,,,,,,,,,,2.0,,,,,1.0,0.0,0.0,3.0,,,,,3058,3058.0,U,2,279,6227,Extorsión,En su vivienda,Mujer
16988,1412490.04,1412490.04.01,1412490.04.01.02,1412490.04.01.02.03.1,1412490,4,1,1,1,3,2,A,2,39,2.0,10,14,98,4,1,,,,,,2.0,,,,,,,,,,,,,,,,,,,,,,,,,,,,,,,,,,,,2,2.0,,4.0,,,,,,,2,,,,,,,,,,,,,,,,1,2000.0,0.0,,,,,,,,,,,,,,,,,,,,,,,,,,,,,,,,,,,,,,,,,,1019,1019.0,U,2,279,6227,Robo en vivienda,En su vivienda,Mujer
16989,1413727.04,1413727.04.01,1413727.04.01.02,1413727.04.01.02.04.1,1413727,4,1,1,1,4,2,A,2,30,2.0,3,14,98,3,2,,,,,,2.0,,,,,,,,,,,,,,,,,,,,,,,,,,,,,,,,,,,,1,,,,1.0,2.0,,4.0,3.0,4.0,1,0.0,1.0,1.0,0.0,0.0,0.0,0.0,0.0,0.0,1.0,0.0,0.0,0.0,0.0,0.0,1,40000.0,10000.0,0.0,1.0,1.0,1.0,0.0,1.0,1.0,1.0,1.0,0.0,0.0,0.0,,0.0,0.0,1.0,1.0,1.0,1.0,0.0,0.0,0.0,0.0,0.0,0.0,0.0,1.0,,,,,,,,,,,,,,,981,981.0,U,4,281,6465,Robo en transporte público,En su vivienda,Mujer
16990,1412572.01,1412572.01.01,1412572.01.01.01,1412572.01.01.01.07.1,1412572,1,1,1,1,7,1,A,1,46,2.0,99,14,98,4,9,1.0,0.0,0.0,0.0,0.0,,,,,,,,,,,,,,,,,,,,,,,,,,,,,,,,,,,,,2,,,5.0,,,,,,,2,,,,,,,,,,,,,,,,1,2700.0,0.0,0.0,0.0,0.0,1.0,0.0,0.0,0.0,0.0,0.0,0.0,0.0,0.0,,,,,,,,,,,,,,,,5.0,,,,,,,,,,,,,,2085,2085.0,U,4,281,6449,Robo en banco/cajero,En su vivienda,Hombre
16992,1413524.02,1413524.02.01,1413524.02.01.03,1413524.02.01.03.09.1,1413524,2,1,1,1,9,3,A,2,26,2.0,3,14,98,3,2,0.0,0.0,1.0,0.0,0.0,1.0,1.0,2.0,1.0,0.0,1.0,0.0,5.0,1.0,0.0,0.0,0.0,0.0,0.0,2.0,0.0,0.0,0.0,1.0,0.0,2.0,,,,,,,2.0,,,,,,,,,2,,,4.0,,,,,,,2,,,,,,,,,,,,,,,,5,,,,,,,,,,,,,,,,,,,,,,,,,,,,,,,3.0,1.0,0.0,0.0,0.0,1.0,0.0,0.0,3.0,,,,,4395,4395.0,U,2,279,6264,Extorsión,En su vivienda,Mujer
16993,1413257.04,1413257.04.01,1413257.04.01.01,1413257.04.01.01.08.1,1413257,4,1,1,1,8,1,A,1,35,2.0,4,14,98,1,1,0.0,0.0,1.0,0.0,0.0,,,,,,,,,,,,,,,,,,,,,,,,,,,,,,,,,,,,,1,,,,2.0,,4.0,1.0,3.0,3.0,2,,,,,,,,,,0.0,0.0,0.0,0.0,1.0,0.0,1,30000.0,0.0,1.0,1.0,1.0,0.0,0.0,0.0,0.0,0.0,0.0,0.0,0.0,0.0,,,,,,,,,,,,,,,,1.0,,,,,,,,,,,,,,1932,1932.0,U,3,280,6336,Fraude bancario,En su vivienda,Hombre
16994,1412320.02,1412320.02.01,1412320.02.01.03,1412320.02.01.03.05.1,1412320,2,1,1,1,5,3,A,2,49,2.0,10,14,98,3,1,,,,,,1.0,1.0,2.0,2.0,1.0,0.0,0.0,5.0,1.0,0.0,0.0,0.0,0.0,0.0,2.0,0.0,0.0,0.0,0.0,1.0,1.0,1.0,0.0,0.0,0.0,0.0,2.0,2.0,,,,,,,,,2,,,4.0,,,,,,,2,,,,,,,,,,,,,,,,1,15000.0,0.0,1.0,1.0,1.0,1.0,0.0,0.0,0.0,1.0,1.0,1.0,0.0,0.0,,0.0,0.0,0.0,0.0,0.0,0.0,1.0,1.0,1.0,0.0,0.0,0.0,0.0,,,,,,,,,,,,,,,,4350,4350.0,U,2,279,6265,Robo en calle (a transeúnte),En su vivienda,Mujer
16995,1413608.05,1413608.05.01,1413608.05.01.02,1413608.05.01.02.09.1,1413608,5,1,1,1,9,2,A,1,40,2.0,1,14,98,2,3,0.0,1.0,0.0,0.0,0.0,2.0,,,,,,,,,,,,,,,,,,,,,,,,,,,,,,,,,,,,2,,,6.0,,,,,,,2,,,,,,,,,,,,,,,,5,,,0.0,0.0,0.0,0.0,0.0,0.0,0.0,0.0,1.0,0.0,0.0,0.0,,,,,,,,,,,,,,,,,3.0,,,,,1.0,0.0,0.0,3.0,,,,,2973,2973.0,U,2,279,6241,Extorsión,En su vivienda,Hombre
16996,1412572.04,1412572.04.01,1412572.04.01.01,1412572.04.01.01.02.1,1412572,4,1,1,1,2,1,A,1,53,2.0,6,14,98,4,1,,,,,,2.0,,,,,,,,,,,,,,,,,,,,,,,,,,,,,,,,,,,,2,2.0,,5.0,,,,,,,2,,,,,,,,,,,,,,,,1,0.0,1000.0,,,,,,,,,,,,,,,,,,,,,,,,,,,,,,,,,,,,,,,,,,1043,1043.0,U,4,281,6449,Robo de accesorios de vehículo,En su vivienda,Hombre
16997,1413321.04,1413321.04.01,1413321.04.01.01,1413321.04.01.01.09.1,1413321,4,1,1,1,9,1,A,1,71,2.0,11,14,98,1,2,0.0,1.0,0.0,0.0,0.0,2.0,,,,,,,,,,,,,,,,,,,,,,,,,,,,,,,,,,,,2,,,6.0,,,,,,,2,,,,,,,,,,,,,,,,1,400000.0,0.0,0.0,0.0,1.0,1.0,0.0,0.0,0.0,1.0,1.0,0.0,0.0,0.0,,,,,,,,,,,,,,,,,3.0,,,,,1.0,0.0,0.0,1.0,,,,,1039,1039.0,U,2,282,6490,Extorsión,En su vivienda,Hombre
16998,1408779.03,1408779.03.01,1408779.03.01.01,1408779.03.01.01.01.1,1408779,3,1,1,1,1,1,A,1,24,2.0,1,14,98,3,1,,,,,,1.0,1.0,1.0,3.0,1.0,0.0,0.0,4.0,1.0,0.0,0.0,0.0,0.0,0.0,2.0,0.0,0.0,0.0,1.0,0.0,1.0,1.0,0.0,0.0,0.0,0.0,2.0,2.0,,,,,,,,,1,,,,1.0,3.0,,3.0,2.0,4.0,2,,,,,,,,,,0.0,0.0,0.0,0.0,1.0,0.0,1,60000.0,0.0,,,,,,,,,,,,,2.0,,,,,,,,,,,,,,,,,,,,,,,,,,,,,1120,1120.0,U,2,282,6486,Robo total de vehículo,En su vivienda,Hombre
16999,1412572.04,1412572.04.01,1412572.04.01.01,1412572.04.01.01.07.2,1412572,4,1,2,2,7,1,A,1,53,2.0,2,14,98,3,4,1.0,0.0,0.0,0.0,0.0,,,,,,,,,,,,,,,,,,,,,,,,,,,,,,,,,,,,,2,,,5.0,,,,,,,2,,,,,,,,,,,,,,,,1,0.0,5000.0,1.0,0.0,0.0,1.0,1.0,0.0,0.0,0.0,0.0,0.0,0.0,0.0,,,,,,,,,,,,,,,,4.0,,,,,,,,,,,,,,4171,4171.0,U,4,281,6449,Robo en banco/cajero,En su vivienda,Hombre
17000,1413611.05,1413611.05.01,1413611.05.01.02,1413611.05.01.02.09.1,1413611,5,1,1,1,9,2,A,2,52,2.0,99,14,98,3,1,0.0,1.0,0.0,0.0,0.0,2.0,,,,,,,,,,,,,,,,,,,,,,,,,,,,,,,,,,,,2,,,4.0,,,,,,,2,,,,,,,,,,,,,,,,5,,,1.0,0.0,0.0,0.0,0.0,0.0,0.0,0.0,1.0,0.0,0.0,0.0,,,,,,,,,,,,,,,,,3.0,,,,,1.0,0.0,0.0,3.0,,,,,1975,1975.0,U,4,281,6463,Extorsión,En su vivienda,Mujer
17001,1413355.01,1413355.01.01,1413355.01.01.03,1413355.01.01.03.03.1,1413355,1,1,1,1,3,3,A,2,28,2.0,6,14,98,4,2,,,,,,2.0,,,,,,,,,,,,,,,,,,,,,,,,,,,,,,,,,,,,2,2.0,,4.0,,,,,,,2,,,,,,,,,,,,,,,,1,1500.0,0.0,1.0,1.0,1.0,1.0,0.0,0.0,0.0,1.0,0.0,0.0,0.0,0.0,,,,,,,,,,,,,,,,,,,,,,,,,,,,,,837,837.0,U,3,283,6499,Robo en vivienda,En su vivienda,Mujer
17002,1413727.01,1413727.01.01,1413727.01.01.02,1413727.01.01.02.09.1,1413727,1,1,1,1,9,2,A,2,40,2.0,1,14,98,2,2,0.0,1.0,0.0,0.0,0.0,1.0,2.0,,,,,,,,,,,,,,,,,,,,,,,,,,,,,,,,,,,2,,,1.0,,,,,,,1,0.0,1.0,0.0,0.0,0.0,0.0,0.0,0.0,0.0,1.0,0.0,0.0,0.0,0.0,0.0,3,0.0,0.0,1.0,0.0,1.0,1.0,0.0,1.0,0.0,1.0,1.0,0.0,0.0,0.0,,,,,,,,,,,,,,,,,3.0,,,,,1.0,0.0,0.0,3.0,,,,,2944,2944.0,U,4,281,6465,Extorsión,En su vivienda,Mujer
17003,1413101.04,1413101.04.01,1413101.04.01.03,1413101.04.01.03.12.1,1413101,4,1,1,1,12,3,A,1,39,2.0,8,14,98,1,1,,,,,,1.0,1.0,2.0,3.0,1.0,0.0,0.0,8.0,1.0,0.0,0.0,0.0,0.0,0.0,2.0,0.0,0.0,0.0,0.0,1.0,1.0,1.0,0.0,0.0,0.0,0.0,2.0,1.0,1.0,0.0,0.0,0.0,0.0,0.0,0.0,0.0,2,,,1.0,,,,,,,2,,,,,,,,,,,,,,,,3,9999999.0,3000.0,1.0,1.0,1.0,1.0,0.0,1.0,1.0,1.0,1.0,1.0,0.0,0.0,,,,,,,,,,,,,,,,,,,,,,,,,,2.0,9.0,,,3350,3350.0,U,3,280,6380,Secuestro,En su vivienda,Hombre
17004,1413551.04,1413551.04.01,1413551.04.01.01,1413551.04.01.01.04.1,1413551,4,1,1,1,4,1,A,1,53,2.0,2,14,98,2,2,,,,,,2.0,,,,,,,,,,,,,,,,,,,,,,,,,,,,,,,,,,,,2,9.0,,1.0,,,,,,,2,,,,,,,,,,,,,,,,1,200000.0,0.0,1.0,0.0,1.0,0.0,0.0,0.0,0.0,0.0,1.0,0.0,0.0,0.0,,0.0,1.0,1.0,0.0,0.0,1.0,1.0,0.0,0.0,0.0,0.0,0.0,0.0,9.0,,,,,,,,,,,,,,,869,869.0,U,2,279,6266,Robo en transporte público,En su vivienda,Hombre
17005,1412633.04,1412633.04.01,1412633.04.01.04,1412633.04.01.04.01.1,1412633,4,1,1,1,1,4,A,1,22,2.0,3,14,98,4,1,,,,,,2.0,,,,,,,,,,,,,,,,,,,,,,,,,,,,,,,,,,,,1,,,,1.0,3.0,,4.0,2.0,2.0,2,,,,,,,,,,1.0,0.0,0.0,0.0,0.0,0.0,5,,,,,,,,,,,,,,,2.0,,,,,,,,,,,,,,,,,,,,,,,,,,,,,856,856.0,U,2,279,6268,Robo total de vehículo,En su vivienda,Hombre
17006,1402994.04,1402994.04.01,1402994.04.01.03,1402994.04.01.03.05.1,1402994,4,1,1,1,5,3,A,2,24,2.0,12,14,98,2,1,,,,,,1.0,1.0,2.0,2.0,1.0,0.0,0.0,4.0,1.0,0.0,0.0,0.0,0.0,0.0,1.0,0.0,0.0,0.0,0.0,1.0,1.0,0.0,1.0,0.0,0.0,0.0,2.0,2.0,,,,,,,,,2,,,4.0,,,,,,,2,,,,,,,,,,,,,,,,1,9000.0,0.0,0.0,0.0,0.0,0.0,0.0,0.0,0.0,0.0,1.0,0.0,0.0,0.0,,0.0,0.0,0.0,0.0,0.0,0.0,0.0,0.0,1.0,0.0,0.0,0.0,0.0,,,,,,,,,,,,,,,,2929,2929.0,U,2,279,6244,Robo en calle (a transeúnte),En su vivienda,Mujer
17007,1412854.04,1412854.04.01,1412854.04.01.02,1412854.04.01.02.02.1,1412854,4,1,1,1,2,2,A,2,22,2.0,7,14,98,4,1,,,,,,2.0,,,,,,,,,,,,,,,,,,,,,,,,,,,,,,,,,,,,2,2.0,,7.0,,,,,,,2,,,,,,,,,,,,,,,,2,0.0,0.0,,,,,,,,,,,,,,,,,,,,,,,,,,,,,,,,,,,,,,,,,,888,888.0,U,2,279,6260,Robo de accesorios de vehículo,En su vivienda,Mujer
17008,1413727.04,1413727.04.01,1413727.04.01.02,1413727.04.01.02.02.1,1413727,4,1,1,1,2,2,A,2,30,2.0,2,14,98,1,1,,,,,,1.0,1.0,1.0,2.0,1.0,0.0,0.0,4.0,1.0,0.0,0.0,0.0,0.0,0.0,2.0,1.0,0.0,0.0,0.0,0.0,1.0,0.0,1.0,0.0,0.0,0.0,2.0,2.0,,,,,,,,,1,,,,1.0,4.0,,4.0,3.0,4.0,2,,,,,,,,,,1.0,0.0,0.0,0.0,0.0,0.0,1,9999999.0,0.0,,,,,,,,,,,,,,,,,,,,,,,,,,,,,,,,,,,,,,,,,,981,981.0,U,4,281,6465,Robo de accesorios de vehículo,En su vivienda,Mujer
17009,1412552.01,1412552.01.01,1412552.01.01.01,1412552.01.01.01.10.1,1412552,1,1,1,1,10,1,A,2,31,2.0,10,14,98,3,1,0.0,0.0,1.0,0.0,0.0,1.0,1.0,1.0,1.0,1.0,0.0,0.0,4.0,0.0,0.0,0.0,0.0,1.0,0.0,,0.0,0.0,0.0,1.0,0.0,2.0,,,,,,,1.0,1.0,0.0,0.0,1.0,0.0,0.0,0.0,0.0,1,,,,1.0,4.0,,4.0,3.0,2.0,2,,,,,,,,,,1.0,0.0,0.0,0.0,0.0,0.0,2,0.0,15000.0,,,,,,,,,,,,,,,,,,,,,,,,,,,,,,,,,,,,,,,,,,1130,1130.0,U,4,281,6416,Amenazas/intimidación,En su vivienda,Mujer
17010,1412834.01,1412834.01.01,1412834.01.01.01,1412834.01.01.01.03.1,1412834,1,1,1,1,3,1,A,1,46,2.0,6,14,98,4,1,,,,,,2.0,,,,,,,,,,,,,,,,,,,,,,,,,,,,,,,,,,,,2,2.0,,3.0,,,,,,,2,,,,,,,,,,,,,,,,1,2000.0,0.0,0.0,1.0,0.0,0.0,0.0,0.0,0.0,0.0,0.0,0.0,0.0,0.0,,,,,,,,,,,,,,,,,,,,,,,,,,,,,,946,946.0,U,3,280,6352,Robo en vivienda,En su vivienda,Hombre
17011,1413321.01,1413321.01.01,1413321.01.01.03,1413321.01.01.03.13.1,1413321,1,1,1,2,13,3,A,2,20,2.0,5,14,98,2,8,0.0,0.0,1.0,0.0,0.0,1.0,1.0,2.0,1.0,1.0,0.0,0.0,4.0,0.0,0.0,0.0,1.0,0.0,0.0,,1.0,0.0,0.0,0.0,0.0,2.0,,,,,,,1.0,1.0,1.0,1.0,0.0,0.0,0.0,0.0,0.0,2,,,7.0,,,,,,,2,,,,,,,,,,,,,,,,3,0.0,2500.0,,,,,,,,,,,,,,,,,,,,,,,,,,,,,,,,,,,,,,,,,1.0,4157,4157.0,U,2,282,6490,Delito sexual,En su vivienda,Mujer
17012,1413466.03,1413466.03.01,1413466.03.01.02,1413466.03.01.02.09.1,1413466,3,1,1,1,9,2,A,1,42,2.0,5,14,98,1,1,0.0,1.0,0.0,0.0,0.0,1.0,2.0,,,,,,,,,,,,,,,,,,,,,,,,,,,,,,,,,,,2,,,4.0,,,,,,,2,,,,,,,,,,,,,,,,5,,,0.0,0.0,1.0,1.0,0.0,0.0,0.0,0.0,0.0,0.0,0.0,0.0,,,,,,,,,,,,,,,,,3.0,,,,,1.0,0.0,0.0,3.0,,,,,3071,3071.0,U,4,281,6454,Extorsión,En su vivienda,Hombre
17013,1408779.03,1408779.03.01,1408779.03.01.01,1408779.03.01.01.05.1,1408779,3,1,1,1,5,1,A,1,24,2.0,11,14,98,2,1,,,,,,1.0,1.0,2.0,2.0,1.0,0.0,0.0,5.0,1.0,0.0,0.0,0.0,0.0,0.0,2.0,1.0,0.0,0.0,0.0,0.0,2.0,,,,,,,2.0,,,,,,,,,2,,,8.0,,,,,,,2,,,,,,,,,,,,,,,,5,,,0.0,0.0,0.0,1.0,0.0,0.0,0.0,0.0,0.0,0.0,0.0,0.0,,0.0,0.0,0.0,0.0,0.0,0.0,1.0,0.0,1.0,0.0,0.0,0.0,0.0,,,,,,,,,,,,,,,,1120,1120.0,U,2,282,6486,Robo en calle (a transeúnte),En su vivienda,Hombre
17014,1413098.04,1413098.04.01,1413098.04.01.02,1413098.04.01.02.05.1,1413098,4,1,1,1,5,2,A,1,29,2.0,11,14,98,3,1,,,,,,1.0,1.0,2.0,2.0,1.0,0.0,0.0,4.0,1.0,0.0,0.0,0.0,0.0,0.0,2.0,0.0,0.0,0.0,1.0,0.0,1.0,0.0,1.0,0.0,0.0,0.0,1.0,,1.0,0.0,0.0,0.0,0.0,0.0,0.0,0.0,2,,,4.0,,,,,,,2,,,,,,,,,,,,,,,,2,2500.0,0.0,1.0,0.0,1.0,1.0,0.0,0.0,1.0,0.0,1.0,0.0,0.0,0.0,,0.0,0.0,0.0,0.0,0.0,0.0,1.0,0.0,1.0,0.0,0.0,0.0,0.0,,,,,,,,,,,,,,,,1840,1840.0,U,3,280,6366,Robo en calle (a transeúnte),En su vivienda,Hombre
17015,1412915.03,1412915.03.01,1412915.03.01.02,1412915.03.01.02.08.1,1412915,3,1,1,1,8,2,A,2,56,2.0,8,14,98,2,2,1.0,0.0,0.0,0.0,0.0,,,,,,,,,,,,,,,,,,,,,,,,,,,,,,,,,,,,,2,,,4.0,,,,,,,2,,,,,,,,,,,,,,,,1,4000.0,0.0,0.0,0.0,0.0,1.0,0.0,0.0,0.0,0.0,0.0,0.0,0.0,0.0,,,,,,,,,,,,,,,,1.0,,,,,,,,,,,,,,3050,3050.0,U,3,280,6313,Fraude bancario,En su vivienda,Mujer
17016,1408797.05,1408797.05.01,1408797.05.01.02,1408797.05.01.02.04.1,1408797,5,1,1,3,4,2,A,2,62,2.0,12,14,98,4,2,,,,,,2.0,,,,,,,,,,,,,,,,,,,,,,,,,,,,,,,,,,,,2,2.0,,1.0,,,,,,,2,,,,,,,,,,,,,,,,1,1000.0,9999999.0,,,,,,,,,,,,,,0.0,0.0,0.0,0.0,0.0,0.0,0.0,0.0,0.0,1.0,0.0,0.0,0.0,1.0,,,,,,,,,,,,,,,1098,1098.0,U,2,282,6487,Robo en transporte público,En su vivienda,Mujer
17017,1413321.01,1413321.01.01,1413321.01.01.03,1413321.01.01.03.13.2,1413321,1,1,2,2,13,3,A,2,20,2.0,3,14,98,3,8,0.0,0.0,1.0,0.0,0.0,1.0,1.0,2.0,1.0,1.0,0.0,0.0,4.0,0.0,0.0,0.0,1.0,0.0,0.0,,1.0,0.0,0.0,0.0,0.0,2.0,,,,,,,1.0,1.0,1.0,0.0,0.0,0.0,0.0,0.0,0.0,2,,,8.0,,,,,,,2,,,,,,,,,,,,,,,,3,0.0,1000.0,1.0,1.0,1.0,1.0,1.0,1.0,1.0,1.0,1.0,0.0,0.0,0.0,,,,,,,,,,,,,,,,,,,,,,,,,,,,,3.0,4157,4157.0,U,2,282,6490,Delito sexual,En su vivienda,Mujer
17018,1408797.05,1408797.05.01,1408797.05.01.02,1408797.05.01.02.04.2,1408797,5,1,2,3,4,2,A,2,62,2.0,12,14,98,4,2,,,,,,2.0,,,,,,,,,,,,,,,,,,,,,,,,,,,,,,,,,,,,2,2.0,,1.0,,,,,,,2,,,,,,,,,,,,,,,,1,1000.0,9999999.0,,,,,,,,,,,,,,0.0,0.0,0.0,0.0,0.0,0.0,0.0,0.0,0.0,1.0,0.0,0.0,0.0,1.0,,,,,,,,,,,,,,,1098,1098.0,U,2,282,6487,Robo en transporte público,En su vivienda,Mujer
17019,1412380.03,1412380.03.01,1412380.03.01.02,1412380.03.01.02.03.1,1412380,3,1,1,1,3,2,A,2,31,2.0,3,14,98,1,1,,,,,,1.0,1.0,2.0,3.0,1.0,0.0,0.0,4.0,1.0,0.0,0.0,0.0,0.0,0.0,2.0,0.0,0.0,0.0,1.0,0.0,2.0,,,,,,,2.0,,,,,,,,,2,2.0,,7.0,,,,,,,2,,,,,,,,,,,,,,,,5,,,0.0,1.0,1.0,0.0,0.0,0.0,0.0,0.0,0.0,0.0,0.0,0.0,,,,,,,,,,,,,,,,,,,,,,,,,,,,,,1024,1024.0,U,3,280,6311,Robo en vivienda,En su vivienda,Mujer
17020,1408797.05,1408797.05.01,1408797.05.01.02,1408797.05.01.02.10.2,1408797,5,1,2,2,10,2,A,2,62,2.0,11,14,98,2,2,0.0,0.0,0.0,0.0,1.0,2.0,,,,,,,,,,,,,,,,,,,,,,,,,,,,,,,,,,,,2,,,1.0,,,,,,,2,,,,,,,,,,,,,,,,3,9999999.0,9999999.0,,,,,,,,,,,,,,,,,,,,,,,,,,,,,,,,,,,,,,,,,,6591,6591.0,U,2,282,6487,Amenazas/intimidación,En su vivienda,Mujer
17021,1412854.04,1412854.04.01,1412854.04.01.02,1412854.04.01.02.05.1,1412854,4,1,1,1,5,2,A,2,22,2.0,6,14,98,4,1,,,,,,1.0,1.0,2.0,1.0,1.0,0.0,0.0,9.0,1.0,0.0,0.0,0.0,0.0,0.0,2.0,0.0,0.0,0.0,0.0,1.0,9.0,,,,,,,9.0,,,,,,,,,2,,,7.0,,,,,,,2,,,,,,,,,,,,,,,,2,0.0,0.0,1.0,0.0,0.0,1.0,0.0,0.0,0.0,0.0,0.0,0.0,0.0,0.0,,0.0,0.0,0.0,0.0,0.0,0.0,0.0,0.0,0.0,0.0,0.0,1.0,0.0,,,,,,,,,,,,,,,,2665,2665.0,U,2,279,6260,Robo en calle (a transeúnte),En su vivienda,Mujer
17022,1413259.03,1413259.03.01,1413259.03.01.01,1413259.03.01.01.01.1,1413259,3,1,1,1,1,1,A,1,37,2.0,8,14,98,3,1,,,,,,2.0,,,,,,,,,,,,,,,,,,,,,,,,,,,,,,,,,,,,1,,,,1.0,7.0,,2.0,1.0,3.0,2,,,,,,,,,,0.0,0.0,0.0,0.0,1.0,0.0,1,80000.0,0.0,0.0,1.0,1.0,1.0,1.0,0.0,0.0,0.0,0.0,0.0,0.0,0.0,1.0,,,,,,,,,,,,,,,,,,,,,,,,,,,,,867,867.0,U,3,280,6375,Robo total de vehículo,En su vivienda,Hombre
17023,1413230.04,1413230.04.01,1413230.04.01.01,1413230.04.01.01.07.1,1413230,4,1,1,1,7,1,A,1,35,2.0,7,14,98,3,9,1.0,0.0,0.0,0.0,0.0,,,,,,,,,,,,,,,,,,,,,,,,,,,,,,,,,,,,,2,,,4.0,,,,,,,2,,,,,,,,,,,,,,,,1,2000.0,0.0,0.0,0.0,0.0,1.0,1.0,0.0,0.0,0.0,0.0,0.0,0.0,0.0,,,,,,,,,,,,,,,,4.0,,,,,,,,,,,,,,2071,2071.0,U,4,281,6450,Robo en banco/cajero,En su vivienda,Hombre
17024,1413101.04,1413101.04.01,1413101.04.01.03,1413101.04.01.03.04.1,1413101,4,1,1,1,4,3,A,1,39,2.0,7,14,98,4,2,,,,,,1.0,2.0,,,,,,,,,,,,,,,,,,,,,,,,,,,,,,,,,,,1,,,,1.0,2.0,,3.0,3.0,2.0,1,0.0,1.0,0.0,0.0,0.0,0.0,0.0,0.0,0.0,1.0,0.0,0.0,0.0,0.0,0.0,3,10000.0,0.0,,,,,,,,,,,,,,0.0,0.0,0.0,0.0,1.0,0.0,1.0,1.0,1.0,0.0,0.0,0.0,0.0,1.0,,,,,,,,,,,,,,,838,838.0,U,3,280,6380,Robo en transporte público,En su vivienda,Hombre
17025,1412633.04,1412633.04.01,1412633.04.01.04,1412633.04.01.04.05.1,1412633,4,1,1,1,5,4,A,1,22,2.0,12,14,98,2,5,,,,,,1.0,1.0,2.0,5.0,1.0,0.0,0.0,3.0,1.0,0.0,0.0,0.0,0.0,0.0,2.0,1.0,0.0,0.0,0.0,0.0,1.0,1.0,0.0,0.0,0.0,0.0,2.0,2.0,,,,,,,,,2,,,4.0,,,,,,,2,,,,,,,,,,,,,,,,5,,,0.0,0.0,0.0,0.0,0.0,0.0,0.0,0.0,1.0,0.0,0.0,0.0,,0.0,0.0,0.0,0.0,0.0,0.0,0.0,0.0,1.0,0.0,0.0,0.0,0.0,,,,,,,,,,,,,,,,3425,3425.0,U,2,279,6268,Robo en calle (a transeúnte),En su vivienda,Hombre
17026,1412834.04,1412834.04.01,1412834.04.01.02,1412834.04.01.02.03.1,1412834,4,1,1,1,3,2,A,2,32,2.0,8,14,98,4,2,,,,,,2.0,,,,,,,,,,,,,,,,,,,,,,,,,,,,,,,,,,,,2,2.0,,5.0,,,,,,,2,,,,,,,,,,,,,,,,1,5000.0,0.0,0.0,0.0,0.0,1.0,0.0,0.0,0.0,1.0,0.0,0.0,0.0,0.0,,,,,,,,,,,,,,,,,,,,,,,,,,,,,,946,946.0,U,3,280,6352,Robo en vivienda,En su vivienda,Mujer
17027,1412394.01,1412394.01.01,1412394.01.01.01,1412394.01.01.01.08.1,1412394,1,1,1,1,8,1,A,1,58,2.0,2,14,98,2,4,1.0,0.0,0.0,0.0,0.0,,,,,,,,,,,,,,,,,,,,,,,,,,,,,,,,,,,,,2,,,4.0,,,,,,,2,,,,,,,,,,,,,,,,1,1500.0,0.0,0.0,0.0,1.0,1.0,0.0,0.0,0.0,1.0,1.0,0.0,0.0,0.0,,,,,,,,,,,,,,,,1.0,,,,,,,,,,,,,,3970,3970.0,U,3,280,6322,Fraude bancario,En su vivienda,Hombre
17028,1408797.05,1408797.05.01,1408797.05.01.02,1408797.05.01.02.11.2,1408797,5,1,2,2,11,2,A,2,62,2.0,6,14,98,4,2,,,,,,1.0,1.0,2.0,2.0,0.0,1.0,0.0,7.0,1.0,1.0,0.0,0.0,0.0,0.0,2.0,1.0,0.0,0.0,0.0,0.0,1.0,0.0,1.0,0.0,0.0,0.0,1.0,,1.0,0.0,0.0,0.0,0.0,0.0,0.0,0.0,2,,,1.0,,,,,,,2,,,,,,,,,,,,,,,,3,0.0,9999999.0,0.0,0.0,0.0,0.0,1.0,0.0,0.0,0.0,0.0,0.0,0.0,0.0,,,,,,,,,,,,,,,,,,,,,,,,,,,,,,6591,6591.0,U,2,282,6487,Lesiones,En su vivienda,Mujer
17029,1413068.02,1413068.02.01,1413068.02.01.03,1413068.02.01.03.01.1,1413068,2,1,1,1,1,3,A,2,29,2.0,3,14,98,4,1,,,,,,2.0,,,,,,,,,,,,,,,,,,,,,,,,,,,,,,,,,,,,1,,,,1.0,2.0,,3.0,2.0,4.0,2,,,,,,,,,,0.0,0.0,0.0,1.0,0.0,0.0,1,10000.0,0.0,,,,,,,,,,,,,2.0,,,,,,,,,,,,,,,,,,,,,,,,,,,,,831,831.0,U,2,279,6274,Robo total de vehículo,En su vivienda,Mujer
17030,1408797.05,1408797.05.01,1408797.05.01.02,1408797.05.01.02.04.3,1408797,5,1,3,3,4,2,A,2,62,2.0,11,14,98,4,2,,,,,,2.0,,,,,,,,,,,,,,,,,,,,,,,,,,,,,,,,,,,,2,2.0,,2.0,,,,,,,2,,,,,,,,,,,,,,,,1,1000.0,9999999.0,,,,,,,,,,,,,,0.0,0.0,0.0,0.0,0.0,0.0,0.0,0.0,0.0,1.0,0.0,0.0,0.0,2.0,,,,,,,,,,,,,,,1098,1098.0,U,2,282,6487,Robo en transporte público,En su vivienda,Mujer
17031,1412320.02,1412320.02.01,1412320.02.01.03,1412320.02.01.03.01.1,1412320,2,1,1,1,1,3,A,2,49,2.0,11,14,98,3,1,,,,,,2.0,,,,,,,,,,,,,,,,,,,,,,,,,,,,,,,,,,,,1,,,,1.0,6.0,,3.0,1.0,3.0,1,0.0,1.0,0.0,0.0,0.0,0.0,0.0,0.0,0.0,1.0,0.0,0.0,0.0,0.0,0.0,1,9999999.0,0.0,,,,,,,,,,,,,1.0,,,,,,,,,,,,,,,,,,,,,,,,,,,,,870,870.0,U,2,279,6265,Robo total de vehículo,En su vivienda,Mujer
17032,1412915.01,1412915.01.01,1412915.01.01.01,1412915.01.01.01.05.1,1412915,1,1,1,2,5,1,A,2,39,2.0,12,14,98,3,1,,,,,,1.0,1.0,2.0,2.0,1.0,0.0,0.0,3.0,1.0,0.0,0.0,0.0,0.0,0.0,2.0,0.0,0.0,0.0,1.0,0.0,1.0,1.0,0.0,0.0,0.0,0.0,2.0,2.0,,,,,,,,,2,,,8.0,,,,,,,2,,,,,,,,,,,,,,,,1,3000.0,0.0,,,,,,,,,,,,,,0.0,0.0,0.0,0.0,0.0,0.0,1.0,0.0,1.0,0.0,0.0,0.0,0.0,,,,,,,,,,,,,,,,2033,2033.0,U,3,280,6313,Robo en calle (a transeúnte),En su vivienda,Mujer
17033,1408797.05,1408797.05.01,1408797.05.01.02,1408797.05.01.02.10.1,1408797,5,1,1,2,10,2,A,2,62,2.0,5,14,98,4,2,0.0,0.0,0.0,0.0,1.0,1.0,1.0,2.0,2.0,1.0,0.0,0.0,2.0,1.0,0.0,0.0,0.0,0.0,0.0,2.0,1.0,0.0,0.0,0.0,0.0,2.0,,,,,,,2.0,,,,,,,,,2,,,1.0,,,,,,,2,,,,,,,,,,,,,,,,1,1000.0,9999999.0,,,,,,,,,,,,,,,,,,,,,,,,,,,,,,,,,,,,,,,,,,6591,6591.0,U,2,282,6487,Amenazas/intimidación,En su vivienda,Mujer
17034,1408797.05,1408797.05.01,1408797.05.01.02,1408797.05.01.02.11.1,1408797,5,1,1,2,11,2,A,2,62,2.0,11,14,98,3,1,,,,,,1.0,1.0,1.0,2.0,1.0,1.0,0.0,3.0,1.0,0.0,0.0,0.0,0.0,0.0,2.0,1.0,0.0,0.0,0.0,0.0,2.0,,,,,,,1.0,1.0,0.0,0.0,0.0,0.0,0.0,0.0,0.0,2,,,99.0,,,,,,,2,,,,,,,,,,,,,,,,3,0.0,9999999.0,,,,,,,,,,,,,,,,,,,,,,,,,,,,,,,,,,,,,,,,,,6591,6591.0,U,2,282,6487,Lesiones,En su vivienda,Mujer
17035,1412915.01,1412915.01.01,1412915.01.01.01,1412915.01.01.01.05.2,1412915,1,1,2,2,5,1,A,2,39,2.0,6,14,98,3,1,,,,,,1.0,1.0,2.0,1.0,1.0,0.0,0.0,2.0,1.0,0.0,0.0,0.0,0.0,0.0,2.0,0.0,0.0,0.0,0.0,1.0,1.0,0.0,1.0,0.0,0.0,0.0,2.0,2.0,,,,,,,,,2,,,5.0,,,,,,,2,,,,,,,,,,,,,,,,3,300.0,0.0,0.0,0.0,0.0,0.0,0.0,0.0,0.0,0.0,1.0,0.0,0.0,0.0,,0.0,0.0,0.0,0.0,0.0,0.0,1.0,0.0,0.0,0.0,0.0,0.0,0.0,,,,,,,,,,,,,,,,2033,2033.0,U,3,280,6313,Robo en calle (a transeúnte),En su vivienda,Mujer
17036,1412348.03,1412348.03.01,1412348.03.01.02,1412348.03.01.02.08.1,1412348,3,1,1,1,8,2,A,2,52,2.0,7,14,98,2,2,0.0,1.0,0.0,0.0,0.0,,,,,,,,,,,,,,,,,,,,,,,,,,,,,,,,,,,,,2,,,9.0,,,,,,,2,,,,,,,,,,,,,,,,5,,,0.0,0.0,1.0,0.0,0.0,0.0,0.0,0.0,0.0,0.0,0.0,0.0,,,,,,,,,,,,,,,,1.0,,,,,,,,,,,,,,1983,1983.0,U,2,279,6240,Fraude bancario,En su vivienda,Mujer
17038,1461782.04,1461782.04.01,1461782.04.01.01,1461782.04.01.01.04.1,1461782,4,1,1,1,4,1,A,2,55,,3,14,100,2,2,,,,,,2.0,,,,,,,,,,,,,,,,,,,,,,,,,,,,,,,,,,,,2,2.0,,8.0,,,,,,,2,,,,,,,,,,,,,,,,1,2000.0,0.0,1.0,1.0,1.0,1.0,0.0,0.0,1.0,1.0,0.0,0.0,0.0,0.0,,0.0,1.0,1.0,0.0,0.0,0.0,0.0,0.0,0.0,0.0,0.0,0.0,0.0,2.0,,,,,,,,,,,,,,,859,,R,2,303,6610,Robo en transporte público,,Mujer
17039,1413843.15,1413843.15.01,1413843.15.01.01,1413843.15.01.01.01.1,1413843,15,1,1,1,1,1,A,1,51,,3,14,100,4,1,,,,,,2.0,,,,,,,,,,,,,,,,,,,,,,,,,,,,,,,,,,,,2,2.0,,4.0,,,,,,,2,,,,,,,,,,,,,,,,1,25000.0,0.0,,,,,,,,,,,,,2.0,,,,,,,,,,,,,,,,,,,,,,,,,,,,,928,,C,2,301,6594,Robo total de vehículo,,Hombre
17040,1413843.1,1413843.10.01,1413843.10.01.01,1413843.10.01.01.07.1,1413843,10,1,1,1,7,1,A,1,41,,5,14,100,2,5,0.0,1.0,0.0,0.0,0.0,,,,,,,,,,,,,,,,,,,,,,,,,,,,,,,,,,,,,2,,,4.0,,,,,,,2,,,,,,,,,,,,,,,,1,3400.0,0.0,0.0,1.0,0.0,0.0,0.0,0.0,0.0,0.0,0.0,0.0,0.0,0.0,,,,,,,,,,,,,,,,4.0,,,,,,,,,,,,,,2783,,C,2,301,6594,Robo en banco/cajero,,Hombre
17041,1413843.15,1413843.15.01,1413843.15.01.01,1413843.15.01.01.07.1,1413843,15,1,1,2,7,1,A,1,51,,1,14,100,3,9,1.0,0.0,0.0,0.0,0.0,,,,,,,,,,,,,,,,,,,,,,,,,,,,,,,,,,,,,2,,,4.0,,,,,,,2,,,,,,,,,,,,,,,,1,10000.0,0.0,,,,,,,,,,,,,,,,,,,,,,,,,,,,4.0,,,,,,,,,,,,,,2783,,C,2,301,6594,Robo en banco/cajero,,Hombre
17042,1413843.15,1413843.15.01,1413843.15.01.01,1413843.15.01.01.07.2,1413843,15,1,2,2,7,1,A,1,51,,2,14,100,4,9,1.0,0.0,0.0,0.0,0.0,,,,,,,,,,,,,,,,,,,,,,,,,,,,,,,,,,,,,2,,,4.0,,,,,,,2,,,,,,,,,,,,,,,,1,15000.0,0.0,0.0,0.0,0.0,0.0,0.0,0.0,0.0,0.0,1.0,0.0,0.0,0.0,,,,,,,,,,,,,,,,4.0,,,,,,,,,,,,,,2783,,C,2,301,6594,Robo en banco/cajero,,Hombre
17043,1413843.15,1413843.15.01,1413843.15.01.01,1413843.15.01.01.02.1,1413843,15,1,1,1,2,1,A,1,51,,2,14,100,4,1,,,,,,2.0,,,,,,,,,,,,,,,,,,,,,,,,,,,,,,,,,,,,2,2.0,,6.0,,,,,,,2,,,,,,,,,,,,,,,,1,30000.0,0.0,,,,,,,,,,,,,,,,,,,,,,,,,,,,,,,,,,,,,,,,,,928,,C,2,301,6594,Robo de accesorios de vehículo,,Hombre
17044,1419455.02,1419455.02.01,1419455.02.01.01,1419455.02.01.01.03.2,1419455,2,1,2,2,3,1,A,2,51,2.0,1,14,101,3,2,,,,,,2.0,,,,,,,,,,,,,,,,,,,,,,,,,,,,,,,,,,,,2,2.0,,6.0,,,,,,,2,,,,,,,,,,,,,,,,1,200.0,0.0,,,,,,,,,,,,,,,,,,,,,,,,,,,,,,,,,,,,,,,,,,1483,1483.0,U,2,285,6508,Robo en vivienda,En su vivienda,Mujer
17045,1414007.05,1414007.05.01,1414007.05.01.02,1414007.05.01.02.10.1,1414007,5,1,1,5,10,2,A,1,21,2.0,2,14,101,2,3,0.0,0.0,1.0,0.0,0.0,1.0,1.0,1.0,1.0,1.0,0.0,0.0,4.0,1.0,0.0,0.0,0.0,0.0,0.0,1.0,0.0,0.0,0.0,1.0,0.0,2.0,,,,,,,1.0,1.0,0.0,0.0,0.0,0.0,0.0,0.0,0.0,2,,,3.0,,,,,,,2,,,,,,,,,,,,,,,,2,0.0,0.0,,,,,,,,,,,,,,,,,,,,,,,,,,,,,,,,,,,,,,,,,,1650,1650.0,U,3,286,6513,Amenazas/intimidación,En su vivienda,Hombre
17046,1414007.05,1414007.05.01,1414007.05.01.02,1414007.05.01.02.10.2,1414007,5,1,2,5,10,2,A,1,21,2.0,4,14,101,2,3,0.0,0.0,1.0,0.0,0.0,1.0,1.0,1.0,2.0,1.0,1.0,0.0,5.0,1.0,0.0,0.0,0.0,0.0,0.0,1.0,0.0,1.0,0.0,0.0,0.0,2.0,,,,,,,1.0,1.0,0.0,0.0,0.0,0.0,0.0,0.0,0.0,2,,,3.0,,,,,,,2,,,,,,,,,,,,,,,,2,0.0,0.0,,,,,,,,,,,,,,,,,,,,,,,,,,,,,,,,,,,,,,,,,,1650,1650.0,U,3,286,6513,Amenazas/intimidación,En su vivienda,Hombre
17047,1414007.05,1414007.05.01,1414007.05.01.02,1414007.05.01.02.05.1,1414007,5,1,1,2,5,2,A,1,21,2.0,11,14,101,1,1,,,,,,1.0,1.0,2.0,2.0,1.0,0.0,0.0,9.0,1.0,0.0,0.0,0.0,0.0,0.0,2.0,0.0,0.0,0.0,1.0,0.0,1.0,0.0,1.0,0.0,0.0,0.0,2.0,2.0,,,,,,,,,2,,,7.0,,,,,,,2,,,,,,,,,,,,,,,,3,0.0,0.0,,,,,,,,,,,,,,0.0,0.0,0.0,0.0,0.0,0.0,0.0,0.0,0.0,0.0,0.0,1.0,0.0,,,,,,,,,,,,,,,,1650,1650.0,U,3,286,6513,Robo en calle (a transeúnte),En su vivienda,Hombre
17048,1414007.05,1414007.05.01,1414007.05.01.02,1414007.05.01.02.10.3,1414007,5,1,3,5,10,2,A,1,21,2.0,5,14,101,2,3,0.0,0.0,1.0,0.0,0.0,1.0,1.0,1.0,1.0,1.0,0.0,0.0,3.0,1.0,0.0,0.0,0.0,0.0,0.0,1.0,0.0,0.0,0.0,1.0,0.0,2.0,,,,,,,2.0,,,,,,,,,2,,,3.0,,,,,,,2,,,,,,,,,,,,,,,,5,,,,,,,,,,,,,,,,,,,,,,,,,,,,,,,,,,,,,,,,,,,,1650,1650.0,U,3,286,6513,Amenazas/intimidación,En su vivienda,Hombre
17049,1404992.05,1404992.05.01,1404992.05.01.01,1404992.05.01.01.02.1,1404992,5,1,1,1,2,1,A,1,43,2.0,9,14,101,2,1,,,,,,1.0,2.0,,,,,,,,,,,,,,,,,,,,,,,,,,,,,,,,,,,2,2.0,,4.0,,,,,,,2,,,,,,,,,,,,,,,,1,1200.0,0.0,0.0,0.0,0.0,1.0,0.0,0.0,0.0,1.0,0.0,0.0,0.0,0.0,,,,,,,,,,,,,,,,,,,,,,,,,,,,,,954,954.0,U,3,280,6349,Robo de accesorios de vehículo,En su vivienda,Hombre
17050,1419455.02,1419455.02.01,1419455.02.01.01,1419455.02.01.01.04.1,1419455,2,1,1,2,4,1,A,2,51,2.0,12,14,101,3,2,,,,,,2.0,,,,,,,,,,,,,,,,,,,,,,,,,,,,,,,,,,,,2,2.0,,6.0,,,,,,,2,,,,,,,,,,,,,,,,1,1000.0,500.0,,,,,,,,,,,,,,0.0,0.0,0.0,1.0,1.0,0.0,1.0,0.0,0.0,0.0,0.0,0.0,0.0,2.0,,,,,,,,,,,,,,,1483,1483.0,U,2,285,6508,Robo en transporte público,En su vivienda,Mujer
17051,1414674.02,1414674.02.01,1414674.02.01.01,1414674.02.01.01.03.1,1414674,2,1,1,2,3,1,A,1,32,2.0,9,14,101,4,2,,,,,,2.0,,,,,,,,,,,,,,,,,,,,,,,,,,,,,,,,,,,,2,2.0,,3.0,,,,,,,1,0.0,1.0,0.0,0.0,0.0,0.0,0.0,0.0,0.0,0.0,0.0,0.0,0.0,1.0,0.0,1,2000.0,0.0,,,,,,,,,,,,,,,,,,,,,,,,,,,,,,,,,,,,,,,,,,962,962.0,U,3,280,6338,Robo en vivienda,En su vivienda,Hombre
17052,1414136.04,1414136.04.01,1414136.04.01.01,1414136.04.01.01.02.1,1414136,4,1,1,1,2,1,A,1,59,2.0,12,14,101,4,1,,,,,,2.0,,,,,,,,,,,,,,,,,,,,,,,,,,,,,,,,,,,,2,2.0,,4.0,,,,,,,2,,,,,,,,,,,,,,,,1,37000.0,0.0,1.0,1.0,1.0,1.0,1.0,0.0,0.0,1.0,0.0,0.0,0.0,0.0,,,,,,,,,,,,,,,,,,,,,,,,,,,,,,741,741.0,U,3,280,6386,Robo de accesorios de vehículo,En su vivienda,Hombre
17053,1414958.04,1414958.04.01,1414958.04.01.01,1414958.04.01.01.01.1,1414958,4,1,1,1,1,1,A,1,49,2.0,12,14,101,3,1,,,,,,1.0,1.0,2.0,2.0,1.0,0.0,0.0,4.0,1.0,0.0,0.0,0.0,0.0,0.0,1.0,0.0,0.0,0.0,0.0,1.0,1.0,1.0,0.0,0.0,0.0,0.0,2.0,2.0,,,,,,,,,2,2.0,,8.0,,,,,,,2,,,,,,,,,,,,,,,,1,150000.0,0.0,,,,,,,,,,,,,2.0,,,,,,,,,,,,,,,,,,,,,,,,,,,,,965,965.0,U,2,282,6494,Robo total de vehículo,En su vivienda,Hombre
17054,1414910.01,1414910.01.01,1414910.01.01.03,1414910.01.01.03.03.1,1414910,1,1,1,1,3,3,A,1,31,2.0,4,14,101,4,2,,,,,,2.0,,,,,,,,,,,,,,,,,,,,,,,,,,,,,,,,,,,,2,2.0,,4.0,,,,,,,2,,,,,,,,,,,,,,,,1,1000.0,0.0,,,,,,,,,,,,,,,,,,,,,,,,,,,,,,,,,,,,,,,,,,962,962.0,U,3,280,6340,Robo en vivienda,En su vivienda,Hombre
17055,1414421.05,1414421.05.01,1414421.05.01.01,1414421.05.01.01.10.1,1414421,5,1,1,1,10,1,A,2,45,2.0,10,14,101,1,1,0.0,0.0,1.0,0.0,0.0,1.0,1.0,1.0,2.0,1.0,0.0,0.0,8.0,0.0,0.0,0.0,1.0,0.0,0.0,,0.0,0.0,0.0,1.0,0.0,1.0,0.0,0.0,1.0,0.0,0.0,2.0,2.0,,,,,,,,,2,,,1.0,,,,,,,1,0.0,1.0,0.0,0.0,0.0,0.0,0.0,0.0,0.0,1.0,0.0,0.0,0.0,0.0,0.0,3,0.0,0.0,1.0,0.0,0.0,0.0,0.0,1.0,1.0,0.0,0.0,0.0,0.0,0.0,,,,,,,,,,,,,,,,,,,,,,,,,,,,,,1698,1698.0,U,2,279,6270,Amenazas/intimidación,En su vivienda,Mujer
17056,1414910.01,1414910.01.01,1414910.01.01.03,1414910.01.01.03.09.1,1414910,1,1,1,1,9,3,A,1,31,2.0,8,14,101,2,3,0.0,1.0,0.0,0.0,0.0,1.0,1.0,2.0,1.0,1.0,0.0,0.0,5.0,1.0,0.0,0.0,0.0,0.0,0.0,2.0,0.0,0.0,0.0,0.0,1.0,2.0,,,,,,,2.0,,,,,,,,,2,,,3.0,,,,,,,2,,,,,,,,,,,,,,,,5,,,1.0,0.0,1.0,1.0,0.0,1.0,0.0,1.0,1.0,0.0,0.0,0.0,,,,,,,,,,,,,,,,,3.0,,,,,1.0,0.0,0.0,3.0,,,,,4808,4808.0,U,3,280,6340,Extorsión,En su vivienda,Hombre
17057,1414674.02,1414674.02.01,1414674.02.01.01,1414674.02.01.01.03.2,1414674,2,1,2,2,3,1,A,1,32,2.0,5,14,101,4,2,,,,,,2.0,,,,,,,,,,,,,,,,,,,,,,,,,,,,,,,,,,,,2,2.0,,3.0,,,,,,,2,,,,,,,,,,,,,,,,1,2000.0,0.0,,,,,,,,,,,,,,,,,,,,,,,,,,,,,,,,,,,,,,,,,,962,962.0,U,3,280,6338,Robo en vivienda,En su vivienda,Hombre
17058,1404355.03,1404355.03.01,1404355.03.01.01,1404355.03.01.01.01.1,1404355,3,1,1,1,1,1,A,1,65,2.0,11,14,101,3,1,,,,,,1.0,1.0,1.0,2.0,1.0,0.0,0.0,8.0,1.0,0.0,0.0,0.0,0.0,0.0,2.0,0.0,0.0,0.0,0.0,1.0,1.0,1.0,0.0,0.0,0.0,0.0,2.0,2.0,,,,,,,,,1,,,,1.0,6.0,,2.0,1.0,2.0,1,0.0,1.0,0.0,0.0,0.0,0.0,0.0,0.0,0.0,1.0,0.0,0.0,0.0,0.0,0.0,3,0.0,0.0,0.0,1.0,1.0,1.0,1.0,0.0,0.0,1.0,1.0,0.0,0.0,0.0,1.0,,,,,,,,,,,,,,,,,,,,,,,,,,,,,1164,1164.0,U,4,281,6404,Robo total de vehículo,En su vivienda,Hombre
17059,1414007.05,1414007.05.01,1414007.05.01.02,1414007.05.01.02.07.1,1414007,5,1,1,1,7,2,A,1,21,2.0,1,14,101,3,2,1.0,0.0,0.0,0.0,0.0,,,,,,,,,,,,,,,,,,,,,,,,,,,,,,,,,,,,,2,,,9.0,,,,,,,2,,,,,,,,,,,,,,,,1,6000.0,0.0,,,,,,,,,,,,,,,,,,,,,,,,,,,,4.0,,,,,,,,,,,,,,1650,1650.0,U,3,286,6513,Robo en banco/cajero,En su vivienda,Hombre
17060,1419455.02,1419455.02.01,1419455.02.01.01,1419455.02.01.01.03.1,1419455,2,1,1,2,3,1,A,2,51,2.0,2,14,101,4,2,,,,,,2.0,,,,,,,,,,,,,,,,,,,,,,,,,,,,,,,,,,,,2,2.0,,6.0,,,,,,,2,,,,,,,,,,,,,,,,1,200.0,0.0,,,,,,,,,,,,,,,,,,,,,,,,,,,,,,,,,,,,,,,,,,1483,1483.0,U,2,285,6508,Robo en vivienda,En su vivienda,Mujer
17061,1414179.05,1414179.05.01,1414179.05.01.02,1414179.05.01.02.10.1,1414179,5,1,1,1,10,2,A,2,62,2.0,11,14,101,3,2,0.0,0.0,1.0,0.0,0.0,1.0,1.0,1.0,2.0,1.0,1.0,0.0,6.0,0.0,0.0,1.0,0.0,0.0,0.0,,0.0,0.0,0.0,1.0,0.0,2.0,,,,,,,2.0,,,,,,,,,2,,,7.0,,,,,,,2,,,,,,,,,,,,,,,,3,0.0,0.0,1.0,1.0,1.0,1.0,1.0,1.0,1.0,1.0,1.0,0.0,0.0,0.0,,,,,,,,,,,,,,,,,,,,,,,,,,,,,,2680,2680.0,U,3,280,6371,Amenazas/intimidación,En su vivienda,Mujer
17062,1414752.02,1414752.02.01,1414752.02.01.01,1414752.02.01.01.02.1,1414752,2,1,1,1,2,1,A,2,53,2.0,9,14,101,2,1,,,,,,2.0,,,,,,,,,,,,,,,,,,,,,,,,,,,,,,,,,,,,2,2.0,,4.0,,,,,,,1,0.0,1.0,0.0,0.0,0.0,0.0,0.0,0.0,0.0,0.0,0.0,0.0,0.0,1.0,0.0,1,2000.0,0.0,0.0,1.0,0.0,1.0,0.0,0.0,1.0,0.0,0.0,0.0,0.0,0.0,,,,,,,,,,,,,,,,,,,,,,,,,,,,,,916,916.0,U,2,279,6255,Robo de accesorios de vehículo,En su vivienda,Mujer
17063,1414752.04,1414752.04.01,1414752.04.01.01,1414752.04.01.01.01.1,1414752,4,1,1,1,1,1,A,1,39,2.0,3,14,101,1,1,,,,,,1.0,1.0,2.0,3.0,1.0,1.0,0.0,5.0,1.0,0.0,0.0,0.0,0.0,0.0,1.0,1.0,0.0,0.0,0.0,0.0,1.0,1.0,0.0,0.0,0.0,0.0,2.0,2.0,,,,,,,,,1,,,,1.0,6.0,,4.0,5.0,2.0,1,0.0,1.0,0.0,0.0,0.0,0.0,0.0,0.0,0.0,1.0,0.0,0.0,0.0,0.0,0.0,1,200000.0,0.0,0.0,0.0,0.0,0.0,0.0,0.0,0.0,1.0,0.0,0.0,0.0,0.0,1.0,,,,,,,,,,,,,,,,,,,,,,,,,,,,,916,916.0,U,2,279,6255,Robo total de vehículo,En su vivienda,Hombre
17064,1414478.01,1414478.01.01,1414478.01.01.01,1414478.01.01.01.03.1,1414478,1,1,1,1,3,1,A,2,56,2.0,99,14,101,1,2,,,,,,2.0,,,,,,,,,,,,,,,,,,,,,,,,,,,,,,,,,,,,2,2.0,,3.0,,,,,,,1,0.0,1.0,0.0,0.0,0.0,0.0,0.0,0.0,0.0,1.0,0.0,0.0,0.0,0.0,0.0,1,0.0,0.0,,,,,,,,,,,,,,,,,,,,,,,,,,,,,,,,,,,,,,,,,,940,940.0,U,3,280,6354,Robo en vivienda,En su vivienda,Mujer
17065,1414478.01,1414478.01.01,1414478.01.01.01,1414478.01.01.01.11.1,1414478,1,1,1,1,11,1,A,2,56,2.0,3,14,101,1,1,,,,,,1.0,1.0,1.0,2.0,0.0,1.0,0.0,4.0,1.0,0.0,0.0,0.0,0.0,0.0,2.0,0.0,0.0,0.0,1.0,0.0,1.0,1.0,0.0,0.0,0.0,0.0,2.0,1.0,0.0,0.0,0.0,0.0,0.0,0.0,0.0,1.0,2,,,6.0,,,,,,,1,1.0,1.0,0.0,0.0,0.0,0.0,0.0,0.0,0.0,1.0,0.0,0.0,0.0,0.0,0.0,1,3500.0,0.0,1.0,1.0,1.0,0.0,0.0,1.0,0.0,1.0,1.0,0.0,0.0,0.0,,,,,,,,,,,,,,,,,,,,,,,,,,,,,,3759,3759.0,U,3,280,6354,Lesiones,En su vivienda,Mujer
17066,1414317.05,1414317.05.01,1414317.05.01.02,1414317.05.01.02.02.1,1414317,5,1,1,1,2,2,A,1,47,2.0,8,14,101,2,1,,,,,,2.0,,,,,,,,,,,,,,,,,,,,,,,,,,,,,,,,,,,,1,,,,1.0,2.0,,4.0,2.0,3.0,1,0.0,1.0,0.0,0.0,0.0,0.0,0.0,0.0,0.0,0.0,0.0,0.0,0.0,1.0,0.0,1,30000.0,0.0,1.0,1.0,1.0,1.0,1.0,1.0,1.0,1.0,1.0,0.0,0.0,0.0,,,,,,,,,,,,,,,,,,,,,,,,,,,,,,1410,1410.0,U,2,279,6203,Robo de accesorios de vehículo,En su vivienda,Hombre
17067,1414777.02,1414777.02.01,1414777.02.01.01,1414777.02.01.01.10.1,1414777,2,1,1,1,10,1,A,1,35,2.0,1,14,101,3,1,0.0,0.0,1.0,0.0,0.0,1.0,1.0,2.0,1.0,1.0,0.0,0.0,4.0,0.0,1.0,0.0,0.0,0.0,0.0,,1.0,1.0,0.0,0.0,0.0,2.0,,,,,,,1.0,0.0,0.0,0.0,0.0,0.0,0.0,0.0,1.0,2,,,7.0,,,,,,,1,0.0,1.0,0.0,0.0,0.0,0.0,0.0,0.0,0.0,0.0,0.0,0.0,0.0,1.0,0.0,2,0.0,0.0,1.0,0.0,0.0,1.0,1.0,0.0,0.0,0.0,0.0,0.0,0.0,0.0,,,,,,,,,,,,,,,,,,,,,,,,,,,,,,682,682.0,U,3,283,6500,Amenazas/intimidación,En su vivienda,Hombre
17068,1460843.03,1460843.03.01,1460843.03.01.01,1460843.03.01.01.02.1,1460843,3,1,1,1,2,1,A,2,28,2.0,1,14,101,4,1,,,,,,2.0,,,,,,,,,,,,,,,,,,,,,,,,,,,,,,,,,,,,2,2.0,,8.0,,,,,,,2,,,,,,,,,,,,,,,,1,2500.0,0.0,1.0,1.0,1.0,1.0,1.0,1.0,1.0,1.0,1.0,0.0,0.0,0.0,,,,,,,,,,,,,,,,,,,,,,,,,,,,,,1032,1032.0,R,2,303,6607,Robo de accesorios de vehículo,En su vivienda,Mujer
17069,1414007.05,1414007.05.01,1414007.05.01.02,1414007.05.01.02.02.1,1414007,5,1,1,1,2,2,A,1,21,2.0,2,14,101,3,1,,,,,,2.0,,,,,,,,,,,,,,,,,,,,,,,,,,,,,,,,,,,,2,2.0,,7.0,,,,,,,2,,,,,,,,,,,,,,,,1,2500.0,0.0,,,,,,,,,,,,,,,,,,,,,,,,,,,,,,,,,,,,,,,,,,825,825.0,U,3,286,6513,Robo de accesorios de vehículo,En su vivienda,Hombre
17070,1402571.05,1402571.05.01,1402571.05.01.02,1402571.05.01.02.03.1,1402571,5,1,1,1,3,2,A,1,23,2.0,7,14,101,2,1,,,,,,2.0,,,,,,,,,,,,,,,,,,,,,,,,,,,,,,,,,,,,2,2.0,,4.0,,,,,,,2,,,,,,,,,,,,,,,,1,1500.0,0.0,,,,,,,,,,,,,,,,,,,,,,,,,,,,,,,,,,,,,,,,,,761,761.0,U,3,280,6385,Robo en vivienda,En su vivienda,Hombre
17071,1414583.01,1414583.01.01,1414583.01.01.02,1414583.01.01.02.09.1,1414583,1,1,1,1,9,2,A,2,23,2.0,5,14,101,2,2,0.0,1.0,0.0,0.0,0.0,1.0,2.0,,,,,,,,,,,,,,,,,,,,,,,,,,,,,,,,,,,2,,,1.0,,,,,,,2,,,,,,,,,,,,,,,,3,0.0,0.0,1.0,0.0,0.0,0.0,0.0,0.0,0.0,0.0,0.0,0.0,0.0,0.0,,,,,,,,,,,,,,,,,3.0,,,,,1.0,0.0,0.0,3.0,,,,,2021,2021.0,U,2,279,6230,Extorsión,En su vivienda,Mujer
17072,1414007.05,1414007.05.01,1414007.05.01.02,1414007.05.01.02.10.4,1414007,5,1,4,5,10,2,A,1,21,2.0,8,14,101,1,3,0.0,0.0,1.0,0.0,0.0,1.0,1.0,2.0,1.0,0.0,1.0,0.0,3.0,1.0,0.0,0.0,0.0,0.0,0.0,2.0,0.0,0.0,0.0,1.0,0.0,2.0,,,,,,,2.0,,,,,,,,,2,,,3.0,,,,,,,2,,,,,,,,,,,,,,,,3,0.0,0.0,,,,,,,,,,,,,,,,,,,,,,,,,,,,,,,,,,,,,,,,,,1650,1650.0,U,3,286,6513,Amenazas/intimidación,En su vivienda,Hombre
17073,1414478.05,1414478.05.01,1414478.05.01.02,1414478.05.01.02.04.1,1414478,5,1,1,1,4,2,A,2,33,2.0,12,14,101,3,2,,,,,,1.0,1.0,1.0,1.0,1.0,0.0,0.0,3.0,1.0,0.0,0.0,0.0,0.0,0.0,2.0,0.0,0.0,0.0,1.0,0.0,2.0,,,,,,,2.0,,,,,,,,,2,2.0,,4.0,,,,,,,2,,,,,,,,,,,,,,,,5,,,0.0,0.0,1.0,1.0,0.0,0.0,0.0,1.0,1.0,0.0,0.0,0.0,,0.0,0.0,0.0,0.0,0.0,0.0,0.0,0.0,0.0,0.0,0.0,1.0,0.0,1.0,,,,,,,,,,,,,,,940,940.0,U,3,280,6354,Robo en transporte público,En su vivienda,Mujer
17074,1414478.01,1414478.01.01,1414478.01.01.01,1414478.01.01.01.02.1,1414478,1,1,1,1,2,1,A,2,56,2.0,9,14,101,2,1,,,,,,2.0,,,,,,,,,,,,,,,,,,,,,,,,,,,,,,,,,,,,2,2.0,,3.0,,,,,,,2,,,,,,,,,,,,,,,,1,300.0,0.0,,,,,,,,,,,,,,,,,,,,,,,,,,,,,,,,,,,,,,,,,,940,940.0,U,3,280,6354,Robo de accesorios de vehículo,En su vivienda,Mujer
17075,1414336.03,1414336.03.01,1414336.03.01.02,1414336.03.01.02.07.1,1414336,3,1,1,1,7,2,A,1,38,2.0,12,14,101,3,2,1.0,0.0,0.0,0.0,0.0,,,,,,,,,,,,,,,,,,,,,,,,,,,,,,,,,,,,,2,,,9.0,,,,,,,2,,,,,,,,,,,,,,,,1,1000.0,0.0,0.0,1.0,1.0,0.0,0.0,0.0,0.0,1.0,0.0,0.0,0.0,0.0,,,,,,,,,,,,,,,,4.0,,,,,,,,,,,,,,2777,2777.0,U,2,279,6254,Robo en banco/cajero,En su vivienda,Hombre
17076,1414478.01,1414478.01.01,1414478.01.01.01,1414478.01.01.01.04.3,1414478,1,1,3,3,4,1,A,2,56,2.0,11,14,101,1,2,,,,,,2.0,,,,,,,,,,,,,,,,,,,,,,,,,,,,,,,,,,,,2,2.0,,3.0,,,,,,,2,,,,,,,,,,,,,,,,3,0.0,0.0,,,,,,,,,,,,,,0.0,0.0,0.0,0.0,0.0,0.0,0.0,0.0,0.0,0.0,0.0,1.0,0.0,2.0,,,,,,,,,,,,,,,940,940.0,U,3,280,6354,Robo en transporte público,En su vivienda,Mujer
17077,1414764.02,1414764.02.01,1414764.02.01.02,1414764.02.01.02.08.1,1414764,2,1,1,1,8,2,A,2,31,2.0,11,14,101,1,2,1.0,0.0,0.0,0.0,0.0,,,,,,,,,,,,,,,,,,,,,,,,,,,,,,,,,,,,,2,,,4.0,,,,,,,2,,,,,,,,,,,,,,,,1,300.0,0.0,1.0,0.0,1.0,0.0,0.0,0.0,0.0,1.0,1.0,0.0,0.0,0.0,,,,,,,,,,,,,,,,1.0,,,,,,,,,,,,,,1710,1710.0,U,3,280,6378,Fraude bancario,En su vivienda,Mujer
17078,1414885.05,1414885.05.01,1414885.05.01.05,1414885.05.01.05.11.1,1414885,5,1,1,1,11,5,A,2,34,2.0,2,14,101,2,2,,,,,,1.0,1.0,2.0,1.0,1.0,0.0,0.0,5.0,0.0,0.0,0.0,1.0,0.0,0.0,,0.0,0.0,0.0,1.0,0.0,2.0,,,,,,,1.0,1.0,0.0,0.0,0.0,0.0,0.0,0.0,0.0,2,,,6.0,,,,,,,2,,,,,,,,,,,,,,,,3,0.0,12000.0,1.0,0.0,1.0,1.0,0.0,1.0,1.0,1.0,1.0,0.0,0.0,0.0,,,,,,,,,,,,,,,,,,,,,,,,,,,,,,5222,5222.0,U,3,280,6303,Lesiones,En su vivienda,Mujer
17079,1414674.01,1414674.01.01,1414674.01.01.02,1414674.01.01.02.07.1,1414674,1,1,1,1,7,2,A,2,61,2.0,1,14,101,1,2,0.0,1.0,0.0,0.0,0.0,,,,,,,,,,,,,,,,,,,,,,,,,,,,,,,,,,,,,2,,,4.0,,,,,,,2,,,,,,,,,,,,,,,,1,1000.0,0.0,1.0,0.0,1.0,0.0,0.0,0.0,0.0,1.0,1.0,0.0,0.0,0.0,,,,,,,,,,,,,,,,4.0,,,,,,,,,,,,,,4811,4811.0,U,3,280,6338,Robo en banco/cajero,En su vivienda,Mujer
17080,1414478.01,1414478.01.01,1414478.01.01.01,1414478.01.01.01.09.1,1414478,1,1,1,1,9,1,A,2,56,2.0,5,14,101,2,2,0.0,1.0,0.0,0.0,0.0,1.0,2.0,,,,,,,,,,,,,,,,,,,,,,,,,,,,,,,,,,,2,,,3.0,,,,,,,2,,,,,,,,,,,,,,,,3,0.0,0.0,,,,,,,,,,,,,,,,,,,,,,,,,,,,,3.0,,,,,1.0,0.0,0.0,3.0,,,,,3759,3759.0,U,3,280,6354,Extorsión,En su vivienda,Mujer
17081,1414478.04,1414478.04.01,1414478.04.01.01,1414478.04.01.01.09.1,1414478,4,1,1,1,9,1,A,2,35,2.0,3,14,101,1,2,0.0,1.0,0.0,0.0,0.0,2.0,,,,,,,,,,,,,,,,,,,,,,,,,,,,,,,,,,,,2,,,3.0,,,,,,,2,,,,,,,,,,,,,,,,5,,,1.0,0.0,1.0,0.0,0.0,0.0,0.0,0.0,0.0,0.0,0.0,0.0,,,,,,,,,,,,,,,,,3.0,,,,,0.0,0.0,1.0,,,,,,940,940.0,U,3,280,6354,Extorsión,En su vivienda,Mujer
17082,1415006.01,1415006.01.01,1415006.01.01.01,1415006.01.01.01.08.1,1415006,1,1,1,1,8,1,A,2,52,2.0,6,14,101,2,2,1.0,0.0,0.0,0.0,0.0,,,,,,,,,,,,,,,,,,,,,,,,,,,,,,,,,,,,,2,,,7.0,,,,,,,2,,,,,,,,,,,,,,,,1,1000.0,0.0,0.0,0.0,0.0,0.0,0.0,0.0,0.0,0.0,0.0,0.0,0.0,1.0,,,,,,,,,,,,,,,,1.0,,,,,,,,,,,,,,1862,1862.0,U,3,280,6357,Fraude bancario,En su vivienda,Mujer
17083,1415006.04,1415006.04.01,1415006.04.01.01,1415006.04.01.01.04.1,1415006,4,1,1,1,4,1,A,1,45,2.0,10,14,101,1,2,,,,,,2.0,,,,,,,,,,,,,,,,,,,,,,,,,,,,,,,,,,,,1,,,,1.0,2.0,,3.0,3.0,2.0,2,,,,,,,,,,0.0,0.0,0.0,0.0,1.0,0.0,1,250000.0,0.0,0.0,1.0,1.0,1.0,0.0,0.0,0.0,1.0,1.0,0.0,0.0,0.0,,1.0,1.0,1.0,1.0,0.0,0.0,0.0,0.0,0.0,0.0,1.0,0.0,0.0,2.0,,,,,,,,,,,,,,,931,931.0,U,3,280,6357,Robo en transporte público,En su vivienda,Hombre
17084,1414783.03,1414783.03.01,1414783.03.01.01,1414783.03.01.01.03.1,1414783,3,1,1,1,3,1,A,1,36,2.0,2,14,101,4,2,,,,,,2.0,,,,,,,,,,,,,,,,,,,,,,,,,,,,,,,,,,,,2,2.0,,7.0,,,,,,,2,,,,,,,,,,,,,,,,5,,,1.0,0.0,0.0,0.0,1.0,0.0,0.0,0.0,0.0,0.0,0.0,0.0,,,,,,,,,,,,,,,,,,,,,,,,,,,,,,838,838.0,U,2,279,6272,Robo en vivienda,En su vivienda,Hombre
17085,1414958.04,1414958.04.01,1414958.04.01.01,1414958.04.01.01.02.1,1414958,4,1,1,1,2,1,A,1,49,2.0,12,14,101,3,1,,,,,,1.0,1.0,2.0,2.0,1.0,0.0,0.0,8.0,1.0,0.0,0.0,0.0,0.0,0.0,1.0,0.0,0.0,0.0,0.0,1.0,1.0,1.0,0.0,0.0,0.0,0.0,2.0,2.0,,,,,,,,,2,2.0,,8.0,,,,,,,2,,,,,,,,,,,,,,,,1,4000.0,0.0,0.0,0.0,0.0,0.0,0.0,0.0,0.0,1.0,0.0,0.0,0.0,0.0,,,,,,,,,,,,,,,,,,,,,,,,,,,,,,965,965.0,U,2,282,6494,Robo de accesorios de vehículo,En su vivienda,Hombre
17086,1414478.01,1414478.01.01,1414478.01.01.01,1414478.01.01.01.04.2,1414478,1,1,2,3,4,1,A,2,56,2.0,10,14,101,3,2,,,,,,1.0,1.0,1.0,1.0,1.0,0.0,0.0,3.0,0.0,1.0,0.0,0.0,0.0,0.0,,0.0,0.0,0.0,0.0,1.0,2.0,,,,,,,2.0,,,,,,,,,2,2.0,,1.0,,,,,,,2,,,,,,,,,,,,,,,,3,0.0,0.0,,,,,,,,,,,,,,0.0,0.0,0.0,0.0,0.0,0.0,0.0,0.0,0.0,0.0,0.0,1.0,0.0,1.0,,,,,,,,,,,,,,,940,940.0,U,3,280,6354,Robo en transporte público,En su vivienda,Mujer
17087,1414958.03,1414958.03.01,1414958.03.01.01,1414958.03.01.01.06.1,1414958,3,1,1,1,6,1,A,2,35,2.0,3,14,101,2,3,,,,,,1.0,1.0,2.0,1.0,1.0,0.0,0.0,6.0,1.0,0.0,0.0,0.0,0.0,0.0,1.0,0.0,0.0,0.0,1.0,0.0,1.0,1.0,0.0,0.0,0.0,0.0,2.0,2.0,,,,,,,,,2,,,9.0,,,,,,,2,,,,,,,,,,,,,,,,1,9200.0,0.0,0.0,1.0,1.0,1.0,1.0,0.0,0.0,1.0,1.0,0.0,0.0,0.0,,0.0,0.0,0.0,0.0,0.0,0.0,1.0,0.0,1.0,0.0,0.0,0.0,0.0,,,,,,,,,,,,,,,,1930,1930.0,U,2,282,6494,Robo en negocio,En su vivienda,Mujer
17088,1414583.04,1414583.04.01,1414583.04.01.01,1414583.04.01.01.05.1,1414583,4,1,1,1,5,1,A,1,44,2.0,5,14,101,3,1,,,,,,1.0,1.0,2.0,2.0,1.0,0.0,0.0,4.0,1.0,0.0,0.0,0.0,0.0,0.0,2.0,1.0,0.0,0.0,0.0,0.0,1.0,0.0,0.0,1.0,0.0,0.0,1.0,,0.0,0.0,0.0,1.0,0.0,0.0,0.0,0.0,2,,,4.0,,,,,,,2,,,,,,,,,,,,,,,,1,4500.0,2000.0,0.0,0.0,0.0,0.0,0.0,0.0,0.0,0.0,1.0,0.0,0.0,0.0,,0.0,0.0,0.0,0.0,0.0,0.0,1.0,0.0,0.0,0.0,0.0,0.0,0.0,,,,,,,,,,,,,,,,2021,2021.0,U,2,279,6230,Robo en calle (a transeúnte),En su vivienda,Hombre
17089,1419455.05,1419455.05.01,1419455.05.01.01,1419455.05.01.01.04.2,1419455,5,1,2,2,4,1,A,1,34,2.0,3,14,101,4,2,,,,,,2.0,,,,,,,,,,,,,,,,,,,,,,,,,,,,,,,,,,,,2,2.0,,4.0,,,,,,,2,,,,,,,,,,,,,,,,1,800.0,0.0,0.0,0.0,0.0,0.0,0.0,0.0,0.0,0.0,1.0,0.0,0.0,0.0,,0.0,0.0,0.0,0.0,0.0,0.0,0.0,0.0,0.0,0.0,0.0,1.0,0.0,2.0,,,,,,,,,,,,,,,1483,1483.0,U,2,285,6508,Robo en transporte público,En su vivienda,Hombre
17090,1414579.04,1414579.04.01,1414579.04.01.01,1414579.04.01.01.07.1,1414579,4,1,1,1,7,1,A,1,29,2.0,8,14,101,9,3,1.0,0.0,0.0,0.0,0.0,,,,,,,,,,,,,,,,,,,,,,,,,,,,,,,,,,,,,2,,,4.0,,,,,,,2,,,,,,,,,,,,,,,,5,,,0.0,0.0,1.0,1.0,0.0,0.0,0.0,1.0,1.0,0.0,0.0,0.0,,,,,,,,,,,,,,,,5.0,,,,,,,,,,,,,,1806,1806.0,U,2,279,6258,Robo en banco/cajero,En su vivienda,Hombre
17091,1413921.04,1413921.04.01,1413921.04.01.01,1413921.04.01.01.03.1,1413921,4,1,1,1,3,1,A,1,53,2.0,2,14,101,3,2,,,,,,2.0,,,,,,,,,,,,,,,,,,,,,,,,,,,,,,,,,,,,2,2.0,,7.0,,,,,,,2,,,,,,,,,,,,,,,,1,500.0,0.0,0.0,0.0,0.0,0.0,0.0,0.0,1.0,1.0,0.0,0.0,0.0,0.0,,,,,,,,,,,,,,,,,,,,,,,,,,,,,,803,803.0,U,2,279,6281,Robo en vivienda,En su vivienda,Hombre
17092,1419444.05,1419444.05.01,1419444.05.01.02,1419444.05.01.02.05.1,1419444,5,1,1,1,5,2,A,2,36,2.0,4,14,101,2,1,,,,,,1.0,1.0,1.0,1.0,1.0,0.0,0.0,3.0,1.0,0.0,0.0,0.0,0.0,0.0,2.0,0.0,0.0,0.0,1.0,0.0,2.0,,,,,,,2.0,,,,,,,,,1,,,,1.0,9.0,,3.0,5.0,2.0,2,,,,,,,,,,0.0,0.0,0.0,0.0,1.0,0.0,1,20000.0,0.0,1.0,0.0,0.0,1.0,0.0,0.0,0.0,0.0,1.0,0.0,0.0,0.0,,0.0,0.0,0.0,0.0,0.0,0.0,1.0,0.0,1.0,0.0,0.0,0.0,0.0,,,,,,,,,,,,,,,,2064,2064.0,U,3,280,6308,Robo en calle (a transeúnte),En su vivienda,Mujer
17093,1414007.05,1414007.05.01,1414007.05.01.02,1414007.05.01.02.10.5,1414007,5,1,5,5,10,2,A,1,21,2.0,10,14,101,2,3,0.0,0.0,1.0,0.0,0.0,1.0,1.0,1.0,3.0,1.0,1.0,0.0,3.0,1.0,0.0,0.0,0.0,0.0,0.0,1.0,0.0,0.0,0.0,1.0,0.0,2.0,,,,,,,1.0,1.0,0.0,0.0,0.0,0.0,0.0,0.0,0.0,2,,,3.0,,,,,,,2,,,,,,,,,,,,,,,,2,10.0,0.0,0.0,0.0,0.0,0.0,0.0,0.0,0.0,0.0,0.0,0.0,1.0,0.0,,,,,,,,,,,,,,,,,,,,,,,,,,,,,,1650,1650.0,U,3,286,6513,Amenazas/intimidación,En su vivienda,Hombre
17094,1414478.01,1414478.01.01,1414478.01.01.01,1414478.01.01.01.10.1,1414478,1,1,1,1,10,1,A,2,56,2.0,10,14,101,1,2,0.0,1.0,0.0,0.0,0.0,1.0,2.0,,,,,,,,,,,,,,,,,,,,,,,,,,,,,,,,,,,2,,,6.0,,,,,,,2,,,,,,,,,,,,,,,,3,0.0,0.0,,,,,,,,,,,,,,,,,,,,,,,,,,,,,,,,,,,,,,,,,,3759,3759.0,U,3,280,6354,Amenazas/intimidación,En su vivienda,Mujer
17095,1414674.02,1414674.02.01,1414674.02.01.01,1414674.02.01.01.07.1,1414674,2,1,1,1,7,1,A,1,32,2.0,1,14,101,1,2,1.0,0.0,0.0,0.0,0.0,,,,,,,,,,,,,,,,,,,,,,,,,,,,,,,,,,,,,2,,,9.0,,,,,,,2,,,,,,,,,,,,,,,,5,,,1.0,0.0,0.0,0.0,0.0,0.0,0.0,1.0,1.0,0.0,0.0,0.0,,,,,,,,,,,,,,,,4.0,,,,,,,,,,,,,,1925,1925.0,U,3,280,6338,Robo en banco/cajero,En su vivienda,Hombre
17096,1419455.02,1419455.02.01,1419455.02.01.01,1419455.02.01.01.04.2,1419455,2,1,2,2,4,1,A,2,51,2.0,12,14,101,3,2,,,,,,2.0,,,,,,,,,,,,,,,,,,,,,,,,,,,,,,,,,,,,2,2.0,,8.0,,,,,,,2,,,,,,,,,,,,,,,,1,2500.0,0.0,,,,,,,,,,,,,,0.0,0.0,0.0,0.0,0.0,0.0,0.0,0.0,0.0,1.0,0.0,0.0,0.0,2.0,,,,,,,,,,,,,,,1483,1483.0,U,2,285,6508,Robo en transporte público,En su vivienda,Mujer
17097,1414478.01,1414478.01.01,1414478.01.01.01,1414478.01.01.01.04.1,1414478,1,1,1,3,4,1,A,2,56,2.0,11,14,101,4,2,,,,,,2.0,,,,,,,,,,,,,,,,,,,,,,,,,,,,,,,,,,,,2,2.0,,7.0,,,,,,,2,,,,,,,,,,,,,,,,3,0.0,0.0,,,,,,,,,,,,,,0.0,0.0,0.0,0.0,0.0,0.0,0.0,0.0,0.0,0.0,0.0,1.0,0.0,1.0,,,,,,,,,,,,,,,940,940.0,U,3,280,6354,Robo en transporte público,En su vivienda,Mujer
17098,1414478.05,1414478.05.01,1414478.05.01.02,1414478.05.01.02.02.1,1414478,5,1,1,2,2,2,A,2,33,2.0,3,14,101,3,1,,,,,,2.0,,,,,,,,,,,,,,,,,,,,,,,,,,,,,,,,,,,,2,2.0,,5.0,,,,,,,2,,,,,,,,,,,,,,,,1,500.0,0.0,,,,,,,,,,,,,,,,,,,,,,,,,,,,,,,,,,,,,,,,,,940,940.0,U,3,280,6354,Robo de accesorios de vehículo,En su vivienda,Mujer
17099,1419455.05,1419455.05.01,1419455.05.01.01,1419455.05.01.01.04.1,1419455,5,1,1,2,4,1,A,1,34,2.0,8,14,101,4,2,,,,,,2.0,,,,,,,,,,,,,,,,,,,,,,,,,,,,,,,,,,,,2,2.0,,4.0,,,,,,,2,,,,,,,,,,,,,,,,3,0.0,0.0,,,,,,,,,,,,,,0.0,0.0,0.0,0.0,0.0,0.0,0.0,0.0,0.0,0.0,0.0,1.0,0.0,2.0,,,,,,,,,,,,,,,1483,1483.0,U,2,285,6508,Robo en transporte público,En su vivienda,Hombre
17100,1415155.1,1415155.10.01,1415155.10.01.02,1415155.10.01.02.08.1,1415155,10,1,1,1,8,2,A,1,65,,3,14,103,1,8,1.0,0.0,0.0,0.0,0.0,,,,,,,,,,,,,,,,,,,,,,,,,,,,,,,,,,,,,2,,,6.0,,,,,,,2,,,,,,,,,,,,,,,,1,500.0,0.0,,,,,,,,,,,,,,,,,,,,,,,,,,,,1.0,,,,,,,,,,,,,,4771,,C,3,300,6589,Fraude bancario,,Hombre
17101,1415155.1,1415155.10.01,1415155.10.01.02,1415155.10.01.02.09.1,1415155,10,1,1,1,9,2,A,1,65,,9,14,103,1,2,0.0,1.0,0.0,0.0,0.0,1.0,2.0,,,,,,,,,,,,,,,,,,,,,,,,,,,,,,,,,,,2,,,6.0,,,,,,,2,,,,,,,,,,,,,,,,5,,,0.0,0.0,0.0,1.0,0.0,0.0,0.0,0.0,0.0,0.0,0.0,0.0,,,,,,,,,,,,,,,,,3.0,,,,,1.0,0.0,0.0,3.0,,,,,4771,,C,3,300,6589,Extorsión,,Hombre
17103,1415331.07,1415331.07.01,1415331.07.01.02,1415331.07.01.02.05.1,1415331,7,1,1,1,5,2,A,1,26,,5,14,108,3,1,,,,,,1.0,1.0,2.0,1.0,1.0,0.0,0.0,3.0,1.0,0.0,0.0,0.0,0.0,0.0,2.0,1.0,1.0,0.0,0.0,0.0,1.0,0.0,1.0,0.0,0.0,0.0,2.0,2.0,,,,,,,,,2,,,5.0,,,,,,,1,0.0,1.0,0.0,0.0,0.0,0.0,0.0,0.0,0.0,1.0,0.0,0.0,0.0,0.0,0.0,1,2000.0,0.0,1.0,1.0,1.0,1.0,1.0,1.0,1.0,1.0,1.0,0.0,0.0,0.0,,0.0,0.0,0.0,0.0,0.0,0.0,1.0,0.0,0.0,0.0,0.0,0.0,0.0,,,,,,,,,,,,,,,,3982,,C,2,297,6570,Robo en calle (a transeúnte),,Hombre
17104,1415331.16,1415331.16.01,1415331.16.01.02,1415331.16.01.02.01.1,1415331,16,1,1,1,1,2,A,2,36,,5,14,108,2,4,,,,,,2.0,,,,,,,,,,,,,,,,,,,,,,,,,,,,,,,,,,,,1,,,,1.0,2.0,,2.0,3.0,1.0,2,,,,,,,,,,1.0,0.0,0.0,0.0,0.0,0.0,1,250000.0,0.0,1.0,1.0,1.0,0.0,1.0,0.0,0.0,1.0,1.0,0.0,0.0,0.0,2.0,,,,,,,,,,,,,,,,,,,,,,,,,,,,,995,,C,2,297,6570,Robo total de vehículo,,Mujer
17105,1415331.07,1415331.07.01,1415331.07.01.02,1415331.07.01.02.03.1,1415331,7,1,1,1,3,2,A,1,26,,3,14,108,2,1,,,,,,1.0,1.0,2.0,1.0,1.0,0.0,0.0,3.0,1.0,0.0,0.0,0.0,0.0,0.0,1.0,1.0,0.0,0.0,0.0,0.0,2.0,,,,,,,2.0,,,,,,,,,2,2.0,,99.0,,,,,,,1,0.0,1.0,0.0,0.0,0.0,0.0,0.0,0.0,0.0,0.0,0.0,0.0,0.0,1.0,0.0,1,800.0,0.0,,,,,,,,,,,,,,,,,,,,,,,,,,,,,,,,,,,,,,,,,,995,,C,2,297,6570,Robo en vivienda,,Hombre
17106,1415398.19,1415398.19.01,1415398.19.01.01,1415398.19.01.01.09.1,1415398,19,1,1,1,9,1,A,2,52,,3,14,110,1,3,0.0,1.0,0.0,0.0,0.0,1.0,1.0,2.0,1.0,1.0,0.0,0.0,9.0,1.0,0.0,0.0,0.0,0.0,0.0,2.0,0.0,0.0,0.0,1.0,0.0,9.0,,,,,,,2.0,,,,,,,,,2,,,4.0,,,,,,,1,0.0,0.0,1.0,0.0,0.0,0.0,0.0,0.0,0.0,1.0,0.0,0.0,0.0,0.0,0.0,3,4800.0,4800.0,,,,,,,,,,,,,,,,,,,,,,,,,,,,,3.0,,,,,1.0,0.0,0.0,3.0,,,,,4577,,C,3,300,6590,Extorsión,,Mujer
17107,1415398.04,1415398.04.01,1415398.04.01.01,1415398.04.01.01.09.1,1415398,4,1,1,1,9,1,A,2,50,,12,14,110,3,2,0.0,1.0,0.0,0.0,0.0,2.0,,,,,,,,,,,,,,,,,,,,,,,,,,,,,,,,,,,,2,,,4.0,,,,,,,2,,,,,,,,,,,,,,,,5,,,1.0,0.0,0.0,0.0,0.0,0.0,0.0,0.0,1.0,0.0,0.0,0.0,,,,,,,,,,,,,,,,,3.0,,,,,1.0,0.0,0.0,3.0,,,,,3433,,C,3,300,6590,Extorsión,,Mujer
17108,1415398.07,1415398.07.01,1415398.07.01.01,1415398.07.01.01.03.1,1415398,7,1,1,1,3,1,A,1,23,,11,14,110,2,2,,,,,,2.0,,,,,,,,,,,,,,,,,,,,,,,,,,,,,,,,,,,,2,2.0,,7.0,,,,,,,2,,,,,,,,,,,,,,,,1,1000.0,0.0,0.0,0.0,0.0,0.0,0.0,0.0,0.0,0.0,0.0,1.0,0.0,0.0,,,,,,,,,,,,,,,,,,,,,,,,,,,,,,1144,,C,3,300,6590,Robo en vivienda,,Hombre
17109,1415398.07,1415398.07.01,1415398.07.01.01,1415398.07.01.01.01.1,1415398,7,1,1,1,1,1,A,1,23,,5,14,110,4,2,,,,,,2.0,,,,,,,,,,,,,,,,,,,,,,,,,,,,,,,,,,,,2,2.0,,7.0,,,,,,,2,,,,,,,,,,,,,,,,1,8000.0,0.0,,,,,,,,,,,,,1.0,,,,,,,,,,,,,,,,,,,,,,,,,,,,,1144,,C,3,300,6590,Robo total de vehículo,,Hombre
17110,1415398.19,1415398.19.01,1415398.19.01.01,1415398.19.01.01.11.1,1415398,19,1,1,1,11,1,A,2,52,,6,14,110,3,2,,,,,,1.0,1.0,2.0,1.0,1.0,0.0,0.0,5.0,0.0,0.0,0.0,1.0,0.0,0.0,,0.0,0.0,0.0,0.0,1.0,2.0,,,,,,,1.0,1.0,0.0,0.0,1.0,0.0,0.0,0.0,0.0,2,,,1.0,,,,,,,2,,,,,,,,,,,,,,,,5,,,0.0,0.0,0.0,0.0,0.0,0.0,0.0,0.0,1.0,0.0,0.0,0.0,,,,,,,,,,,,,,,,,,,,,,,,,,,,,,4577,,C,3,300,6590,Lesiones,,Mujer
17112,1402117.01,1402117.01.01,1402117.01.01.02,1402117.01.01.02.08.3,1402117,1,1,3,3,8,2,A,2,58,,5,14,114,2,8,0.0,0.0,1.0,0.0,0.0,,,,,,,,,,,,,,,,,,,,,,,,,,,,,,,,,,,,,2,,,9.0,,,,,,,2,,,,,,,,,,,,,,,,1,120000.0,0.0,,,,,,,,,,,,,,,,,,,,,,,,,,,,1.0,,,,,,,,,,,,,,2554,,C,2,301,6592,Fraude bancario,,Mujer
17113,1415509.07,1415509.07.01,1415509.07.01.02,1415509.07.01.02.01.1,1415509,7,1,1,1,1,2,A,2,25,,5,14,114,2,1,,,,,,2.0,,,,,,,,,,,,,,,,,,,,,,,,,,,,,,,,,,,,2,2.0,,1.0,,,,,,,2,,,,,,,,,,,,,,,,1,40000.0,0.0,0.0,0.0,0.0,1.0,0.0,0.0,0.0,1.0,0.0,0.0,0.0,0.0,2.0,,,,,,,,,,,,,,,,,,,,,,,,,,,,,1143,,C,3,300,6591,Robo total de vehículo,,Mujer
17114,1415509.17,1415509.17.01,1415509.17.01.02,1415509.17.01.02.09.1,1415509,17,1,1,1,9,2,A,2,47,,7,14,114,2,2,0.0,1.0,0.0,0.0,0.0,1.0,1.0,2.0,1.0,1.0,0.0,0.0,5.0,1.0,0.0,0.0,0.0,0.0,0.0,2.0,0.0,0.0,0.0,1.0,0.0,9.0,,,,,,,2.0,,,,,,,,,2,,,1.0,,,,,,,2,,,,,,,,,,,,,,,,3,0.0,0.0,0.0,0.0,0.0,0.0,1.0,0.0,0.0,0.0,0.0,0.0,0.0,0.0,,,,,,,,,,,,,,,,,1.0,,,,,1.0,0.0,0.0,3.0,,,,,2287,,C,3,300,6591,Extorsión,,Mujer
17115,1417410.03,1417410.03.01,1417410.03.01.01,1417410.03.01.01.02.3,1417410,3,1,3,3,2,1,A,1,40,2.0,8,14,120,4,1,,,,,,2.0,,,,,,,,,,,,,,,,,,,,,,,,,,,,,,,,,,,,2,2.0,,7.0,,,,,,,2,,,,,,,,,,,,,,,,1,4000.0,0.0,,,,,,,,,,,,,,,,,,,,,,,,,,,,,,,,,,,,,,,,,,943,943.0,U,1,278,6196,Robo de accesorios de vehículo,En su vivienda,Hombre
17116,1417434.01,1417434.01.01,1417434.01.01.04,1417434.01.01.04.13.1,1417434,1,1,1,1,13,4,A,2,22,2.0,10,14,120,1,6,0.0,0.0,1.0,0.0,0.0,1.0,1.0,2.0,1.0,1.0,0.0,0.0,6.0,1.0,0.0,0.0,0.0,0.0,0.0,2.0,0.0,0.0,0.0,0.0,1.0,2.0,,,,,,,2.0,,,,,,,,,2,,,6.0,,,,,,,2,,,,,,,,,,,,,,,,3,0.0,0.0,0.0,0.0,0.0,1.0,0.0,1.0,1.0,0.0,1.0,0.0,0.0,0.0,,,,,,,,,,,,,,,,,,,,,,,,,,,,,3.0,4976,4976.0,U,1,278,6195,Delito sexual,En su vivienda,Mujer
17117,1416027.03,1416027.03.01,1416027.03.01.03,1416027.03.01.03.03.1,1416027,3,1,1,1,3,3,A,1,30,2.0,2,14,120,4,1,,,,,,2.0,,,,,,,,,,,,,,,,,,,,,,,,,,,,,,,,,,,,2,2.0,,6.0,,,,,,,2,,,,,,,,,,,,,,,,1,2500.0,0.0,1.0,0.0,0.0,1.0,1.0,0.0,0.0,1.0,1.0,0.0,0.0,0.0,,,,,,,,,,,,,,,,,,,,,,,,,,,,,,988,988.0,U,3,280,6324,Robo en vivienda,En su vivienda,Hombre
17118,1417138.01,1417138.01.01,1417138.01.01.04,1417138.01.01.04.03.1,1417138,1,1,1,2,3,4,A,2,20,2.0,7,14,120,3,2,,,,,,2.0,,,,,,,,,,,,,,,,,,,,,,,,,,,,,,,,,,,,2,2.0,,3.0,,,,,,,2,,,,,,,,,,,,,,,,1,500.0,0.0,,,,,,,,,,,,,,,,,,,,,,,,,,,,,,,,,,,,,,,,,,710,710.0,U,2,279,6288,Robo en vivienda,En su vivienda,Mujer
17122,1417410.03,1417410.03.01,1417410.03.01.01,1417410.03.01.01.02.1,1417410,3,1,1,3,2,1,A,1,40,2.0,11,14,120,4,1,,,,,,2.0,,,,,,,,,,,,,,,,,,,,,,,,,,,,,,,,,,,,2,2.0,,9.0,,,,,,,2,,,,,,,,,,,,,,,,1,6000.0,0.0,,,,,,,,,,,,,,,,,,,,,,,,,,,,,,,,,,,,,,,,,,943,943.0,U,1,278,6196,Robo de accesorios de vehículo,En su vivienda,Hombre
17123,1416027.05,1416027.05.01,1416027.05.01.02,1416027.05.01.02.05.1,1416027,5,1,1,1,5,2,A,2,38,2.0,2,14,120,3,6,,,,,,1.0,1.0,2.0,1.0,1.0,0.0,0.0,4.0,1.0,0.0,0.0,0.0,0.0,0.0,2.0,1.0,0.0,0.0,0.0,0.0,2.0,,,,,,,2.0,,,,,,,,,2,,,4.0,,,,,,,2,,,,,,,,,,,,,,,,1,300.0,0.0,1.0,0.0,1.0,0.0,1.0,1.0,1.0,0.0,1.0,0.0,0.0,0.0,,0.0,0.0,0.0,0.0,1.0,1.0,1.0,0.0,0.0,0.0,0.0,0.0,0.0,,,,,,,,,,,,,,,,1977,1977.0,U,3,280,6324,Robo en calle (a transeúnte),En su vivienda,Mujer
17124,1418620.03,1418620.03.01,1418620.03.01.01,1418620.03.01.01.11.1,1418620,3,1,1,1,11,1,A,2,42,2.0,6,14,120,2,1,,,,,,1.0,1.0,2.0,1.0,0.0,1.0,0.0,4.0,1.0,0.0,0.0,0.0,0.0,0.0,2.0,0.0,0.0,0.0,1.0,0.0,2.0,,,,,,,1.0,0.0,0.0,0.0,0.0,0.0,0.0,0.0,1.0,2,,,7.0,,,,,,,2,,,,,,,,,,,,,,,,5,,,1.0,1.0,1.0,1.0,1.0,1.0,1.0,1.0,1.0,0.0,0.0,0.0,,,,,,,,,,,,,,,,,,,,,,,,,,,,,,1689,1689.0,C,3,296,6559,Lesiones,En su vivienda,Mujer
17125,1418689.19,1418689.19.01,1418689.19.01.04,1418689.19.01.04.05.1,1418689,19,1,1,1,5,4,A,1,23,2.0,8,14,120,3,1,,,,,,1.0,1.0,2.0,2.0,1.0,0.0,0.0,3.0,1.0,0.0,0.0,0.0,0.0,0.0,2.0,0.0,0.0,0.0,1.0,0.0,1.0,0.0,1.0,0.0,0.0,0.0,2.0,1.0,1.0,0.0,0.0,0.0,0.0,0.0,0.0,0.0,2,,,4.0,,,,,,,2,,,,,,,,,,,,,,,,1,10000.0,0.0,,,,,,,,,,,,,,0.0,0.0,0.0,0.0,0.0,0.0,1.0,0.0,1.0,0.0,0.0,0.0,0.0,,,,,,,,,,,,,,,,4458,4458.0,C,2,295,6554,Robo en calle (a transeúnte),En su vivienda,Hombre
17127,1417410.01,1417410.01.01,1417410.01.01.01,1417410.01.01.01.09.1,1417410,1,1,1,1,9,1,A,1,53,2.0,3,14,120,1,3,0.0,0.0,1.0,0.0,0.0,1.0,1.0,2.0,1.0,1.0,0.0,0.0,5.0,0.0,0.0,0.0,1.0,0.0,0.0,,0.0,0.0,0.0,1.0,0.0,2.0,,,,,,,2.0,,,,,,,,,2,,,1.0,,,,,,,2,,,,,,,,,,,,,,,,5,,,0.0,0.0,0.0,0.0,0.0,0.0,0.0,1.0,0.0,0.0,0.0,0.0,,,,,,,,,,,,,,,,,3.0,0.0,0.0,0.0,1.0,0.0,0.0,1.0,,,,,,4713,4713.0,U,1,278,6196,Extorsión,En su vivienda,Hombre
17128,1418689.19,1418689.19.01,1418689.19.01.04,1418689.19.01.04.02.1,1418689,19,1,1,1,2,4,A,1,23,2.0,2,14,120,3,1,,,,,,2.0,,,,,,,,,,,,,,,,,,,,,,,,,,,,,,,,,,,,2,2.0,,4.0,,,,,,,1,0.0,1.0,0.0,0.0,0.0,0.0,0.0,0.0,0.0,0.0,0.0,0.0,0.0,1.0,0.0,1,2000.0,0.0,,,,,,,,,,,,,,,,,,,,,,,,,,,,,,,,,,,,,,,,,,892,892.0,C,2,295,6554,Robo de accesorios de vehículo,En su vivienda,Hombre
17129,1417410.03,1417410.03.01,1417410.03.01.01,1417410.03.01.01.10.1,1417410,3,1,1,1,10,1,A,1,40,2.0,5,14,120,1,1,0.0,0.0,1.0,0.0,0.0,1.0,1.0,1.0,1.0,1.0,0.0,0.0,5.0,0.0,0.0,1.0,0.0,0.0,0.0,,1.0,1.0,0.0,0.0,0.0,1.0,1.0,1.0,0.0,0.0,0.0,2.0,2.0,,,,,,,,,2,,,9.0,,,,,,,2,,,,,,,,,,,,,,,,5,,,0.0,0.0,0.0,0.0,0.0,0.0,0.0,1.0,0.0,1.0,0.0,0.0,,,,,,,,,,,,,,,,,,,,,,,,,,,,,,1885,1885.0,U,1,278,6196,Amenazas/intimidación,En su vivienda,Hombre
17130,1462052.07,1462052.07.01,1462052.07.01.01,1462052.07.01.01.13.2,1462052,7,1,2,2,13,1,A,1,35,2.0,11,14,120,2,3,0.0,0.0,1.0,0.0,0.0,1.0,1.0,2.0,1.0,1.0,0.0,0.0,5.0,0.0,0.0,0.0,1.0,0.0,0.0,,0.0,0.0,0.0,1.0,0.0,2.0,,,,,,,2.0,,,,,,,,,2,,,4.0,,,,,,,2,,,,,,,,,,,,,,,,4,0.0,0.0,1.0,1.0,0.0,0.0,1.0,0.0,0.0,0.0,0.0,0.0,0.0,0.0,,,,,,,,,,,,,,,,,,,,,,,,,,,,,2.0,3188,3188.0,R,2,303,6598,Delito sexual,En su vivienda,Hombre
17131,1417021.01,1417021.01.01,1417021.01.01.02,1417021.01.01.02.02.1,1417021,1,1,1,1,2,2,A,2,40,2.0,6,14,120,9,1,,,,,,2.0,,,,,,,,,,,,,,,,,,,,,,,,,,,,,,,,,,,,2,2.0,,6.0,,,,,,,2,,,,,,,,,,,,,,,,1,10000.0,0.0,,,,,,,,,,,,,,,,,,,,,,,,,,,,,,,,,,,,,,,,,,1093,1093.0,U,2,279,6214,Robo de accesorios de vehículo,En su vivienda,Mujer
17132,1418689.12,1418689.12.01,1418689.12.01.02,1418689.12.01.02.09.1,1418689,12,1,1,1,9,2,A,2,55,2.0,10,14,120,1,2,0.0,1.0,0.0,0.0,0.0,1.0,1.0,2.0,1.0,1.0,0.0,0.0,6.0,1.0,0.0,0.0,0.0,0.0,0.0,2.0,0.0,0.0,0.0,1.0,0.0,9.0,,,,,,,2.0,,,,,,,,,2,,,6.0,,,,,,,2,,,,,,,,,,,,,,,,5,,,1.0,1.0,1.0,1.0,0.0,0.0,0.0,0.0,0.0,0.0,0.0,0.0,,,,,,,,,,,,,,,,,2.0,,,,,0.0,0.0,1.0,,,,,,3567,3567.0,C,2,295,6554,Extorsión,En su vivienda,Mujer
17133,1418689.03,1418689.03.01,1418689.03.01.02,1418689.03.01.02.05.1,1418689,3,1,1,2,5,2,A,1,19,2.0,5,14,120,2,6,,,,,,1.0,1.0,1.0,1.0,1.0,0.0,0.0,3.0,1.0,0.0,0.0,0.0,0.0,0.0,2.0,0.0,0.0,0.0,1.0,0.0,2.0,,,,,,,2.0,,,,,,,,,2,,,3.0,,,,,,,2,,,,,,,,,,,,,,,,1,3000.0,0.0,,,,,,,,,,,,,,0.0,0.0,1.0,0.0,0.0,0.0,1.0,0.0,0.0,0.0,0.0,0.0,0.0,,,,,,,,,,,,,,,,1783,1783.0,C,2,295,6554,Robo en calle (a transeúnte),En su vivienda,Hombre
17134,1419455.02,1419455.02.01,1419455.02.01.01,1419455.02.01.01.11.1,1419455,2,1,1,3,11,1,A,2,51,2.0,1,14,120,1,3,,,,,,1.0,1.0,2.0,1.0,0.0,1.0,0.0,6.0,0.0,0.0,0.0,1.0,0.0,0.0,,0.0,0.0,0.0,1.0,0.0,2.0,,,,,,,1.0,0.0,0.0,0.0,0.0,0.0,0.0,0.0,1.0,2,,,1.0,,,,,,,2,,,,,,,,,,,,,,,,3,0.0,0.0,,,,,,,,,,,,,,,,,,,,,,,,,,,,,,,,,,,,,,,,,,2965,2965.0,U,2,285,6508,Lesiones,En su vivienda,Mujer
17135,1417577.04,1417577.04.01,1417577.04.01.01,1417577.04.01.01.09.1,1417577,4,1,1,1,9,1,A,2,73,2.0,11,14,120,1,2,0.0,1.0,0.0,0.0,0.0,1.0,1.0,2.0,1.0,1.0,0.0,0.0,9.0,1.0,0.0,0.0,0.0,0.0,0.0,2.0,0.0,0.0,0.0,1.0,0.0,2.0,,,,,,,2.0,,,,,,,,,2,,,4.0,,,,,,,2,,,,,,,,,,,,,,,,3,0.0,0.0,0.0,0.0,1.0,0.0,0.0,0.0,0.0,1.0,1.0,0.0,0.0,0.0,,,,,,,,,,,,,,,,,3.0,,,,,1.0,0.0,0.0,3.0,,,,,1596,1596.0,U,2,279,6283,Extorsión,En su vivienda,Mujer
17136,1462052.12,1462052.12.01,1462052.12.01.01,1462052.12.01.01.10.1,1462052,12,1,1,2,10,1,A,1,26,2.0,3,14,120,3,1,0.0,1.0,0.0,0.0,0.0,1.0,1.0,1.0,1.0,1.0,0.0,0.0,4.0,0.0,0.0,0.0,1.0,0.0,0.0,,0.0,0.0,0.0,0.0,1.0,9.0,,,,,,,2.0,,,,,,,,,2,,,5.0,,,,,,,2,,,,,,,,,,,,,,,,5,,,,,,,,,,,,,,,,,,,,,,,,,,,,,,,,,,,,,,,,,,,,1594,1594.0,R,2,303,6598,Amenazas/intimidación,En su vivienda,Hombre
17137,1418689.19,1418689.19.01,1418689.19.01.04,1418689.19.01.04.08.1,1418689,19,1,1,1,8,4,A,1,23,2.0,5,14,120,2,2,1.0,0.0,0.0,0.0,0.0,,,,,,,,,,,,,,,,,,,,,,,,,,,,,,,,,,,,,2,,,4.0,,,,,,,2,,,,,,,,,,,,,,,,1,800.0,0.0,,,,,,,,,,,,,,,,,,,,,,,,,,,,1.0,,,,,,,,,,,,,,4458,4458.0,C,2,295,6554,Fraude bancario,En su vivienda,Hombre
17138,1417410.03,1417410.03.01,1417410.03.01.01,1417410.03.01.01.02.2,1417410,3,1,2,3,2,1,A,1,40,2.0,10,14,120,4,1,,,,,,2.0,,,,,,,,,,,,,,,,,,,,,,,,,,,,,,,,,,,,2,2.0,,7.0,,,,,,,2,,,,,,,,,,,,,,,,1,3300.0,0.0,,,,,,,,,,,,,,,,,,,,,,,,,,,,,,,,,,,,,,,,,,943,943.0,U,1,278,6196,Robo de accesorios de vehículo,En su vivienda,Hombre
17139,1417384.01,1417384.01.01,1417384.01.01.02,1417384.01.01.02.03.1,1417384,1,1,1,1,3,2,A,1,35,2.0,1,14,120,4,2,,,,,,2.0,,,,,,,,,,,,,,,,,,,,,,,,,,,,,,,,,,,,2,2.0,,3.0,,,,,,,2,,,,,,,,,,,,,,,,1,1000.0,0.0,0.0,0.0,0.0,1.0,0.0,0.0,0.0,1.0,1.0,0.0,0.0,0.0,,,,,,,,,,,,,,,,,,,,,,,,,,,,,,855,855.0,U,2,279,6269,Robo en vivienda,En su vivienda,Hombre
17140,1417010.04,1417010.04.02,1417010.04.02.01,1417010.04.02.01.09.1,1417010,4,2,1,1,9,1,A,1,69,2.0,11,14,120,1,1,0.0,1.0,0.0,0.0,0.0,1.0,1.0,1.0,1.0,1.0,0.0,0.0,9.0,1.0,0.0,0.0,0.0,0.0,0.0,2.0,0.0,0.0,0.0,1.0,0.0,2.0,,,,,,,2.0,,,,,,,,,2,,,4.0,,,,,,,2,,,,,,,,,,,,,,,,5,,,0.0,0.0,0.0,0.0,0.0,0.0,0.0,0.0,0.0,0.0,1.0,0.0,,,,,,,,,,,,,,,,,3.0,,,,,0.0,0.0,1.0,,,,,,1631,1631.0,U,2,279,6202,Extorsión,En su vivienda,Hombre
17141,1417404.01,1417404.01.01,1417404.01.01.02,1417404.01.01.02.01.1,1417404,1,1,1,1,1,2,A,1,31,2.0,2,14,120,4,1,,,,,,2.0,,,,,,,,,,,,,,,,,,,,,,,,,,,,,,,,,,,,2,2.0,,7.0,,,,,,,1,0.0,1.0,0.0,0.0,0.0,0.0,0.0,0.0,0.0,1.0,0.0,0.0,0.0,0.0,0.0,1,50000.0,0.0,0.0,0.0,0.0,0.0,0.0,0.0,0.0,0.0,1.0,1.0,0.0,0.0,2.0,,,,,,,,,,,,,,,,,,,,,,,,,,,,,1181,1181.0,U,1,278,6194,Robo total de vehículo,En su vivienda,Hombre
17142,1462052.07,1462052.07.01,1462052.07.01.01,1462052.07.01.01.10.2,1462052,7,1,2,2,10,1,A,1,35,2.0,9,14,120,1,1,0.0,0.0,1.0,0.0,0.0,1.0,1.0,2.0,1.0,1.0,0.0,0.0,4.0,1.0,0.0,0.0,0.0,0.0,0.0,2.0,1.0,0.0,0.0,0.0,0.0,2.0,,,,,,,2.0,,,,,,,,,2,,,3.0,,,,,,,2,,,,,,,,,,,,,,,,5,,,,,,,,,,,,,,,,,,,,,,,,,,,,,,,,,,,,,,,,,,,,3188,3188.0,R,2,303,6598,Amenazas/intimidación,En su vivienda,Hombre
17144,1416020.04,1416020.04.01,1416020.04.01.02,1416020.04.01.02.05.1,1416020,4,1,1,1,5,2,A,1,21,2.0,6,14,120,3,3,,,,,,1.0,1.0,2.0,2.0,1.0,0.0,0.0,4.0,1.0,0.0,0.0,0.0,0.0,0.0,2.0,0.0,0.0,0.0,1.0,0.0,1.0,1.0,0.0,0.0,0.0,0.0,2.0,2.0,,,,,,,,,2,,,5.0,,,,,,,1,0.0,1.0,0.0,0.0,0.0,0.0,0.0,0.0,0.0,1.0,0.0,0.0,0.0,0.0,0.0,1,1500.0,0.0,1.0,1.0,1.0,1.0,0.0,0.0,0.0,1.0,1.0,0.0,0.0,0.0,,0.0,0.0,0.0,0.0,0.0,0.0,0.0,0.0,1.0,0.0,0.0,0.0,0.0,,,,,,,,,,,,,,,,4532,4532.0,U,4,281,6413,Robo en calle (a transeúnte),En su vivienda,Hombre
17145,1416914.04,1416914.04.01,1416914.04.01.02,1416914.04.01.02.03.1,1416914,4,1,1,1,3,2,A,2,35,2.0,11,14,120,9,1,,,,,,2.0,,,,,,,,,,,,,,,,,,,,,,,,,,,,,,,,,,,,2,2.0,,5.0,,,,,,,2,,,,,,,,,,,,,,,,1,5000.0,0.0,0.0,1.0,0.0,0.0,0.0,0.0,0.0,0.0,0.0,0.0,0.0,0.0,,,,,,,,,,,,,,,,,,,,,,,,,,,,,,1206,1206.0,U,4,281,6396,Robo en vivienda,En su vivienda,Mujer
17146,1417404.01,1417404.01.03,1417404.01.03.02,1417404.01.03.02.09.1,1417404,1,3,1,1,9,2,A,2,42,2.0,11,14,120,1,2,0.0,1.0,0.0,0.0,0.0,1.0,1.0,1.0,1.0,1.0,0.0,0.0,9.0,1.0,0.0,0.0,0.0,0.0,0.0,2.0,0.0,0.0,0.0,0.0,1.0,9.0,,,,,,,2.0,,,,,,,,,1,,,,1.0,6.0,,4.0,3.0,1.0,2,,,,,,,,,,0.0,0.0,0.0,0.0,1.0,0.0,1,7000.0,0.0,1.0,1.0,1.0,1.0,0.0,1.0,0.0,1.0,1.0,0.0,0.0,0.0,,,,,,,,,,,,,,,,,3.0,,,,,1.0,0.0,0.0,1.0,,,,,2363,2363.0,U,1,278,6194,Extorsión,En su vivienda,Mujer
17147,1417384.01,1417384.01.01,1417384.01.01.02,1417384.01.01.02.02.1,1417384,1,1,1,1,2,2,A,1,35,2.0,3,14,120,3,1,,,,,,2.0,,,,,,,,,,,,,,,,,,,,,,,,,,,,,,,,,,,,2,2.0,,3.0,,,,,,,2,,,,,,,,,,,,,,,,1,3000.0,0.0,,,,,,,,,,,,,,,,,,,,,,,,,,,,,,,,,,,,,,,,,,855,855.0,U,2,279,6269,Robo de accesorios de vehículo,En su vivienda,Hombre
17148,1417055.02,1417055.02.01,1417055.02.01.03,1417055.02.01.03.06.1,1417055,2,1,1,2,6,3,A,1,18,2.0,9,14,120,1,3,,,,,,1.0,1.0,2.0,1.0,1.0,0.0,0.0,5.0,1.0,0.0,0.0,0.0,0.0,0.0,1.0,1.0,1.0,0.0,0.0,0.0,9.0,,,,,,,2.0,,,,,,,,,2,,,1.0,,,,,,,2,,,,,,,,,,,,,,,,1,12000.0,0.0,,,,,,,,,,,,,,0.0,0.0,0.0,0.0,0.0,0.0,0.0,0.0,0.0,1.0,0.0,0.0,0.0,,,,,,,,,,,,,,,,2969,2969.0,U,2,279,6242,Robo en negocio,En su vivienda,Hombre
17149,1411554.01,1411554.01.01,1411554.01.01.01,1411554.01.01.01.10.1,1411554,1,1,1,1,10,1,A,1,41,2.0,3,14,120,2,4,0.0,1.0,0.0,0.0,0.0,2.0,,,,,,,,,,,,,,,,,,,,,,,,,,,,,,,,,,,,2,,,6.0,,,,,,,2,,,,,,,,,,,,,,,,5,,,1.0,1.0,1.0,1.0,1.0,1.0,1.0,0.0,1.0,0.0,0.0,0.0,,,,,,,,,,,,,,,,,,,,,,,,,,,,,,3680,3680.0,U,4,287,6515,Amenazas/intimidación,En su vivienda,Hombre
17150,1417021.01,1417021.01.01,1417021.01.01.02,1417021.01.01.02.07.1,1417021,1,1,1,1,7,2,A,2,40,2.0,10,14,120,9,2,1.0,0.0,0.0,0.0,0.0,,,,,,,,,,,,,,,,,,,,,,,,,,,,,,,,,,,,,2,,,9.0,,,,,,,2,,,,,,,,,,,,,,,,1,9999999.0,0.0,0.0,0.0,0.0,0.0,0.0,0.0,0.0,0.0,0.0,0.0,0.0,1.0,,,,,,,,,,,,,,,,4.0,,,,,,,,,,,,,,2187,2187.0,U,2,279,6214,Robo en banco/cajero,En su vivienda,Mujer
17152,1417979.02,1417979.02.01,1417979.02.01.01,1417979.02.01.01.03.1,1417979,2,1,1,1,3,1,A,2,51,2.0,3,14,120,9,2,,,,,,2.0,,,,,,,,,,,,,,,,,,,,,,,,,,,,,,,,,,,,2,2.0,,9.0,,,,,,,2,,,,,,,,,,,,,,,,1,1000.0,0.0,,,,,,,,,,,,,,,,,,,,,,,,,,,,,,,,,,,,,,,,,,954,954.0,U,3,280,6350,Robo en vivienda,En su vivienda,Mujer
17153,1418683.18,1418683.18.01,1418683.18.01.01,1418683.18.01.01.03.1,1418683,18,1,1,1,3,1,A,2,30,2.0,7,14,120,4,2,,,,,,2.0,,,,,,,,,,,,,,,,,,,,,,,,,,,,,,,,,,,,2,2.0,,7.0,,,,,,,2,,,,,,,,,,,,,,,,5,,,1.0,1.0,1.0,1.0,1.0,1.0,1.0,1.0,1.0,0.0,0.0,0.0,,,,,,,,,,,,,,,,,,,,,,,,,,,,,,1093,1093.0,C,2,295,6552,Robo en vivienda,En su vivienda,Mujer
17156,1418689.11,1418689.11.01,1418689.11.01.01,1418689.11.01.01.14.2,1418689,11,1,2,2,14,1,A,2,34,2.0,10,14,120,3,3,,,,,,1.0,1.0,2.0,1.0,1.0,0.0,0.0,6.0,0.0,0.0,0.0,1.0,0.0,0.0,,0.0,0.0,0.0,1.0,0.0,2.0,,,,,,,2.0,,,,,,,,,2,,,1.0,,,,,,,2,,,,,,,,,,,,,,,,3,0.0,0.0,1.0,1.0,1.0,1.0,1.0,1.0,1.0,1.0,1.0,0.0,0.0,0.0,,,,,,,,,,,,,,,,,,,,,,,,,,,,,,892,892.0,C,2,295,6554,Homicidio de familiar,En su vivienda,Mujer
17157,1417979.04,1417979.04.01,1417979.04.01.01,1417979.04.01.01.04.1,1417979,4,1,1,2,4,1,A,1,45,2.0,8,14,120,4,2,,,,,,1.0,1.0,1.0,1.0,1.0,0.0,0.0,4.0,0.0,1.0,0.0,0.0,0.0,0.0,,1.0,0.0,0.0,0.0,0.0,2.0,,,,,,,2.0,,,,,,,,,2,2.0,,8.0,,,,,,,1,0.0,1.0,0.0,0.0,0.0,0.0,0.0,0.0,0.0,1.0,0.0,0.0,0.0,0.0,0.0,5,,,,,,,,,,,,,,,,0.0,0.0,0.0,0.0,0.0,0.0,0.0,0.0,0.0,0.0,0.0,1.0,0.0,1.0,,,,,,,,,,,,,,,954,954.0,U,3,280,6350,Robo en transporte público,En su vivienda,Hombre
17158,1462052.05,1462052.05.01,1462052.05.01.01,1462052.05.01.01.03.2,1462052,5,1,2,2,3,1,A,1,38,2.0,99,14,120,3,2,,,,,,2.0,,,,,,,,,,,,,,,,,,,,,,,,,,,,,,,,,,,,2,2.0,,3.0,,,,,,,2,,,,,,,,,,,,,,,,9,,,,,,,,,,,,,,,,,,,,,,,,,,,,,,,,,,,,,,,,,,,,1594,1594.0,R,2,303,6598,Robo en vivienda,En su vivienda,Hombre
17159,1418620.03,1418620.03.01,1418620.03.01.01,1418620.03.01.01.05.2,1418620,3,1,2,2,5,1,A,2,42,2.0,10,14,120,1,6,,,,,,1.0,1.0,2.0,1.0,1.0,0.0,0.0,3.0,1.0,0.0,0.0,0.0,0.0,0.0,2.0,0.0,0.0,0.0,1.0,0.0,2.0,,,,,,,2.0,,,,,,,,,2,,,4.0,,,,,,,2,,,,,,,,,,,,,,,,5,,,,,,,,,,,,,,,,0.0,0.0,0.0,0.0,0.0,0.0,1.0,0.0,0.0,0.0,0.0,0.0,0.0,,,,,,,,,,,,,,,,1689,1689.0,C,3,296,6559,Robo en calle (a transeúnte),En su vivienda,Mujer
17160,1416027.01,1416027.01.01,1416027.01.01.05,1416027.01.01.05.02.1,1416027,1,1,1,1,2,5,A,1,32,2.0,7,14,120,4,1,,,,,,2.0,,,,,,,,,,,,,,,,,,,,,,,,,,,,,,,,,,,,2,2.0,,4.0,,,,,,,2,,,,,,,,,,,,,,,,1,3000.0,0.0,0.0,0.0,0.0,0.0,0.0,0.0,0.0,1.0,0.0,0.0,0.0,0.0,,,,,,,,,,,,,,,,,,,,,,,,,,,,,,988,988.0,U,3,280,6324,Robo de accesorios de vehículo,En su vivienda,Hombre
17161,1417162.04,1417162.04.01,1417162.04.01.01,1417162.04.01.01.11.1,1417162,4,1,1,1,11,1,A,1,29,2.0,2,14,120,3,1,,,,,,1.0,1.0,1.0,1.0,1.0,0.0,0.0,4.0,0.0,1.0,0.0,0.0,0.0,0.0,,1.0,1.0,0.0,0.0,0.0,1.0,0.0,1.0,0.0,0.0,0.0,1.0,,1.0,1.0,0.0,0.0,0.0,0.0,0.0,0.0,2,,,3.0,,,,,,,1,0.0,1.0,0.0,0.0,0.0,0.0,0.0,0.0,0.0,1.0,0.0,0.0,0.0,0.0,0.0,3,0.0,0.0,1.0,0.0,0.0,0.0,0.0,1.0,1.0,0.0,0.0,0.0,0.0,0.0,,,,,,,,,,,,,,,,,,,,,,,,,,,,,,1818,1818.0,U,1,278,6197,Lesiones,En su vivienda,Hombre
17162,1462052.07,1462052.07.01,1462052.07.01.01,1462052.07.01.01.13.1,1462052,7,1,1,2,13,1,A,1,35,2.0,12,14,120,2,3,0.0,0.0,1.0,0.0,0.0,1.0,1.0,2.0,1.0,1.0,0.0,0.0,5.0,0.0,0.0,0.0,1.0,0.0,0.0,,0.0,0.0,0.0,1.0,0.0,2.0,,,,,,,2.0,,,,,,,,,2,,,4.0,,,,,,,2,,,,,,,,,,,,,,,,3,0.0,10000.0,,,,,,,,,,,,,,,,,,,,,,,,,,,,,,,,,,,,,,,,,2.0,3188,3188.0,R,2,303,6598,Delito sexual,En su vivienda,Hombre
17163,1417410.01,1417410.01.01,1417410.01.01.01,1417410.01.01.01.05.1,1417410,1,1,1,1,5,1,A,1,53,2.0,3,14,120,4,3,,,,,,1.0,1.0,2.0,2.0,1.0,0.0,0.0,3.0,1.0,0.0,0.0,0.0,0.0,0.0,2.0,0.0,0.0,0.0,1.0,0.0,1.0,1.0,0.0,0.0,0.0,0.0,2.0,2.0,,,,,,,,,2,,,8.0,,,,,,,2,,,,,,,,,,,,,,,,1,100000.0,0.0,,,,,,,,,,,,,,0.0,0.0,0.0,0.0,0.0,0.0,1.0,1.0,1.0,0.0,1.0,0.0,0.0,,,,,,,,,,,,,,,,4713,4713.0,U,1,278,6196,Robo en calle (a transeúnte),En su vivienda,Hombre
17164,1418689.11,1418689.11.01,1418689.11.01.01,1418689.11.01.01.14.1,1418689,11,1,1,2,14,1,A,2,34,2.0,11,14,120,1,3,,,,,,1.0,1.0,2.0,1.0,1.0,0.0,0.0,4.0,0.0,0.0,0.0,1.0,0.0,0.0,,0.0,0.0,0.0,1.0,0.0,2.0,,,,,,,2.0,,,,,,,,,2,,,1.0,,,,,,,2,,,,,,,,,,,,,,,,3,0.0,0.0,,,,,,,,,,,,,,,,,,,,,,,,,,,,,,,,,,,,,,,,,,892,892.0,C,2,295,6554,Homicidio de familiar,En su vivienda,Mujer
17165,1405681.01,1405681.01.01,1405681.01.01.01,1405681.01.01.01.02.1,1405681,1,1,1,1,2,1,A,1,61,2.0,11,14,120,2,1,,,,,,2.0,,,,,,,,,,,,,,,,,,,,,,,,,,,,,,,,,,,,2,2.0,,5.0,,,,,,,2,,,,,,,,,,,,,,,,1,8000.0,0.0,,,,,,,,,,,,,,,,,,,,,,,,,,,,,,,,,,,,,,,,,,882,882.0,U,4,281,6477,Robo de accesorios de vehículo,En su vivienda,Hombre
17166,1418599.2,1418599.20.01,1418599.20.01.02,1418599.20.01.02.02.1,1418599,20,1,1,1,2,2,A,2,50,2.0,6,14,120,4,1,,,,,,2.0,,,,,,,,,,,,,,,,,,,,,,,,,,,,,,,,,,,,2,2.0,,4.0,,,,,,,2,,,,,,,,,,,,,,,,1,3800.0,0.0,1.0,1.0,1.0,1.0,1.0,1.0,1.0,0.0,1.0,0.0,0.0,0.0,,,,,,,,,,,,,,,,,,,,,,,,,,,,,,754,754.0,C,2,295,6555,Robo de accesorios de vehículo,En su vivienda,Mujer
17167,1418046.02,1418046.02.01,1418046.02.01.01,1418046.02.01.01.04.1,1418046,2,1,1,1,4,1,A,2,23,2.0,10,14,120,3,2,,,,,,1.0,2.0,,,,,,,,,,,,,,,,,,,,,,,,,,,,,,,,,,,2,2.0,,7.0,,,,,,,2,,,,,,,,,,,,,,,,5,,,,,,,,,,,,,,,,0.0,0.0,0.0,0.0,0.0,0.0,0.0,0.0,0.0,0.0,0.0,1.0,0.0,1.0,,,,,,,,,,,,,,,1074,1074.0,U,4,281,6438,Robo en transporte público,En su vivienda,Mujer
17168,1418083.02,1418083.02.01,1418083.02.01.02,1418083.02.01.02.03.1,1418083,2,1,1,1,3,2,A,1,21,2.0,2,14,120,2,2,,,,,,1.0,1.0,1.0,1.0,1.0,0.0,0.0,3.0,1.0,0.0,0.0,0.0,0.0,0.0,2.0,0.0,0.0,0.0,1.0,0.0,2.0,,,,,,,2.0,,,,,,,,,2,2.0,,3.0,,,,,,,2,,,,,,,,,,,,,,,,5,,,1.0,1.0,0.0,0.0,0.0,0.0,0.0,1.0,0.0,0.0,0.0,0.0,,,,,,,,,,,,,,,,,,,,,,,,,,,,,,1042,1042.0,U,3,280,6304,Robo en vivienda,En su vivienda,Hombre
17169,1417979.04,1417979.04.01,1417979.04.01.01,1417979.04.01.01.04.2,1417979,4,1,2,2,4,1,A,1,45,2.0,7,14,120,4,2,,,,,,1.0,1.0,1.0,1.0,1.0,0.0,0.0,4.0,0.0,1.0,0.0,0.0,0.0,0.0,,0.0,0.0,0.0,0.0,1.0,2.0,,,,,,,2.0,,,,,,,,,2,2.0,,8.0,,,,,,,1,0.0,1.0,0.0,0.0,0.0,0.0,0.0,0.0,0.0,1.0,0.0,0.0,0.0,0.0,0.0,5,,,,,,,,,,,,,,,,0.0,0.0,0.0,0.0,0.0,0.0,0.0,0.0,0.0,0.0,0.0,1.0,0.0,1.0,,,,,,,,,,,,,,,954,954.0,U,3,280,6350,Robo en transporte público,En su vivienda,Hombre
17170,1417979.02,1417979.02.01,1417979.02.01.01,1417979.02.01.01.05.1,1417979,2,1,1,1,5,1,A,2,51,2.0,6,14,120,3,6,,,,,,1.0,1.0,2.0,1.0,1.0,0.0,0.0,5.0,1.0,0.0,0.0,0.0,0.0,0.0,1.0,1.0,0.0,0.0,0.0,0.0,1.0,1.0,0.0,0.0,0.0,0.0,2.0,2.0,,,,,,,,,2,,,1.0,,,,,,,2,,,,,,,,,,,,,,,,1,5000.0,0.0,0.0,0.0,1.0,0.0,0.0,1.0,0.0,0.0,1.0,0.0,0.0,0.0,,0.0,0.0,0.0,0.0,0.0,0.0,0.0,0.0,1.0,0.0,0.0,0.0,0.0,,,,,,,,,,,,,,,,1907,1907.0,U,3,280,6350,Robo en calle (a transeúnte),En su vivienda,Mujer
17171,1414478.05,1414478.05.01,1414478.05.01.02,1414478.05.01.02.02.2,1414478,5,1,2,2,2,2,A,2,33,2.0,1,14,120,3,1,,,,,,2.0,,,,,,,,,,,,,,,,,,,,,,,,,,,,,,,,,,,,2,2.0,,4.0,,,,,,,2,,,,,,,,,,,,,,,,1,2000.0,0.0,,,,,,,,,,,,,,,,,,,,,,,,,,,,,,,,,,,,,,,,,,940,940.0,U,3,280,6354,Robo de accesorios de vehículo,En su vivienda,Mujer
17172,1418683.09,1418683.09.01,1418683.09.01.01,1418683.09.01.01.07.1,1418683,9,1,1,1,7,1,A,1,31,2.0,2,14,120,2,1,1.0,0.0,0.0,0.0,0.0,,,,,,,,,,,,,,,,,,,,,,,,,,,,,,,,,,,,,2,,,7.0,,,,,,,2,,,,,,,,,,,,,,,,1,5000.0,0.0,1.0,1.0,1.0,0.0,0.0,0.0,0.0,1.0,1.0,0.0,0.0,0.0,,,,,,,,,,,,,,,,5.0,,,,,,,,,,,,,,2186,2186.0,C,2,295,6552,Robo en banco/cajero,En su vivienda,Hombre
17173,1418046.03,1418046.03.01,1418046.03.01.02,1418046.03.01.02.13.1,1418046,3,1,1,1,13,2,A,2,26,2.0,7,14,120,2,3,0.0,0.0,1.0,0.0,0.0,1.0,1.0,1.0,1.0,1.0,0.0,0.0,6.0,0.0,0.0,1.0,0.0,0.0,0.0,,0.0,0.0,0.0,1.0,0.0,2.0,,,,,,,2.0,,,,,,,,,2,,,6.0,,,,,,,2,,,,,,,,,,,,,,,,4,0.0,0.0,1.0,0.0,1.0,0.0,0.0,0.0,0.0,0.0,0.0,0.0,0.0,0.0,,,,,,,,,,,,,,,,,,,,,,,,,,,,,2.0,2148,2148.0,U,4,281,6438,Delito sexual,En su vivienda,Mujer
17174,1418689.11,1418689.11.01,1418689.11.01.01,1418689.11.01.01.11.1,1418689,11,1,1,1,11,1,A,2,34,2.0,12,14,120,1,2,,,,,,1.0,1.0,2.0,1.0,0.0,1.0,0.0,6.0,0.0,0.0,0.0,0.0,1.0,0.0,,0.0,0.0,0.0,1.0,0.0,2.0,,,,,,,1.0,1.0,0.0,0.0,1.0,0.0,0.0,0.0,0.0,1,,,,1.0,6.0,,2.0,4.0,3.0,2,,,,,,,,,,0.0,0.0,0.0,0.0,1.0,0.0,3,0.0,9999999.0,,,,,,,,,,,,,,,,,,,,,,,,,,,,,,,,,,,,,,,,,,892,892.0,C,2,295,6554,Lesiones,En su vivienda,Mujer
17175,1416319.02,1416319.02.01,1416319.02.01.02,1416319.02.01.02.02.1,1416319,2,1,1,1,2,2,A,2,34,2.0,10,14,120,3,1,,,,,,2.0,,,,,,,,,,,,,,,,,,,,,,,,,,,,,,,,,,,,2,2.0,,4.0,,,,,,,2,,,,,,,,,,,,,,,,1,1500.0,0.0,0.0,0.0,0.0,0.0,0.0,0.0,0.0,1.0,1.0,0.0,0.0,0.0,,,,,,,,,,,,,,,,,,,,,,,,,,,,,,1136,1136.0,U,2,279,6212,Robo de accesorios de vehículo,En su vivienda,Mujer
17176,1402472.04,1402472.04.01,1402472.04.01.01,1402472.04.01.01.13.1,1402472,4,1,1,1,13,1,A,2,25,2.0,7,14,120,1,1,0.0,0.0,1.0,0.0,0.0,1.0,1.0,2.0,1.0,1.0,0.0,0.0,3.0,1.0,0.0,0.0,0.0,0.0,0.0,1.0,0.0,1.0,0.0,0.0,0.0,2.0,,,,,,,1.0,0.0,1.0,0.0,0.0,0.0,0.0,0.0,0.0,2,,,2.0,,,,,,,2,,,,,,,,,,,,,,,,3,0.0,0.0,0.0,1.0,1.0,1.0,1.0,0.0,1.0,1.0,1.0,0.0,0.0,0.0,,,,,,,,,,,,,,,,,,,,,,,,,,,,,2.0,1027,1027.0,U,4,281,6453,Delito sexual,En su vivienda,Mujer
17178,1418100.02,1418100.02.01,1418100.02.01.02,1418100.02.01.02.03.1,1418100,2,1,1,2,3,2,A,2,31,2.0,6,14,120,4,1,,,,,,2.0,,,,,,,,,,,,,,,,,,,,,,,,,,,,,,,,,,,,2,2.0,,7.0,,,,,,,2,,,,,,,,,,,,,,,,1,400.0,0.0,,,,,,,,,,,,,,,,,,,,,,,,,,,,,,,,,,,,,,,,,,774,774.0,U,1,278,6200,Robo en vivienda,En su vivienda,Mujer
17179,1462052.12,1462052.12.01,1462052.12.01.01,1462052.12.01.01.10.2,1462052,12,1,2,2,10,1,A,1,26,2.0,2,14,120,2,2,0.0,1.0,0.0,0.0,0.0,1.0,1.0,1.0,1.0,1.0,0.0,0.0,4.0,0.0,0.0,0.0,0.0,0.0,1.0,,0.0,0.0,0.0,0.0,1.0,9.0,,,,,,,2.0,,,,,,,,,2,,,4.0,,,,,,,2,,,,,,,,,,,,,,,,5,,,1.0,1.0,1.0,1.0,1.0,0.0,0.0,0.0,1.0,0.0,0.0,0.0,,,,,,,,,,,,,,,,,,,,,,,,,,,,,,1594,1594.0,R,2,303,6598,Amenazas/intimidación,En su vivienda,Hombre
17180,1418100.02,1418100.02.01,1418100.02.01.02,1418100.02.01.02.03.2,1418100,2,1,2,2,3,2,A,2,31,2.0,1,14,120,4,1,,,,,,2.0,,,,,,,,,,,,,,,,,,,,,,,,,,,,,,,,,,,,2,2.0,,7.0,,,,,,,2,,,,,,,,,,,,,,,,1,400.0,0.0,1.0,0.0,1.0,1.0,1.0,1.0,1.0,1.0,1.0,0.0,0.0,0.0,,,,,,,,,,,,,,,,,,,,,,,,,,,,,,774,774.0,U,1,278,6200,Robo en vivienda,En su vivienda,Mujer
17181,1411554.01,1411554.01.01,1411554.01.01.01,1411554.01.01.01.03.1,1411554,1,1,1,1,3,1,A,1,41,2.0,5,14,120,1,1,,,,,,2.0,,,,,,,,,,,,,,,,,,,,,,,,,,,,,,,,,,,,2,2.0,,6.0,,,,,,,2,,,,,,,,,,,,,,,,1,4000.0,0.0,,,,,,,,,,,,,,,,,,,,,,,,,,,,,,,,,,,,,,,,,,3680,3680.0,U,4,287,6515,Robo en vivienda,En su vivienda,Hombre
17182,1417138.04,1417138.04.01,1417138.04.01.03,1417138.04.01.03.10.1,1417138,4,1,1,1,10,3,A,1,24,2.0,6,14,120,3,5,0.0,0.0,1.0,0.0,0.0,1.0,1.0,1.0,3.0,1.0,0.0,0.0,5.0,1.0,0.0,0.0,0.0,0.0,0.0,1.0,0.0,0.0,0.0,0.0,1.0,2.0,,,,,,,2.0,,,,,,,,,1,,,,1.0,6.0,,2.0,3.0,2.0,2,,,,,,,,,,1.0,0.0,0.0,0.0,0.0,0.0,5,,,0.0,1.0,1.0,0.0,0.0,0.0,0.0,1.0,1.0,0.0,0.0,0.0,,,,,,,,,,,,,,,,,,,,,,,,,,,,,,2840,2840.0,U,2,279,6288,Amenazas/intimidación,En su vivienda,Hombre
17183,1462052.19,1462052.19.01,1462052.19.01.01,1462052.19.01.01.04.1,1462052,19,1,1,1,4,1,A,1,49,2.0,4,14,120,3,2,,,,,,2.0,,,,,,,,,,,,,,,,,,,,,,,,,,,,,,,,,,,,2,2.0,,7.0,,,,,,,2,,,,,,,,,,,,,,,,1,800.0,0.0,,,,,,,,,,,,,,0.0,0.0,0.0,0.0,0.0,0.0,0.0,0.0,0.0,0.0,0.0,1.0,0.0,2.0,,,,,,,,,,,,,,,1594,1594.0,R,2,303,6598,Robo en transporte público,En su vivienda,Hombre
17184,1418689.11,1418689.11.01,1418689.11.01.01,1418689.11.01.01.10.2,1418689,11,1,2,3,10,1,A,2,34,2.0,3,14,120,2,2,0.0,0.0,1.0,0.0,0.0,1.0,1.0,2.0,1.0,0.0,1.0,0.0,6.0,0.0,0.0,0.0,0.0,1.0,0.0,,0.0,0.0,0.0,1.0,0.0,2.0,,,,,,,2.0,,,,,,,,,2,,,8.0,,,,,,,2,,,,,,,,,,,,,,,,3,0.0,0.0,,,,,,,,,,,,,,,,,,,,,,,,,,,,,,,,,,,,,,,,,,892,892.0,C,2,295,6554,Amenazas/intimidación,En su vivienda,Mujer
17185,1418689.11,1418689.11.01,1418689.11.01.01,1418689.11.01.01.13.1,1418689,11,1,1,3,13,1,A,2,34,2.0,7,14,120,2,3,0.0,0.0,1.0,0.0,0.0,1.0,1.0,2.0,1.0,1.0,0.0,0.0,5.0,0.0,0.0,0.0,1.0,0.0,0.0,,0.0,0.0,0.0,1.0,0.0,2.0,,,,,,,2.0,,,,,,,,,2,,,1.0,,,,,,,2,,,,,,,,,,,,,,,,5,,,,,,,,,,,,,,,,,,,,,,,,,,,,,,,,,,,,,,,,,,,3.0,892,892.0,C,2,295,6554,Delito sexual,En su vivienda,Mujer
17187,1462052.07,1462052.07.01,1462052.07.01.01,1462052.07.01.01.10.1,1462052,7,1,1,2,10,1,A,1,35,2.0,8,14,120,2,3,0.0,0.0,1.0,0.0,0.0,1.0,1.0,1.0,1.0,1.0,0.0,0.0,5.0,0.0,1.0,0.0,0.0,0.0,0.0,,0.0,0.0,0.0,1.0,0.0,2.0,,,,,,,2.0,,,,,,,,,2,,,9.0,,,,,,,2,,,,,,,,,,,,,,,,5,,,,,,,,,,,,,,,,,,,,,,,,,,,,,,,,,,,,,,,,,,,,3188,3188.0,R,2,303,6598,Amenazas/intimidación,En su vivienda,Hombre
17188,1418689.17,1418689.17.01,1418689.17.01.01,1418689.17.01.01.09.1,1418689,17,1,1,1,9,1,A,2,75,2.0,10,14,120,1,2,0.0,1.0,0.0,0.0,0.0,1.0,1.0,2.0,2.0,1.0,1.0,0.0,8.0,1.0,0.0,0.0,0.0,0.0,0.0,2.0,0.0,0.0,0.0,1.0,0.0,9.0,,,,,,,2.0,,,,,,,,,2,,,9.0,,,,,,,2,,,,,,,,,,,,,,,,5,,,0.0,0.0,0.0,0.0,0.0,0.0,0.0,0.0,0.0,0.0,1.0,0.0,,,,,,,,,,,,,,,,,2.0,,,,,0.0,0.0,1.0,,,,,,892,892.0,C,2,295,6554,Extorsión,En su vivienda,Mujer
17189,1418620.02,1418620.02.01,1418620.02.01.02,1418620.02.01.02.10.1,1418620,2,1,1,1,10,2,A,1,52,2.0,12,14,120,4,3,1.0,0.0,0.0,0.0,0.0,2.0,,,,,,,,,,,,,,,,,,,,,,,,,,,,,,,,,,,,2,,,6.0,,,,,,,2,,,,,,,,,,,,,,,,1,600.0,0.0,0.0,1.0,0.0,1.0,0.0,0.0,0.0,0.0,1.0,0.0,0.0,0.0,,,,,,,,,,,,,,,,,,,,,,,,,,,,,,2534,2534.0,C,3,296,6559,Amenazas/intimidación,En su vivienda,Hombre
17190,1418620.02,1418620.02.01,1418620.02.01.02,1418620.02.01.02.03.1,1418620,2,1,1,2,3,2,A,1,52,2.0,10,14,120,2,1,,,,,,2.0,,,,,,,,,,,,,,,,,,,,,,,,,,,,,,,,,,,,2,2.0,,7.0,,,,,,,2,,,,,,,,,,,,,,,,1,0.0,0.0,,,,,,,,,,,,,,,,,,,,,,,,,,,,,,,,,,,,,,,,,,845,845.0,C,3,296,6559,Robo en vivienda,En su vivienda,Hombre
17191,1418620.02,1418620.02.01,1418620.02.01.02,1418620.02.01.02.03.2,1418620,2,1,2,2,3,2,A,1,52,2.0,12,14,120,1,1,,,,,,1.0,1.0,2.0,2.0,1.0,1.0,0.0,3.0,1.0,0.0,0.0,0.0,0.0,0.0,2.0,0.0,0.0,0.0,1.0,0.0,2.0,,,,,,,1.0,0.0,0.0,0.0,0.0,0.0,0.0,0.0,1.0,2,2.0,,7.0,,,,,,,2,,,,,,,,,,,,,,,,1,50000.0,0.0,,,,,,,,,,,,,,,,,,,,,,,,,,,,,,,,,,,,,,,,,,845,845.0,C,3,296,6559,Robo en vivienda,En su vivienda,Hombre
17192,1418599.03,1418599.03.01,1418599.03.01.01,1418599.03.01.01.03.2,1418599,3,1,2,2,3,1,A,1,40,2.0,1,14,120,4,1,,,,,,2.0,,,,,,,,,,,,,,,,,,,,,,,,,,,,,,,,,,,,2,2.0,,7.0,,,,,,,2,,,,,,,,,,,,,,,,5,,,1.0,1.0,0.0,1.0,0.0,1.0,1.0,1.0,1.0,0.0,0.0,0.0,,,,,,,,,,,,,,,,,,,,,,,,,,,,,,754,754.0,C,2,295,6555,Robo en vivienda,En su vivienda,Hombre
17193,1418046.02,1418046.02.02,1418046.02.02.01,1418046.02.02.01.08.1,1418046,2,2,1,1,8,1,A,2,23,2.0,8,14,120,1,8,1.0,0.0,0.0,0.0,0.0,,,,,,,,,,,,,,,,,,,,,,,,,,,,,,,,,,,,,2,,,4.0,,,,,,,2,,,,,,,,,,,,,,,,1,500.0,0.0,,,,,,,,,,,,,,,,,,,,,,,,,,,,1.0,,,,,,,,,,,,,,1074,1074.0,U,4,281,6438,Fraude bancario,En su vivienda,Mujer
17194,1416813.04,1416813.04.01,1416813.04.01.02,1416813.04.01.02.03.1,1416813,4,1,1,1,3,2,A,2,29,2.0,10,14,120,2,2,,,,,,2.0,,,,,,,,,,,,,,,,,,,,,,,,,,,,,,,,,,,,2,2.0,,4.0,,,,,,,2,,,,,,,,,,,,,,,,1,1000.0,0.0,,,,,,,,,,,,,,,,,,,,,,,,,,,,,,,,,,,,,,,,,,1116,1116.0,U,4,281,6418,Robo en vivienda,En su vivienda,Mujer
17195,1418046.02,1418046.02.01,1418046.02.01.01,1418046.02.01.01.13.2,1418046,2,1,2,2,13,1,A,2,23,2.0,8,14,120,2,1,0.0,0.0,1.0,0.0,0.0,1.0,1.0,2.0,1.0,1.0,0.0,0.0,5.0,1.0,0.0,0.0,0.0,0.0,0.0,2.0,0.0,0.0,0.0,0.0,1.0,2.0,,,,,,,2.0,,,,,,,,,2,,,7.0,,,,,,,2,,,,,,,,,,,,,,,,3,0.0,0.0,1.0,0.0,1.0,1.0,1.0,1.0,0.0,0.0,1.0,0.0,0.0,0.0,,,,,,,,,,,,,,,,,,,,,,,,,,,,,4.0,1074,1074.0,U,4,281,6438,Delito sexual,En su vivienda,Mujer
17196,1418620.03,1418620.03.01,1418620.03.01.01,1418620.03.01.01.05.1,1418620,3,1,1,2,5,1,A,2,42,2.0,10,14,120,1,6,,,,,,1.0,1.0,2.0,1.0,1.0,0.0,0.0,3.0,1.0,0.0,0.0,0.0,0.0,0.0,2.0,0.0,0.0,0.0,1.0,0.0,2.0,,,,,,,2.0,,,,,,,,,2,,,4.0,,,,,,,2,,,,,,,,,,,,,,,,1,1000.0,0.0,,,,,,,,,,,,,,0.0,0.0,0.0,0.0,0.0,0.0,1.0,0.0,0.0,0.0,0.0,0.0,0.0,,,,,,,,,,,,,,,,1689,1689.0,C,3,296,6559,Robo en calle (a transeúnte),En su vivienda,Mujer
17197,1418046.02,1418046.02.02,1418046.02.02.01,1418046.02.02.01.07.1,1418046,2,2,1,1,7,1,A,2,23,2.0,3,14,120,2,2,1.0,0.0,0.0,0.0,0.0,,,,,,,,,,,,,,,,,,,,,,,,,,,,,,,,,,,,,2,,,9.0,,,,,,,2,,,,,,,,,,,,,,,,1,2800.0,0.0,,,,,,,,,,,,,,,,,,,,,,,,,,,,4.0,,,,,,,,,,,,,,1074,1074.0,U,4,281,6438,Robo en banco/cajero,En su vivienda,Mujer
17198,1417162.03,1417162.03.01,1417162.03.01.04,1417162.03.01.04.02.1,1417162,3,1,1,2,2,4,A,1,30,2.0,9,14,120,2,1,,,,,,2.0,,,,,,,,,,,,,,,,,,,,,,,,,,,,,,,,,,,,2,2.0,,4.0,,,,,,,2,,,,,,,,,,,,,,,,1,2000.0,0.0,,,,,,,,,,,,,,,,,,,,,,,,,,,,,,,,,,,,,,,,,,909,909.0,U,1,278,6197,Robo de accesorios de vehículo,En su vivienda,Hombre
17199,1418689.03,1418689.03.01,1418689.03.01.02,1418689.03.01.02.05.2,1418689,3,1,2,2,5,2,A,1,19,2.0,4,14,120,2,6,,,,,,1.0,1.0,1.0,1.0,1.0,0.0,0.0,2.0,1.0,0.0,0.0,0.0,0.0,0.0,2.0,1.0,0.0,0.0,0.0,0.0,2.0,,,,,,,2.0,,,,,,,,,2,,,3.0,,,,,,,2,,,,,,,,,,,,,,,,1,800.0,0.0,,,,,,,,,,,,,,0.0,0.0,0.0,0.0,1.0,0.0,0.0,0.0,0.0,0.0,0.0,0.0,0.0,,,,,,,,,,,,,,,,1783,1783.0,C,2,295,6554,Robo en calle (a transeúnte),En su vivienda,Hombre
17200,1418689.11,1418689.11.01,1418689.11.01.01,1418689.11.01.01.10.1,1418689,11,1,1,3,10,1,A,2,34,2.0,12,14,120,2,2,0.0,0.0,1.0,0.0,0.0,1.0,1.0,2.0,1.0,0.0,1.0,0.0,6.0,0.0,0.0,0.0,0.0,1.0,0.0,,0.0,0.0,0.0,1.0,0.0,2.0,,,,,,,2.0,,,,,,,,,2,,,8.0,,,,,,,2,,,,,,,,,,,,,,,,3,0.0,0.0,,,,,,,,,,,,,,,,,,,,,,,,,,,,,,,,,,,,,,,,,,892,892.0,C,2,295,6554,Amenazas/intimidación,En su vivienda,Mujer
17201,1402551.01,1402551.01.01,1402551.01.01.03,1402551.01.01.03.11.1,1402551,1,1,1,1,11,3,A,2,30,2.0,6,14,120,2,2,,,,,,1.0,1.0,2.0,1.0,1.0,0.0,0.0,5.0,0.0,0.0,0.0,1.0,0.0,0.0,,0.0,0.0,0.0,1.0,0.0,2.0,,,,,,,1.0,1.0,0.0,0.0,0.0,0.0,0.0,0.0,0.0,1,,,,1.0,5.0,,4.0,3.0,2.0,2,,,,,,,,,,1.0,0.0,0.0,0.0,0.0,0.0,2,9999999.0,9999999.0,,,,,,,,,,,,,,,,,,,,,,,,,,,,,,,,,,,,,,,,,,2868,2868.0,U,2,279,6287,Lesiones,En su vivienda,Mujer
17202,1462052.02,1462052.02.01,1462052.02.01.01,1462052.02.01.01.05.1,1462052,2,1,1,1,5,1,A,1,55,2.0,11,14,120,3,1,,,,,,1.0,1.0,2.0,2.0,1.0,0.0,0.0,4.0,1.0,0.0,0.0,0.0,0.0,0.0,2.0,1.0,0.0,0.0,0.0,0.0,9.0,,,,,,,2.0,,,,,,,,,2,,,4.0,,,,,,,2,,,,,,,,,,,,,,,,1,10000.0,0.0,1.0,0.0,0.0,1.0,0.0,0.0,0.0,1.0,0.0,0.0,0.0,0.0,,0.0,0.0,0.0,0.0,0.0,0.0,1.0,1.0,1.0,0.0,0.0,0.0,0.0,,,,,,,,,,,,,,,,1594,1594.0,R,2,303,6598,Robo en calle (a transeúnte),En su vivienda,Hombre
17203,1417977.02,1417977.02.01,1417977.02.01.04,1417977.02.01.04.03.1,1417977,2,1,1,1,3,4,A,1,22,2.0,1,14,120,9,2,,,,,,2.0,,,,,,,,,,,,,,,,,,,,,,,,,,,,,,,,,,,,2,2.0,,3.0,,,,,,,2,,,,,,,,,,,,,,,,5,,,0.0,1.0,0.0,1.0,0.0,1.0,1.0,0.0,1.0,0.0,0.0,0.0,,,,,,,,,,,,,,,,,,,,,,,,,,,,,,981,981.0,U,3,280,6329,Robo en vivienda,En su vivienda,Hombre
17205,1418990.03,1418990.03.01,1418990.03.01.01,1418990.03.01.01.06.1,1418990,3,1,1,1,6,1,A,2,47,2.0,11,14,120,3,1,,,,,,1.0,1.0,2.0,1.0,1.0,0.0,0.0,4.0,1.0,0.0,0.0,0.0,0.0,0.0,1.0,1.0,0.0,0.0,0.0,0.0,2.0,,,,,,,1.0,0.0,0.0,0.0,0.0,0.0,0.0,0.0,1.0,2,,,1.0,,,,,,,2,,,,,,,,,,,,,,,,1,4000.0,0.0,1.0,1.0,1.0,1.0,1.0,1.0,0.0,0.0,0.0,0.0,0.0,0.0,,0.0,0.0,0.0,0.0,0.0,0.0,1.0,0.0,1.0,0.0,0.0,0.0,0.0,,,,,,,,,,,,,,,,1259,1259.0,C,2,297,6562,Robo en negocio,En su vivienda,Mujer
17206,1416813.04,1416813.04.01,1416813.04.01.02,1416813.04.01.02.07.1,1416813,4,1,1,1,7,2,A,2,29,2.0,4,14,120,9,8,1.0,0.0,0.0,0.0,0.0,,,,,,,,,,,,,,,,,,,,,,,,,,,,,,,,,,,,,2,,,4.0,,,,,,,2,,,,,,,,,,,,,,,,1,7000.0,0.0,1.0,1.0,1.0,1.0,1.0,1.0,1.0,1.0,1.0,0.0,0.0,0.0,,,,,,,,,,,,,,,,4.0,,,,,,,,,,,,,,2231,2231.0,U,4,281,6418,Robo en banco/cajero,En su vivienda,Mujer
17207,1418192.04,1418192.04.01,1418192.04.01.02,1418192.04.01.02.08.1,1418192,4,1,1,1,8,2,A,2,48,2.0,6,14,120,1,3,1.0,0.0,0.0,0.0,0.0,,,,,,,,,,,,,,,,,,,,,,,,,,,,,,,,,,,,,2,,,6.0,,,,,,,2,,,,,,,,,,,,,,,,1,5000.0,0.0,1.0,1.0,0.0,0.0,0.0,0.0,0.0,1.0,0.0,0.0,0.0,0.0,,,,,,,,,,,,,,,,1.0,,,,,,,,,,,,,,2899,2899.0,U,4,281,6390,Fraude bancario,En su vivienda,Mujer
17208,1418360.03,1418360.03.01,1418360.03.01.01,1418360.03.01.01.11.1,1418360,3,1,1,1,11,1,A,2,26,2.0,3,14,120,2,2,,,,,,1.0,1.0,1.0,1.0,1.0,0.0,0.0,4.0,0.0,0.0,0.0,1.0,0.0,0.0,,0.0,0.0,0.0,1.0,0.0,2.0,,,,,,,1.0,1.0,0.0,0.0,0.0,0.0,0.0,0.0,0.0,1,,,,1.0,1.0,,4.0,6.0,2.0,1,0.0,0.0,0.0,0.0,0.0,0.0,0.0,1.0,0.0,0.0,0.0,0.0,0.0,1.0,0.0,3,0.0,0.0,0.0,0.0,1.0,1.0,0.0,1.0,1.0,0.0,1.0,0.0,0.0,0.0,,,,,,,,,,,,,,,,,,,,,,,,,,,,,,1174,1174.0,U,4,281,6401,Lesiones,En su vivienda,Mujer
17209,1419478.02,1419478.02.01,1419478.02.01.01,1419478.02.01.01.04.1,1419478,2,1,1,1,4,1,A,2,59,2.0,2,14,120,4,2,,,,,,1.0,2.0,,,,,,,,,,,,,,,,,,,,,,,,,,,,,,,,,,,2,2.0,,4.0,,,,,,,2,,,,,,,,,,,,,,,,3,0.0,0.0,0.0,0.0,0.0,1.0,0.0,1.0,0.0,0.0,1.0,0.0,0.0,0.0,,0.0,0.0,0.0,0.0,0.0,0.0,1.0,1.0,1.0,0.0,0.0,0.0,0.0,1.0,,,,,,,,,,,,,,,1208,1208.0,U,4,281,6395,Robo en transporte público,En su vivienda,Mujer
17210,1418689.11,1418689.11.01,1418689.11.01.01,1418689.11.01.01.13.2,1418689,11,1,2,3,13,1,A,2,34,2.0,5,14,120,1,3,0.0,0.0,1.0,0.0,0.0,1.0,1.0,2.0,1.0,1.0,0.0,0.0,3.0,0.0,0.0,1.0,0.0,0.0,0.0,,0.0,0.0,0.0,1.0,0.0,2.0,,,,,,,2.0,,,,,,,,,2,,,1.0,,,,,,,2,,,,,,,,,,,,,,,,5,,,,,,,,,,,,,,,,,,,,,,,,,,,,,,,,,,,,,,,,,,,1.0,892,892.0,C,2,295,6554,Delito sexual,En su vivienda,Mujer
17211,1417333.05,1417333.05.01,1417333.05.01.01,1417333.05.01.01.02.1,1417333,5,1,1,1,2,1,A,1,35,2.0,11,14,120,4,3,,,,,,2.0,,,,,,,,,,,,,,,,,,,,,,,,,,,,,,,,,,,,2,2.0,,4.0,,,,,,,1,0.0,1.0,0.0,0.0,0.0,0.0,0.0,0.0,0.0,0.0,0.0,0.0,0.0,1.0,0.0,1,4000.0,0.0,,,,,,,,,,,,,,,,,,,,,,,,,,,,,,,,,,,,,,,,,,1303,1303.0,U,4,281,6391,Robo de accesorios de vehículo,En su vivienda,Hombre
17212,1418689.11,1418689.11.01,1418689.11.01.01,1418689.11.01.01.13.3,1418689,11,1,3,3,13,1,A,2,34,2.0,3,14,120,1,3,0.0,0.0,1.0,0.0,0.0,1.0,1.0,2.0,1.0,1.0,0.0,0.0,3.0,0.0,1.0,0.0,0.0,0.0,0.0,,0.0,0.0,0.0,1.0,0.0,2.0,,,,,,,2.0,,,,,,,,,2,,,1.0,,,,,,,2,,,,,,,,,,,,,,,,3,0.0,9999999.0,,,,,,,,,,,,,,,,,,,,,,,,,,,,,,,,,,,,,,,,,1.0,892,892.0,C,2,295,6554,Delito sexual,En su vivienda,Mujer
17213,1418100.03,1418100.03.01,1418100.03.01.02,1418100.03.01.02.03.1,1418100,3,1,1,1,3,2,A,2,37,2.0,5,14,120,4,1,,,,,,2.0,,,,,,,,,,,,,,,,,,,,,,,,,,,,,,,,,,,,2,2.0,,4.0,,,,,,,2,,,,,,,,,,,,,,,,1,800.0,0.0,1.0,1.0,1.0,1.0,1.0,1.0,1.0,1.0,1.0,0.0,0.0,0.0,,,,,,,,,,,,,,,,,,,,,,,,,,,,,,774,774.0,U,1,278,6200,Robo en vivienda,En su vivienda,Mujer
17214,1417825.03,1417825.03.01,1417825.03.01.04,1417825.03.01.04.01.1,1417825,3,1,1,1,1,4,A,2,18,2.0,5,14,120,3,1,,,,,,2.0,,,,,,,,,,,,,,,,,,,,,,,,,,,,,,,,,,,,2,2.0,,5.0,,,,,,,2,,,,,,,,,,,,,,,,1,50000.0,0.0,1.0,1.0,1.0,1.0,1.0,0.0,1.0,1.0,1.0,0.0,0.0,0.0,2.0,,,,,,,,,,,,,,,,,,,,,,,,,,,,,927,927.0,U,2,279,6253,Robo total de vehículo,En su vivienda,Mujer
17216,1419478.03,1419478.03.01,1419478.03.01.01,1419478.03.01.01.08.1,1419478,3,1,1,3,8,1,A,1,28,2.0,10,14,120,1,1,1.0,0.0,0.0,0.0,0.0,,,,,,,,,,,,,,,,,,,,,,,,,,,,,,,,,,,,,2,,,4.0,,,,,,,2,,,,,,,,,,,,,,,,1,20000.0,0.0,,,,,,,,,,,,,,,,,,,,,,,,,,,,1.0,,,,,,,,,,,,,,1208,1208.0,U,4,281,6395,Fraude bancario,En su vivienda,Hombre
17218,1416804.03,1416804.03.01,1416804.03.01.01,1416804.03.01.01.07.1,1416804,3,1,1,1,7,1,A,2,38,2.0,2,14,120,9,1,0.0,1.0,0.0,0.0,0.0,,,,,,,,,,,,,,,,,,,,,,,,,,,,,,,,,,,,,2,,,4.0,,,,,,,2,,,,,,,,,,,,,,,,1,15000.0,0.0,,,,,,,,,,,,,,,,,,,,,,,,,,,,4.0,,,,,,,,,,,,,,1193,1193.0,U,4,281,6398,Robo en banco/cajero,En su vivienda,Mujer
17219,1416914.03,1416914.03.01,1416914.03.01.01,1416914.03.01.01.03.1,1416914,3,1,1,1,3,1,A,1,47,2.0,8,14,120,9,1,,,,,,2.0,,,,,,,,,,,,,,,,,,,,,,,,,,,,,,,,,,,,2,2.0,,4.0,,,,,,,2,,,,,,,,,,,,,,,,5,,,1.0,0.0,0.0,1.0,0.0,0.0,0.0,1.0,0.0,0.0,0.0,0.0,,,,,,,,,,,,,,,,,,,,,,,,,,,,,,1206,1206.0,U,4,281,6396,Robo en vivienda,En su vivienda,Hombre
17220,1416360.01,1416360.01.01,1416360.01.01.01,1416360.01.01.01.02.1,1416360,1,1,1,1,2,1,A,1,49,2.0,10,14,120,2,3,,,,,,2.0,,,,,,,,,,,,,,,,,,,,,,,,,,,,,,,,,,,,2,2.0,,5.0,,,,,,,2,,,,,,,,,,,,,,,,1,34000.0,6000.0,,,,,,,,,,,,,,,,,,,,,,,,,,,,,,,,,,,,,,,,,,962,962.0,U,3,280,6291,Robo de accesorios de vehículo,En su vivienda,Hombre
17221,1416804.03,1416804.03.01,1416804.03.01.01,1416804.03.01.01.03.1,1416804,3,1,1,1,3,1,A,2,38,2.0,6,14,120,9,1,,,,,,2.0,,,,,,,,,,,,,,,,,,,,,,,,,,,,,,,,,,,,2,2.0,,4.0,,,,,,,2,,,,,,,,,,,,,,,,1,500.0,0.0,,,,,,,,,,,,,,,,,,,,,,,,,,,,,,,,,,,,,,,,,,1193,1193.0,U,4,281,6398,Robo en vivienda,En su vivienda,Mujer
17223,1418046.02,1418046.02.02,1418046.02.02.01,1418046.02.02.01.13.1,1418046,2,2,1,1,13,1,A,2,23,2.0,2,14,120,2,6,0.0,0.0,1.0,0.0,0.0,1.0,1.0,2.0,1.0,1.0,0.0,0.0,3.0,1.0,0.0,0.0,0.0,0.0,0.0,2.0,0.0,0.0,0.0,0.0,1.0,2.0,,,,,,,2.0,,,,,,,,,2,,,4.0,,,,,,,2,,,,,,,,,,,,,,,,5,,,1.0,1.0,1.0,1.0,1.0,1.0,1.0,1.0,1.0,0.0,0.0,0.0,,,,,,,,,,,,,,,,,,,,,,,,,,,,,3.0,1074,1074.0,U,4,281,6438,Delito sexual,En su vivienda,Mujer
17224,1417825.02,1417825.02.01,1417825.02.01.01,1417825.02.01.01.09.1,1417825,2,1,1,1,9,1,A,2,33,2.0,8,14,120,2,3,0.0,1.0,0.0,0.0,0.0,1.0,2.0,,,,,,,,,,,,,,,,,,,,,,,,,,,,,,,,,,,1,,,,9.0,,,2.0,3.0,2.0,2,,,,,,,,,,0.0,0.0,0.0,0.0,1.0,0.0,1,30000.0,0.0,1.0,1.0,1.0,1.0,1.0,1.0,1.0,1.0,1.0,0.0,0.0,0.0,,,,,,,,,,,,,,,,,1.0,,,,,1.0,0.0,0.0,1.0,,,,,1854,1854.0,U,2,279,6253,Extorsión,En su vivienda,Mujer
17226,1418689.11,1418689.11.01,1418689.11.01.01,1418689.11.01.01.06.3,1418689,11,1,3,3,6,1,A,2,34,2.0,6,14,120,1,1,,,,,,2.0,,,,,,,,,,,,,,,,,,,,,,,,,,,,,,,,,,,,2,,,3.0,,,,,,,2,,,,,,,,,,,,,,,,1,9999999.0,0.0,,,,,,,,,,,,,,0.0,0.0,0.0,0.0,0.0,0.0,0.0,0.0,0.0,0.0,0.0,0.0,1.0,,,,,,,,,,,,,,,,892,892.0,C,2,295,6554,Robo en negocio,En su vivienda,Mujer
17227,1418689.11,1418689.11.01,1418689.11.01.01,1418689.11.01.01.10.3,1418689,11,1,3,3,10,1,A,2,34,2.0,2,14,120,2,2,0.0,0.0,1.0,0.0,0.0,1.0,1.0,2.0,1.0,0.0,1.0,0.0,6.0,0.0,0.0,0.0,0.0,1.0,0.0,,0.0,0.0,0.0,1.0,0.0,2.0,,,,,,,2.0,,,,,,,,,2,,,8.0,,,,,,,2,,,,,,,,,,,,,,,,3,0.0,0.0,,,,,,,,,,,,,,,,,,,,,,,,,,,,,,,,,,,,,,,,,,892,892.0,C,2,295,6554,Amenazas/intimidación,En su vivienda,Mujer
17228,1416352.01,1416352.01.01,1416352.01.01.01,1416352.01.01.01.07.1,1416352,1,1,1,1,7,1,A,1,41,2.0,10,14,120,2,4,1.0,0.0,0.0,0.0,0.0,,,,,,,,,,,,,,,,,,,,,,,,,,,,,,,,,,,,,2,,,7.0,,,,,,,2,,,,,,,,,,,,,,,,1,1800.0,0.0,,,,,,,,,,,,,,,,,,,,,,,,,,,,4.0,,,,,,,,,,,,,,2348,2348.0,U,4,281,6402,Robo en banco/cajero,En su vivienda,Hombre
17229,1416338.02,1416338.02.01,1416338.02.01.01,1416338.02.01.01.05.1,1416338,2,1,1,1,5,1,A,2,40,2.0,11,14,120,2,1,,,,,,1.0,1.0,1.0,2.0,1.0,0.0,0.0,4.0,1.0,0.0,0.0,0.0,0.0,0.0,2.0,0.0,0.0,0.0,1.0,0.0,1.0,1.0,0.0,0.0,0.0,0.0,2.0,2.0,,,,,,,,,2,,,4.0,,,,,,,2,,,,,,,,,,,,,,,,1,6000.0,0.0,0.0,0.0,0.0,0.0,0.0,0.0,0.0,1.0,1.0,0.0,0.0,0.0,,0.0,0.0,0.0,0.0,0.0,0.0,1.0,0.0,0.0,0.0,0.0,0.0,0.0,,,,,,,,,,,,,,,,1964,1964.0,U,3,280,6328,Robo en calle (a transeúnte),En su vivienda,Mujer
17230,1415985.05,1415985.05.01,1415985.05.01.01,1415985.05.01.01.09.1,1415985,5,1,1,1,9,1,A,2,62,2.0,3,14,120,2,2,0.0,1.0,0.0,0.0,0.0,1.0,2.0,,,,,,,,,,,,,,,,,,,,,,,,,,,,,,,,,,,2,,,4.0,,,,,,,2,,,,,,,,,,,,,,,,3,0.0,0.0,1.0,1.0,1.0,1.0,0.0,1.0,0.0,0.0,1.0,0.0,0.0,0.0,,,,,,,,,,,,,,,,,3.0,,,,,1.0,0.0,0.0,3.0,,,,,1949,1949.0,U,4,281,6466,Extorsión,En su vivienda,Mujer
17231,1418764.02,1418764.02.01,1418764.02.01.03,1418764.02.01.03.02.1,1418764,2,1,1,2,2,3,A,2,24,2.0,2,14,120,4,2,,,,,,2.0,,,,,,,,,,,,,,,,,,,,,,,,,,,,,,,,,,,,2,2.0,,5.0,,,,,,,2,,,,,,,,,,,,,,,,1,10000.0,0.0,,,,,,,,,,,,,,,,,,,,,,,,,,,,,,,,,,,,,,,,,,1035,1035.0,U,4,281,6451,Robo de accesorios de vehículo,En su vivienda,Mujer
17232,1415985.02,1415985.02.01,1415985.02.01.01,1415985.02.01.01.05.1,1415985,2,1,1,2,5,1,A,2,31,2.0,3,14,120,1,1,,,,,,1.0,1.0,2.0,2.0,1.0,0.0,0.0,8.0,1.0,0.0,0.0,0.0,0.0,0.0,2.0,0.0,0.0,0.0,0.0,1.0,2.0,,,,,,,2.0,,,,,,,,,2,,,4.0,,,,,,,2,,,,,,,,,,,,,,,,3,0.0,0.0,,,,,,,,,,,,,,0.0,0.0,0.0,0.0,0.0,0.0,0.0,0.0,0.0,0.0,0.0,1.0,0.0,,,,,,,,,,,,,,,,974,974.0,U,4,281,6466,Robo en calle (a transeúnte),En su vivienda,Mujer
17233,1414007.02,1414007.02.01,1414007.02.01.01,1414007.02.01.01.11.1,1414007,2,1,1,1,11,1,A,1,34,2.0,2,14,120,3,1,,,,,,1.0,1.0,2.0,1.0,1.0,0.0,0.0,4.0,0.0,0.0,0.0,1.0,0.0,0.0,,0.0,0.0,0.0,1.0,0.0,2.0,,,,,,,1.0,1.0,0.0,0.0,0.0,0.0,0.0,0.0,0.0,2,,,5.0,,,,,,,2,,,,,,,,,,,,,,,,2,0.0,100.0,1.0,0.0,0.0,1.0,0.0,0.0,0.0,0.0,0.0,0.0,0.0,0.0,,,,,,,,,,,,,,,,,,,,,,,,,,,,,,1650,1650.0,U,3,286,6513,Lesiones,En su vivienda,Hombre
17234,1417235.04,1417235.04.01,1417235.04.01.01,1417235.04.01.01.04.2,1417235,4,1,2,2,4,1,A,1,58,2.0,1,14,120,2,2,,,,,,1.0,1.0,1.0,2.0,1.0,0.0,0.0,8.0,1.0,0.0,0.0,0.0,0.0,0.0,2.0,0.0,0.0,0.0,1.0,0.0,9.0,,,,,,,2.0,,,,,,,,,2,2.0,,4.0,,,,,,,2,,,,,,,,,,,,,,,,5,,,1.0,0.0,0.0,0.0,0.0,0.0,0.0,0.0,0.0,1.0,0.0,0.0,,0.0,0.0,0.0,0.0,0.0,0.0,0.0,0.0,0.0,0.0,0.0,1.0,0.0,1.0,,,,,,,,,,,,,,,924,924.0,U,3,280,6364,Robo en transporte público,En su vivienda,Hombre
17236,1417361.04,1417361.04.01,1417361.04.01.04,1417361.04.01.04.01.1,1417361,4,1,1,1,1,4,A,1,24,2.0,7,14,120,4,1,,,,,,2.0,,,,,,,,,,,,,,,,,,,,,,,,,,,,,,,,,,,,2,2.0,,9.0,,,,,,,1,0.0,1.0,0.0,0.0,0.0,0.0,0.0,0.0,0.0,1.0,0.0,0.0,0.0,0.0,0.0,5,,,1.0,0.0,1.0,1.0,0.0,0.0,0.0,1.0,0.0,0.0,0.0,0.0,1.0,,,,,,,,,,,,,,,,,,,,,,,,,,,,,788,788.0,U,1,278,6199,Robo total de vehículo,En su vivienda,Hombre
17237,1417362.03,1417362.03.01,1417362.03.01.03,1417362.03.01.03.02.1,1417362,3,1,1,1,2,3,A,1,26,2.0,5,14,120,4,1,,,,,,1.0,1.0,1.0,1.0,1.0,0.0,0.0,9.0,1.0,0.0,0.0,0.0,0.0,0.0,2.0,0.0,0.0,0.0,0.0,1.0,9.0,,,,,,,2.0,,,,,,,,,2,2.0,,6.0,,,,,,,2,,,,,,,,,,,,,,,,1,1000.0,0.0,1.0,1.0,0.0,1.0,0.0,0.0,0.0,1.0,0.0,0.0,0.0,0.0,,,,,,,,,,,,,,,,,,,,,,,,,,,,,,621,621.0,U,1,278,6201,Robo de accesorios de vehículo,En su vivienda,Hombre
17238,1405531.04,1405531.04.02,1405531.04.02.01,1405531.04.02.01.06.1,1405531,4,2,1,1,6,1,A,2,34,2.0,6,14,120,2,6,,,,,,1.0,2.0,,,,,,,,,,,,,,,,,,,,,,,,,,,,,,,,,,,2,,,4.0,,,,,,,2,,,,,,,,,,,,,,,,1,4000.0,0.0,0.0,0.0,1.0,0.0,0.0,0.0,0.0,0.0,1.0,1.0,0.0,0.0,,0.0,0.0,0.0,0.0,0.0,0.0,0.0,0.0,1.0,0.0,0.0,0.0,0.0,,,,,,,,,,,,,,,,959,959.0,U,2,279,6248,Robo en negocio,En su vivienda,Mujer
17239,1417195.04,1417195.04.01,1417195.04.01.04,1417195.04.01.04.03.1,1417195,4,1,1,2,3,4,A,1,27,2.0,2,14,120,4,2,,,,,,2.0,,,,,,,,,,,,,,,,,,,,,,,,,,,,,,,,,,,,2,2.0,,9.0,,,,,,,2,,,,,,,,,,,,,,,,5,,,,,,,,,,,,,,,,,,,,,,,,,,,,,,,,,,,,,,,,,,,,1014,1014.0,U,3,280,6315,Robo en vivienda,En su vivienda,Hombre
17240,1417162.05,1417162.05.01,1417162.05.01.01,1417162.05.01.01.02.1,1417162,5,1,1,1,2,1,A,1,28,2.0,8,14,120,3,1,,,,,,2.0,,,,,,,,,,,,,,,,,,,,,,,,,,,,,,,,,,,,2,2.0,,6.0,,,,,,,2,,,,,,,,,,,,,,,,1,1500.0,0.0,0.0,0.0,0.0,1.0,0.0,0.0,0.0,0.0,0.0,0.0,0.0,0.0,,,,,,,,,,,,,,,,,,,,,,,,,,,,,,909,909.0,U,1,278,6197,Robo de accesorios de vehículo,En su vivienda,Hombre
17241,1418620.12,1418620.12.01,1418620.12.01.03,1418620.12.01.03.04.1,1418620,12,1,1,1,4,3,A,2,26,2.0,3,14,120,1,2,,,,,,1.0,2.0,,,,,,,,,,,,,,,,,,,,,,,,,,,,,,,,,,,2,2.0,,6.0,,,,,,,2,,,,,,,,,,,,,,,,1,30000.0,0.0,0.0,1.0,1.0,0.0,0.0,0.0,0.0,1.0,1.0,0.0,0.0,0.0,,0.0,0.0,0.0,0.0,0.0,1.0,1.0,0.0,0.0,0.0,0.0,0.0,0.0,1.0,,,,,,,,,,,,,,,845,845.0,C,3,296,6559,Robo en transporte público,En su vivienda,Mujer
17242,1418683.06,1418683.06.01,1418683.06.01.04,1418683.06.01.04.13.1,1418683,6,1,1,1,13,4,A,2,18,2.0,12,14,120,2,5,0.0,0.0,1.0,0.0,0.0,1.0,1.0,2.0,1.0,1.0,0.0,0.0,4.0,1.0,0.0,0.0,0.0,0.0,0.0,2.0,0.0,0.0,0.0,1.0,0.0,2.0,,,,,,,2.0,,,,,,,,,2,,,7.0,,,,,,,2,,,,,,,,,,,,,,,,5,,,0.0,1.0,1.0,1.0,0.0,1.0,1.0,1.0,1.0,0.0,0.0,0.0,,,,,,,,,,,,,,,,,,,,,,,,,,,,,2.0,4372,4372.0,C,2,295,6552,Delito sexual,En su vivienda,Mujer
17243,1417162.03,1417162.03.01,1417162.03.01.04,1417162.03.01.04.02.2,1417162,3,1,2,2,2,4,A,1,30,2.0,2,14,120,3,1,,,,,,2.0,,,,,,,,,,,,,,,,,,,,,,,,,,,,,,,,,,,,2,2.0,,4.0,,,,,,,2,,,,,,,,,,,,,,,,1,3500.0,0.0,1.0,1.0,1.0,0.0,0.0,0.0,0.0,1.0,0.0,0.0,0.0,0.0,,,,,,,,,,,,,,,,,,,,,,,,,,,,,,909,909.0,U,1,278,6197,Robo de accesorios de vehículo,En su vivienda,Hombre
17244,1415995.04,1415995.04.01,1415995.04.01.01,1415995.04.01.01.07.1,1415995,4,1,1,1,7,1,A,1,25,2.0,2,14,120,3,2,1.0,0.0,0.0,0.0,0.0,,,,,,,,,,,,,,,,,,,,,,,,,,,,,,,,,,,,,2,,,5.0,,,,,,,2,,,,,,,,,,,,,,,,1,5000.0,0.0,0.0,0.0,0.0,0.0,0.0,0.0,0.0,0.0,1.0,0.0,0.0,0.0,,,,,,,,,,,,,,,,1.0,,,,,,,,,,,,,,1120,1120.0,U,4,281,6417,Robo en banco/cajero,En su vivienda,Hombre
17245,1416352.01,1416352.01.01,1416352.01.01.01,1416352.01.01.01.08.1,1416352,1,1,1,1,8,1,A,1,41,2.0,3,14,120,1,4,1.0,0.0,0.0,0.0,0.0,,,,,,,,,,,,,,,,,,,,,,,,,,,,,,,,,,,,,2,,,3.0,,,,,,,2,,,,,,,,,,,,,,,,1,480.0,0.0,1.0,1.0,1.0,1.0,0.0,1.0,1.0,1.0,1.0,0.0,0.0,0.0,,,,,,,,,,,,,,,,1.0,,,,,,,,,,,,,,2348,2348.0,U,4,281,6402,Fraude bancario,En su vivienda,Hombre
17246,1417141.01,1417141.01.01,1417141.01.01.02,1417141.01.01.02.09.1,1417141,1,1,1,1,9,2,A,1,67,2.0,8,14,120,3,2,0.0,1.0,0.0,0.0,0.0,2.0,,,,,,,,,,,,,,,,,,,,,,,,,,,,,,,,,,,,2,,,7.0,,,,,,,2,,,,,,,,,,,,,,,,5,,,0.0,0.0,0.0,0.0,0.0,0.0,0.0,0.0,1.0,0.0,0.0,0.0,,,,,,,,,,,,,,,,,3.0,,,,,0.0,0.0,1.0,,,,,,1994,1994.0,U,2,279,6237,Extorsión,En su vivienda,Hombre
17248,1416658.03,1416658.03.01,1416658.03.01.02,1416658.03.01.02.02.1,1416658,3,1,1,2,2,2,A,2,57,2.0,11,14,120,3,1,,,,,,2.0,,,,,,,,,,,,,,,,,,,,,,,,,,,,,,,,,,,,2,2.0,,5.0,,,,,,,2,,,,,,,,,,,,,,,,1,4800.0,9999999.0,,,,,,,,,,,,,,,,,,,,,,,,,,,,,,,,,,,,,,,,,,1053,1053.0,U,4,281,6448,Robo de accesorios de vehículo,En su vivienda,Mujer
17249,1417138.01,1417138.01.01,1417138.01.01.04,1417138.01.01.04.03.2,1417138,1,1,2,2,3,4,A,2,20,2.0,7,14,120,3,2,,,,,,2.0,,,,,,,,,,,,,,,,,,,,,,,,,,,,,,,,,,,,2,2.0,,3.0,,,,,,,2,,,,,,,,,,,,,,,,1,500.0,0.0,0.0,1.0,1.0,0.0,0.0,0.0,0.0,0.0,0.0,0.0,0.0,0.0,,,,,,,,,,,,,,,,,,,,,,,,,,,,,,710,710.0,U,2,279,6288,Robo en vivienda,En su vivienda,Mujer
17250,1419455.02,1419455.02.01,1419455.02.01.01,1419455.02.01.01.11.3,1419455,2,1,3,3,11,1,A,2,51,2.0,6,14,120,3,4,,,,,,1.0,1.0,2.0,3.0,0.0,1.0,0.0,6.0,1.0,0.0,0.0,0.0,0.0,0.0,1.0,0.0,1.0,0.0,0.0,0.0,2.0,,,,,,,1.0,0.0,0.0,0.0,0.0,0.0,0.0,0.0,1.0,2,,,6.0,,,,,,,2,,,,,,,,,,,,,,,,1,300.0,0.0,1.0,1.0,1.0,1.0,1.0,1.0,1.0,1.0,1.0,0.0,0.0,0.0,,,,,,,,,,,,,,,,,,,,,,,,,,,,,,2965,2965.0,U,2,285,6508,Lesiones,En su vivienda,Mujer
17251,1413634.04,1413634.04.01,1413634.04.01.03,1413634.04.01.03.02.2,1413634,4,1,2,2,2,3,A,1,24,2.0,3,14,120,3,1,,,,,,2.0,,,,,,,,,,,,,,,,,,,,,,,,,,,,,,,,,,,,2,2.0,,6.0,,,,,,,2,,,,,,,,,,,,,,,,1,25000.0,0.0,1.0,1.0,1.0,1.0,1.0,1.0,1.0,1.0,1.0,0.0,0.0,0.0,,,,,,,,,,,,,,,,,,,,,,,,,,,,,,1223,1223.0,U,4,281,6393,Robo de accesorios de vehículo,En su vivienda,Hombre
17252,1418620.12,1418620.12.01,1418620.12.01.03,1418620.12.01.03.02.1,1418620,12,1,1,1,2,3,A,2,26,2.0,12,14,120,4,1,,,,,,2.0,,,,,,,,,,,,,,,,,,,,,,,,,,,,,,,,,,,,2,2.0,,5.0,,,,,,,2,,,,,,,,,,,,,,,,1,500.0,0.0,,,,,,,,,,,,,,,,,,,,,,,,,,,,,,,,,,,,,,,,,,845,845.0,C,3,296,6559,Robo de accesorios de vehículo,En su vivienda,Mujer
17253,1417667.05,1417667.05.01,1417667.05.01.01,1417667.05.01.01.01.1,1417667,5,1,1,1,1,1,A,1,29,2.0,8,14,120,1,2,,,,,,2.0,,,,,,,,,,,,,,,,,,,,,,,,,,,,,,,,,,,,1,,,,1.0,4.0,,4.0,1.0,1.0,2,,,,,,,,,,1.0,0.0,0.0,0.0,0.0,0.0,1,15000.0,0.0,0.0,0.0,0.0,0.0,0.0,0.0,0.0,0.0,1.0,0.0,0.0,0.0,1.0,,,,,,,,,,,,,,,,,,,,,,,,,,,,,1155,1155.0,U,4,281,6406,Robo total de vehículo,En su vivienda,Hombre
17254,1419478.01,1419478.01.01,1419478.01.01.01,1419478.01.01.01.02.2,1419478,1,1,2,2,2,1,A,1,34,2.0,1,14,120,4,1,,,,,,2.0,,,,,,,,,,,,,,,,,,,,,,,,,,,,,,,,,,,,2,2.0,,4.0,,,,,,,2,,,,,,,,,,,,,,,,1,10000.0,0.0,0.0,1.0,0.0,1.0,0.0,0.0,0.0,1.0,0.0,0.0,0.0,0.0,,,,,,,,,,,,,,,,,,,,,,,,,,,,,,1208,1208.0,U,4,281,6395,Robo de accesorios de vehículo,En su vivienda,Hombre
17256,1416002.04,1416002.04.01,1416002.04.01.02,1416002.04.01.02.13.1,1416002,4,1,1,1,13,2,A,2,25,2.0,4,14,120,2,6,0.0,0.0,1.0,0.0,0.0,1.0,1.0,2.0,1.0,1.0,0.0,0.0,4.0,1.0,0.0,0.0,0.0,0.0,0.0,2.0,0.0,0.0,0.0,1.0,0.0,2.0,,,,,,,2.0,,,,,,,,,2,,,3.0,,,,,,,2,,,,,,,,,,,,,,,,3,0.0,0.0,1.0,0.0,1.0,0.0,0.0,0.0,0.0,0.0,0.0,0.0,0.0,0.0,,,,,,,,,,,,,,,,,,,,,,,,,,,,,3.0,1713,1713.0,U,2,279,6267,Delito sexual,En su vivienda,Mujer
17257,1417661.05,1417661.05.01,1417661.05.01.02,1417661.05.01.02.02.1,1417661,5,1,1,1,2,2,A,1,41,2.0,10,14,120,3,1,,,,,,1.0,1.0,2.0,2.0,1.0,0.0,0.0,3.0,1.0,0.0,0.0,0.0,0.0,0.0,2.0,0.0,0.0,0.0,1.0,0.0,1.0,1.0,0.0,0.0,0.0,0.0,2.0,2.0,,,,,,,,,1,,,,1.0,6.0,,3.0,2.0,3.0,2,,,,,,,,,,0.0,0.0,0.0,0.0,1.0,0.0,3,5000.0,0.0,1.0,1.0,1.0,1.0,0.0,1.0,1.0,0.0,1.0,0.0,0.0,0.0,,,,,,,,,,,,,,,,,,,,,,,,,,,,,,931,931.0,U,2,279,6251,Robo de accesorios de vehículo,En su vivienda,Hombre
17258,1417977.05,1417977.05.01,1417977.05.01.01,1417977.05.01.01.09.1,1417977,5,1,1,1,9,1,A,2,50,2.0,4,14,120,2,2,0.0,1.0,0.0,0.0,0.0,1.0,1.0,2.0,2.0,1.0,1.0,0.0,4.0,1.0,0.0,0.0,0.0,0.0,0.0,2.0,0.0,0.0,0.0,1.0,0.0,2.0,,,,,,,2.0,,,,,,,,,2,,,9.0,,,,,,,2,,,,,,,,,,,,,,,,1,13000.0,0.0,1.0,1.0,0.0,1.0,0.0,1.0,0.0,1.0,1.0,0.0,0.0,0.0,,,,,,,,,,,,,,,,,3.0,,,,,1.0,0.0,0.0,1.0,,,,,1962,1962.0,U,3,280,6329,Extorsión,En su vivienda,Mujer
17259,1416658.03,1416658.03.01,1416658.03.01.02,1416658.03.01.02.02.2,1416658,3,1,2,2,2,2,A,2,57,2.0,1,14,120,2,5,,,,,,2.0,,,,,,,,,,,,,,,,,,,,,,,,,,,,,,,,,,,,2,2.0,,5.0,,,,,,,2,,,,,,,,,,,,,,,,1,4000.0,9999999.0,,,,,,,,,,,,,,,,,,,,,,,,,,,,,,,,,,,,,,,,,,1053,1053.0,U,4,281,6448,Robo de accesorios de vehículo,En su vivienda,Mujer
17260,1418387.02,1418387.02.01,1418387.02.01.01,1418387.02.01.01.04.1,1418387,2,1,1,1,4,1,A,2,30,2.0,3,14,120,1,2,,,,,,2.0,,,,,,,,,,,,,,,,,,,,,,,,,,,,,,,,,,,,2,2.0,,4.0,,,,,,,2,,,,,,,,,,,,,,,,1,15000.0,0.0,0.0,1.0,1.0,1.0,0.0,0.0,0.0,0.0,1.0,0.0,0.0,0.0,,0.0,0.0,0.0,1.0,0.0,0.0,1.0,0.0,0.0,0.0,0.0,0.0,0.0,2.0,,,,,,,,,,,,,,,791,791.0,U,3,280,6383,Robo en transporte público,En su vivienda,Mujer
17261,1414007.02,1414007.02.01,1414007.02.01.01,1414007.02.01.01.09.1,1414007,2,1,1,1,9,1,A,1,34,2.0,2,14,120,3,1,0.0,0.0,1.0,0.0,0.0,1.0,1.0,1.0,2.0,1.0,1.0,0.0,4.0,0.0,0.0,0.0,1.0,0.0,0.0,,0.0,0.0,0.0,1.0,0.0,9.0,,,,,,,2.0,,,,,,,,,1,,,,1.0,2.0,,4.0,3.0,4.0,2,,,,,,,,,,0.0,0.0,0.0,0.0,1.0,0.0,1,3000.0,0.0,,,,,,,,,,,,,,,,,,,,,,,,,,,,,1.0,1.0,0.0,0.0,0.0,1.0,0.0,0.0,3.0,,,,,1650,1650.0,U,3,286,6513,Extorsión,En su vivienda,Hombre
17262,1416784.01,1416784.01.01,1416784.01.01.02,1416784.01.01.02.03.1,1416784,1,1,1,1,3,2,A,2,63,2.0,7,14,120,4,1,,,,,,2.0,,,,,,,,,,,,,,,,,,,,,,,,,,,,,,,,,,,,2,2.0,,3.0,,,,,,,2,,,,,,,,,,,,,,,,1,4000.0,0.0,,,,,,,,,,,,,,,,,,,,,,,,,,,,,,,,,,,,,,,,,,1064,1064.0,U,4,281,6444,Robo en vivienda,En su vivienda,Mujer
17263,1416694.01,1416694.01.01,1416694.01.01.03,1416694.01.01.03.05.1,1416694,1,1,1,1,5,3,A,1,44,2.0,2,14,120,3,1,,,,,,1.0,1.0,2.0,1.0,1.0,0.0,0.0,4.0,1.0,0.0,0.0,0.0,0.0,0.0,1.0,0.0,0.0,0.0,1.0,0.0,1.0,0.0,1.0,0.0,0.0,0.0,2.0,2.0,,,,,,,,,1,,,,1.0,2.0,,2.0,2.0,2.0,2,,,,,,,,,,0.0,0.0,0.0,0.0,1.0,0.0,1,10000.0,0.0,,,,,,,,,,,,,,0.0,0.0,0.0,0.0,1.0,1.0,1.0,0.0,1.0,0.0,0.0,0.0,0.0,,,,,,,,,,,,,,,,3004,3004.0,U,4,281,6460,Robo en calle (a transeúnte),En su vivienda,Hombre
17264,1417333.05,1417333.05.01,1417333.05.01.01,1417333.05.01.01.09.1,1417333,5,1,1,1,9,1,A,1,35,2.0,7,14,120,3,2,0.0,1.0,0.0,0.0,0.0,1.0,1.0,2.0,1.0,1.0,0.0,0.0,5.0,1.0,0.0,0.0,0.0,0.0,0.0,2.0,0.0,0.0,0.0,1.0,0.0,2.0,,,,,,,2.0,,,,,,,,,2,,,4.0,,,,,,,2,,,,,,,,,,,,,,,,5,,,1.0,1.0,1.0,1.0,1.0,1.0,1.0,1.0,1.0,0.0,0.0,0.0,,,,,,,,,,,,,,,,,3.0,,,,,1.0,0.0,0.0,3.0,,,,,1303,1303.0,U,4,281,6391,Extorsión,En su vivienda,Hombre
17265,1416647.03,1416647.03.01,1416647.03.01.04,1416647.03.01.04.01.1,1416647,3,1,1,1,1,4,A,1,28,2.0,3,14,120,4,1,,,,,,2.0,,,,,,,,,,,,,,,,,,,,,,,,,,,,,,,,,,,,1,,,,1.0,2.0,,1.0,1.0,2.0,2,,,,,,,,,,0.0,0.0,0.0,0.0,1.0,0.0,1,200000.0,0.0,1.0,1.0,1.0,1.0,0.0,1.0,1.0,1.0,1.0,0.0,0.0,0.0,1.0,,,,,,,,,,,,,,,,,,,,,,,,,,,,,1077,1077.0,U,3,280,6298,Robo total de vehículo,En su vivienda,Hombre
17266,1413634.04,1413634.04.01,1413634.04.01.03,1413634.04.01.03.02.1,1413634,4,1,1,2,2,3,A,1,24,2.0,11,14,120,3,1,,,,,,2.0,,,,,,,,,,,,,,,,,,,,,,,,,,,,,,,,,,,,2,2.0,,6.0,,,,,,,2,,,,,,,,,,,,,,,,1,80000.0,0.0,,,,,,,,,,,,,,,,,,,,,,,,,,,,,,,,,,,,,,,,,,1223,1223.0,U,4,281,6393,Robo de accesorios de vehículo,En su vivienda,Hombre
17267,1418192.02,1418192.02.01,1418192.02.01.02,1418192.02.01.02.07.2,1418192,2,1,2,2,7,2,A,2,39,2.0,3,14,120,3,2,0.0,1.0,0.0,0.0,0.0,,,,,,,,,,,,,,,,,,,,,,,,,,,,,,,,,,,,,2,,,7.0,,,,,,,2,,,,,,,,,,,,,,,,3,0.0,0.0,,,,,,,,,,,,,,,,,,,,,,,,,,,,1.0,,,,,,,,,,,,,,2899,2899.0,U,4,281,6390,Robo en banco/cajero,En su vivienda,Mujer
17268,1418620.07,1418620.07.01,1418620.07.01.02,1418620.07.01.02.10.1,1418620,7,1,1,1,10,2,A,1,21,2.0,11,14,120,2,2,0.0,0.0,1.0,0.0,0.0,1.0,1.0,1.0,3.0,1.0,0.0,0.0,3.0,1.0,0.0,0.0,0.0,0.0,0.0,1.0,1.0,0.0,0.0,0.0,0.0,1.0,0.0,1.0,0.0,0.0,0.0,1.0,,0.0,0.0,0.0,1.0,0.0,0.0,0.0,0.0,2,,,5.0,,,,,,,2,,,,,,,,,,,,,,,,2,0.0,1500.0,1.0,1.0,1.0,1.0,1.0,1.0,1.0,1.0,1.0,0.0,0.0,0.0,,,,,,,,,,,,,,,,,,,,,,,,,,,,,,1689,1689.0,C,3,296,6559,Amenazas/intimidación,En su vivienda,Hombre
17269,1417661.02,1417661.02.01,1417661.02.01.01,1417661.02.01.01.09.1,1417661,2,1,1,1,9,1,A,1,55,2.0,3,14,120,2,3,0.0,1.0,0.0,0.0,0.0,1.0,1.0,2.0,1.0,1.0,0.0,0.0,5.0,1.0,0.0,0.0,0.0,0.0,0.0,2.0,0.0,0.0,0.0,1.0,0.0,2.0,,,,,,,2.0,,,,,,,,,2,,,4.0,,,,,,,2,,,,,,,,,,,,,,,,3,0.0,0.0,1.0,1.0,1.0,1.0,1.0,1.0,1.0,1.0,1.0,0.0,0.0,0.0,,,,,,,,,,,,,,,,,1.0,,,,,1.0,0.0,0.0,3.0,,,,,931,931.0,U,2,279,6251,Extorsión,En su vivienda,Hombre
17270,1415998.02,1415998.02.01,1415998.02.01.01,1415998.02.01.01.02.1,1415998,2,1,1,1,2,1,A,1,52,2.0,6,14,120,4,1,,,,,,2.0,,,,,,,,,,,,,,,,,,,,,,,,,,,,,,,,,,,,2,2.0,,8.0,,,,,,,2,,,,,,,,,,,,,,,,1,3000.0,0.0,1.0,1.0,1.0,1.0,1.0,1.0,1.0,1.0,1.0,0.0,0.0,0.0,,,,,,,,,,,,,,,,,,,,,,,,,,,,,,938,938.0,U,4,281,6473,Robo de accesorios de vehículo,En su vivienda,Hombre
17271,1462052.05,1462052.05.01,1462052.05.01.01,1462052.05.01.01.03.1,1462052,5,1,1,2,3,1,A,1,38,2.0,99,14,120,1,2,,,,,,2.0,,,,,,,,,,,,,,,,,,,,,,,,,,,,,,,,,,,,2,2.0,,3.0,,,,,,,2,,,,,,,,,,,,,,,,1,200.0,0.0,,,,,,,,,,,,,,,,,,,,,,,,,,,,,,,,,,,,,,,,,,1594,1594.0,R,2,303,6598,Robo en vivienda,En su vivienda,Hombre
17272,1417661.02,1417661.02.01,1417661.02.01.01,1417661.02.01.01.02.1,1417661,2,1,1,2,2,1,A,1,55,2.0,10,14,120,4,1,,,,,,2.0,,,,,,,,,,,,,,,,,,,,,,,,,,,,,,,,,,,,2,2.0,,1.0,,,,,,,2,,,,,,,,,,,,,,,,1,8000.0,3000.0,,,,,,,,,,,,,,,,,,,,,,,,,,,,,,,,,,,,,,,,,,931,931.0,U,2,279,6251,Robo de accesorios de vehículo,En su vivienda,Hombre
17273,1418387.05,1418387.05.01,1418387.05.01.03,1418387.05.01.03.13.1,1418387,5,1,1,1,13,3,A,2,23,2.0,12,14,120,2,1,0.0,0.0,1.0,0.0,0.0,1.0,1.0,2.0,1.0,1.0,0.0,0.0,5.0,1.0,0.0,0.0,0.0,0.0,0.0,2.0,0.0,0.0,0.0,1.0,0.0,2.0,,,,,,,2.0,,,,,,,,,2,,,6.0,,,,,,,2,,,,,,,,,,,,,,,,3,0.0,0.0,1.0,1.0,0.0,1.0,0.0,0.0,0.0,0.0,0.0,0.0,0.0,0.0,,,,,,,,,,,,,,,,,,,,,,,,,,,,,3.0,2374,2374.0,U,3,280,6383,Delito sexual,En su vivienda,Mujer
17274,1418946.02,1418946.02.01,1418946.02.01.03,1418946.02.01.03.08.1,1418946,2,1,1,1,8,3,A,2,58,2.0,9,14,120,9,9,1.0,0.0,0.0,0.0,0.0,,,,,,,,,,,,,,,,,,,,,,,,,,,,,,,,,,,,,2,,,6.0,,,,,,,2,,,,,,,,,,,,,,,,1,3000.0,0.0,0.0,0.0,1.0,0.0,0.0,0.0,0.0,0.0,0.0,0.0,0.0,0.0,,,,,,,,,,,,,,,,1.0,,,,,,,,,,,,,,2746,2746.0,U,4,281,6476,Fraude bancario,En su vivienda,Mujer
17275,1416784.01,1416784.01.01,1416784.01.01.02,1416784.01.01.02.07.1,1416784,1,1,1,1,7,2,A,2,63,2.0,11,14,120,2,8,1.0,0.0,0.0,0.0,0.0,,,,,,,,,,,,,,,,,,,,,,,,,,,,,,,,,,,,,2,,,9.0,,,,,,,2,,,,,,,,,,,,,,,,3,0.0,0.0,1.0,0.0,0.0,0.0,0.0,0.0,0.0,0.0,1.0,0.0,0.0,0.0,,,,,,,,,,,,,,,,5.0,,,,,,,,,,,,,,2128,2128.0,U,4,281,6444,Robo en banco/cajero,En su vivienda,Mujer
17276,1419478.01,1419478.01.01,1419478.01.01.01,1419478.01.01.01.02.1,1419478,1,1,1,2,2,1,A,1,34,2.0,2,14,120,4,1,,,,,,2.0,,,,,,,,,,,,,,,,,,,,,,,,,,,,,,,,,,,,1,,,,2.0,,2.0,4.0,1.0,3.0,2,,,,,,,,,,0.0,0.0,0.0,0.0,1.0,0.0,1,75000.0,0.0,,,,,,,,,,,,,,,,,,,,,,,,,,,,,,,,,,,,,,,,,,1208,1208.0,U,4,281,6395,Robo de accesorios de vehículo,En su vivienda,Hombre
17277,1418620.07,1418620.07.01,1418620.07.01.02,1418620.07.01.02.07.1,1418620,7,1,1,1,7,2,A,1,21,2.0,10,14,120,1,1,0.0,0.0,1.0,0.0,0.0,,,,,,,,,,,,,,,,,,,,,,,,,,,,,,,,,,,,,2,,,5.0,,,,,,,2,,,,,,,,,,,,,,,,1,25000.0,0.0,,,,,,,,,,,,,,,,,,,,,,,,,,,,4.0,,,,,,,,,,,,,,1689,1689.0,C,3,296,6559,Robo en banco/cajero,En su vivienda,Hombre
17279,1416412.03,1416412.03.01,1416412.03.01.01,1416412.03.01.01.04.1,1416412,3,1,1,1,4,1,A,1,36,2.0,2,14,120,4,2,,,,,,1.0,2.0,,,,,,,,,,,,,,,,,,,,,,,,,,,,,,,,,,,2,2.0,,4.0,,,,,,,2,,,,,,,,,,,,,,,,1,8000.0,0.0,0.0,0.0,0.0,0.0,0.0,0.0,0.0,1.0,1.0,0.0,0.0,0.0,,0.0,0.0,0.0,0.0,0.0,0.0,0.0,0.0,0.0,1.0,0.0,0.0,0.0,1.0,,,,,,,,,,,,,,,991,991.0,U,2,279,6239,Robo en transporte público,En su vivienda,Hombre
17280,1418689.19,1418689.19.01,1418689.19.01.04,1418689.19.01.04.15.1,1418689,19,1,1,1,15,4,A,1,23,2.0,6,14,120,2,2,,,,,,1.0,1.0,2.0,1.0,0.0,1.0,0.0,5.0,1.0,0.0,0.0,0.0,0.0,0.0,2.0,0.0,0.0,1.0,0.0,0.0,9.0,,,,,,,2.0,,,,,,,,,2,,,4.0,,,,,,,1,0.0,0.0,0.0,0.0,0.0,0.0,0.0,1.0,0.0,0.0,1.0,0.0,0.0,0.0,0.0,5,,,1.0,1.0,1.0,1.0,0.0,0.0,0.0,0.0,1.0,0.0,0.0,0.0,,,,,,,,,,,,,,,,,,,,,,,,,,,,,,4458,4458.0,C,2,295,6554,Otro delito,En su vivienda,Hombre
17281,1417195.04,1417195.04.01,1417195.04.01.04,1417195.04.01.04.03.2,1417195,4,1,2,2,3,4,A,1,27,2.0,1,14,120,4,2,,,,,,2.0,,,,,,,,,,,,,,,,,,,,,,,,,,,,,,,,,,,,2,2.0,,9.0,,,,,,,2,,,,,,,,,,,,,,,,5,,,0.0,0.0,0.0,0.0,0.0,0.0,0.0,1.0,1.0,0.0,0.0,0.0,,,,,,,,,,,,,,,,,,,,,,,,,,,,,,1014,1014.0,U,3,280,6315,Robo en vivienda,En su vivienda,Hombre
17282,1418599.03,1418599.03.01,1418599.03.01.01,1418599.03.01.01.03.1,1418599,3,1,1,2,3,1,A,1,40,2.0,3,14,120,1,1,,,,,,2.0,,,,,,,,,,,,,,,,,,,,,,,,,,,,,,,,,,,,2,2.0,,7.0,,,,,,,2,,,,,,,,,,,,,,,,5,,,,,,,,,,,,,,,,,,,,,,,,,,,,,,,,,,,,,,,,,,,,754,754.0,C,2,295,6555,Robo en vivienda,En su vivienda,Hombre
17283,1418620.07,1418620.07.01,1418620.07.01.02,1418620.07.01.02.04.1,1418620,7,1,1,1,4,2,A,1,21,2.0,2,14,120,1,2,,,,,,2.0,,,,,,,,,,,,,,,,,,,,,,,,,,,,,,,,,,,,2,2.0,,5.0,,,,,,,2,,,,,,,,,,,,,,,,1,45000.0,0.0,,,,,,,,,,,,,,0.0,0.0,1.0,0.0,0.0,0.0,1.0,0.0,1.0,0.0,0.0,0.0,0.0,2.0,,,,,,,,,,,,,,,845,845.0,C,3,296,6559,Robo en transporte público,En su vivienda,Hombre
17284,1418990.2,1418990.20.01,1418990.20.01.01,1418990.20.01.01.03.1,1418990,20,1,1,1,3,1,A,1,24,2.0,12,14,120,3,2,,,,,,2.0,,,,,,,,,,,,,,,,,,,,,,,,,,,,,,,,,,,,2,2.0,,3.0,,,,,,,2,,,,,,,,,,,,,,,,5,,,0.0,0.0,0.0,1.0,0.0,0.0,0.0,1.0,0.0,0.0,0.0,0.0,,,,,,,,,,,,,,,,,,,,,,,,,,,,,,1259,1259.0,C,2,297,6562,Robo en vivienda,En su vivienda,Hombre
17285,1414007.02,1414007.02.01,1414007.02.01.01,1414007.02.01.01.10.1,1414007,2,1,1,1,10,1,A,1,34,2.0,2,14,120,3,1,0.0,1.0,0.0,0.0,0.0,1.0,2.0,,,,,,,,,,,,,,,,,,,,,,,,,,,,,,,,,,,1,,,,1.0,2.0,,4.0,3.0,4.0,2,,,,,,,,,,0.0,0.0,0.0,0.0,1.0,0.0,1,0.0,0.0,,,,,,,,,,,,,,,,,,,,,,,,,,,,,,,,,,,,,,,,,,1650,1650.0,U,3,286,6513,Amenazas/intimidación,En su vivienda,Hombre
17286,1417661.02,1417661.02.01,1417661.02.01.01,1417661.02.01.01.02.2,1417661,2,1,2,2,2,1,A,1,55,2.0,6,14,120,4,1,,,,,,2.0,,,,,,,,,,,,,,,,,,,,,,,,,,,,,,,,,,,,2,2.0,,8.0,,,,,,,2,,,,,,,,,,,,,,,,3,60000.0,3000.0,,,,,,,,,,,,,,,,,,,,,,,,,,,,,,,,,,,,,,,,,,931,931.0,U,2,279,6251,Robo de accesorios de vehículo,En su vivienda,Hombre
17287,1418689.08,1418689.08.01,1418689.08.01.01,1418689.08.01.01.03.2,1418689,8,1,2,2,3,1,A,1,44,2.0,1,14,120,3,2,,,,,,2.0,,,,,,,,,,,,,,,,,,,,,,,,,,,,,,,,,,,,2,2.0,,4.0,,,,,,,2,,,,,,,,,,,,,,,,5,,,1.0,1.0,1.0,0.0,0.0,0.0,0.0,0.0,0.0,0.0,0.0,0.0,,,,,,,,,,,,,,,,,,,,,,,,,,,,,,892,892.0,C,2,295,6554,Robo en vivienda,En su vivienda,Hombre
17288,1416658.03,1416658.03.01,1416658.03.01.02,1416658.03.01.02.09.1,1416658,3,1,1,1,9,2,A,2,57,2.0,12,14,120,1,2,0.0,1.0,0.0,0.0,0.0,1.0,2.0,,,,,,,,,,,,,,,,,,,,,,,,,,,,,,,,,,,2,,,4.0,,,,,,,2,,,,,,,,,,,,,,,,3,0.0,500.0,0.0,0.0,0.0,0.0,0.0,1.0,1.0,0.0,0.0,0.0,0.0,0.0,,,,,,,,,,,,,,,,,1.0,,,,,1.0,0.0,0.0,3.0,,,,,3159,3159.0,U,4,281,6448,Extorsión,En su vivienda,Mujer
17289,1416452.03,1416452.03.01,1416452.03.01.02,1416452.03.01.02.04.1,1416452,3,1,1,1,4,2,A,2,45,2.0,10,14,120,2,2,,,,,,2.0,,,,,,,,,,,,,,,,,,,,,,,,,,,,,,,,,,,,2,2.0,,4.0,,,,,,,2,,,,,,,,,,,,,,,,1,50000.0,0.0,0.0,0.0,0.0,0.0,0.0,0.0,0.0,1.0,1.0,0.0,0.0,0.0,,0.0,0.0,1.0,1.0,1.0,0.0,0.0,0.0,1.0,0.0,0.0,0.0,0.0,2.0,,,,,,,,,,,,,,,1013,1013.0,U,3,280,6316,Robo en transporte público,En su vivienda,Mujer
17290,1416607.01,1416607.01.01,1416607.01.01.02,1416607.01.01.02.13.1,1416607,1,1,1,1,13,2,A,2,50,2.0,10,14,120,3,6,0.0,0.0,1.0,0.0,0.0,1.0,1.0,2.0,1.0,1.0,0.0,0.0,6.0,1.0,0.0,0.0,0.0,0.0,0.0,1.0,0.0,1.0,0.0,0.0,0.0,2.0,,,,,,,2.0,,,,,,,,,2,,,7.0,,,,,,,1,0.0,0.0,0.0,0.0,0.0,0.0,0.0,1.0,0.0,0.0,0.0,0.0,0.0,1.0,0.0,3,0.0,0.0,1.0,1.0,1.0,1.0,0.0,1.0,1.0,0.0,1.0,0.0,0.0,0.0,,,,,,,,,,,,,,,,,,,,,,,,,,,,,3.0,3496,3496.0,U,3,280,6373,Delito sexual,En su vivienda,Mujer
17291,1418192.02,1418192.02.01,1418192.02.01.02,1418192.02.01.02.07.1,1418192,2,1,1,2,7,2,A,2,39,2.0,9,14,120,3,2,1.0,0.0,0.0,0.0,0.0,,,,,,,,,,,,,,,,,,,,,,,,,,,,,,,,,,,,,2,,,4.0,,,,,,,2,,,,,,,,,,,,,,,,1,12000.0,0.0,,,,,,,,,,,,,,,,,,,,,,,,,,,,1.0,,,,,,,,,,,,,,2899,2899.0,U,4,281,6390,Robo en banco/cajero,En su vivienda,Mujer
17292,1418046.02,1418046.02.01,1418046.02.01.01,1418046.02.01.01.13.1,1418046,2,1,1,2,13,1,A,2,23,2.0,5,14,120,3,1,0.0,0.0,1.0,0.0,0.0,1.0,1.0,2.0,1.0,1.0,0.0,0.0,5.0,1.0,0.0,0.0,0.0,0.0,0.0,2.0,0.0,0.0,0.0,0.0,1.0,9.0,,,,,,,2.0,,,,,,,,,2,,,7.0,,,,,,,2,,,,,,,,,,,,,,,,3,0.0,0.0,,,,,,,,,,,,,,,,,,,,,,,,,,,,,,,,,,,,,,,,,4.0,1074,1074.0,U,4,281,6438,Delito sexual,En su vivienda,Mujer
17293,1417271.05,1417271.05.01,1417271.05.01.03,1417271.05.01.03.09.1,1417271,5,1,1,2,9,3,A,1,24,2.0,11,14,120,1,2,0.0,1.0,0.0,0.0,0.0,1.0,1.0,2.0,1.0,1.0,0.0,0.0,4.0,1.0,0.0,0.0,0.0,0.0,0.0,2.0,0.0,0.0,0.0,1.0,0.0,2.0,,,,,,,2.0,,,,,,,,,2,,,3.0,,,,,,,2,,,,,,,,,,,,,,,,5,,,,,,,,,,,,,,,,,,,,,,,,,,,,,,,3.0,,,,,1.0,0.0,0.0,3.0,,,,,3786,3786.0,U,3,280,6351,Extorsión,En su vivienda,Hombre
17294,1417271.03,1417271.03.01,1417271.03.01.02,1417271.03.01.02.03.1,1417271,3,1,1,1,3,2,A,2,43,2.0,9,14,120,3,1,,,,,,2.0,,,,,,,,,,,,,,,,,,,,,,,,,,,,,,,,,,,,2,2.0,,4.0,,,,,,,2,,,,,,,,,,,,,,,,1,3500.0,0.0,1.0,1.0,1.0,0.0,0.0,0.0,0.0,0.0,0.0,0.0,0.0,0.0,,,,,,,,,,,,,,,,,,,,,,,,,,,,,,947,947.0,U,3,280,6351,Robo en vivienda,En su vivienda,Mujer
17295,1416338.01,1416338.01.01,1416338.01.01.01,1416338.01.01.01.08.1,1416338,1,1,1,1,8,1,A,2,35,2.0,6,14,120,2,2,1.0,0.0,0.0,0.0,0.0,,,,,,,,,,,,,,,,,,,,,,,,,,,,,,,,,,,,,2,,,4.0,,,,,,,2,,,,,,,,,,,,,,,,1,2500.0,0.0,0.0,0.0,0.0,1.0,0.0,0.0,0.0,0.0,0.0,0.0,0.0,0.0,,,,,,,,,,,,,,,,1.0,,,,,,,,,,,,,,982,982.0,U,3,280,6328,Fraude bancario,En su vivienda,Mujer
17296,1417950.05,1417950.05.01,1417950.05.01.02,1417950.05.01.02.08.1,1417950,5,1,1,1,8,2,A,2,66,2.0,6,14,120,9,8,1.0,0.0,0.0,0.0,0.0,,,,,,,,,,,,,,,,,,,,,,,,,,,,,,,,,,,,,2,,,6.0,,,,,,,2,,,,,,,,,,,,,,,,1,1500.0,0.0,1.0,1.0,1.0,1.0,0.0,1.0,0.0,1.0,1.0,0.0,0.0,0.0,,,,,,,,,,,,,,,,1.0,,,,,,,,,,,,,,2021,2021.0,U,3,280,6318,Fraude bancario,En su vivienda,Mujer
17297,1462052.05,1462052.05.01,1462052.05.01.01,1462052.05.01.01.05.1,1462052,5,1,1,1,5,1,A,1,38,2.0,4,14,120,1,6,,,,,,1.0,1.0,2.0,1.0,0.0,0.0,1.0,9.0,1.0,0.0,0.0,0.0,0.0,0.0,2.0,0.0,0.0,0.0,0.0,1.0,9.0,,,,,,,2.0,,,,,,,,,2,,,4.0,,,,,,,2,,,,,,,,,,,,,,,,1,1200.0,0.0,1.0,1.0,1.0,1.0,1.0,1.0,1.0,0.0,0.0,0.0,0.0,0.0,,0.0,0.0,0.0,0.0,0.0,0.0,1.0,0.0,0.0,0.0,0.0,0.0,0.0,,,,,,,,,,,,,,,,4782,4782.0,R,2,303,6598,Robo en calle (a transeúnte),En su vivienda,Hombre
17298,1417797.04,1417797.04.01,1417797.04.01.01,1417797.04.01.01.07.1,1417797,4,1,1,1,7,1,A,2,29,2.0,11,14,120,2,2,1.0,0.0,0.0,0.0,0.0,,,,,,,,,,,,,,,,,,,,,,,,,,,,,,,,,,,,,2,,,4.0,,,,,,,2,,,,,,,,,,,,,,,,1,7000.0,0.0,0.0,0.0,0.0,1.0,0.0,0.0,0.0,0.0,0.0,0.0,0.0,0.0,,,,,,,,,,,,,,,,4.0,,,,,,,,,,,,,,2583,2583.0,U,4,281,6392,Robo en banco/cajero,En su vivienda,Mujer
17299,1416694.01,1416694.01.01,1416694.01.01.03,1416694.01.01.03.10.1,1416694,1,1,1,1,10,3,A,1,44,2.0,9,14,120,1,3,0.0,1.0,0.0,0.0,0.0,1.0,1.0,2.0,1.0,1.0,0.0,0.0,4.0,1.0,0.0,0.0,0.0,0.0,0.0,2.0,1.0,0.0,0.0,0.0,0.0,2.0,,,,,,,2.0,,,,,,,,,2,,,3.0,,,,,,,2,,,,,,,,,,,,,,,,3,0.0,0.0,0.0,1.0,0.0,1.0,0.0,1.0,0.0,0.0,0.0,0.0,0.0,0.0,,,,,,,,,,,,,,,,,,,,,,,,,,,,,,3004,3004.0,U,4,281,6460,Amenazas/intimidación,En su vivienda,Hombre
17300,1417333.01,1417333.01.01,1417333.01.01.04,1417333.01.01.04.09.1,1417333,1,1,1,1,9,4,A,2,84,2.0,7,14,120,2,2,0.0,1.0,0.0,0.0,0.0,1.0,1.0,2.0,1.0,1.0,0.0,0.0,9.0,1.0,0.0,0.0,0.0,0.0,0.0,2.0,0.0,0.0,0.0,0.0,1.0,2.0,,,,,,,2.0,,,,,,,,,2,,,6.0,,,,,,,2,,,,,,,,,,,,,,,,5,,,0.0,0.0,0.0,0.0,0.0,0.0,0.0,0.0,1.0,0.0,0.0,0.0,,,,,,,,,,,,,,,,,3.0,,,,,1.0,0.0,0.0,3.0,,,,,5214,5214.0,U,4,281,6391,Extorsión,En su vivienda,Mujer
17301,1418192.02,1418192.02.01,1418192.02.01.02,1418192.02.01.02.02.1,1418192,2,1,1,1,2,2,A,2,39,2.0,2,14,120,1,1,,,,,,2.0,,,,,,,,,,,,,,,,,,,,,,,,,,,,,,,,,,,,2,2.0,,3.0,,,,,,,2,,,,,,,,,,,,,,,,1,3000.0,0.0,,,,,,,,,,,,,,,,,,,,,,,,,,,,,,,,,,,,,,,,,,1450,1450.0,U,4,281,6390,Robo de accesorios de vehículo,En su vivienda,Mujer
17302,1416607.01,1416607.01.01,1416607.01.01.02,1416607.01.01.02.03.1,1416607,1,1,1,1,3,2,A,2,50,2.0,6,14,120,4,1,,,,,,2.0,,,,,,,,,,,,,,,,,,,,,,,,,,,,,,,,,,,,2,2.0,,4.0,,,,,,,2,,,,,,,,,,,,,,,,1,400.0,0.0,,,,,,,,,,,,,,,,,,,,,,,,,,,,,,,,,,,,,,,,,,874,874.0,U,3,280,6373,Robo en vivienda,En su vivienda,Mujer
17303,1419478.03,1419478.03.01,1419478.03.01.01,1419478.03.01.01.08.3,1419478,3,1,3,3,8,1,A,1,28,2.0,2,14,120,1,2,1.0,0.0,0.0,0.0,0.0,,,,,,,,,,,,,,,,,,,,,,,,,,,,,,,,,,,,,2,,,4.0,,,,,,,2,,,,,,,,,,,,,,,,1,500.0,0.0,0.0,0.0,0.0,1.0,0.0,0.0,0.0,1.0,1.0,0.0,0.0,0.0,,,,,,,,,,,,,,,,1.0,,,,,,,,,,,,,,1208,1208.0,U,4,281,6395,Fraude bancario,En su vivienda,Hombre
17304,1418248.04,1418248.04.01,1418248.04.01.01,1418248.04.01.01.02.1,1418248,4,1,1,1,2,1,A,2,45,2.0,8,14,120,3,1,,,,,,2.0,,,,,,,,,,,,,,,,,,,,,,,,,,,,,,,,,,,,1,,,,9.0,,,2.0,5.0,2.0,2,,,,,,,,,,0.0,0.0,0.0,0.0,1.0,0.0,1,40000.0,0.0,0.0,1.0,1.0,1.0,0.0,1.0,1.0,1.0,1.0,0.0,0.0,0.0,,,,,,,,,,,,,,,,,,,,,,,,,,,,,,1176,1176.0,U,4,281,6400,Robo de accesorios de vehículo,En su vivienda,Mujer
17305,1417271.05,1417271.05.01,1417271.05.01.03,1417271.05.01.03.09.2,1417271,5,1,2,2,9,3,A,1,24,2.0,6,14,120,1,2,0.0,1.0,0.0,0.0,0.0,1.0,1.0,2.0,1.0,1.0,0.0,0.0,5.0,1.0,0.0,0.0,0.0,0.0,0.0,2.0,0.0,0.0,0.0,1.0,0.0,1.0,1.0,0.0,0.0,0.0,0.0,2.0,2.0,,,,,,,,,2,,,3.0,,,,,,,2,,,,,,,,,,,,,,,,5,,,0.0,1.0,0.0,0.0,0.0,1.0,0.0,0.0,1.0,0.0,0.0,0.0,,,,,,,,,,,,,,,,,3.0,,,,,1.0,0.0,0.0,3.0,,,,,3786,3786.0,U,3,280,6351,Extorsión,En su vivienda,Hombre
17306,1417235.05,1417235.05.01,1417235.05.01.01,1417235.05.01.01.02.2,1417235,5,1,2,3,2,1,A,1,44,2.0,3,14,120,3,1,,,,,,2.0,,,,,,,,,,,,,,,,,,,,,,,,,,,,,,,,,,,,2,2.0,,4.0,,,,,,,2,,,,,,,,,,,,,,,,1,5000.0,0.0,,,,,,,,,,,,,,,,,,,,,,,,,,,,,,,,,,,,,,,,,,924,924.0,U,3,280,6364,Robo de accesorios de vehículo,En su vivienda,Hombre
17307,1406944.14,1406944.14.01,1406944.14.01.01,1406944.14.01.01.05.1,1406944,14,1,1,1,5,1,A,1,45,2.0,2,14,120,2,5,,,,,,1.0,1.0,2.0,2.0,1.0,0.0,0.0,3.0,1.0,0.0,0.0,0.0,0.0,0.0,1.0,0.0,0.0,0.0,1.0,0.0,1.0,1.0,0.0,0.0,0.0,0.0,2.0,2.0,,,,,,,,,2,,,4.0,,,,,,,2,,,,,,,,,,,,,,,,5,,,1.0,1.0,0.0,0.0,1.0,1.0,1.0,0.0,1.0,0.0,0.0,0.0,,0.0,0.0,0.0,0.0,0.0,0.0,0.0,0.0,0.0,0.0,0.0,1.0,0.0,,,,,,,,,,,,,,,,885,885.0,C,3,298,6577,Robo en calle (a transeúnte),En su vivienda,Hombre
17308,1416352.01,1416352.01.01,1416352.01.01.01,1416352.01.01.01.03.1,1416352,1,1,1,1,3,1,A,1,41,2.0,2,14,120,1,4,,,,,,2.0,,,,,,,,,,,,,,,,,,,,,,,,,,,,,,,,,,,,2,2.0,,1.0,,,,,,,2,,,,,,,,,,,,,,,,1,4000.0,0.0,,,,,,,,,,,,,,,,,,,,,,,,,,,,,,,,,,,,,,,,,,1174,1174.0,U,4,281,6402,Robo en vivienda,En su vivienda,Hombre
17309,1418689.08,1418689.08.01,1418689.08.01.01,1418689.08.01.01.03.1,1418689,8,1,1,2,3,1,A,1,44,2.0,1,14,120,9,2,,,,,,2.0,,,,,,,,,,,,,,,,,,,,,,,,,,,,,,,,,,,,2,2.0,,4.0,,,,,,,2,,,,,,,,,,,,,,,,1,80.0,0.0,,,,,,,,,,,,,,,,,,,,,,,,,,,,,,,,,,,,,,,,,,892,892.0,C,2,295,6554,Robo en vivienda,En su vivienda,Hombre
17310,1418366.05,1418366.05.01,1418366.05.01.01,1418366.05.01.01.09.1,1418366,5,1,1,1,9,1,A,2,56,2.0,6,14,120,1,3,0.0,0.0,1.0,0.0,0.0,1.0,1.0,2.0,3.0,0.0,1.0,0.0,8.0,0.0,0.0,1.0,0.0,0.0,0.0,,0.0,0.0,0.0,1.0,0.0,2.0,,,,,,,2.0,,,,,,,,,2,,,7.0,,,,,,,2,,,,,,,,,,,,,,,,1,60000.0,3000.0,0.0,0.0,0.0,0.0,0.0,1.0,0.0,0.0,0.0,0.0,0.0,0.0,,,,,,,,,,,,,,,,,1.0,0.0,0.0,0.0,1.0,1.0,0.0,0.0,1.0,,,,,1799,1799.0,U,3,280,6368,Extorsión,En su vivienda,Mujer
17311,1417950.03,1417950.03.01,1417950.03.01.01,1417950.03.01.01.02.2,1417950,3,1,2,2,2,1,A,1,57,2.0,1,14,120,2,4,,,,,,2.0,,,,,,,,,,,,,,,,,,,,,,,,,,,,,,,,,,,,2,2.0,,4.0,,,,,,,2,,,,,,,,,,,,,,,,1,3000.0,0.0,,,,,,,,,,,,,,,,,,,,,,,,,,,,,,,,,,,,,,,,,,1011,1011.0,U,3,280,6318,Robo de accesorios de vehículo,En su vivienda,Hombre
17312,1418505.03,1418505.03.01,1418505.03.01.02,1418505.03.01.02.09.1,1418505,3,1,1,1,9,2,A,2,75,2.0,9,14,120,2,2,0.0,1.0,0.0,0.0,0.0,1.0,1.0,2.0,1.0,1.0,0.0,0.0,4.0,1.0,0.0,0.0,0.0,0.0,0.0,2.0,0.0,0.0,0.0,0.0,1.0,2.0,,,,,,,2.0,,,,,,,,,2,,,3.0,,,,,,,2,,,,,,,,,,,,,,,,5,,,0.0,0.0,0.0,0.0,0.0,0.0,0.0,0.0,0.0,0.0,1.0,0.0,,,,,,,,,,,,,,,,,3.0,,,,,1.0,0.0,0.0,3.0,,,,,3291,3291.0,U,4,281,6426,Extorsión,En su vivienda,Mujer
17313,1417938.05,1417938.05.01,1417938.05.01.04,1417938.05.01.04.04.1,1417938,5,1,1,1,4,4,A,2,19,2.0,10,14,120,3,2,,,,,,1.0,1.0,1.0,1.0,1.0,0.0,0.0,4.0,1.0,0.0,0.0,0.0,0.0,0.0,1.0,1.0,0.0,0.0,0.0,0.0,2.0,,,,,,,2.0,,,,,,,,,2,2.0,,5.0,,,,,,,2,,,,,,,,,,,,,,,,5,,,,,,,,,,,,,,,,0.0,0.0,0.0,0.0,0.0,0.0,0.0,0.0,0.0,0.0,0.0,1.0,0.0,1.0,,,,,,,,,,,,,,,1001,1001.0,U,2,279,6233,Robo en transporte público,En su vivienda,Mujer
17314,1417938.05,1417938.05.01,1417938.05.01.04,1417938.05.01.04.10.1,1417938,5,1,1,2,10,4,A,2,19,2.0,3,14,120,2,1,0.0,0.0,1.0,0.0,0.0,1.0,1.0,1.0,1.0,0.0,1.0,0.0,3.0,0.0,0.0,0.0,1.0,0.0,0.0,,0.0,0.0,0.0,1.0,0.0,2.0,,,,,,,1.0,1.0,1.0,0.0,0.0,0.0,0.0,0.0,0.0,2,,,4.0,,,,,,,2,,,,,,,,,,,,,,,,2,0.0,0.0,,,,,,,,,,,,,,,,,,,,,,,,,,,,,,,,,,,,,,,,,,4004,4004.0,U,2,279,6233,Amenazas/intimidación,En su vivienda,Mujer
17315,1419478.03,1419478.03.01,1419478.03.01.01,1419478.03.01.01.08.2,1419478,3,1,2,3,8,1,A,1,28,2.0,7,14,120,1,3,1.0,0.0,0.0,0.0,0.0,,,,,,,,,,,,,,,,,,,,,,,,,,,,,,,,,,,,,2,,,4.0,,,,,,,2,,,,,,,,,,,,,,,,1,3000.0,0.0,,,,,,,,,,,,,,,,,,,,,,,,,,,,1.0,,,,,,,,,,,,,,1208,1208.0,U,4,281,6395,Fraude bancario,En su vivienda,Hombre
17316,1416607.01,1416607.01.01,1416607.01.01.02,1416607.01.01.02.08.1,1416607,1,1,1,1,8,2,A,2,50,2.0,11,14,120,3,4,0.0,0.0,1.0,0.0,0.0,,,,,,,,,,,,,,,,,,,,,,,,,,,,,,,,,,,,,2,,,9.0,,,,,,,2,,,,,,,,,,,,,,,,1,200.0,0.0,,,,,,,,,,,,,,,,,,,,,,,,,,,,1.0,,,,,,,,,,,,,,3496,3496.0,U,3,280,6373,Fraude bancario,En su vivienda,Mujer
17317,1416360.01,1416360.01.01,1416360.01.01.01,1416360.01.01.01.05.1,1416360,1,1,1,1,5,1,A,1,49,2.0,3,14,120,1,6,,,,,,1.0,1.0,2.0,3.0,1.0,1.0,0.0,5.0,1.0,0.0,0.0,0.0,0.0,0.0,2.0,0.0,0.0,0.0,1.0,0.0,2.0,,,,,,,2.0,,,,,,,,,2,,,5.0,,,,,,,2,,,,,,,,,,,,,,,,1,1000.0,0.0,0.0,0.0,1.0,0.0,0.0,0.0,0.0,0.0,0.0,0.0,0.0,0.0,,0.0,0.0,0.0,0.0,0.0,0.0,0.0,0.0,1.0,0.0,0.0,0.0,0.0,,,,,,,,,,,,,,,,5770,5770.0,U,3,280,6291,Robo en calle (a transeúnte),En su vivienda,Hombre
17318,1414007.02,1414007.02.01,1414007.02.01.01,1414007.02.01.01.03.1,1414007,2,1,1,1,3,1,A,1,34,2.0,2,14,120,3,1,,,,,,2.0,,,,,,,,,,,,,,,,,,,,,,,,,,,,,,,,,,,,2,2.0,,5.0,,,,,,,1,0.0,1.0,0.0,0.0,0.0,0.0,0.0,0.0,0.0,1.0,0.0,0.0,0.0,0.0,0.0,1,100000.0,0.0,,,,,,,,,,,,,,,,,,,,,,,,,,,,,,,,,,,,,,,,,,825,825.0,U,3,286,6513,Robo en vivienda,En su vivienda,Hombre
17319,1418990.13,1418990.13.01,1418990.13.01.04,1418990.13.01.04.13.3,1418990,13,1,3,5,13,4,A,2,42,2.0,7,14,120,1,3,0.0,0.0,1.0,0.0,0.0,1.0,1.0,1.0,1.0,0.0,1.0,0.0,5.0,0.0,0.0,1.0,0.0,0.0,0.0,,0.0,0.0,0.0,1.0,0.0,2.0,,,,,,,2.0,,,,,,,,,2,,,6.0,,,,,,,2,,,,,,,,,,,,,,,,4,0.0,0.0,,,,,,,,,,,,,,,,,,,,,,,,,,,,,,,,,,,,,,,,,3.0,10076,10076.0,C,2,297,6562,Delito sexual,En su vivienda,Mujer
17320,1417875.05,1417875.05.01,1417875.05.01.02,1417875.05.01.02.02.1,1417875,5,1,1,1,2,2,A,2,52,2.0,12,14,120,9,5,,,,,,2.0,,,,,,,,,,,,,,,,,,,,,,,,,,,,,,,,,,,,1,,,,1.0,3.0,,1.0,2.0,3.0,2,,,,,,,,,,0.0,0.0,0.0,0.0,1.0,0.0,1,25000.0,0.0,1.0,1.0,1.0,1.0,1.0,1.0,1.0,1.0,1.0,0.0,0.0,0.0,,,,,,,,,,,,,,,,,,,,,,,,,,,,,,1091,1091.0,U,4,281,6431,Robo de accesorios de vehículo,En su vivienda,Mujer
17321,1417235.05,1417235.05.01,1417235.05.01.01,1417235.05.01.01.02.3,1417235,5,1,3,3,2,1,A,1,44,2.0,2,14,120,3,1,,,,,,2.0,,,,,,,,,,,,,,,,,,,,,,,,,,,,,,,,,,,,2,2.0,,4.0,,,,,,,2,,,,,,,,,,,,,,,,1,2000.0,0.0,,,,,,,,,,,,,,,,,,,,,,,,,,,,,,,,,,,,,,,,,,924,924.0,U,3,280,6364,Robo de accesorios de vehículo,En su vivienda,Hombre
17322,1417235.05,1417235.05.01,1417235.05.01.01,1417235.05.01.01.03.1,1417235,5,1,1,1,3,1,A,1,44,2.0,10,14,120,3,2,,,,,,2.0,,,,,,,,,,,,,,,,,,,,,,,,,,,,,,,,,,,,2,2.0,,4.0,,,,,,,2,,,,,,,,,,,,,,,,5,,,0.0,0.0,0.0,0.0,0.0,0.0,0.0,0.0,1.0,0.0,0.0,0.0,,,,,,,,,,,,,,,,,,,,,,,,,,,,,,924,924.0,U,3,280,6364,Robo en vivienda,En su vivienda,Hombre
17323,1416784.04,1416784.04.01,1416784.04.01.01,1416784.04.01.01.09.1,1416784,4,1,1,1,9,1,A,1,41,2.0,2,14,120,3,1,0.0,0.0,1.0,0.0,0.0,1.0,1.0,1.0,2.0,1.0,1.0,0.0,6.0,0.0,0.0,0.0,1.0,0.0,0.0,,1.0,0.0,0.0,0.0,0.0,1.0,1.0,0.0,0.0,0.0,0.0,2.0,2.0,,,,,,,,,1,,,,1.0,6.0,,2.0,3.0,3.0,1,0.0,1.0,0.0,0.0,0.0,0.0,0.0,0.0,0.0,0.0,0.0,0.0,0.0,1.0,0.0,3,350000.0,0.0,,,,,,,,,,,,,,,,,,,,,,,,,,,,,3.0,0.0,1.0,0.0,0.0,0.0,0.0,1.0,,,,,,2128,2128.0,U,4,281,6444,Extorsión,En su vivienda,Hombre
17324,1417977.04,1417977.04.01,1417977.04.01.01,1417977.04.01.01.01.1,1417977,4,1,1,1,1,1,A,1,48,2.0,9,14,120,3,1,,,,,,2.0,,,,,,,,,,,,,,,,,,,,,,,,,,,,,,,,,,,,1,,,,1.0,9.0,,4.0,1.0,2.0,1,0.0,1.0,0.0,0.0,0.0,0.0,0.0,0.0,0.0,1.0,0.0,0.0,0.0,0.0,0.0,1,50000.0,0.0,0.0,0.0,0.0,1.0,0.0,1.0,0.0,0.0,1.0,0.0,0.0,0.0,1.0,,,,,,,,,,,,,,,,,,,,,,,,,,,,,981,981.0,U,3,280,6329,Robo total de vehículo,En su vivienda,Hombre
17325,1416784.04,1416784.04.01,1416784.04.01.01,1416784.04.01.01.10.1,1416784,4,1,1,1,10,1,A,1,41,2.0,2,14,120,3,1,0.0,1.0,1.0,0.0,0.0,1.0,1.0,1.0,3.0,1.0,1.0,0.0,8.0,0.0,0.0,0.0,1.0,0.0,0.0,,1.0,0.0,0.0,0.0,0.0,1.0,1.0,0.0,0.0,0.0,0.0,2.0,2.0,,,,,,,,,1,,,,1.0,6.0,,2.0,3.0,4.0,1,0.0,1.0,0.0,0.0,0.0,0.0,0.0,0.0,0.0,0.0,0.0,0.0,0.0,1.0,0.0,3,350000.0,0.0,0.0,1.0,1.0,1.0,1.0,1.0,0.0,0.0,1.0,0.0,0.0,0.0,,,,,,,,,,,,,,,,,,,,,,,,,,,,,,2128,2128.0,U,4,281,6444,Amenazas/intimidación,En su vivienda,Hombre
17326,1411244.04,1411244.04.01,1411244.04.01.01,1411244.04.01.01.02.1,1411244,4,1,1,1,2,1,A,1,29,2.0,10,14,120,2,1,,,,,,1.0,1.0,2.0,1.0,1.0,0.0,0.0,4.0,1.0,0.0,0.0,0.0,0.0,0.0,2.0,0.0,0.0,0.0,1.0,0.0,2.0,,,,,,,2.0,,,,,,,,,2,2.0,,4.0,,,,,,,2,,,,,,,,,,,,,,,,1,1500.0,0.0,,,,,,,,,,,,,,,,,,,,,,,,,,,,,,,,,,,,,,,,,,862,862.0,U,3,283,6495,Robo de accesorios de vehículo,En su vivienda,Hombre
17327,1404671.02,1404671.02.01,1404671.02.01.03,1404671.02.01.03.05.1,1404671,2,1,1,1,5,3,A,1,21,2.0,1,14,120,4,3,,,,,,1.0,1.0,1.0,1.0,1.0,0.0,0.0,4.0,0.0,0.0,1.0,0.0,0.0,0.0,,1.0,0.0,0.0,0.0,0.0,2.0,,,,,,,2.0,,,,,,,,,1,,,,1.0,2.0,,2.0,4.0,2.0,1,0.0,0.0,0.0,0.0,0.0,0.0,0.0,0.0,1.0,1.0,0.0,0.0,0.0,0.0,0.0,1,2000.0,0.0,1.0,1.0,0.0,0.0,0.0,0.0,0.0,1.0,0.0,0.0,0.0,0.0,,0.0,0.0,0.0,0.0,0.0,0.0,1.0,0.0,0.0,0.0,0.0,0.0,0.0,,,,,,,,,,,,,,,,2771,2771.0,U,3,280,6365,Robo en calle (a transeúnte),En su vivienda,Hombre
17328,1417938.04,1417938.04.01,1417938.04.01.03,1417938.04.01.03.08.1,1417938,4,1,1,1,8,3,A,1,22,2.0,6,14,120,2,4,1.0,0.0,0.0,0.0,0.0,,,,,,,,,,,,,,,,,,,,,,,,,,,,,,,,,,,,,2,,,3.0,,,,,,,2,,,,,,,,,,,,,,,,1,4000.0,0.0,,,,,,,,,,,,,,,,,,,,,,,,,,,,1.0,,,,,,,,,,,,,,3003,3003.0,U,2,279,6233,Fraude bancario,En su vivienda,Hombre
17329,1416694.01,1416694.01.01,1416694.01.01.03,1416694.01.01.03.07.1,1416694,1,1,1,1,7,3,A,1,44,2.0,5,14,120,4,2,1.0,0.0,0.0,0.0,0.0,,,,,,,,,,,,,,,,,,,,,,,,,,,,,,,,,,,,,2,,,9.0,,,,,,,2,,,,,,,,,,,,,,,,1,4000.0,0.0,,,,,,,,,,,,,,,,,,,,,,,,,,,,4.0,,,,,,,,,,,,,,3004,3004.0,U,4,281,6460,Robo en banco/cajero,En su vivienda,Hombre
17330,1416607.01,1416607.01.01,1416607.01.01.02,1416607.01.01.02.05.1,1416607,1,1,1,1,5,2,A,2,50,2.0,99,14,120,1,1,,,,,,1.0,1.0,2.0,1.0,1.0,0.0,0.0,5.0,1.0,0.0,0.0,0.0,0.0,0.0,1.0,0.0,0.0,0.0,1.0,0.0,9.0,,,,,,,2.0,,,,,,,,,2,,,1.0,,,,,,,2,,,,,,,,,,,,,,,,1,500.0,0.0,,,,,,,,,,,,,,0.0,0.0,0.0,0.0,0.0,0.0,1.0,0.0,0.0,0.0,0.0,0.0,0.0,,,,,,,,,,,,,,,,3496,3496.0,U,3,280,6373,Robo en calle (a transeúnte),En su vivienda,Mujer
17331,1416360.01,1416360.01.01,1416360.01.01.01,1416360.01.01.01.03.1,1416360,1,1,1,1,3,1,A,1,49,2.0,1,14,120,4,1,,,,,,2.0,,,,,,,,,,,,,,,,,,,,,,,,,,,,,,,,,,,,2,2.0,,4.0,,,,,,,2,,,,,,,,,,,,,,,,1,3000.0,0.0,,,,,,,,,,,,,,,,,,,,,,,,,,,,,,,,,,,,,,,,,,962,962.0,U,3,280,6291,Robo en vivienda,En su vivienda,Hombre
17332,1417938.03,1417938.03.01,1417938.03.01.01,1417938.03.01.01.07.1,1417938,3,1,1,1,7,1,A,2,51,2.0,9,14,120,1,3,1.0,0.0,0.0,0.0,0.0,,,,,,,,,,,,,,,,,,,,,,,,,,,,,,,,,,,,,2,,,9.0,,,,,,,2,,,,,,,,,,,,,,,,1,3000.0,0.0,0.0,0.0,1.0,1.0,0.0,0.0,0.0,1.0,0.0,0.0,0.0,0.0,,,,,,,,,,,,,,,,4.0,,,,,,,,,,,,,,2002,2002.0,U,2,279,6233,Robo en banco/cajero,En su vivienda,Mujer
17334,1418689.03,1418689.03.01,1418689.03.01.02,1418689.03.01.02.10.1,1418689,3,1,1,1,10,2,A,1,19,2.0,3,14,120,2,2,1.0,1.0,0.0,0.0,0.0,1.0,1.0,2.0,1.0,1.0,0.0,0.0,6.0,0.0,0.0,0.0,1.0,0.0,0.0,,0.0,0.0,0.0,1.0,0.0,9.0,,,,,,,2.0,,,,,,,,,2,,,4.0,,,,,,,2,,,,,,,,,,,,,,,,5,,,1.0,1.0,1.0,1.0,1.0,1.0,1.0,1.0,1.0,0.0,0.0,0.0,,,,,,,,,,,,,,,,,,,,,,,,,,,,,,1783,1783.0,C,2,295,6554,Amenazas/intimidación,En su vivienda,Hombre
17335,1411244.04,1411244.04.01,1411244.04.01.01,1411244.04.01.01.08.1,1411244,4,1,1,1,8,1,A,1,29,2.0,10,14,120,2,1,0.0,0.0,1.0,0.0,0.0,,,,,,,,,,,,,,,,,,,,,,,,,,,,,,,,,,,,,2,,,4.0,,,,,,,2,,,,,,,,,,,,,,,,1,1500.0,0.0,1.0,0.0,0.0,1.0,0.0,0.0,1.0,0.0,0.0,0.0,0.0,0.0,,,,,,,,,,,,,,,,1.0,,,,,,,,,,,,,,862,862.0,U,3,283,6495,Fraude bancario,En su vivienda,Hombre
17336,1418689.03,1418689.03.01,1418689.03.01.02,1418689.03.01.02.08.1,1418689,3,1,1,1,8,2,A,1,19,2.0,1,14,120,2,4,0.0,0.0,1.0,0.0,0.0,,,,,,,,,,,,,,,,,,,,,,,,,,,,,,,,,,,,,2,,,3.0,,,,,,,2,,,,,,,,,,,,,,,,1,3200.0,0.0,,,,,,,,,,,,,,,,,,,,,,,,,,,,1.0,,,,,,,,,,,,,,1783,1783.0,C,2,295,6554,Fraude bancario,En su vivienda,Hombre
17337,1418578.03,1418578.03.01,1418578.03.01.01,1418578.03.01.01.02.1,1418578,3,1,1,1,2,1,A,1,37,2.0,6,14,120,3,1,,,,,,2.0,,,,,,,,,,,,,,,,,,,,,,,,,,,,,,,,,,,,2,2.0,,4.0,,,,,,,2,,,,,,,,,,,,,,,,1,9999999.0,0.0,0.0,0.0,0.0,1.0,1.0,0.0,0.0,0.0,0.0,0.0,0.0,0.0,,,,,,,,,,,,,,,,,,,,,,,,,,,,,,823,823.0,U,4,281,6479,Robo de accesorios de vehículo,En su vivienda,Hombre
17338,1404885.05,1404885.05.01,1404885.05.01.02,1404885.05.01.02.13.1,1404885,5,1,1,2,13,2,A,2,42,2.0,12,14,120,3,4,0.0,0.0,1.0,0.0,0.0,1.0,1.0,1.0,1.0,0.0,1.0,0.0,5.0,1.0,0.0,0.0,0.0,0.0,0.0,1.0,0.0,1.0,0.0,0.0,0.0,2.0,,,,,,,2.0,,,,,,,,,2,,,3.0,,,,,,,2,,,,,,,,,,,,,,,,3,0.0,700.0,,,,,,,,,,,,,,,,,,,,,,,,,,,,,,,,,,,,,,,,,2.0,2361,2361.0,U,4,281,6399,Delito sexual,En su vivienda,Mujer
17339,1419528.05,1419528.05.01,1419528.05.01.01,1419528.05.01.01.07.1,1419528,5,1,1,1,7,1,A,2,62,2.0,11,14,120,1,4,1.0,0.0,0.0,0.0,0.0,,,,,,,,,,,,,,,,,,,,,,,,,,,,,,,,,,,,,2,,,4.0,,,,,,,2,,,,,,,,,,,,,,,,1,600.0,0.0,0.0,0.0,0.0,0.0,0.0,0.0,0.0,1.0,0.0,0.0,0.0,0.0,,,,,,,,,,,,,,,,4.0,,,,,,,,,,,,,,1013,1013.0,U,4,281,6456,Robo en banco/cajero,En su vivienda,Mujer
17340,1416694.05,1416694.05.01,1416694.05.01.01,1416694.05.01.01.08.1,1416694,5,1,1,1,8,1,A,1,45,2.0,8,14,120,2,8,1.0,0.0,0.0,0.0,0.0,,,,,,,,,,,,,,,,,,,,,,,,,,,,,,,,,,,,,2,,,6.0,,,,,,,2,,,,,,,,,,,,,,,,1,4500.0,0.0,0.0,0.0,0.0,1.0,0.0,0.0,0.0,0.0,0.0,0.0,0.0,0.0,,,,,,,,,,,,,,,,1.0,,,,,,,,,,,,,,5007,5007.0,U,4,281,6460,Fraude bancario,En su vivienda,Hombre
17341,1417938.05,1417938.05.01,1417938.05.01.04,1417938.05.01.04.10.2,1417938,5,1,2,2,10,4,A,2,19,2.0,2,14,120,2,3,0.0,0.0,1.0,0.0,0.0,1.0,1.0,2.0,1.0,0.0,1.0,0.0,4.0,1.0,0.0,0.0,0.0,0.0,0.0,1.0,0.0,0.0,0.0,1.0,0.0,2.0,,,,,,,2.0,,,,,,,,,2,,,3.0,,,,,,,2,,,,,,,,,,,,,,,,5,,,,,,,,,,,,,,,,,,,,,,,,,,,,,,,,,,,,,,,,,,,,4004,4004.0,U,2,279,6233,Amenazas/intimidación,En su vivienda,Mujer
17342,1417938.05,1417938.05.01,1417938.05.01.04,1417938.05.01.04.03.1,1417938,5,1,1,1,3,4,A,2,19,2.0,2,14,120,9,2,,,,,,2.0,,,,,,,,,,,,,,,,,,,,,,,,,,,,,,,,,,,,2,2.0,,3.0,,,,,,,2,,,,,,,,,,,,,,,,5,,,,,,,,,,,,,,,,,,,,,,,,,,,,,,,,,,,,,,,,,,,,1001,1001.0,U,2,279,6233,Robo en vivienda,En su vivienda,Mujer
17343,1418192.02,1418192.02.01,1418192.02.01.02,1418192.02.01.02.09.1,1418192,2,1,1,1,9,2,A,2,39,2.0,12,14,120,3,2,0.0,1.0,0.0,0.0,0.0,1.0,2.0,,,,,,,,,,,,,,,,,,,,,,,,,,,,,,,,,,,2,,,4.0,,,,,,,2,,,,,,,,,,,,,,,,3,0.0,0.0,1.0,1.0,1.0,1.0,1.0,1.0,1.0,1.0,1.0,0.0,0.0,0.0,,,,,,,,,,,,,,,,,1.0,,,,,1.0,0.0,0.0,3.0,,,,,2899,2899.0,U,4,281,6390,Extorsión,En su vivienda,Mujer
17344,1418990.09,1418990.09.01,1418990.09.01.01,1418990.09.01.01.02.1,1418990,9,1,1,1,2,1,A,1,42,2.0,11,14,120,3,1,,,,,,2.0,,,,,,,,,,,,,,,,,,,,,,,,,,,,,,,,,,,,2,2.0,,3.0,,,,,,,2,,,,,,,,,,,,,,,,1,300.0,0.0,1.0,0.0,0.0,1.0,0.0,0.0,0.0,1.0,1.0,0.0,0.0,0.0,,,,,,,,,,,,,,,,,,,,,,,,,,,,,,1259,1259.0,C,2,297,6562,Robo de accesorios de vehículo,En su vivienda,Hombre
17345,1418990.13,1418990.13.01,1418990.13.01.04,1418990.13.01.04.13.4,1418990,13,1,4,5,13,4,A,2,42,2.0,5,14,120,1,3,0.0,0.0,1.0,0.0,0.0,1.0,1.0,1.0,1.0,0.0,1.0,0.0,5.0,0.0,0.0,1.0,0.0,0.0,0.0,,0.0,0.0,0.0,1.0,0.0,2.0,,,,,,,2.0,,,,,,,,,2,,,6.0,,,,,,,2,,,,,,,,,,,,,,,,4,0.0,0.0,,,,,,,,,,,,,,,,,,,,,,,,,,,,,,,,,,,,,,,,,3.0,10076,10076.0,C,2,297,6562,Delito sexual,En su vivienda,Mujer
17346,1417235.05,1417235.05.01,1417235.05.01.01,1417235.05.01.01.02.1,1417235,5,1,1,3,2,1,A,1,44,2.0,11,14,120,3,1,,,,,,2.0,,,,,,,,,,,,,,,,,,,,,,,,,,,,,,,,,,,,2,2.0,,4.0,,,,,,,2,,,,,,,,,,,,,,,,1,5000.0,0.0,,,,,,,,,,,,,,,,,,,,,,,,,,,,,,,,,,,,,,,,,,924,924.0,U,3,280,6364,Robo de accesorios de vehículo,En su vivienda,Hombre
17347,1415923.05,1415923.05.01,1415923.05.01.03,1415923.05.01.03.08.1,1415923,5,1,1,3,8,3,A,1,24,2.0,5,14,120,2,2,1.0,0.0,0.0,0.0,0.0,,,,,,,,,,,,,,,,,,,,,,,,,,,,,,,,,,,,,2,,,5.0,,,,,,,2,,,,,,,,,,,,,,,,1,2000.0,0.0,,,,,,,,,,,,,,,,,,,,,,,,,,,,1.0,,,,,,,,,,,,,,3345,3345.0,U,4,281,6419,Fraude bancario,En su vivienda,Hombre
17348,1415985.01,1415985.01.01,1415985.01.01.01,1415985.01.01.01.07.1,1415985,1,1,1,1,7,1,A,1,28,2.0,4,14,120,2,2,0.0,1.0,0.0,0.0,0.0,,,,,,,,,,,,,,,,,,,,,,,,,,,,,,,,,,,,,2,,,4.0,,,,,,,2,,,,,,,,,,,,,,,,1,15000.0,0.0,0.0,0.0,0.0,1.0,0.0,0.0,0.0,1.0,0.0,0.0,0.0,0.0,,,,,,,,,,,,,,,,1.0,,,,,,,,,,,,,,974,974.0,U,4,281,6466,Robo en banco/cajero,En su vivienda,Hombre
17349,1415876.04,1415876.04.01,1415876.04.01.01,1415876.04.01.01.09.1,1415876,4,1,1,1,9,1,A,2,72,2.0,2,14,120,1,2,0.0,1.0,0.0,0.0,0.0,1.0,2.0,,,,,,,,,,,,,,,,,,,,,,,,,,,,,,,,,,,2,,,7.0,,,,,,,2,,,,,,,,,,,,,,,,5,,,0.0,0.0,0.0,0.0,0.0,0.0,0.0,0.0,0.0,0.0,1.0,0.0,,,,,,,,,,,,,,,,,1.0,,,,,1.0,0.0,0.0,3.0,,,,,2133,2133.0,U,4,281,6442,Extorsión,En su vivienda,Mujer
17350,1417938.05,1417938.05.01,1417938.05.01.04,1417938.05.01.04.05.1,1417938,5,1,1,1,5,4,A,2,19,2.0,8,14,120,3,1,,,,,,1.0,1.0,2.0,1.0,1.0,0.0,0.0,9.0,0.0,0.0,0.0,0.0,0.0,1.0,,0.0,0.0,0.0,1.0,0.0,9.0,,,,,,,1.0,1.0,0.0,0.0,0.0,0.0,0.0,0.0,0.0,2,,,7.0,,,,,,,2,,,,,,,,,,,,,,,,1,800.0,0.0,,,,,,,,,,,,,,0.0,0.0,0.0,0.0,0.0,0.0,1.0,0.0,0.0,0.0,0.0,0.0,0.0,,,,,,,,,,,,,,,,4004,4004.0,U,2,279,6233,Robo en calle (a transeúnte),En su vivienda,Mujer
17351,1415876.05,1415876.05.01,1415876.05.01.03,1415876.05.01.03.02.1,1415876,5,1,1,2,2,3,A,1,19,2.0,8,14,120,3,5,,,,,,2.0,,,,,,,,,,,,,,,,,,,,,,,,,,,,,,,,,,,,2,2.0,,4.0,,,,,,,2,,,,,,,,,,,,,,,,1,2000.0,0.0,,,,,,,,,,,,,,,,,,,,,,,,,,,,,,,,,,,,,,,,,,1067,1067.0,U,4,281,6442,Robo de accesorios de vehículo,En su vivienda,Hombre
17352,1417938.05,1417938.05.01,1417938.05.01.04,1417938.05.01.04.11.3,1417938,5,1,3,3,11,4,A,2,19,2.0,2,14,120,1,1,,,,,,1.0,1.0,2.0,1.0,0.0,1.0,0.0,3.0,0.0,0.0,1.0,0.0,0.0,0.0,,0.0,0.0,0.0,1.0,0.0,2.0,,,,,,,1.0,1.0,0.0,0.0,0.0,0.0,0.0,0.0,0.0,2,,,4.0,,,,,,,2,,,,,,,,,,,,,,,,5,,,,,,,,,,,,,,,,,,,,,,,,,,,,,,,,,,,,,,,,,,,,4004,4004.0,U,2,279,6233,Lesiones,En su vivienda,Mujer
17353,1418574.02,1418574.02.01,1418574.02.01.01,1418574.02.01.01.02.1,1418574,2,1,1,1,2,1,A,2,38,2.0,5,14,120,2,2,,,,,,2.0,,,,,,,,,,,,,,,,,,,,,,,,,,,,,,,,,,,,2,2.0,,4.0,,,,,,,2,,,,,,,,,,,,,,,,1,10000.0,0.0,,,,,,,,,,,,,,,,,,,,,,,,,,,,,,,,,,,,,,,,,,1011,1011.0,U,4,281,6457,Robo de accesorios de vehículo,En su vivienda,Mujer
17354,1415876.02,1415876.02.01,1415876.02.01.02,1415876.02.01.02.07.1,1415876,2,1,1,1,7,2,A,2,31,2.0,8,14,120,3,5,1.0,0.0,0.0,0.0,0.0,,,,,,,,,,,,,,,,,,,,,,,,,,,,,,,,,,,,,2,,,9.0,,,,,,,2,,,,,,,,,,,,,,,,1,3500.0,0.0,1.0,1.0,1.0,1.0,0.0,0.0,0.0,1.0,0.0,0.0,0.0,0.0,,,,,,,,,,,,,,,,5.0,,,,,,,,,,,,,,2133,2133.0,U,4,281,6442,Robo en banco/cajero,En su vivienda,Mujer
17355,1417235.04,1417235.04.01,1417235.04.01.01,1417235.04.01.01.04.1,1417235,4,1,1,2,4,1,A,1,58,2.0,4,14,120,1,2,,,,,,2.0,,,,,,,,,,,,,,,,,,,,,,,,,,,,,,,,,,,,2,2.0,,9.0,,,,,,,2,,,,,,,,,,,,,,,,1,700.0,0.0,,,,,,,,,,,,,,0.0,0.0,0.0,0.0,0.0,0.0,0.0,0.0,0.0,0.0,0.0,1.0,0.0,2.0,,,,,,,,,,,,,,,924,924.0,U,3,280,6364,Robo en transporte público,En su vivienda,Hombre
17356,1418990.13,1418990.13.01,1418990.13.01.04,1418990.13.01.04.13.5,1418990,13,1,5,5,13,4,A,2,42,2.0,4,14,120,4,3,0.0,0.0,1.0,0.0,0.0,1.0,1.0,1.0,1.0,0.0,1.0,0.0,5.0,0.0,0.0,1.0,0.0,0.0,0.0,,0.0,0.0,0.0,1.0,0.0,2.0,,,,,,,2.0,,,,,,,,,2,,,6.0,,,,,,,2,,,,,,,,,,,,,,,,4,0.0,0.0,1.0,1.0,1.0,1.0,0.0,1.0,1.0,1.0,1.0,0.0,0.0,0.0,,,,,,,,,,,,,,,,,,,,,,,,,,,,,3.0,10076,10076.0,C,2,297,6562,Delito sexual,En su vivienda,Mujer
17357,1418990.1,1418990.10.01,1418990.10.01.02,1418990.10.01.02.10.1,1418990,10,1,1,1,10,2,A,2,55,2.0,12,14,120,9,1,0.0,0.0,1.0,0.0,0.0,1.0,1.0,2.0,2.0,0.0,0.0,1.0,8.0,1.0,0.0,0.0,0.0,0.0,0.0,2.0,0.0,0.0,0.0,1.0,0.0,2.0,,,,,,,2.0,,,,,,,,,2,,,1.0,,,,,,,2,,,,,,,,,,,,,,,,5,,,0.0,0.0,0.0,1.0,0.0,0.0,0.0,0.0,0.0,0.0,0.0,0.0,,,,,,,,,,,,,,,,,,,,,,,,,,,,,,2519,2519.0,C,2,297,6562,Amenazas/intimidación,En su vivienda,Mujer
17358,1418574.02,1418574.02.01,1418574.02.01.01,1418574.02.01.01.04.1,1418574,2,1,1,1,4,1,A,2,38,2.0,7,14,120,3,2,,,,,,2.0,,,,,,,,,,,,,,,,,,,,,,,,,,,,,,,,,,,,2,2.0,,4.0,,,,,,,2,,,,,,,,,,,,,,,,1,5000.0,0.0,0.0,0.0,0.0,0.0,0.0,0.0,0.0,0.0,0.0,0.0,0.0,1.0,,0.0,1.0,1.0,0.0,0.0,0.0,0.0,0.0,0.0,0.0,0.0,0.0,0.0,2.0,,,,,,,,,,,,,,,1011,1011.0,U,4,281,6457,Robo en transporte público,En su vivienda,Mujer
17359,1417938.05,1417938.05.01,1417938.05.01.04,1417938.05.01.04.11.1,1417938,5,1,1,3,11,4,A,2,19,2.0,12,14,120,2,2,,,,,,1.0,1.0,2.0,1.0,0.0,1.0,0.0,4.0,0.0,0.0,0.0,0.0,1.0,0.0,,0.0,0.0,0.0,1.0,0.0,2.0,,,,,,,1.0,1.0,0.0,0.0,0.0,0.0,0.0,0.0,0.0,2,,,3.0,,,,,,,2,,,,,,,,,,,,,,,,2,0.0,0.0,,,,,,,,,,,,,,,,,,,,,,,,,,,,,,,,,,,,,,,,,,4004,4004.0,U,2,279,6233,Lesiones,En su vivienda,Mujer
17360,1415923.05,1415923.05.01,1415923.05.01.03,1415923.05.01.03.08.3,1415923,5,1,3,3,8,3,A,1,24,2.0,1,14,120,2,2,1.0,0.0,0.0,0.0,0.0,,,,,,,,,,,,,,,,,,,,,,,,,,,,,,,,,,,,,2,,,5.0,,,,,,,2,,,,,,,,,,,,,,,,1,500.0,0.0,,,,,,,,,,,,,,,,,,,,,,,,,,,,1.0,,,,,,,,,,,,,,3345,3345.0,U,4,281,6419,Fraude bancario,En su vivienda,Hombre
17361,1418689.03,1418689.03.01,1418689.03.01.02,1418689.03.01.02.09.1,1418689,3,1,1,1,9,2,A,1,19,2.0,2,14,120,3,5,0.0,0.0,1.0,0.0,0.0,1.0,1.0,2.0,1.0,1.0,0.0,0.0,6.0,0.0,0.0,0.0,1.0,0.0,0.0,,0.0,0.0,0.0,1.0,0.0,2.0,,,,,,,1.0,1.0,0.0,0.0,0.0,0.0,0.0,0.0,0.0,1,,,,1.0,2.0,,4.0,3.0,2.0,2,,,,,,,,,,0.0,0.0,0.0,0.0,1.0,0.0,3,0.0,9999999.0,,,,,,,,,,,,,,,,,,,,,,,,,,,,,2.0,0.0,0.0,0.0,1.0,0.0,0.0,1.0,,,,,,1783,1783.0,C,2,295,6554,Extorsión,En su vivienda,Hombre
17362,1418990.13,1418990.13.01,1418990.13.01.04,1418990.13.01.04.13.2,1418990,13,1,2,5,13,4,A,2,42,2.0,8,14,120,1,3,0.0,0.0,1.0,0.0,0.0,1.0,1.0,1.0,1.0,0.0,1.0,0.0,5.0,0.0,0.0,1.0,0.0,0.0,0.0,,0.0,0.0,0.0,1.0,0.0,2.0,,,,,,,2.0,,,,,,,,,2,,,6.0,,,,,,,2,,,,,,,,,,,,,,,,4,0.0,0.0,,,,,,,,,,,,,,,,,,,,,,,,,,,,,,,,,,,,,,,,,3.0,10076,10076.0,C,2,297,6562,Delito sexual,En su vivienda,Mujer
17363,1415881.05,1415881.05.01,1415881.05.01.01,1415881.05.01.01.02.2,1415881,5,1,2,2,2,1,A,1,37,2.0,12,14,120,3,1,,,,,,2.0,,,,,,,,,,,,,,,,,,,,,,,,,,,,,,,,,,,,2,2.0,,4.0,,,,,,,2,,,,,,,,,,,,,,,,1,1600.0,0.0,,,,,,,,,,,,,,,,,,,,,,,,,,,,,,,,,,,,,,,,,,864,864.0,U,3,280,6376,Robo de accesorios de vehículo,En su vivienda,Hombre
17364,1417950.03,1417950.03.01,1417950.03.01.01,1417950.03.01.01.05.1,1417950,3,1,1,1,5,1,A,1,57,2.0,7,14,120,1,1,,,,,,1.0,1.0,2.0,2.0,1.0,0.0,0.0,3.0,1.0,0.0,0.0,0.0,0.0,0.0,2.0,0.0,0.0,0.0,0.0,1.0,1.0,1.0,0.0,0.0,0.0,0.0,2.0,2.0,,,,,,,,,2,,,6.0,,,,,,,2,,,,,,,,,,,,,,,,1,10000.0,0.0,,,,,,,,,,,,,,0.0,0.0,0.0,0.0,0.0,0.0,1.0,0.0,0.0,0.0,0.0,0.0,0.0,,,,,,,,,,,,,,,,1011,1011.0,U,3,280,6318,Robo en calle (a transeúnte),En su vivienda,Hombre
17365,1418990.18,1418990.18.01,1418990.18.01.02,1418990.18.01.02.03.1,1418990,18,1,1,1,3,2,A,1,23,2.0,2,14,120,3,1,,,,,,2.0,,,,,,,,,,,,,,,,,,,,,,,,,,,,,,,,,,,,2,2.0,,3.0,,,,,,,2,,,,,,,,,,,,,,,,5,,,,,,,,,,,,,,,,,,,,,,,,,,,,,,,,,,,,,,,,,,,,1259,1259.0,C,2,297,6562,Robo en vivienda,En su vivienda,Hombre
17366,1418689.03,1418689.03.01,1418689.03.01.02,1418689.03.01.02.06.1,1418689,3,1,1,1,6,2,A,1,19,2.0,5,14,120,4,1,,,,,,1.0,1.0,1.0,4.0,1.0,0.0,0.0,8.0,1.0,0.0,0.0,0.0,0.0,0.0,2.0,0.0,0.0,0.0,1.0,0.0,1.0,1.0,0.0,0.0,0.0,0.0,1.0,,1.0,0.0,0.0,0.0,0.0,0.0,0.0,0.0,1,,,,1.0,2.0,,4.0,2.0,2.0,2,,,,,,,,,,0.0,0.0,0.0,0.0,1.0,0.0,1,70000.0,0.0,,,,,,,,,,,,,,0.0,0.0,0.0,0.0,0.0,0.0,0.0,0.0,0.0,0.0,0.0,0.0,1.0,,,,,,,,,,,,,,,,1783,1783.0,C,2,295,6554,Robo en negocio,En su vivienda,Hombre
17367,1415881.05,1415881.05.01,1415881.05.01.01,1415881.05.01.01.07.1,1415881,5,1,1,1,7,1,A,1,37,2.0,12,14,120,3,2,1.0,0.0,0.0,0.0,0.0,,,,,,,,,,,,,,,,,,,,,,,,,,,,,,,,,,,,,2,,,4.0,,,,,,,2,,,,,,,,,,,,,,,,1,3500.0,0.0,1.0,1.0,1.0,1.0,1.0,1.0,1.0,1.0,1.0,0.0,0.0,0.0,,,,,,,,,,,,,,,,4.0,,,,,,,,,,,,,,864,864.0,U,3,280,6376,Robo en banco/cajero,En su vivienda,Hombre
17368,1417938.05,1417938.05.01,1417938.05.01.04,1417938.05.01.04.11.2,1417938,5,1,2,3,11,4,A,2,19,2.0,3,14,120,3,1,,,,,,1.0,1.0,1.0,1.0,0.0,1.0,0.0,3.0,0.0,0.0,0.0,1.0,0.0,0.0,,0.0,0.0,0.0,1.0,0.0,2.0,,,,,,,1.0,1.0,1.0,0.0,0.0,0.0,1.0,0.0,0.0,2,,,4.0,,,,,,,2,,,,,,,,,,,,,,,,5,,,,,,,,,,,,,,,,,,,,,,,,,,,,,,,,,,,,,,,,,,,,4004,4004.0,U,2,279,6233,Lesiones,En su vivienda,Mujer
17369,1417977.02,1417977.02.01,1417977.02.01.04,1417977.02.01.04.02.1,1417977,2,1,1,1,2,4,A,1,22,2.0,3,14,120,2,1,,,,,,2.0,,,,,,,,,,,,,,,,,,,,,,,,,,,,,,,,,,,,2,2.0,,5.0,,,,,,,2,,,,,,,,,,,,,,,,1,4000.0,0.0,,,,,,,,,,,,,,,,,,,,,,,,,,,,,,,,,,,,,,,,,,981,981.0,U,3,280,6329,Robo de accesorios de vehículo,En su vivienda,Hombre
17370,1415876.05,1415876.05.01,1415876.05.01.03,1415876.05.01.03.02.2,1415876,5,1,2,2,2,3,A,1,19,2.0,3,14,120,3,1,,,,,,2.0,,,,,,,,,,,,,,,,,,,,,,,,,,,,,,,,,,,,2,2.0,,4.0,,,,,,,2,,,,,,,,,,,,,,,,1,2000.0,0.0,0.0,0.0,1.0,1.0,1.0,0.0,0.0,1.0,1.0,0.0,0.0,0.0,,,,,,,,,,,,,,,,,,,,,,,,,,,,,,1067,1067.0,U,4,281,6442,Robo de accesorios de vehículo,En su vivienda,Hombre
17371,1418990.13,1418990.13.01,1418990.13.01.04,1418990.13.01.04.13.1,1418990,13,1,1,5,13,4,A,2,42,2.0,9,14,120,4,3,0.0,0.0,1.0,0.0,0.0,1.0,1.0,1.0,1.0,0.0,1.0,0.0,5.0,0.0,0.0,1.0,0.0,0.0,0.0,,0.0,0.0,0.0,1.0,0.0,2.0,,,,,,,2.0,,,,,,,,,2,,,6.0,,,,,,,2,,,,,,,,,,,,,,,,4,0.0,0.0,,,,,,,,,,,,,,,,,,,,,,,,,,,,,,,,,,,,,,,,,3.0,10076,10076.0,C,2,297,6562,Delito sexual,En su vivienda,Mujer
17372,1415923.04,1415923.04.01,1415923.04.01.02,1415923.04.01.02.09.1,1415923,4,1,1,1,9,2,A,2,51,2.0,4,14,120,3,2,0.0,1.0,0.0,0.0,0.0,1.0,2.0,,,,,,,,,,,,,,,,,,,,,,,,,,,,,,,,,,,2,,,3.0,,,,,,,2,,,,,,,,,,,,,,,,3,0.0,0.0,0.0,1.0,1.0,1.0,0.0,1.0,0.0,0.0,1.0,0.0,0.0,0.0,,,,,,,,,,,,,,,,,1.0,,,,,1.0,0.0,0.0,3.0,,,,,3345,3345.0,U,4,281,6419,Extorsión,En su vivienda,Mujer
17373,1417938.05,1417938.05.01,1417938.05.01.04,1417938.05.01.04.13.1,1417938,5,1,1,1,13,4,A,2,19,2.0,11,14,120,3,6,0.0,0.0,1.0,0.0,0.0,1.0,1.0,2.0,1.0,1.0,0.0,0.0,5.0,1.0,0.0,0.0,0.0,0.0,0.0,2.0,0.0,0.0,0.0,1.0,0.0,2.0,,,,,,,2.0,,,,,,,,,2,,,4.0,,,,,,,2,,,,,,,,,,,,,,,,5,,,1.0,0.0,1.0,0.0,0.0,0.0,0.0,0.0,0.0,0.0,0.0,0.0,,,,,,,,,,,,,,,,,,,,,,,,,,,,,3.0,4004,4004.0,U,2,279,6233,Delito sexual,En su vivienda,Mujer
17374,1418689.08,1418689.08.01,1418689.08.01.01,1418689.08.01.01.02.1,1418689,8,1,1,1,2,1,A,1,44,2.0,11,14,120,3,1,,,,,,2.0,,,,,,,,,,,,,,,,,,,,,,,,,,,,,,,,,,,,2,2.0,,4.0,,,,,,,1,0.0,1.0,0.0,0.0,0.0,0.0,0.0,0.0,0.0,0.0,0.0,0.0,0.0,1.0,0.0,1,1200.0,1200.0,,,,,,,,,,,,,,,,,,,,,,,,,,,,,,,,,,,,,,,,,,892,892.0,C,2,295,6554,Robo de accesorios de vehículo,En su vivienda,Hombre
17375,1415923.02,1415923.02.01,1415923.02.01.02,1415923.02.01.02.02.1,1415923,2,1,1,1,2,2,A,2,56,2.0,3,14,120,4,1,,,,,,2.0,,,,,,,,,,,,,,,,,,,,,,,,,,,,,,,,,,,,2,2.0,,6.0,,,,,,,2,,,,,,,,,,,,,,,,3,0.0,0.0,1.0,1.0,1.0,1.0,1.0,1.0,1.0,1.0,1.0,0.0,0.0,0.0,,,,,,,,,,,,,,,,,,,,,,,,,,,,,,1115,1115.0,U,4,281,6419,Robo de accesorios de vehículo,En su vivienda,Mujer
17376,1415876.02,1415876.02.01,1415876.02.01.02,1415876.02.01.02.02.1,1415876,2,1,1,1,2,2,A,2,31,2.0,3,14,120,2,1,,,,,,2.0,,,,,,,,,,,,,,,,,,,,,,,,,,,,,,,,,,,,2,2.0,,5.0,,,,,,,2,,,,,,,,,,,,,,,,1,9999999.0,0.0,,,,,,,,,,,,,,,,,,,,,,,,,,,,,,,,,,,,,,,,,,1067,1067.0,U,4,281,6442,Robo de accesorios de vehículo,En su vivienda,Mujer
17377,1417825.04,1417825.04.01,1417825.04.01.01,1417825.04.01.01.10.1,1417825,4,1,1,1,10,1,A,1,20,2.0,6,14,120,1,1,0.0,0.0,1.0,0.0,0.0,2.0,,,,,,,,,,,,,,,,,,,,,,,,,,,,,,,,,,,,2,,,3.0,,,,,,,2,,,,,,,,,,,,,,,,5,,,1.0,1.0,1.0,0.0,0.0,1.0,0.0,1.0,1.0,0.0,0.0,0.0,,,,,,,,,,,,,,,,,,,,,,,,,,,,,,1854,1854.0,U,2,279,6253,Amenazas/intimidación,En su vivienda,Hombre
17378,1462052.19,1462052.19.01,1462052.19.01.01,1462052.19.01.01.05.1,1462052,19,1,1,1,5,1,A,1,49,2.0,6,14,120,3,1,,,,,,1.0,1.0,2.0,2.0,1.0,0.0,0.0,3.0,1.0,0.0,0.0,0.0,0.0,0.0,2.0,1.0,0.0,0.0,0.0,0.0,1.0,0.0,1.0,0.0,0.0,0.0,2.0,2.0,,,,,,,,,2,,,4.0,,,,,,,2,,,,,,,,,,,,,,,,1,7000.0,0.0,1.0,1.0,1.0,1.0,1.0,1.0,1.0,1.0,1.0,0.0,0.0,0.0,,0.0,0.0,0.0,0.0,0.0,0.0,1.0,0.0,0.0,0.0,0.0,0.0,0.0,,,,,,,,,,,,,,,,3188,3188.0,R,2,303,6598,Robo en calle (a transeúnte),En su vivienda,Hombre
17379,1415881.05,1415881.05.01,1415881.05.01.01,1415881.05.01.01.02.1,1415881,5,1,1,2,2,1,A,1,37,2.0,12,14,120,3,1,,,,,,2.0,,,,,,,,,,,,,,,,,,,,,,,,,,,,,,,,,,,,2,2.0,,4.0,,,,,,,2,,,,,,,,,,,,,,,,1,800.0,0.0,,,,,,,,,,,,,,,,,,,,,,,,,,,,,,,,,,,,,,,,,,864,864.0,U,3,280,6376,Robo de accesorios de vehículo,En su vivienda,Hombre
17380,1418990.03,1418990.03.01,1418990.03.01.01,1418990.03.01.01.05.1,1418990,3,1,1,1,5,1,A,2,47,2.0,5,14,120,2,1,,,,,,1.0,1.0,2.0,2.0,1.0,0.0,0.0,8.0,1.0,0.0,0.0,0.0,0.0,0.0,2.0,1.0,0.0,0.0,0.0,0.0,1.0,0.0,1.0,1.0,0.0,0.0,1.0,,1.0,0.0,0.0,0.0,0.0,0.0,0.0,0.0,2,,,1.0,,,,,,,2,,,,,,,,,,,,,,,,1,2500.0,0.0,,,,,,,,,,,,,,0.0,0.0,0.0,0.0,0.0,0.0,1.0,0.0,0.0,0.0,0.0,0.0,0.0,,,,,,,,,,,,,,,,1259,1259.0,C,2,297,6562,Robo en calle (a transeúnte),En su vivienda,Mujer
17381,1417938.04,1417938.04.01,1417938.04.01.03,1417938.04.01.03.10.1,1417938,4,1,1,1,10,3,A,1,22,2.0,4,14,120,3,1,0.0,0.0,1.0,0.0,0.0,1.0,1.0,2.0,1.0,1.0,0.0,0.0,4.0,0.0,1.0,0.0,0.0,0.0,0.0,,0.0,1.0,0.0,0.0,0.0,2.0,,,,,,,2.0,,,,,,,,,2,,,1.0,,,,,,,2,,,,,,,,,,,,,,,,5,,,1.0,1.0,1.0,1.0,1.0,1.0,1.0,1.0,1.0,0.0,0.0,0.0,,,,,,,,,,,,,,,,,,,,,,,,,,,,,,3003,3003.0,U,2,279,6233,Amenazas/intimidación,En su vivienda,Hombre
17382,1415876.02,1415876.02.01,1415876.02.01.02,1415876.02.01.02.03.1,1415876,2,1,1,1,3,2,A,2,31,2.0,8,14,120,4,2,,,,,,2.0,,,,,,,,,,,,,,,,,,,,,,,,,,,,,,,,,,,,2,2.0,,5.0,,,,,,,1,0.0,1.0,0.0,0.0,0.0,0.0,0.0,0.0,0.0,0.0,0.0,0.0,0.0,1.0,0.0,1,800.0,0.0,,,,,,,,,,,,,,,,,,,,,,,,,,,,,,,,,,,,,,,,,,1067,1067.0,U,4,281,6442,Robo en vivienda,En su vivienda,Mujer
17383,1418689.11,1418689.11.01,1418689.11.01.01,1418689.11.01.01.06.1,1418689,11,1,1,3,6,1,A,2,34,,8,14,124,3,6,,,,,,1.0,2.0,,,,,,,,,,,,,,,,,,,,,,,,,,,,,,,,,,,2,,,8.0,,,,,,,2,,,,,,,,,,,,,,,,1,700.0,0.0,,,,,,,,,,,,,,0.0,0.0,0.0,0.0,0.0,0.0,1.0,1.0,0.0,0.0,0.0,0.0,0.0,,,,,,,,,,,,,,,,892,,C,2,295,6554,Robo en negocio,,Mujer
17384,1418689.11,1418689.11.01,1418689.11.01.01,1418689.11.01.01.06.2,1418689,11,1,2,3,6,1,A,2,34,,8,14,124,3,5,,,,,,1.0,2.0,,,,,,,,,,,,,,,,,,,,,,,,,,,,,,,,,,,2,,,4.0,,,,,,,2,,,,,,,,,,,,,,,,1,1100.0,0.0,,,,,,,,,,,,,,0.0,0.0,0.0,0.0,0.0,0.0,1.0,1.0,0.0,0.0,0.0,0.0,0.0,,,,,,,,,,,,,,,,892,,C,2,295,6554,Robo en negocio,,Mujer
17385,1419273.03,1419273.03.01,1419273.03.01.02,1419273.03.01.02.04.1,1419273,3,1,1,1,4,2,A,2,37,,8,14,124,4,2,,,,,,1.0,2.0,,,,,,,,,,,,,,,,,,,,,,,,,,,,,,,,,,,2,2.0,,1.0,,,,,,,2,,,,,,,,,,,,,,,,5,,,0.0,0.0,0.0,1.0,0.0,0.0,0.0,0.0,1.0,0.0,0.0,0.0,,0.0,0.0,0.0,0.0,0.0,0.0,0.0,0.0,0.0,0.0,0.0,1.0,0.0,2.0,,,,,,,,,,,,,,,1110,,C,2,297,6565,Robo en transporte público,,Mujer
17386,1419273.05,1419273.05.01,1419273.05.01.03,1419273.05.01.03.03.1,1419273,5,1,1,1,3,3,A,2,28,,11,14,124,4,1,,,,,,2.0,,,,,,,,,,,,,,,,,,,,,,,,,,,,,,,,,,,,2,2.0,,7.0,,,,,,,2,,,,,,,,,,,,,,,,1,2000.0,0.0,1.0,1.0,0.0,0.0,0.0,0.0,0.0,0.0,1.0,0.0,0.0,0.0,,,,,,,,,,,,,,,,,,,,,,,,,,,,,,1110,,C,2,297,6565,Robo en vivienda,,Mujer
17387,1419273.17,1419273.17.01,1419273.17.01.01,1419273.17.01.01.08.1,1419273,17,1,1,1,8,1,A,2,76,,10,14,124,2,2,0.0,0.0,0.0,1.0,0.0,,,,,,,,,,,,,,,,,,,,,,,,,,,,,,,,,,,,,2,,,5.0,,,,,,,2,,,,,,,,,,,,,,,,1,14000.0,0.0,0.0,0.0,1.0,1.0,0.0,0.0,1.0,1.0,0.0,0.0,0.0,0.0,,,,,,,,,,,,,,,,1.0,,,,,,,,,,,,,,1110,,C,2,297,6565,Fraude bancario,,Mujer
17388,1419273.18,1419273.18.01,1419273.18.01.01,1419273.18.01.01.13.1,1419273,18,1,1,1,13,1,A,2,41,,4,14,124,3,1,0.0,0.0,1.0,0.0,0.0,1.0,1.0,2.0,1.0,1.0,0.0,0.0,6.0,0.0,1.0,0.0,0.0,0.0,0.0,,0.0,1.0,0.0,0.0,0.0,2.0,,,,,,,1.0,1.0,0.0,0.0,0.0,0.0,0.0,0.0,0.0,2,,,6.0,,,,,,,2,,,,,,,,,,,,,,,,3,0.0,0.0,1.0,1.0,1.0,1.0,1.0,1.0,1.0,1.0,1.0,0.0,0.0,0.0,,,,,,,,,,,,,,,,,,,,,,,,,,,,,3.0,1110,,C,2,297,6565,Delito sexual,,Mujer
17389,1419273.01,1419273.01.01,1419273.01.01.01,1419273.01.01.01.10.1,1419273,1,1,1,1,10,1,A,2,40,,9,14,124,3,2,0.0,0.0,1.0,0.0,0.0,1.0,1.0,1.0,1.0,0.0,1.0,0.0,5.0,0.0,0.0,1.0,0.0,0.0,0.0,,0.0,0.0,0.0,1.0,0.0,2.0,,,,,,,2.0,,,,,,,,,1,,,,2.0,,3.0,1.0,6.0,2.0,2,,,,,,,,,,0.0,0.0,0.0,0.0,1.0,0.0,3,0.0,0.0,,,,,,,,,,,,,,,,,,,,,,,,,,,,,,,,,,,,,,,,,,1110,,C,2,297,6565,Amenazas/intimidación,,Mujer
17390,1419273.01,1419273.01.01,1419273.01.01.01,1419273.01.01.01.13.1,1419273,1,1,1,1,13,1,A,2,40,,10,14,124,3,2,0.0,0.0,1.0,0.0,0.0,1.0,1.0,2.0,1.0,1.0,0.0,0.0,6.0,0.0,0.0,0.0,1.0,0.0,0.0,,0.0,1.0,0.0,0.0,0.0,2.0,,,,,,,2.0,,,,,,,,,2,,,6.0,,,,,,,2,,,,,,,,,,,,,,,,5,,,1.0,1.0,1.0,1.0,0.0,1.0,1.0,1.0,1.0,0.0,0.0,0.0,,,,,,,,,,,,,,,,,,,,,,,,,,,,,2.0,1110,,C,2,297,6565,Delito sexual,,Mujer
17391,1462163.02,1462163.02.01,1462163.02.01.01,1462163.02.01.01.09.1,1462163,2,1,1,1,9,1,A,1,41,,2,14,125,2,3,0.0,1.0,0.0,0.0,0.0,1.0,2.0,,,,,,,,,,,,,,,,,,,,,,,,,,,,,,,,,,,2,,,4.0,,,,,,,2,,,,,,,,,,,,,,,,5,,,1.0,1.0,1.0,0.0,0.0,0.0,0.0,0.0,1.0,0.0,0.0,0.0,,,,,,,,,,,,,,,,,3.0,,,,,1.0,0.0,0.0,3.0,,,,,4449,,R,2,303,6599,Extorsión,,Hombre
17392,1462163.09,1462163.09.01,1462163.09.01.01,1462163.09.01.01.09.1,1462163,9,1,1,1,9,1,A,1,41,,1,14,125,2,3,0.0,1.0,0.0,0.0,0.0,1.0,1.0,1.0,1.0,1.0,0.0,0.0,9.0,1.0,0.0,0.0,0.0,0.0,0.0,2.0,0.0,0.0,0.0,1.0,0.0,9.0,,,,,,,2.0,,,,,,,,,2,,,3.0,,,,,,,2,,,,,,,,,,,,,,,,5,,,1.0,1.0,1.0,1.0,1.0,0.0,0.0,0.0,1.0,0.0,0.0,0.0,,,,,,,,,,,,,,,,,3.0,,,,,1.0,0.0,0.0,3.0,,,,,2966,,R,2,303,6599,Extorsión,,Hombre
17397,1405617.05,1405617.05.01,1405617.05.01.01,1405617.05.01.01.08.1,1405617,5,1,1,1,8,1,A,1,44,,5,14,999,9,4,1.0,0.0,0.0,0.0,0.0,,,,,,,,,,,,,,,,,,,,,,,,,,,,,,,,,,,,,2,,,4.0,,,,,,,2,,,,,,,,,,,,,,,,1,2000.0,0.0,1.0,1.0,1.0,1.0,0.0,1.0,0.0,1.0,1.0,0.0,0.0,0.0,,,,,,,,,,,,,,,,1.0,,,,,,,,,,,,,,1092,,U,4,281,6430,Fraude bancario,,Hombre
17398,1403774.04,1403774.04.01,1403774.04.01.02,1403774.04.01.02.07.1,1403774,4,1,1,1,7,2,A,2,31,,10,14,999,2,4,1.0,0.0,0.0,0.0,0.0,,,,,,,,,,,,,,,,,,,,,,,,,,,,,,,,,,,,,2,,,9.0,,,,,,,2,,,,,,,,,,,,,,,,1,20000.0,0.0,0.0,0.0,1.0,1.0,0.0,0.0,0.0,1.0,1.0,0.0,0.0,0.0,,,,,,,,,,,,,,,,4.0,,,,,,,,,,,,,,1918,,U,2,279,6247,Robo en banco/cajero,,Mujer
18409,1405517.02,1405517.02.01,1405517.02.01.01,1405517.02.01.01.02.1,1405517,2,1,1,2,2,1,A,1,42,1.0,9,15,58,3,1,,,,,,2.0,,,,,,,,,,,,,,,,,,,,,,,,,,,,,,,,,,,,1,,,,1.0,6.0,,1.0,5.0,3.0,2,,,,,,,,,,0.0,1.0,0.0,0.0,0.0,0.0,1,5000.0,0.0,,,,,,,,,,,,,,,,,,,,,,,,,,,,,,,,,,,,,,,,,,1200,1200.0,U,2,279,6208,Robo de accesorios de vehículo,Calle o vía pública,Hombre
18436,1405517.02,1405517.02.01,1405517.02.01.01,1405517.02.01.01.10.1,1405517,2,1,1,1,10,1,A,1,42,1.0,11,15,58,3,3,0.0,0.0,1.0,0.0,0.0,1.0,1.0,1.0,2.0,1.0,0.0,0.0,5.0,0.0,0.0,1.0,0.0,0.0,0.0,,0.0,0.0,0.0,1.0,0.0,1.0,1.0,0.0,0.0,0.0,0.0,2.0,2.0,,,,,,,,,2,,,1.0,,,,,,,1,0.0,1.0,0.0,1.0,0.0,0.0,0.0,0.0,0.0,0.0,0.0,0.0,0.0,1.0,0.0,3,0.0,0.0,1.0,1.0,1.0,1.0,1.0,1.0,1.0,1.0,1.0,0.0,0.0,0.0,,,,,,,,,,,,,,,,,,,,,,,,,,,,,,1200,1200.0,U,2,279,6208,Amenazas/intimidación,Calle o vía pública,Hombre
18505,1406715.05,1406715.05.02,1406715.05.02.02,1406715.05.02.02.02.1,1406715,5,2,1,1,2,2,A,2,40,,1,15,61,4,1,,,,,,2.0,,,,,,,,,,,,,,,,,,,,,,,,,,,,,,,,,,,,2,2.0,,5.0,,,,,,,2,,,,,,,,,,,,,,,,1,3500.0,0.0,0.0,0.0,0.0,0.0,0.0,0.0,0.0,1.0,0.0,0.0,0.0,0.0,,,,,,,,,,,,,,,,,,,,,,,,,,,,,,1116,,U,4,294,6549,Robo de accesorios de vehículo,,Mujer
19232,1404718.05,1404718.05.01,1404718.05.01.04,1404718.05.01.04.07.1,1404718,5,1,1,1,7,4,A,1,29,,5,15,999,9,4,1.0,0.0,0.0,0.0,0.0,,,,,,,,,,,,,,,,,,,,,,,,,,,,,,,,,,,,,2,,,4.0,,,,,,,2,,,,,,,,,,,,,,,,1,8000.0,0.0,1.0,0.0,1.0,1.0,0.0,0.0,0.0,1.0,1.0,0.0,0.0,0.0,,,,,,,,,,,,,,,,4.0,,,,,,,,,,,,,,3844,,U,3,280,6342,Robo en banco/cajero,,Hombre
19237,1407922.05,1407922.05.01,1407922.05.01.01,1407922.05.01.01.07.1,1407922,5,1,1,1,7,1,A,1,24,,7,15,999,4,2,1.0,0.0,0.0,0.0,0.0,,,,,,,,,,,,,,,,,,,,,,,,,,,,,,,,,,,,,2,,,4.0,,,,,,,2,,,,,,,,,,,,,,,,1,7000.0,0.0,,,,,,,,,,,,,,,,,,,,,,,,,,,,4.0,,,,,,,,,,,,,,2463,,U,2,288,6518,Robo en banco/cajero,,Hombre
20468,1416360.03,1416360.03.01,1416360.03.01.01,1416360.03.01.01.09.1,1416360,3,1,1,1,9,1,A,1,36,,10,16,108,2,3,0.0,1.0,0.0,0.0,0.0,1.0,1.0,2.0,1.0,1.0,0.0,0.0,6.0,1.0,0.0,0.0,0.0,0.0,0.0,2.0,0.0,0.0,0.0,1.0,0.0,2.0,,,,,,,2.0,,,,,,,,,2,,,4.0,,,,,,,2,,,,,,,,,,,,,,,,5,,,0.0,0.0,1.0,0.0,1.0,0.0,0.0,1.0,0.0,0.0,0.0,0.0,,,,,,,,,,,,,,,,,2.0,,,,,1.0,0.0,0.0,3.0,,,,,1923,,U,3,280,6291,Extorsión,,Hombre
20469,1416412.02,1416412.02.01,1416412.02.01.01,1416412.02.01.01.02.1,1416412,2,1,1,1,2,1,A,1,98,,2,16,108,3,1,,,,,,2.0,,,,,,,,,,,,,,,,,,,,,,,,,,,,,,,,,,,,2,2.0,,4.0,,,,,,,2,,,,,,,,,,,,,,,,1,400.0,0.0,1.0,1.0,1.0,1.0,1.0,1.0,1.0,1.0,1.0,0.0,0.0,0.0,,,,,,,,,,,,,,,,,,,,,,,,,,,,,,991,,U,2,279,6239,Robo de accesorios de vehículo,,Hombre
23086,1410578.15,1410578.15.01,1410578.15.01.01,1410578.15.01.01.01.1,1410578,15,1,1,1,1,1,A,1,58,3.0,6,19,39,4,5,,,,,,2.0,,,,,,,,,,,,,,,,,,,,,,,,,,,,,,,,,,,,1,,,,1.0,3.0,,4.0,2.0,4.0,2,,,,,,,,,,0.0,0.0,0.0,0.0,1.0,0.0,1,60000.0,0.0,,,,,,,,,,,,,1.0,,,,,,,,,,,,,,,,,,,,,,,,,,,,,1154,1154.0,C,3,298,6573,Robo total de vehículo,En vivienda de otra persona,Hombre
23367,1410660.02,1410660.02.01,1410660.02.01.01,1410660.02.01.01.04.1,1410660,2,1,1,1,4,1,A,1,51,3.0,2,19,39,1,2,,,,,,2.0,,,,,,,,,,,,,,,,,,,,,,,,,,,,,,,,,,,,2,2.0,,4.0,,,,,,,1,0.0,1.0,0.0,0.0,0.0,0.0,0.0,0.0,0.0,1.0,0.0,0.0,0.0,0.0,0.0,1,5000.0,0.0,1.0,1.0,1.0,1.0,1.0,1.0,1.0,1.0,1.0,0.0,0.0,0.0,,0.0,0.0,1.0,0.0,0.0,0.0,0.0,0.0,0.0,0.0,0.0,0.0,0.0,2.0,,,,,,,,,,,,,,,763,763.0,U,3,286,6514,Robo en transporte público,En vivienda de otra persona,Hombre
32252,1403854.02,1403854.02.01,1403854.02.01.01,1403854.02.01.01.07.1,1403854,2,1,1,2,7,1,A,1,22,,11,25,12,2,2,1.0,0.0,0.0,0.0,0.0,,,,,,,,,,,,,,,,,,,,,,,,,,,,,,,,,,,,,2,,,4.0,,,,,,,2,,,,,,,,,,,,,,,,1,500.0,0.0,,,,,,,,,,,,,,,,,,,,,,,,,,,,4.0,,,,,,,,,,,,,,2648,,U,2,279,6261,Robo en banco/cajero,,Hombre
32253,1403854.02,1403854.02.01,1403854.02.01.01,1403854.02.01.01.07.2,1403854,2,1,2,2,7,1,A,1,22,,11,25,12,2,2,1.0,0.0,0.0,0.0,0.0,,,,,,,,,,,,,,,,,,,,,,,,,,,,,,,,,,,,,2,,,3.0,,,,,,,2,,,,,,,,,,,,,,,,1,400.0,0.0,1.0,0.0,0.0,1.0,0.0,0.0,1.0,1.0,0.0,0.0,0.0,0.0,,,,,,,,,,,,,,,,4.0,,,,,,,,,,,,,,2648,,U,2,279,6261,Robo en banco/cajero,,Hombre
32265,1408056.04,1408056.04.01,1408056.04.01.02,1408056.04.01.02.11.1,1408056,4,1,1,1,11,2,A,2,20,,2,25,12,3,3,,,,,,1.0,1.0,1.0,2.0,1.0,1.0,0.0,4.0,1.0,0.0,0.0,0.0,0.0,0.0,1.0,1.0,0.0,0.0,0.0,0.0,2.0,,,,,,,1.0,1.0,0.0,0.0,1.0,0.0,0.0,0.0,0.0,1,,,,2.0,,2.0,2.0,3.0,3.0,1,0.0,0.0,1.0,0.0,0.0,0.0,0.0,0.0,0.0,0.0,0.0,0.0,0.0,1.0,0.0,1,8000.0,3000.0,1.0,1.0,1.0,1.0,1.0,1.0,1.0,1.0,1.0,0.0,0.0,0.0,,,,,,,,,,,,,,,,,,,,,,,,,,,,,,2700,,U,2,288,6527,Lesiones,,Mujer
40258,1418946.01,1418946.01.01,1418946.01.01.02,1418946.01.01.02.09.1,1418946,1,1,1,1,9,2,A,1,37,,7,99,999,3,1,0.0,1.0,0.0,0.0,0.0,1.0,1.0,2.0,1.0,1.0,0.0,0.0,9.0,1.0,0.0,0.0,0.0,0.0,0.0,2.0,0.0,0.0,0.0,0.0,1.0,9.0,,,,,,,2.0,,,,,,,,,2,,,3.0,,,,,,,2,,,,,,,,,,,,,,,,3,0.0,0.0,0.0,0.0,0.0,0.0,0.0,0.0,0.0,0.0,0.0,1.0,0.0,0.0,,,,,,,,,,,,,,,,,3.0,,,,,0.0,0.0,1.0,,,,,,1831,,U,4,281,6476,Extorsión,,Hombre
40262,1403267.03,1403267.03.01,1403267.03.01.01,1403267.03.01.01.07.1,1403267,3,1,1,1,7,1,A,2,51,,1,99,999,9,4,1.0,0.0,0.0,0.0,0.0,,,,,,,,,,,,,,,,,,,,,,,,,,,,,,,,,,,,,2,,,9.0,,,,,,,2,,,,,,,,,,,,,,,,3,0.0,0.0,0.0,0.0,1.0,1.0,0.0,0.0,0.0,1.0,1.0,0.0,0.0,0.0,,,,,,,,,,,,,,,,4.0,,,,,,,,,,,,,,3216,,U,4,281,6439,Robo en banco/cajero,,Mujer
