Unnamed: 0,ID_VIV,ID_HOG,ID_PER,UPM,VIV_SEL,HOGAR,RESUL_H,CVE_ENT,NOM_ENT,CVE_MUN,NOM_MUN,N_REN,PAREN,SEXO,EDAD,CODIGO,NIV,GRA,AP3_8,AP3_9,AP3_10,FAC_HOG,FAC_HOG_AM,DOMINIO,EST_DIS,UPM_DIS,SEXO_STR,NIVEL_EDU
126810,1402445.02,1402445.02.01,1402445.02.01.01,1402445,2,1,B,14,JALISCO,39,GUADALAJARA,1,1,2,66,1.0,3.0,3.0,2.0,,2.0,1049,1049.0,U,279,6223,Mujer,Secundaria
126811,1402445.02,1402445.02.01,1402445.02.01.02,1402445,2,1,B,14,JALISCO,39,GUADALAJARA,2,2,1,69,2.0,2.0,3.0,1.0,,3.0,1049,1049.0,U,279,6223,Hombre,Primaria
126812,1402445.02,1402445.02.01,1402445.02.01.03,1402445,2,1,B,14,JALISCO,39,GUADALAJARA,3,3,2,29,2.0,3.0,3.0,1.0,,2.0,1049,1049.0,U,279,6223,Mujer,Secundaria
126813,1402445.02,1402445.02.01,1402445.02.01.04,1402445,2,1,B,14,JALISCO,39,GUADALAJARA,4,5,2,12,,2.0,6.0,,,,1049,1049.0,U,279,6223,Mujer,Primaria
126814,1402445.02,1402445.02.01,1402445.02.01.05,1402445,2,1,B,14,JALISCO,39,GUADALAJARA,5,5,1,5,,1.0,1.0,,,,1049,1049.0,U,279,6223,Hombre,Preescolar
126815,1402445.03,1402445.03.01,1402445.03.01.01,1402445,3,1,A,14,JALISCO,39,GUADALAJARA,1,1,1,63,2.0,2.0,6.0,8.0,4.0,,1049,1049.0,U,279,6223,Hombre,Primaria
126816,1402445.03,1402445.03.01,1402445.03.01.02,1402445,3,1,A,14,JALISCO,39,GUADALAJARA,2,3,1,25,2.0,6.0,3.0,1.0,,2.0,1049,1049.0,U,279,6223,Hombre,Preparatoria o bachillerato
126817,1402445.03,1402445.03.01,1402445.03.01.03,1402445,3,1,A,14,JALISCO,39,GUADALAJARA,3,3,1,28,2.0,3.0,3.0,1.0,,3.0,1049,1049.0,U,279,6223,Hombre,Secundaria
126818,1402445.03,1402445.03.01,1402445.03.01.04,1402445,3,1,A,14,JALISCO,39,GUADALAJARA,4,3,1,20,1.0,3.0,3.0,1.0,,2.0,1049,1049.0,U,279,6223,Hombre,Secundaria
126819,1402445.04,1402445.04.01,1402445.04.01.01,1402445,4,1,B,14,JALISCO,39,GUADALAJARA,1,1,1,70,1.0,4.0,3.0,6.0,4.0,,1049,1049.0,U,279,6223,Hombre,Carrera técnica con secundaria
126820,1402445.04,1402445.04.01,1402445.04.01.02,1402445,4,1,B,14,JALISCO,39,GUADALAJARA,2,2,2,61,2.0,3.0,3.0,6.0,4.0,,1049,1049.0,U,279,6223,Mujer,Secundaria
126821,1402445.04,1402445.04.01,1402445.04.01.03,1402445,4,1,B,14,JALISCO,39,GUADALAJARA,3,3,1,28,2.0,3.0,3.0,1.0,,2.0,1049,1049.0,U,279,6223,Hombre,Secundaria
126822,1402445.04,1402445.04.01,1402445.04.01.04,1402445,4,1,B,14,JALISCO,39,GUADALAJARA,4,6,2,30,2.0,3.0,3.0,1.0,,2.0,1049,1049.0,U,279,6223,Mujer,Secundaria
126823,1402445.04,1402445.04.01,1402445.04.01.05,1402445,4,1,B,14,JALISCO,39,GUADALAJARA,5,5,2,12,,2.0,4.0,,,,1049,1049.0,U,279,6223,Mujer,Primaria
126824,1402445.04,1402445.04.01,1402445.04.01.06,1402445,4,1,B,14,JALISCO,39,GUADALAJARA,6,5,1,9,,2.0,2.0,,,,1049,1049.0,U,279,6223,Hombre,Primaria
126825,1402445.04,1402445.04.01,1402445.04.01.07,1402445,4,1,B,14,JALISCO,39,GUADALAJARA,7,5,2,8,,2.0,2.0,,,,1049,1049.0,U,279,6223,Mujer,Primaria
126826,1402445.05,1402445.05.01,1402445.05.01.01,1402445,5,1,B,14,JALISCO,39,GUADALAJARA,1,1,2,72,1.0,3.0,3.0,5.0,4.0,,1049,1049.0,U,279,6223,Mujer,Secundaria
126827,1402472.02,1402472.02.01,1402472.02.01.01,1402472,2,1,A,14,JALISCO,39,GUADALAJARA,1,1,2,46,2.0,8.0,5.0,1.0,,2.0,1027,1027.0,U,281,6453,Mujer,Licenciatura
126828,1402472.02,1402472.02.01,1402472.02.01.02,1402472,2,1,A,14,JALISCO,39,GUADALAJARA,2,6,2,20,1.0,7.0,1.0,1.0,,2.0,1027,1027.0,U,281,6453,Mujer,Carrera técnica con preparatoria
126829,1402472.02,1402472.02.01,1402472.02.01.03,1402472,2,1,A,14,JALISCO,39,GUADALAJARA,3,3,1,4,,0.0,0.0,,,,1027,1027.0,U,281,6453,Hombre,Sin escolaridad
126830,1402472.03,1402472.03.01,1402472.03.01.01,1402472,3,1,B,14,JALISCO,39,GUADALAJARA,1,1,2,27,1.0,8.0,5.0,1.0,,2.0,1027,1027.0,U,281,6453,Mujer,Licenciatura
126831,1402472.04,1402472.04.01,1402472.04.01.01,1402472,4,1,A,14,JALISCO,39,GUADALAJARA,1,1,2,25,1.0,6.0,3.0,4.0,2.0,5.0,1027,1027.0,U,281,6453,Mujer,Preparatoria o bachillerato
126832,1402472.05,1402472.05.01,1402472.05.01.01,1402472,5,1,B,14,JALISCO,39,GUADALAJARA,1,1,1,19,1.0,8.0,1.0,4.0,4.0,,1027,1027.0,U,281,6453,Hombre,Licenciatura
126833,1402539.01,1402539.01.01,1402539.01.01.01,1402539,1,1,A,14,JALISCO,39,GUADALAJARA,1,1,2,79,2.0,3.0,3.0,5.0,4.0,,695,695.0,U,279,6289,Mujer,Secundaria
126834,1402539.01,1402539.01.01,1402539.01.01.02,1402539,1,1,A,14,JALISCO,39,GUADALAJARA,2,3,2,46,2.0,3.0,3.0,1.0,,2.0,695,695.0,U,279,6289,Mujer,Secundaria
126835,1402539.01,1402539.01.01,1402539.01.01.03,1402539,1,1,A,14,JALISCO,39,GUADALAJARA,3,3,1,36,1.0,6.0,3.0,1.0,,2.0,695,695.0,U,279,6289,Hombre,Preparatoria o bachillerato
126836,1402539.01,1402539.01.01,1402539.01.01.04,1402539,1,1,A,14,JALISCO,39,GUADALAJARA,4,6,1,49,2.0,6.0,3.0,1.0,,2.0,695,695.0,U,279,6289,Hombre,Preparatoria o bachillerato
126837,1402539.01,1402539.01.01,1402539.01.01.05,1402539,1,1,A,14,JALISCO,39,GUADALAJARA,5,5,1,1,,,,,,,695,695.0,U,279,6289,Hombre,No especificado
126838,1402539.02,1402539.02.01,1402539.02.01.01,1402539,2,1,B,14,JALISCO,39,GUADALAJARA,1,1,1,56,2.0,3.0,3.0,6.0,4.0,,695,695.0,U,279,6289,Hombre,Secundaria
126839,1402539.02,1402539.02.01,1402539.02.01.02,1402539,2,1,B,14,JALISCO,39,GUADALAJARA,2,2,2,55,2.0,2.0,3.0,5.0,4.0,,695,695.0,U,279,6289,Mujer,Primaria
126840,1402539.02,1402539.02.01,1402539.02.01.03,1402539,2,1,B,14,JALISCO,39,GUADALAJARA,3,3,1,31,2.0,2.0,6.0,1.0,,2.0,695,695.0,U,279,6289,Hombre,Primaria
126841,1402539.02,1402539.02.01,1402539.02.01.04,1402539,2,1,B,14,JALISCO,39,GUADALAJARA,4,3,1,19,1.0,8.0,1.0,4.0,4.0,,695,695.0,U,279,6289,Hombre,Licenciatura
126842,1402539.02,1402539.02.01,1402539.02.01.05,1402539,2,1,B,14,JALISCO,39,GUADALAJARA,5,5,1,13,,3.0,1.0,,,,695,695.0,U,279,6289,Hombre,Secundaria
126843,1402539.02,1402539.02.01,1402539.02.01.06,1402539,2,1,B,14,JALISCO,39,GUADALAJARA,6,5,2,9,,2.0,3.0,,,,695,695.0,U,279,6289,Mujer,Primaria
126844,1402539.03,1402539.03.01,1402539.03.01.01,1402539,3,1,B,14,JALISCO,39,GUADALAJARA,1,1,1,72,1.0,2.0,6.0,6.0,4.0,,695,695.0,U,279,6289,Hombre,Primaria
126845,1402539.03,1402539.03.01,1402539.03.01.02,1402539,3,1,B,14,JALISCO,39,GUADALAJARA,2,2,2,67,2.0,2.0,6.0,5.0,4.0,,695,695.0,U,279,6289,Mujer,Primaria
126846,1402539.03,1402539.03.01,1402539.03.01.03,1402539,3,1,B,14,JALISCO,39,GUADALAJARA,3,3,1,37,2.0,3.0,3.0,1.0,,2.0,695,695.0,U,279,6289,Hombre,Secundaria
126847,1402539.03,1402539.03.01,1402539.03.01.04,1402539,3,1,B,14,JALISCO,39,GUADALAJARA,4,6,2,33,2.0,3.0,3.0,5.0,4.0,,695,695.0,U,279,6289,Mujer,Secundaria
126848,1402539.03,1402539.03.01,1402539.03.01.05,1402539,3,1,B,14,JALISCO,39,GUADALAJARA,5,3,2,43,2.0,8.0,5.0,1.0,,2.0,695,695.0,U,279,6289,Mujer,Licenciatura
126849,1402539.03,1402539.03.01,1402539.03.01.06,1402539,3,1,B,14,JALISCO,39,GUADALAJARA,6,5,1,15,,3.0,3.0,,,,695,695.0,U,279,6289,Hombre,Secundaria
126850,1402539.03,1402539.03.01,1402539.03.01.07,1402539,3,1,B,14,JALISCO,39,GUADALAJARA,7,5,2,14,,3.0,2.0,,,,695,695.0,U,279,6289,Mujer,Secundaria
126851,1402539.03,1402539.03.01,1402539.03.01.08,1402539,3,1,B,14,JALISCO,39,GUADALAJARA,8,5,1,11,,2.0,5.0,,,,695,695.0,U,279,6289,Hombre,Primaria
126852,1402539.03,1402539.03.01,1402539.03.01.09,1402539,3,1,B,14,JALISCO,39,GUADALAJARA,9,5,1,4,,0.0,0.0,,,,695,695.0,U,279,6289,Hombre,Sin escolaridad
126853,1402539.05,1402539.05.01,1402539.05.01.01,1402539,5,1,B,14,JALISCO,39,GUADALAJARA,1,1,1,41,2.0,8.0,5.0,1.0,,2.0,695,695.0,U,279,6289,Hombre,Licenciatura
126854,1402539.05,1402539.05.01,1402539.05.01.02,1402539,5,1,B,14,JALISCO,39,GUADALAJARA,2,4,2,66,1.0,4.0,3.0,5.0,4.0,,695,695.0,U,279,6289,Mujer,Carrera técnica con secundaria
126855,1402540.01,1402540.01.01,1402540.01.01.01,1402540,1,1,A,14,JALISCO,39,GUADALAJARA,1,1,1,25,1.0,8.0,5.0,1.0,,3.0,1132,1132.0,U,280,6293,Hombre,Licenciatura
126856,1402540.01,1402540.01.01,1402540.01.01.02,1402540,1,1,A,14,JALISCO,39,GUADALAJARA,2,4,2,55,2.0,8.0,5.0,5.0,4.0,,1132,1132.0,U,280,6293,Mujer,Licenciatura
126857,1402540.02,1402540.02.01,1402540.02.01.01,1402540,2,1,B,14,JALISCO,39,GUADALAJARA,1,1,1,71,1.0,2.0,3.0,1.0,,2.0,1132,1132.0,U,280,6293,Hombre,Primaria
126858,1402540.02,1402540.02.01,1402540.02.01.02,1402540,2,1,B,14,JALISCO,39,GUADALAJARA,2,2,2,70,2.0,8.0,5.0,6.0,4.0,,1132,1132.0,U,280,6293,Mujer,Licenciatura
126859,1402540.03,1402540.03.01,1402540.03.01.01,1402540,3,1,B,14,JALISCO,39,GUADALAJARA,1,1,2,60,1.0,2.0,3.0,1.0,,3.0,1132,1132.0,U,280,6293,Mujer,Primaria
126860,1402540.03,1402540.03.01,1402540.03.01.02,1402540,3,1,B,14,JALISCO,39,GUADALAJARA,2,3,1,18,2.0,6.0,3.0,1.0,,2.0,1132,1132.0,U,280,6293,Hombre,Preparatoria o bachillerato
126861,1402540.04,1402540.04.01,1402540.04.01.01,1402540,4,1,B,14,JALISCO,39,GUADALAJARA,1,1,2,45,1.0,3.0,3.0,1.0,,2.0,1132,1132.0,U,280,6293,Mujer,Secundaria
126862,1402540.04,1402540.04.01,1402540.04.01.02,1402540,4,1,B,14,JALISCO,39,GUADALAJARA,2,5,2,52,2.0,0.0,0.0,1.0,,2.0,1132,1132.0,U,280,6293,Mujer,Sin escolaridad
126863,1402540.04,1402540.04.01,1402540.04.01.03,1402540,4,1,B,14,JALISCO,39,GUADALAJARA,3,5,1,47,2.0,3.0,3.0,1.0,,2.0,1132,1132.0,U,280,6293,Hombre,Secundaria
126864,1402540.04,1402540.04.01,1402540.04.01.04,1402540,4,1,B,14,JALISCO,39,GUADALAJARA,4,5,2,39,2.0,3.0,1.0,1.0,,2.0,1132,1132.0,U,280,6293,Mujer,Secundaria
126865,1402540.04,1402540.04.01,1402540.04.01.05,1402540,4,1,B,14,JALISCO,39,GUADALAJARA,5,5,1,23,2.0,6.0,1.0,1.0,,2.0,1132,1132.0,U,280,6293,Hombre,Preparatoria o bachillerato
126866,1402540.04,1402540.04.01,1402540.04.01.06,1402540,4,1,B,14,JALISCO,39,GUADALAJARA,6,5,2,17,,6.0,2.0,,,,1132,1132.0,U,280,6293,Mujer,Preparatoria o bachillerato
126867,1402540.04,1402540.04.01,1402540.04.01.07,1402540,4,1,B,14,JALISCO,39,GUADALAJARA,7,5,1,16,,3.0,3.0,,,,1132,1132.0,U,280,6293,Hombre,Secundaria
126868,1402540.05,1402540.05.01,1402540.05.01.01,1402540,5,1,A,14,JALISCO,39,GUADALAJARA,1,1,2,69,1.0,3.0,3.0,5.0,1.0,3.0,1132,1132.0,U,280,6293,Mujer,Secundaria
126869,1402551.01,1402551.01.01,1402551.01.01.01,1402551,1,1,A,14,JALISCO,39,GUADALAJARA,1,1,1,58,2.0,3.0,3.0,1.0,,2.0,717,717.0,U,279,6287,Hombre,Secundaria
126870,1402551.01,1402551.01.01,1402551.01.01.02,1402551,1,1,A,14,JALISCO,39,GUADALAJARA,2,2,2,58,2.0,3.0,3.0,1.0,,2.0,717,717.0,U,279,6287,Mujer,Secundaria
126871,1402551.01,1402551.01.01,1402551.01.01.03,1402551,1,1,A,14,JALISCO,39,GUADALAJARA,3,3,2,30,1.0,7.0,3.0,1.0,,2.0,717,717.0,U,279,6287,Mujer,Carrera técnica con preparatoria
126872,1402551.01,1402551.01.01,1402551.01.01.04,1402551,1,1,A,14,JALISCO,39,GUADALAJARA,4,3,2,24,2.0,8.0,2.0,4.0,4.0,,717,717.0,U,279,6287,Mujer,Licenciatura
126873,1402551.01,1402551.01.01,1402551.01.01.05,1402551,1,1,A,14,JALISCO,39,GUADALAJARA,5,3,1,9,,2.0,3.0,,,,717,717.0,U,279,6287,Hombre,Primaria
126874,1402551.02,1402551.02.01,1402551.02.01.01,1402551,2,1,B,14,JALISCO,39,GUADALAJARA,1,1,1,32,1.0,3.0,3.0,1.0,,3.0,717,717.0,U,279,6287,Hombre,Secundaria
126875,1402551.02,1402551.02.01,1402551.02.01.02,1402551,2,1,B,14,JALISCO,39,GUADALAJARA,2,3,1,11,,2.0,5.0,,,,717,717.0,U,279,6287,Hombre,Primaria
126876,1402551.02,1402551.02.01,1402551.02.01.03,1402551,2,1,B,14,JALISCO,39,GUADALAJARA,3,3,2,10,,2.0,4.0,,,,717,717.0,U,279,6287,Mujer,Primaria
126877,1402551.04,1402551.04.01,1402551.04.01.01,1402551,4,1,B,14,JALISCO,39,GUADALAJARA,1,1,2,25,2.0,6.0,1.0,1.0,,2.0,717,717.0,U,279,6287,Mujer,Preparatoria o bachillerato
126878,1402551.04,1402551.04.01,1402551.04.01.02,1402551,4,1,B,14,JALISCO,39,GUADALAJARA,2,5,2,29,1.0,6.0,3.0,1.0,,2.0,717,717.0,U,279,6287,Mujer,Preparatoria o bachillerato
126879,1402551.04,1402551.04.01,1402551.04.01.03,1402551,4,1,B,14,JALISCO,39,GUADALAJARA,3,3,2,8,,2.0,2.0,,,,717,717.0,U,279,6287,Mujer,Primaria
126880,1402551.04,1402551.04.01,1402551.04.01.04,1402551,4,1,B,14,JALISCO,39,GUADALAJARA,4,5,2,7,,1.0,3.0,,,,717,717.0,U,279,6287,Mujer,Preescolar
126881,1402551.04,1402551.04.01,1402551.04.01.05,1402551,4,1,B,14,JALISCO,39,GUADALAJARA,5,3,2,4,,1.0,1.0,,,,717,717.0,U,279,6287,Mujer,Preescolar
126882,1402551.04,1402551.04.01,1402551.04.01.06,1402551,4,1,B,14,JALISCO,39,GUADALAJARA,6,5,1,2,,,,,,,717,717.0,U,279,6287,Hombre,No especificado
126883,1402551.05,1402551.05.01,1402551.05.01.01,1402551,5,1,B,14,JALISCO,39,GUADALAJARA,1,1,1,69,2.0,6.0,3.0,1.0,,3.0,717,717.0,U,279,6287,Hombre,Preparatoria o bachillerato
126884,1402551.05,1402551.05.01,1402551.05.01.02,1402551,5,1,B,14,JALISCO,39,GUADALAJARA,2,2,2,66,2.0,2.0,6.0,5.0,4.0,,717,717.0,U,279,6287,Mujer,Primaria
126885,1402551.05,1402551.05.01,1402551.05.01.03,1402551,5,1,B,14,JALISCO,39,GUADALAJARA,3,3,2,39,1.0,8.0,5.0,1.0,,2.0,717,717.0,U,279,6287,Mujer,Licenciatura
126886,1402551.05,1402551.05.01,1402551.05.01.04,1402551,5,1,B,14,JALISCO,39,GUADALAJARA,4,5,2,16,,6.0,1.0,,,,717,717.0,U,279,6287,Mujer,Preparatoria o bachillerato
126887,1402551.05,1402551.05.01,1402551.05.01.05,1402551,5,1,B,14,JALISCO,39,GUADALAJARA,5,5,2,6,,1.0,3.0,,,,717,717.0,U,279,6287,Mujer,Preescolar
126888,1402551.05,1402551.05.01,1402551.05.01.06,1402551,5,1,B,14,JALISCO,39,GUADALAJARA,6,5,2,2,,,,,,,717,717.0,U,279,6287,Mujer,No especificado
126889,1402567.01,1402567.01.01,1402567.01.01.01,1402567,1,1,B,14,JALISCO,39,GUADALAJARA,1,1,1,47,2.0,8.0,5.0,1.0,,2.0,954,954.0,U,280,6345,Hombre,Licenciatura
126890,1402567.01,1402567.01.01,1402567.01.01.02,1402567,1,1,B,14,JALISCO,39,GUADALAJARA,2,3,1,20,2.0,6.0,3.0,1.0,,2.0,954,954.0,U,280,6345,Hombre,Preparatoria o bachillerato
126891,1402567.01,1402567.01.01,1402567.01.01.03,1402567,1,1,B,14,JALISCO,39,GUADALAJARA,3,3,1,11,,2.0,4.0,,,,954,954.0,U,280,6345,Hombre,Primaria
126892,1402567.01,1402567.01.01,1402567.01.01.04,1402567,1,1,B,14,JALISCO,39,GUADALAJARA,4,2,2,46,2.0,3.0,3.0,1.0,,2.0,954,954.0,U,280,6345,Mujer,Secundaria
126893,1402567.01,1402567.01.01,1402567.01.01.05,1402567,1,1,B,14,JALISCO,39,GUADALAJARA,5,3,2,18,1.0,6.0,2.0,4.0,4.0,,954,954.0,U,280,6345,Mujer,Preparatoria o bachillerato
126894,1402567.01,1402567.01.01,1402567.01.01.06,1402567,1,1,B,14,JALISCO,39,GUADALAJARA,6,3,2,13,,3.0,1.0,,,,954,954.0,U,280,6345,Mujer,Secundaria
126895,1402567.02,1402567.02.01,1402567.02.01.01,1402567,2,1,A,14,JALISCO,39,GUADALAJARA,1,1,2,77,2.0,0.0,0.0,5.0,4.0,,954,954.0,U,280,6345,Mujer,Sin escolaridad
126896,1402567.02,1402567.02.01,1402567.02.01.02,1402567,2,1,A,14,JALISCO,39,GUADALAJARA,2,3,2,45,2.0,8.0,5.0,1.0,,2.0,954,954.0,U,280,6345,Mujer,Licenciatura
126897,1402567.02,1402567.02.01,1402567.02.01.03,1402567,2,1,A,14,JALISCO,39,GUADALAJARA,3,5,1,23,2.0,3.0,3.0,1.0,,2.0,954,954.0,U,280,6345,Hombre,Secundaria
126898,1402567.02,1402567.02.01,1402567.02.01.04,1402567,2,1,A,14,JALISCO,39,GUADALAJARA,4,5,2,19,1.0,6.0,2.0,1.0,,2.0,954,954.0,U,280,6345,Mujer,Preparatoria o bachillerato
126899,1402567.03,1402567.03.01,1402567.03.01.01,1402567,3,1,A,14,JALISCO,39,GUADALAJARA,1,1,1,46,2.0,6.0,3.0,1.0,,3.0,954,954.0,U,280,6345,Hombre,Preparatoria o bachillerato
126900,1402567.03,1402567.03.01,1402567.03.01.02,1402567,3,1,A,14,JALISCO,39,GUADALAJARA,2,2,2,45,2.0,8.0,5.0,5.0,4.0,,954,954.0,U,280,6345,Mujer,Licenciatura
126901,1402567.03,1402567.03.01,1402567.03.01.03,1402567,3,1,A,14,JALISCO,39,GUADALAJARA,3,3,2,18,1.0,6.0,3.0,4.0,2.0,2.0,954,954.0,U,280,6345,Mujer,Preparatoria o bachillerato
126902,1402567.03,1402567.03.01,1402567.03.01.04,1402567,3,1,A,14,JALISCO,39,GUADALAJARA,4,3,2,15,,3.0,3.0,,,,954,954.0,U,280,6345,Mujer,Secundaria
126903,1402567.03,1402567.03.01,1402567.03.01.05,1402567,3,1,A,14,JALISCO,39,GUADALAJARA,5,3,1,11,,2.0,5.0,,,,954,954.0,U,280,6345,Hombre,Primaria
126904,1402567.04,1402567.04.01,1402567.04.01.01,1402567,4,1,A,14,JALISCO,39,GUADALAJARA,1,1,1,58,1.0,3.0,3.0,1.0,,2.0,954,954.0,U,280,6345,Hombre,Secundaria
126905,1402567.04,1402567.04.01,1402567.04.01.02,1402567,4,1,A,14,JALISCO,39,GUADALAJARA,2,2,2,55,2.0,8.0,5.0,5.0,1.0,3.0,954,954.0,U,280,6345,Mujer,Licenciatura
126906,1402567.05,1402567.05.01,1402567.05.01.01,1402567,5,1,B,14,JALISCO,39,GUADALAJARA,1,1,1,54,2.0,6.0,3.0,1.0,,2.0,954,954.0,U,280,6345,Hombre,Preparatoria o bachillerato
126907,1402567.05,1402567.05.01,1402567.05.01.02,1402567,5,1,B,14,JALISCO,39,GUADALAJARA,2,5,2,62,2.0,2.0,6.0,5.0,4.0,,954,954.0,U,280,6345,Mujer,Primaria
126908,1402567.05,1402567.05.01,1402567.05.01.03,1402567,5,1,B,14,JALISCO,39,GUADALAJARA,3,5,1,56,2.0,2.0,6.0,1.0,,2.0,954,954.0,U,280,6345,Hombre,Primaria
126909,1402567.05,1402567.05.01,1402567.05.01.04,1402567,5,1,B,14,JALISCO,39,GUADALAJARA,4,5,2,66,1.0,2.0,6.0,6.0,4.0,,954,954.0,U,280,6345,Mujer,Primaria
126910,1402571.01,1402571.01.01,1402571.01.01.01,1402571,1,1,B,14,JALISCO,39,GUADALAJARA,1,1,2,52,1.0,3.0,3.0,1.0,,2.0,761,761.0,U,280,6385,Mujer,Secundaria
126911,1402571.02,1402571.02.01,1402571.02.01.01,1402571,2,1,B,14,JALISCO,39,GUADALAJARA,1,1,1,45,2.0,6.0,3.0,1.0,,3.0,761,761.0,U,280,6385,Hombre,Preparatoria o bachillerato
126912,1402571.02,1402571.02.01,1402571.02.01.02,1402571,2,1,B,14,JALISCO,39,GUADALAJARA,2,2,2,44,1.0,3.0,3.0,5.0,4.0,,761,761.0,U,280,6385,Mujer,Secundaria
126913,1402571.02,1402571.02.01,1402571.02.01.03,1402571,2,1,B,14,JALISCO,39,GUADALAJARA,3,3,2,23,2.0,3.0,3.0,1.0,,3.0,761,761.0,U,280,6385,Mujer,Secundaria
126914,1402571.02,1402571.02.01,1402571.02.01.04,1402571,2,1,B,14,JALISCO,39,GUADALAJARA,4,5,2,6,,1.0,2.0,,,,761,761.0,U,280,6385,Mujer,Preescolar
126915,1402571.03,1402571.03.01,1402571.03.01.01,1402571,3,1,A,14,JALISCO,39,GUADALAJARA,1,1,1,55,2.0,6.0,3.0,1.0,,2.0,761,761.0,U,280,6385,Hombre,Preparatoria o bachillerato
126916,1402571.03,1402571.03.01,1402571.03.01.02,1402571,3,1,A,14,JALISCO,39,GUADALAJARA,2,2,2,45,1.0,9.0,5.0,1.0,,2.0,761,761.0,U,280,6385,Mujer,Posgrado (Maestría/Doctorado)
126917,1402571.04,1402571.04.01,1402571.04.01.01,1402571,4,1,B,14,JALISCO,39,GUADALAJARA,1,1,1,63,1.0,6.0,3.0,6.0,4.0,,761,761.0,U,280,6385,Hombre,Preparatoria o bachillerato
126918,1402571.04,1402571.04.01,1402571.04.01.02,1402571,4,1,B,14,JALISCO,39,GUADALAJARA,2,2,2,63,2.0,7.0,3.0,5.0,4.0,,761,761.0,U,280,6385,Mujer,Carrera técnica con preparatoria
126919,1402571.04,1402571.04.01,1402571.04.01.03,1402571,4,1,B,14,JALISCO,39,GUADALAJARA,3,3,2,35,2.0,7.0,3.0,1.0,,2.0,761,761.0,U,280,6385,Mujer,Carrera técnica con preparatoria
126920,1402571.04,1402571.04.01,1402571.04.01.04,1402571,4,1,B,14,JALISCO,39,GUADALAJARA,4,5,2,9,,2.0,3.0,,,,761,761.0,U,280,6385,Mujer,Primaria
126921,1402571.04,1402571.04.01,1402571.04.01.05,1402571,4,1,B,14,JALISCO,39,GUADALAJARA,5,5,1,4,,1.0,1.0,,,,761,761.0,U,280,6385,Hombre,Preescolar
126922,1402571.05,1402571.05.01,1402571.05.01.01,1402571,5,1,A,14,JALISCO,39,GUADALAJARA,1,1,2,70,2.0,0.0,0.0,5.0,4.0,,761,761.0,U,280,6385,Mujer,Sin escolaridad
126923,1402571.05,1402571.05.01,1402571.05.01.02,1402571,5,1,A,14,JALISCO,39,GUADALAJARA,2,5,1,23,1.0,8.0,3.0,4.0,2.0,2.0,761,761.0,U,280,6385,Hombre,Licenciatura
126924,1402581.01,1402581.01.01,1402581.01.01.01,1402581,1,1,B,14,JALISCO,39,GUADALAJARA,1,1,1,65,2.0,2.0,6.0,6.0,4.0,,1033,1033.0,U,280,6307,Hombre,Primaria
126925,1402581.01,1402581.01.01,1402581.01.01.02,1402581,1,1,B,14,JALISCO,39,GUADALAJARA,2,2,2,56,1.0,4.0,3.0,5.0,4.0,,1033,1033.0,U,280,6307,Mujer,Carrera técnica con secundaria
126926,1402581.03,1402581.03.01,1402581.03.01.01,1402581,3,1,A,14,JALISCO,39,GUADALAJARA,1,1,1,79,2.0,8.0,5.0,6.0,4.0,,1033,1033.0,U,280,6307,Hombre,Licenciatura
126927,1402581.03,1402581.03.01,1402581.03.01.02,1402581,3,1,A,14,JALISCO,39,GUADALAJARA,2,2,2,79,1.0,6.0,3.0,6.0,4.0,,1033,1033.0,U,280,6307,Mujer,Preparatoria o bachillerato
126928,1402581.03,1402581.03.01,1402581.03.01.03,1402581,3,1,A,14,JALISCO,39,GUADALAJARA,3,3,1,51,2.0,6.0,1.0,1.0,,2.0,1033,1033.0,U,280,6307,Hombre,Preparatoria o bachillerato
126929,1402581.04,1402581.04.01,1402581.04.01.01,1402581,4,1,A,14,JALISCO,39,GUADALAJARA,1,1,2,54,2.0,2.0,6.0,1.0,,2.0,1033,1033.0,U,280,6307,Mujer,Primaria
126930,1402581.04,1402581.04.01,1402581.04.01.02,1402581,4,1,A,14,JALISCO,39,GUADALAJARA,2,3,2,27,1.0,6.0,3.0,1.0,,2.0,1033,1033.0,U,280,6307,Mujer,Preparatoria o bachillerato
126931,1402581.05,1402581.05.01,1402581.05.01.01,1402581,5,1,A,14,JALISCO,39,GUADALAJARA,1,1,1,67,1.0,8.0,5.0,1.0,,2.0,1033,1033.0,U,280,6307,Hombre,Licenciatura
126932,1402581.05,1402581.05.01,1402581.05.01.02,1402581,5,1,A,14,JALISCO,39,GUADALAJARA,2,3,1,31,2.0,8.0,5.0,1.0,,3.0,1033,1033.0,U,280,6307,Hombre,Licenciatura
126933,1402581.05,1402581.05.01,1402581.05.01.03,1402581,5,1,A,14,JALISCO,39,GUADALAJARA,3,2,2,67,2.0,8.0,5.0,1.0,,2.0,1033,1033.0,U,280,6307,Mujer,Licenciatura
126934,1402581.05,1402581.05.01,1402581.05.01.04,1402581,5,1,A,14,JALISCO,39,GUADALAJARA,4,6,2,31,2.0,8.0,5.0,1.0,,2.0,1033,1033.0,U,280,6307,Mujer,Licenciatura
126935,1402591.02,1402591.02.01,1402591.02.01.01,1402591,2,1,B,14,JALISCO,39,GUADALAJARA,1,1,2,45,1.0,2.0,6.0,1.0,,3.0,908,908.0,U,279,6257,Mujer,Primaria
126936,1402591.02,1402591.02.01,1402591.02.01.02,1402591,2,1,B,14,JALISCO,39,GUADALAJARA,2,3,2,23,2.0,8.0,4.0,4.0,2.0,2.0,908,908.0,U,279,6257,Mujer,Licenciatura
126937,1402591.02,1402591.02.01,1402591.02.01.03,1402591,2,1,B,14,JALISCO,39,GUADALAJARA,3,3,1,19,2.0,6.0,3.0,1.0,,2.0,908,908.0,U,279,6257,Hombre,Preparatoria o bachillerato
126938,1402591.02,1402591.02.01,1402591.02.01.04,1402591,2,1,B,14,JALISCO,39,GUADALAJARA,4,5,2,30,2.0,8.0,5.0,1.0,,2.0,908,908.0,U,279,6257,Mujer,Licenciatura
126939,1402591.02,1402591.02.01,1402591.02.01.05,1402591,2,1,B,14,JALISCO,39,GUADALAJARA,5,3,2,14,,3.0,2.0,,,,908,908.0,U,279,6257,Mujer,Secundaria
126940,1402591.03,1402591.03.01,1402591.03.01.01,1402591,3,1,B,14,JALISCO,39,GUADALAJARA,1,1,1,68,1.0,8.0,5.0,1.0,,3.0,908,908.0,U,279,6257,Hombre,Licenciatura
126941,1402591.03,1402591.03.01,1402591.03.01.02,1402591,3,1,B,14,JALISCO,39,GUADALAJARA,2,2,2,70,2.0,7.0,3.0,5.0,4.0,,908,908.0,U,279,6257,Mujer,Carrera técnica con preparatoria
126942,1402591.03,1402591.03.01,1402591.03.01.03,1402591,3,1,B,14,JALISCO,39,GUADALAJARA,3,3,2,41,2.0,8.0,5.0,1.0,,3.0,908,908.0,U,279,6257,Mujer,Licenciatura
126943,1402591.03,1402591.03.01,1402591.03.01.04,1402591,3,1,B,14,JALISCO,39,GUADALAJARA,4,3,1,37,2.0,8.0,5.0,1.0,,3.0,908,908.0,U,279,6257,Hombre,Licenciatura
126944,1402591.05,1402591.05.01,1402591.05.01.01,1402591,5,1,B,14,JALISCO,39,GUADALAJARA,1,1,1,51,2.0,2.0,1.0,1.0,,2.0,908,908.0,U,279,6257,Hombre,Primaria
126945,1402591.05,1402591.05.01,1402591.05.01.02,1402591,5,1,B,14,JALISCO,39,GUADALAJARA,2,2,2,48,2.0,2.0,6.0,1.0,,2.0,908,908.0,U,279,6257,Mujer,Primaria
126946,1402591.05,1402591.05.01,1402591.05.01.03,1402591,5,1,B,14,JALISCO,39,GUADALAJARA,3,3,2,35,2.0,8.0,5.0,1.0,,2.0,908,908.0,U,279,6257,Mujer,Licenciatura
126947,1402591.05,1402591.05.01,1402591.05.01.04,1402591,5,1,B,14,JALISCO,39,GUADALAJARA,4,6,1,37,2.0,8.0,5.0,1.0,,2.0,908,908.0,U,279,6257,Hombre,Licenciatura
126948,1402591.05,1402591.05.01,1402591.05.01.05,1402591,5,1,B,14,JALISCO,39,GUADALAJARA,5,3,2,32,1.0,8.0,5.0,1.0,,2.0,908,908.0,U,279,6257,Mujer,Licenciatura
126949,1402591.05,1402591.05.01,1402591.05.01.06,1402591,5,1,B,14,JALISCO,39,GUADALAJARA,6,6,1,35,2.0,8.0,5.0,1.0,,2.0,908,908.0,U,279,6257,Hombre,Licenciatura
126950,1402591.05,1402591.05.01,1402591.05.01.07,1402591,5,1,B,14,JALISCO,39,GUADALAJARA,7,3,1,25,2.0,6.0,3.0,1.0,,2.0,908,908.0,U,279,6257,Hombre,Preparatoria o bachillerato
126951,1402591.05,1402591.05.01,1402591.05.01.08,1402591,5,1,B,14,JALISCO,39,GUADALAJARA,8,6,1,24,2.0,7.0,3.0,1.0,,2.0,908,908.0,U,279,6257,Hombre,Carrera técnica con preparatoria
126952,1402591.05,1402591.05.01,1402591.05.01.09,1402591,5,1,B,14,JALISCO,39,GUADALAJARA,9,5,2,13,,3.0,1.0,,,,908,908.0,U,279,6257,Mujer,Secundaria
126953,1402591.05,1402591.05.01,1402591.05.01.10,1402591,5,1,B,14,JALISCO,39,GUADALAJARA,10,5,2,11,,2.0,5.0,,,,908,908.0,U,279,6257,Mujer,Primaria
126954,1402591.05,1402591.05.01,1402591.05.01.11,1402591,5,1,B,14,JALISCO,39,GUADALAJARA,11,5,2,11,,2.0,5.0,,,,908,908.0,U,279,6257,Mujer,Primaria
126955,1402591.05,1402591.05.01,1402591.05.01.12,1402591,5,1,B,14,JALISCO,39,GUADALAJARA,12,5,2,7,,1.0,1.0,,,,908,908.0,U,279,6257,Mujer,Preescolar
126956,1402619.01,1402619.01.01,1402619.01.01.01,1402619,1,1,B,14,JALISCO,39,GUADALAJARA,1,1,1,48,2.0,4.0,3.0,1.0,,1.0,940,940.0,U,280,6355,Hombre,Carrera técnica con secundaria
126957,1402619.01,1402619.01.01,1402619.01.01.02,1402619,1,1,B,14,JALISCO,39,GUADALAJARA,2,2,2,43,2.0,7.0,2.0,1.0,,3.0,940,940.0,U,280,6355,Mujer,Carrera técnica con preparatoria
126958,1402619.01,1402619.01.01,1402619.01.01.03,1402619,1,1,B,14,JALISCO,39,GUADALAJARA,3,3,2,23,1.0,8.0,3.0,4.0,4.0,,940,940.0,U,280,6355,Mujer,Licenciatura
126959,1402619.01,1402619.01.01,1402619.01.01.04,1402619,1,1,B,14,JALISCO,39,GUADALAJARA,4,3,2,17,,6.0,3.0,,,,940,940.0,U,280,6355,Mujer,Preparatoria o bachillerato
126960,1402619.01,1402619.01.01,1402619.01.01.05,1402619,1,1,B,14,JALISCO,39,GUADALAJARA,5,3,1,12,,2.0,6.0,,,,940,940.0,U,280,6355,Hombre,Primaria
126961,1402619.02,1402619.02.01,1402619.02.01.01,1402619,2,1,B,14,JALISCO,39,GUADALAJARA,1,1,1,67,1.0,8.0,5.0,6.0,4.0,,940,940.0,U,280,6355,Hombre,Licenciatura
126962,1402619.03,1402619.03.01,1402619.03.01.01,1402619,3,1,A,14,JALISCO,39,GUADALAJARA,1,1,1,61,2.0,2.0,5.0,1.0,,3.0,940,940.0,U,280,6355,Hombre,Primaria
126963,1402619.03,1402619.03.01,1402619.03.01.02,1402619,3,1,A,14,JALISCO,39,GUADALAJARA,2,2,2,61,1.0,8.0,5.0,1.0,,3.0,940,940.0,U,280,6355,Mujer,Licenciatura
126964,1402619.03,1402619.03.01,1402619.03.01.03,1402619,3,1,A,14,JALISCO,39,GUADALAJARA,3,3,1,38,2.0,8.0,5.0,1.0,,3.0,940,940.0,U,280,6355,Hombre,Licenciatura
126965,1402619.03,1402619.03.01,1402619.03.01.04,1402619,3,1,A,14,JALISCO,39,GUADALAJARA,4,3,1,37,2.0,8.0,5.0,1.0,,3.0,940,940.0,U,280,6355,Hombre,Licenciatura
126966,1402619.04,1402619.04.01,1402619.04.01.01,1402619,4,1,B,14,JALISCO,39,GUADALAJARA,1,1,2,71,1.0,2.0,6.0,6.0,4.0,,940,940.0,U,280,6355,Mujer,Primaria
126967,1402619.05,1402619.05.01,1402619.05.01.01,1402619,5,1,B,14,JALISCO,39,GUADALAJARA,1,1,1,35,2.0,6.0,3.0,1.0,,2.0,940,940.0,U,280,6355,Hombre,Preparatoria o bachillerato
126968,1402619.05,1402619.05.01,1402619.05.01.02,1402619,5,1,B,14,JALISCO,39,GUADALAJARA,2,2,2,36,1.0,8.0,5.0,1.0,,2.0,940,940.0,U,280,6355,Mujer,Licenciatura
126969,1402620.01,1402620.01.01,1402620.01.01.01,1402620,1,1,B,14,JALISCO,39,GUADALAJARA,1,1,1,35,1.0,8.0,5.0,1.0,,2.0,1023,1023.0,U,280,6312,Hombre,Licenciatura
126970,1402620.01,1402620.01.01,1402620.01.01.02,1402620,1,1,B,14,JALISCO,39,GUADALAJARA,2,2,2,29,2.0,8.0,5.0,5.0,4.0,,1023,1023.0,U,280,6312,Mujer,Licenciatura
126971,1402620.01,1402620.01.01,1402620.01.01.03,1402620,1,1,B,14,JALISCO,39,GUADALAJARA,3,3,1,9,,2.0,3.0,,,,1023,1023.0,U,280,6312,Hombre,Primaria
126972,1402620.01,1402620.01.01,1402620.01.01.04,1402620,1,1,B,14,JALISCO,39,GUADALAJARA,4,3,1,0,,,,,,,1023,1023.0,U,280,6312,Hombre,No especificado
126973,1402620.02,1402620.02.01,1402620.02.01.01,1402620,2,1,B,14,JALISCO,39,GUADALAJARA,1,1,2,55,1.0,3.0,2.0,5.0,3.0,5.0,1023,1023.0,U,280,6312,Mujer,Secundaria
126974,1402620.03,1402620.03.01,1402620.03.01.01,1402620,3,1,B,14,JALISCO,39,GUADALAJARA,1,1,2,38,2.0,9.0,5.0,1.0,,2.0,1023,1023.0,U,280,6312,Mujer,Posgrado (Maestría/Doctorado)
126975,1402620.03,1402620.03.01,1402620.03.01.02,1402620,3,1,B,14,JALISCO,39,GUADALAJARA,2,3,2,22,2.0,8.0,5.0,1.0,,2.0,1023,1023.0,U,280,6312,Mujer,Licenciatura
126976,1402620.03,1402620.03.01,1402620.03.01.03,1402620,3,1,B,14,JALISCO,39,GUADALAJARA,3,3,2,18,2.0,6.0,3.0,4.0,4.0,,1023,1023.0,U,280,6312,Mujer,Preparatoria o bachillerato
126977,1402620.03,1402620.03.01,1402620.03.01.04,1402620,3,1,B,14,JALISCO,39,GUADALAJARA,4,3,1,18,1.0,6.0,2.0,4.0,4.0,,1023,1023.0,U,280,6312,Hombre,Preparatoria o bachillerato
126978,1402620.03,1402620.03.01,1402620.03.01.05,1402620,3,1,B,14,JALISCO,39,GUADALAJARA,5,4,2,65,2.0,3.0,3.0,5.0,4.0,,1023,1023.0,U,280,6312,Mujer,Secundaria
126979,1402620.04,1402620.04.01,1402620.04.01.01,1402620,4,1,B,14,JALISCO,39,GUADALAJARA,1,1,1,64,1.0,3.0,3.0,6.0,4.0,,1023,1023.0,U,280,6312,Hombre,Secundaria
126980,1402620.04,1402620.04.01,1402620.04.01.02,1402620,4,1,B,14,JALISCO,39,GUADALAJARA,2,2,2,62,2.0,8.0,5.0,5.0,4.0,,1023,1023.0,U,280,6312,Mujer,Licenciatura
126981,1402620.04,1402620.04.01,1402620.04.01.03,1402620,4,1,B,14,JALISCO,39,GUADALAJARA,3,3,1,27,2.0,7.0,3.0,1.0,,2.0,1023,1023.0,U,280,6312,Hombre,Carrera técnica con preparatoria
126982,1402620.04,1402620.04.01,1402620.04.01.04,1402620,4,1,B,14,JALISCO,39,GUADALAJARA,4,5,2,23,2.0,3.0,3.0,5.0,4.0,,1023,1023.0,U,280,6312,Mujer,Secundaria
126983,1402620.04,1402620.04.01,1402620.04.01.05,1402620,4,1,B,14,JALISCO,39,GUADALAJARA,5,5,2,5,,1.0,1.0,,,,1023,1023.0,U,280,6312,Mujer,Preescolar
126984,1402620.04,1402620.04.01,1402620.04.01.06,1402620,4,1,B,14,JALISCO,39,GUADALAJARA,6,5,2,2,,,,,,,1023,1023.0,U,280,6312,Mujer,No especificado
126985,1402620.05,1402620.05.01,1402620.05.01.01,1402620,5,1,B,14,JALISCO,39,GUADALAJARA,1,1,2,59,2.0,7.0,3.0,1.0,,2.0,1023,1023.0,U,280,6312,Mujer,Carrera técnica con preparatoria
126986,1402620.05,1402620.05.01,1402620.05.01.02,1402620,5,1,B,14,JALISCO,39,GUADALAJARA,2,3,2,35,1.0,6.0,3.0,1.0,,5.0,1023,1023.0,U,280,6312,Mujer,Preparatoria o bachillerato
126987,1402620.05,1402620.05.01,1402620.05.01.03,1402620,5,1,B,14,JALISCO,39,GUADALAJARA,3,3,1,38,2.0,8.0,5.0,1.0,,2.0,1023,1023.0,U,280,6312,Hombre,Licenciatura
126988,1402620.05,1402620.05.01,1402620.05.01.04,1402620,5,1,B,14,JALISCO,39,GUADALAJARA,4,5,2,9,,2.0,3.0,,,,1023,1023.0,U,280,6312,Mujer,Primaria
126989,1402620.05,1402620.05.01,1402620.05.01.05,1402620,5,1,B,14,JALISCO,39,GUADALAJARA,5,5,2,5,,1.0,2.0,,,,1023,1023.0,U,280,6312,Mujer,Preescolar
126990,1402620.05,1402620.05.01,1402620.05.01.06,1402620,5,1,B,14,JALISCO,39,GUADALAJARA,6,5,1,9,,2.0,3.0,,,,1023,1023.0,U,280,6312,Hombre,Primaria
126991,1402640.01,1402640.01.01,1402640.01.01.01,1402640,1,1,A,14,JALISCO,39,GUADALAJARA,1,1,2,47,2.0,8.0,5.0,1.0,,1.0,1139,1139.0,U,280,6292,Mujer,Licenciatura
126992,1402640.01,1402640.01.01,1402640.01.01.02,1402640,1,1,A,14,JALISCO,39,GUADALAJARA,2,3,2,25,2.0,8.0,5.0,1.0,,2.0,1139,1139.0,U,280,6292,Mujer,Licenciatura
126993,1402640.01,1402640.01.01,1402640.01.01.03,1402640,1,1,A,14,JALISCO,39,GUADALAJARA,3,3,2,10,,2.0,4.0,,,,1139,1139.0,U,280,6292,Mujer,Primaria
126994,1402640.01,1402640.01.01,1402640.01.01.04,1402640,1,1,A,14,JALISCO,39,GUADALAJARA,4,3,2,21,1.0,8.0,1.0,4.0,4.0,,1139,1139.0,U,280,6292,Mujer,Licenciatura
126995,1402640.02,1402640.02.01,1402640.02.01.01,1402640,2,1,B,14,JALISCO,39,GUADALAJARA,1,1,1,56,2.0,6.0,1.0,1.0,,2.0,1139,1139.0,U,280,6292,Hombre,Preparatoria o bachillerato
126996,1402640.02,1402640.02.01,1402640.02.01.02,1402640,2,1,B,14,JALISCO,39,GUADALAJARA,2,2,2,56,1.0,8.0,5.0,1.0,,2.0,1139,1139.0,U,280,6292,Mujer,Licenciatura
126997,1402640.02,1402640.02.01,1402640.02.01.03,1402640,2,1,B,14,JALISCO,39,GUADALAJARA,3,4,2,76,2.0,2.0,6.0,8.0,4.0,,1139,1139.0,U,280,6292,Mujer,Primaria
126998,1402640.02,1402640.02.01,1402640.02.01.04,1402640,2,1,B,14,JALISCO,39,GUADALAJARA,4,3,2,27,2.0,8.0,5.0,1.0,,2.0,1139,1139.0,U,280,6292,Mujer,Licenciatura
126999,1402640.04,1402640.04.01,1402640.04.01.01,1402640,4,1,A,14,JALISCO,39,GUADALAJARA,1,1,2,61,2.0,9.0,3.0,6.0,4.0,,1139,1139.0,U,280,6292,Mujer,Posgrado (Maestría/Doctorado)
127000,1402640.04,1402640.04.01,1402640.04.01.02,1402640,4,1,A,14,JALISCO,39,GUADALAJARA,2,3,2,31,2.0,3.0,3.0,1.0,,1.0,1139,1139.0,U,280,6292,Mujer,Secundaria
127001,1402640.04,1402640.04.01,1402640.04.01.03,1402640,4,1,A,14,JALISCO,39,GUADALAJARA,3,3,2,29,1.0,6.0,3.0,1.0,,1.0,1139,1139.0,U,280,6292,Mujer,Preparatoria o bachillerato
127002,1402640.04,1402640.04.01,1402640.04.01.04,1402640,4,1,A,14,JALISCO,39,GUADALAJARA,4,5,1,12,,3.0,1.0,,,,1139,1139.0,U,280,6292,Hombre,Secundaria
127003,1402640.04,1402640.04.01,1402640.04.01.05,1402640,4,1,A,14,JALISCO,39,GUADALAJARA,5,5,1,10,,2.0,4.0,,,,1139,1139.0,U,280,6292,Hombre,Primaria
127004,1402640.04,1402640.04.01,1402640.04.01.06,1402640,4,1,A,14,JALISCO,39,GUADALAJARA,6,5,2,8,,2.0,2.0,,,,1139,1139.0,U,280,6292,Mujer,Primaria
127005,1402640.05,1402640.05.01,1402640.05.01.01,1402640,5,1,B,14,JALISCO,39,GUADALAJARA,1,1,1,52,1.0,4.0,3.0,1.0,,1.0,1139,1139.0,U,280,6292,Hombre,Carrera técnica con secundaria
127006,1402640.05,1402640.05.01,1402640.05.01.02,1402640,5,1,B,14,JALISCO,39,GUADALAJARA,2,2,2,41,2.0,3.0,3.0,1.0,,1.0,1139,1139.0,U,280,6292,Mujer,Secundaria
127007,1402640.05,1402640.05.01,1402640.05.01.03,1402640,5,1,B,14,JALISCO,39,GUADALAJARA,3,3,2,22,2.0,6.0,3.0,4.0,4.0,,1139,1139.0,U,280,6292,Mujer,Preparatoria o bachillerato
127008,1402640.05,1402640.05.01,1402640.05.01.04,1402640,5,1,B,14,JALISCO,39,GUADALAJARA,4,3,1,18,2.0,6.0,2.0,8.0,4.0,,1139,1139.0,U,280,6292,Hombre,Preparatoria o bachillerato
127009,1402640.05,1402640.05.01,1402640.05.01.05,1402640,5,1,B,14,JALISCO,39,GUADALAJARA,5,3,1,15,,3.0,2.0,,,,1139,1139.0,U,280,6292,Hombre,Secundaria
127010,1402659.01,1402659.01.01,1402659.01.01.01,1402659,1,1,A,14,JALISCO,39,GUADALAJARA,1,1,2,66,2.0,6.0,3.0,5.0,4.0,,804,804.0,U,280,6382,Mujer,Preparatoria o bachillerato
127011,1402659.01,1402659.01.01,1402659.01.01.02,1402659,1,1,A,14,JALISCO,39,GUADALAJARA,2,4,1,92,2.0,2.0,2.0,6.0,4.0,,804,804.0,U,280,6382,Hombre,Primaria
127012,1402659.01,1402659.01.01,1402659.01.01.03,1402659,1,1,A,14,JALISCO,39,GUADALAJARA,3,3,2,30,1.0,8.0,5.0,1.0,,2.0,804,804.0,U,280,6382,Mujer,Licenciatura
127013,1402659.02,1402659.02.01,1402659.02.01.01,1402659,2,1,B,14,JALISCO,39,GUADALAJARA,1,1,1,66,2.0,3.0,3.0,6.0,4.0,,804,804.0,U,280,6382,Hombre,Secundaria
127014,1402659.02,1402659.02.01,1402659.02.01.02,1402659,2,1,B,14,JALISCO,39,GUADALAJARA,2,2,2,65,2.0,2.0,6.0,5.0,4.0,,804,804.0,U,280,6382,Mujer,Primaria
127015,1402659.02,1402659.02.01,1402659.02.01.03,1402659,2,1,B,14,JALISCO,39,GUADALAJARA,3,3,2,44,1.0,3.0,3.0,1.0,,2.0,804,804.0,U,280,6382,Mujer,Secundaria
127016,1402659.03,1402659.03.01,1402659.03.01.01,1402659,3,1,B,14,JALISCO,39,GUADALAJARA,1,1,1,50,2.0,6.0,2.0,1.0,,2.0,804,804.0,U,280,6382,Hombre,Preparatoria o bachillerato
127017,1402659.03,1402659.03.01,1402659.03.01.02,1402659,3,1,B,14,JALISCO,39,GUADALAJARA,2,2,2,47,1.0,2.0,6.0,5.0,4.0,,804,804.0,U,280,6382,Mujer,Primaria
127018,1402659.03,1402659.03.01,1402659.03.01.03,1402659,3,1,B,14,JALISCO,39,GUADALAJARA,3,3,2,24,2.0,7.0,1.0,4.0,3.0,2.0,804,804.0,U,280,6382,Mujer,Carrera técnica con preparatoria
127019,1402659.03,1402659.03.01,1402659.03.01.04,1402659,3,1,B,14,JALISCO,39,GUADALAJARA,4,3,1,19,2.0,8.0,1.0,4.0,3.0,5.0,804,804.0,U,280,6382,Hombre,Licenciatura
127020,1402659.03,1402659.03.01,1402659.03.01.05,1402659,3,1,B,14,JALISCO,39,GUADALAJARA,5,3,1,15,,3.0,3.0,,,,804,804.0,U,280,6382,Hombre,Secundaria
127021,1402659.03,1402659.03.02,1402659.03.02.01,1402659,3,2,B,14,JALISCO,39,GUADALAJARA,1,1,1,46,2.0,6.0,3.0,1.0,,2.0,804,804.0,U,280,6382,Hombre,Preparatoria o bachillerato
127022,1402659.03,1402659.03.02,1402659.03.02.02,1402659,3,2,B,14,JALISCO,39,GUADALAJARA,2,2,2,46,1.0,8.0,5.0,1.0,,2.0,804,804.0,U,280,6382,Mujer,Licenciatura
127023,1402659.03,1402659.03.02,1402659.03.02.03,1402659,3,2,B,14,JALISCO,39,GUADALAJARA,3,3,2,19,2.0,8.0,1.0,4.0,4.0,,804,804.0,U,280,6382,Mujer,Licenciatura
127024,1402659.03,1402659.03.02,1402659.03.02.04,1402659,3,2,B,14,JALISCO,39,GUADALAJARA,4,3,2,14,,3.0,2.0,,,,804,804.0,U,280,6382,Mujer,Secundaria
127025,1402659.03,1402659.03.02,1402659.03.02.05,1402659,3,2,B,14,JALISCO,39,GUADALAJARA,5,3,1,10,,2.0,3.0,,,,804,804.0,U,280,6382,Hombre,Primaria
127026,1402659.05,1402659.05.01,1402659.05.01.01,1402659,5,1,B,14,JALISCO,39,GUADALAJARA,1,1,1,50,2.0,2.0,6.0,1.0,,2.0,804,804.0,U,280,6382,Hombre,Primaria
127027,1402659.05,1402659.05.01,1402659.05.01.02,1402659,5,1,B,14,JALISCO,39,GUADALAJARA,2,2,2,50,2.0,2.0,6.0,5.0,4.0,,804,804.0,U,280,6382,Mujer,Primaria
127028,1402659.05,1402659.05.01,1402659.05.01.03,1402659,5,1,B,14,JALISCO,39,GUADALAJARA,3,3,1,19,1.0,6.0,3.0,1.0,,2.0,804,804.0,U,280,6382,Hombre,Preparatoria o bachillerato
127029,1402659.05,1402659.05.01,1402659.05.01.04,1402659,5,1,B,14,JALISCO,39,GUADALAJARA,4,3,1,17,,3.0,3.0,,,,804,804.0,U,280,6382,Hombre,Secundaria
127030,1402679.01,1402679.01.01,1402679.01.01.01,1402679,1,1,B,14,JALISCO,39,GUADALAJARA,1,1,1,76,2.0,2.0,6.0,8.0,4.0,,990,990.0,U,280,6323,Hombre,Primaria
127031,1402679.01,1402679.01.01,1402679.01.01.02,1402679,1,1,B,14,JALISCO,39,GUADALAJARA,2,2,2,74,2.0,2.0,6.0,5.0,4.0,,990,990.0,U,280,6323,Mujer,Primaria
127032,1402679.01,1402679.01.01,1402679.01.01.03,1402679,1,1,B,14,JALISCO,39,GUADALAJARA,3,3,2,50,1.0,3.0,3.0,3.0,4.0,,990,990.0,U,280,6323,Mujer,Secundaria
127033,1402679.01,1402679.01.01,1402679.01.01.04,1402679,1,1,B,14,JALISCO,39,GUADALAJARA,4,5,2,10,,2.0,4.0,,,,990,990.0,U,280,6323,Mujer,Primaria
127034,1402679.02,1402679.02.01,1402679.02.01.01,1402679,2,1,B,14,JALISCO,39,GUADALAJARA,1,1,2,79,1.0,2.0,1.0,5.0,4.0,,990,990.0,U,280,6323,Mujer,Primaria
127035,1402679.02,1402679.02.02,1402679.02.02.01,1402679,2,2,A,14,JALISCO,39,GUADALAJARA,1,1,1,61,1.0,6.0,2.0,1.0,,3.0,990,990.0,U,280,6323,Hombre,Preparatoria o bachillerato
127036,1402679.02,1402679.02.02,1402679.02.02.02,1402679,2,2,A,14,JALISCO,39,GUADALAJARA,2,2,2,44,2.0,3.0,3.0,5.0,4.0,,990,990.0,U,280,6323,Mujer,Secundaria
127037,1402679.02,1402679.02.02,1402679.02.02.03,1402679,2,2,A,14,JALISCO,39,GUADALAJARA,3,3,2,16,,3.0,3.0,,,,990,990.0,U,280,6323,Mujer,Secundaria
127038,1402679.02,1402679.02.02,1402679.02.02.04,1402679,2,2,A,14,JALISCO,39,GUADALAJARA,4,3,2,15,,3.0,3.0,,,,990,990.0,U,280,6323,Mujer,Secundaria
127039,1402679.02,1402679.02.02,1402679.02.02.05,1402679,2,2,A,14,JALISCO,39,GUADALAJARA,5,3,2,12,,2.0,6.0,,,,990,990.0,U,280,6323,Mujer,Primaria
127040,1402679.02,1402679.02.02,1402679.02.02.06,1402679,2,2,A,14,JALISCO,39,GUADALAJARA,6,3,1,8,,2.0,2.0,,,,990,990.0,U,280,6323,Hombre,Primaria
127041,1402679.03,1402679.03.01,1402679.03.01.01,1402679,3,1,B,14,JALISCO,39,GUADALAJARA,1,1,1,33,2.0,99.0,9.0,1.0,,4.0,990,990.0,U,280,6323,Hombre,No especificado
127042,1402679.03,1402679.03.01,1402679.03.01.02,1402679,3,1,B,14,JALISCO,39,GUADALAJARA,2,2,2,28,1.0,3.0,3.0,5.0,1.0,3.0,990,990.0,U,280,6323,Mujer,Secundaria
127043,1402679.03,1402679.03.01,1402679.03.01.03,1402679,3,1,B,14,JALISCO,39,GUADALAJARA,3,3,2,3,,0.0,0.0,,,,990,990.0,U,280,6323,Mujer,Sin escolaridad
127044,1402679.05,1402679.05.01,1402679.05.01.01,1402679,5,1,B,14,JALISCO,39,GUADALAJARA,1,1,2,43,1.0,3.0,2.0,1.0,,2.0,990,990.0,U,280,6323,Mujer,Secundaria
127045,1402679.05,1402679.05.01,1402679.05.01.02,1402679,5,1,B,14,JALISCO,39,GUADALAJARA,2,3,1,23,2.0,6.0,3.0,1.0,,2.0,990,990.0,U,280,6323,Hombre,Preparatoria o bachillerato
127046,1402679.05,1402679.05.01,1402679.05.01.03,1402679,5,1,B,14,JALISCO,39,GUADALAJARA,3,3,1,19,2.0,6.0,3.0,1.0,,2.0,990,990.0,U,280,6323,Hombre,Preparatoria o bachillerato
127047,1402679.05,1402679.05.01,1402679.05.01.04,1402679,5,1,B,14,JALISCO,39,GUADALAJARA,4,2,1,40,2.0,2.0,6.0,1.0,,2.0,990,990.0,U,280,6323,Hombre,Primaria
127048,1402682.01,1402682.01.01,1402682.01.01.01,1402682,1,1,B,14,JALISCO,39,GUADALAJARA,1,1,1,41,1.0,8.0,5.0,1.0,,2.0,1005,1005.0,U,280,6319,Hombre,Licenciatura
127049,1402682.01,1402682.01.01,1402682.01.01.02,1402682,1,1,B,14,JALISCO,39,GUADALAJARA,2,2,2,33,2.0,8.0,5.0,1.0,,2.0,1005,1005.0,U,280,6319,Mujer,Licenciatura
127050,1402682.02,1402682.02.01,1402682.02.01.01,1402682,2,1,B,14,JALISCO,39,GUADALAJARA,1,1,2,71,2.0,6.0,3.0,5.0,4.0,,1005,1005.0,U,280,6319,Mujer,Preparatoria o bachillerato
127051,1402682.02,1402682.02.01,1402682.02.01.02,1402682,2,1,B,14,JALISCO,39,GUADALAJARA,2,3,1,29,1.0,3.0,3.0,1.0,,1.0,1005,1005.0,U,280,6319,Hombre,Secundaria
127052,1402682.04,1402682.04.01,1402682.04.01.01,1402682,4,1,B,14,JALISCO,39,GUADALAJARA,1,1,1,38,2.0,8.0,5.0,1.0,,1.0,1005,1005.0,U,280,6319,Hombre,Licenciatura
127053,1402682.04,1402682.04.01,1402682.04.01.02,1402682,4,1,B,14,JALISCO,39,GUADALAJARA,2,2,2,37,1.0,8.0,5.0,1.0,,1.0,1005,1005.0,U,280,6319,Mujer,Licenciatura
127054,1402682.04,1402682.04.01,1402682.04.01.03,1402682,4,1,B,14,JALISCO,39,GUADALAJARA,3,3,1,9,,2.0,2.0,,,,1005,1005.0,U,280,6319,Hombre,Primaria
127055,1402682.04,1402682.04.01,1402682.04.01.04,1402682,4,1,B,14,JALISCO,39,GUADALAJARA,4,3,1,5,,1.0,2.0,,,,1005,1005.0,U,280,6319,Hombre,Preescolar
127056,1402682.05,1402682.05.01,1402682.05.01.01,1402682,5,1,B,14,JALISCO,39,GUADALAJARA,1,1,1,52,2.0,3.0,3.0,1.0,,1.0,1005,1005.0,U,280,6319,Hombre,Secundaria
127057,1402682.05,1402682.05.01,1402682.05.01.02,1402682,5,1,B,14,JALISCO,39,GUADALAJARA,2,2,2,50,1.0,6.0,3.0,1.0,,1.0,1005,1005.0,U,280,6319,Mujer,Preparatoria o bachillerato
127058,1402682.05,1402682.05.01,1402682.05.01.03,1402682,5,1,B,14,JALISCO,39,GUADALAJARA,3,3,2,25,2.0,8.0,1.0,4.0,4.0,,1005,1005.0,U,280,6319,Mujer,Licenciatura
127059,1402728.01,1402728.01.01,1402728.01.01.01,1402728,1,1,A,14,JALISCO,39,GUADALAJARA,1,1,1,56,2.0,3.0,1.0,1.0,,4.0,1006,1006.0,U,279,6231,Hombre,Secundaria
127060,1402728.01,1402728.01.01,1402728.01.01.02,1402728,1,1,A,14,JALISCO,39,GUADALAJARA,2,6,1,22,2.0,3.0,3.0,1.0,,2.0,1006,1006.0,U,279,6231,Hombre,Secundaria
127061,1402728.01,1402728.01.01,1402728.01.01.03,1402728,1,1,A,14,JALISCO,39,GUADALAJARA,3,3,2,24,1.0,8.0,5.0,1.0,,2.0,1006,1006.0,U,279,6231,Mujer,Licenciatura
127062,1402728.02,1402728.02.01,1402728.02.01.01,1402728,2,1,B,14,JALISCO,39,GUADALAJARA,1,1,1,38,1.0,6.0,3.0,1.0,,2.0,1006,1006.0,U,279,6231,Hombre,Preparatoria o bachillerato
127063,1402728.02,1402728.02.01,1402728.02.01.02,1402728,2,1,B,14,JALISCO,39,GUADALAJARA,2,2,2,41,2.0,4.0,3.0,5.0,4.0,,1006,1006.0,U,279,6231,Mujer,Carrera técnica con secundaria
127064,1402728.02,1402728.02.01,1402728.02.01.03,1402728,2,1,B,14,JALISCO,39,GUADALAJARA,3,3,1,16,,6.0,1.0,,,,1006,1006.0,U,279,6231,Hombre,Preparatoria o bachillerato
127065,1402728.02,1402728.02.01,1402728.02.01.04,1402728,2,1,B,14,JALISCO,39,GUADALAJARA,4,3,1,11,,2.0,5.0,,,,1006,1006.0,U,279,6231,Hombre,Primaria
127066,1402728.04,1402728.04.01,1402728.04.01.01,1402728,4,1,A,14,JALISCO,39,GUADALAJARA,1,1,1,52,2.0,3.0,3.0,1.0,,3.0,1006,1006.0,U,279,6231,Hombre,Secundaria
127067,1402728.04,1402728.04.01,1402728.04.01.02,1402728,4,1,A,14,JALISCO,39,GUADALAJARA,2,2,2,46,2.0,3.0,3.0,5.0,4.0,,1006,1006.0,U,279,6231,Mujer,Secundaria
127068,1402728.04,1402728.04.01,1402728.04.01.03,1402728,4,1,A,14,JALISCO,39,GUADALAJARA,3,3,1,20,1.0,6.0,3.0,4.0,4.0,,1006,1006.0,U,279,6231,Hombre,Preparatoria o bachillerato
127069,1402728.05,1402728.05.01,1402728.05.01.01,1402728,5,1,A,14,JALISCO,39,GUADALAJARA,1,1,1,58,2.0,3.0,3.0,1.0,,2.0,1006,1006.0,U,279,6231,Hombre,Secundaria
127070,1402728.05,1402728.05.01,1402728.05.01.02,1402728,5,1,A,14,JALISCO,39,GUADALAJARA,2,2,2,57,2.0,3.0,3.0,1.0,,3.0,1006,1006.0,U,279,6231,Mujer,Secundaria
127071,1402728.05,1402728.05.01,1402728.05.01.03,1402728,5,1,A,14,JALISCO,39,GUADALAJARA,3,3,1,36,2.0,6.0,3.0,1.0,,3.0,1006,1006.0,U,279,6231,Hombre,Preparatoria o bachillerato
127072,1402728.05,1402728.05.01,1402728.05.01.04,1402728,5,1,A,14,JALISCO,39,GUADALAJARA,4,3,1,20,1.0,3.0,3.0,1.0,,2.0,1006,1006.0,U,279,6231,Hombre,Secundaria
127073,1402728.05,1402728.05.01,1402728.05.01.05,1402728,5,1,A,14,JALISCO,39,GUADALAJARA,5,3,1,17,,3.0,3.0,,,,1006,1006.0,U,279,6231,Hombre,Secundaria
127074,1402807.01,1402807.01.01,1402807.01.01.01,1402807,1,1,B,14,JALISCO,39,GUADALAJARA,1,1,1,82,2.0,2.0,6.0,8.0,4.0,,1011,1011.0,U,280,6317,Hombre,Primaria
127075,1402807.01,1402807.01.01,1402807.01.01.02,1402807,1,1,B,14,JALISCO,39,GUADALAJARA,2,2,2,80,2.0,2.0,6.0,5.0,4.0,,1011,1011.0,U,280,6317,Mujer,Primaria
127076,1402807.01,1402807.01.01,1402807.01.01.03,1402807,1,1,B,14,JALISCO,39,GUADALAJARA,3,3,2,54,2.0,3.0,3.0,5.0,1.0,3.0,1011,1011.0,U,280,6317,Mujer,Secundaria
127077,1402807.01,1402807.01.01,1402807.01.01.04,1402807,1,1,B,14,JALISCO,39,GUADALAJARA,4,5,1,25,2.0,8.0,5.0,1.0,,2.0,1011,1011.0,U,280,6317,Hombre,Licenciatura
127078,1402807.01,1402807.01.01,1402807.01.01.05,1402807,1,1,B,14,JALISCO,39,GUADALAJARA,5,5,2,20,1.0,3.0,3.0,3.0,2.0,3.0,1011,1011.0,U,280,6317,Mujer,Secundaria
127079,1402807.02,1402807.02.01,1402807.02.01.01,1402807,2,1,B,14,JALISCO,39,GUADALAJARA,1,1,1,75,1.0,2.0,6.0,6.0,4.0,,1011,1011.0,U,280,6317,Hombre,Primaria
127080,1402807.03,1402807.03.01,1402807.03.01.01,1402807,3,1,A,14,JALISCO,39,GUADALAJARA,1,1,1,49,1.0,4.0,3.0,1.0,,4.0,1011,1011.0,U,280,6317,Hombre,Carrera técnica con secundaria
127081,1402807.03,1402807.03.01,1402807.03.01.02,1402807,3,1,A,14,JALISCO,39,GUADALAJARA,2,2,2,47,2.0,2.0,2.0,1.0,,2.0,1011,1011.0,U,280,6317,Mujer,Primaria
127082,1402807.03,1402807.03.01,1402807.03.01.03,1402807,3,1,A,14,JALISCO,39,GUADALAJARA,3,3,2,28,2.0,0.0,0.0,7.0,,,1011,1011.0,U,280,6317,Mujer,Sin escolaridad
127083,1402807.03,1402807.03.01,1402807.03.01.04,1402807,3,1,A,14,JALISCO,39,GUADALAJARA,4,3,1,19,2.0,3.0,3.0,1.0,,2.0,1011,1011.0,U,280,6317,Hombre,Secundaria
127084,1402807.03,1402807.03.01,1402807.03.01.05,1402807,3,1,A,14,JALISCO,39,GUADALAJARA,5,3,1,13,,2.0,6.0,,,,1011,1011.0,U,280,6317,Hombre,Primaria
127085,1402807.03,1402807.03.01,1402807.03.01.06,1402807,3,1,A,14,JALISCO,39,GUADALAJARA,6,3,1,7,,2.0,1.0,,,,1011,1011.0,U,280,6317,Hombre,Primaria
127086,1402807.04,1402807.04.01,1402807.04.01.01,1402807,4,1,B,14,JALISCO,39,GUADALAJARA,1,1,2,52,1.0,3.0,3.0,1.0,,2.0,1011,1011.0,U,280,6317,Mujer,Secundaria
127087,1402807.04,1402807.04.01,1402807.04.01.02,1402807,4,1,B,14,JALISCO,39,GUADALAJARA,2,4,2,74,2.0,4.0,3.0,8.0,4.0,,1011,1011.0,U,280,6317,Mujer,Carrera técnica con secundaria
127088,1402807.04,1402807.04.01,1402807.04.01.03,1402807,4,1,B,14,JALISCO,39,GUADALAJARA,3,3,1,26,2.0,8.0,5.0,1.0,,2.0,1011,1011.0,U,280,6317,Hombre,Licenciatura
127089,1402807.04,1402807.04.01,1402807.04.01.04,1402807,4,1,B,14,JALISCO,39,GUADALAJARA,4,5,1,11,,2.0,5.0,,,,1011,1011.0,U,280,6317,Hombre,Primaria
127090,1402807.05,1402807.05.01,1402807.05.01.01,1402807,5,1,B,14,JALISCO,39,GUADALAJARA,1,1,2,73,2.0,0.0,0.0,1.0,,3.0,1011,1011.0,U,280,6317,Mujer,Sin escolaridad
127091,1402807.05,1402807.05.01,1402807.05.01.02,1402807,5,1,B,14,JALISCO,39,GUADALAJARA,2,3,1,53,1.0,3.0,1.0,1.0,,3.0,1011,1011.0,U,280,6317,Hombre,Secundaria
127092,1402818.01,1402818.01.01,1402818.01.01.01,1402818,1,1,B,14,JALISCO,39,GUADALAJARA,1,1,2,72,1.0,4.0,3.0,5.0,4.0,,975,975.0,U,279,6245,Mujer,Carrera técnica con secundaria
127093,1402818.01,1402818.01.01,1402818.01.01.02,1402818,1,1,B,14,JALISCO,39,GUADALAJARA,2,3,1,57,2.0,3.0,3.0,1.0,,2.0,975,975.0,U,279,6245,Hombre,Secundaria
127094,1402818.02,1402818.02.01,1402818.02.01.01,1402818,2,1,B,14,JALISCO,39,GUADALAJARA,1,1,1,36,2.0,2.0,6.0,1.0,,2.0,975,975.0,U,279,6245,Hombre,Primaria
127095,1402818.02,1402818.02.01,1402818.02.01.02,1402818,2,1,B,14,JALISCO,39,GUADALAJARA,2,2,2,26,1.0,3.0,3.0,1.0,,2.0,975,975.0,U,279,6245,Mujer,Secundaria
127096,1402818.02,1402818.02.01,1402818.02.01.03,1402818,2,1,B,14,JALISCO,39,GUADALAJARA,3,3,2,8,,2.0,2.0,,,,975,975.0,U,279,6245,Mujer,Primaria
127097,1402818.02,1402818.02.01,1402818.02.01.04,1402818,2,1,B,14,JALISCO,39,GUADALAJARA,4,3,1,5,,1.0,2.0,,,,975,975.0,U,279,6245,Hombre,Preescolar
127098,1402818.02,1402818.02.01,1402818.02.01.05,1402818,2,1,B,14,JALISCO,39,GUADALAJARA,5,3,2,3,,0.0,0.0,,,,975,975.0,U,279,6245,Mujer,Sin escolaridad
127099,1402818.03,1402818.03.01,1402818.03.01.01,1402818,3,1,A,14,JALISCO,39,GUADALAJARA,1,1,1,65,2.0,2.0,6.0,6.0,4.0,,975,975.0,U,279,6245,Hombre,Primaria
127100,1402818.03,1402818.03.01,1402818.03.01.02,1402818,3,1,A,14,JALISCO,39,GUADALAJARA,2,3,2,41,2.0,8.0,5.0,1.0,,2.0,975,975.0,U,279,6245,Mujer,Licenciatura
127101,1402818.03,1402818.03.01,1402818.03.01.03,1402818,3,1,A,14,JALISCO,39,GUADALAJARA,3,3,1,35,2.0,6.0,3.0,1.0,,2.0,975,975.0,U,279,6245,Hombre,Preparatoria o bachillerato
127102,1402818.03,1402818.03.01,1402818.03.01.04,1402818,3,1,A,14,JALISCO,39,GUADALAJARA,4,3,1,27,1.0,7.0,3.0,1.0,,2.0,975,975.0,U,279,6245,Hombre,Carrera técnica con preparatoria
127103,1402818.04,1402818.04.01,1402818.04.01.01,1402818,4,1,A,14,JALISCO,39,GUADALAJARA,1,1,1,40,2.0,3.0,3.0,1.0,,3.0,975,975.0,U,279,6245,Hombre,Secundaria
127104,1402818.04,1402818.04.01,1402818.04.01.02,1402818,4,1,A,14,JALISCO,39,GUADALAJARA,2,4,2,63,2.0,2.0,6.0,1.0,,2.0,975,975.0,U,279,6245,Mujer,Primaria
127105,1402818.04,1402818.04.01,1402818.04.01.03,1402818,4,1,A,14,JALISCO,39,GUADALAJARA,3,2,2,36,2.0,3.0,3.0,5.0,4.0,,975,975.0,U,279,6245,Mujer,Secundaria
127106,1402818.04,1402818.04.01,1402818.04.01.04,1402818,4,1,A,14,JALISCO,39,GUADALAJARA,4,3,2,21,1.0,6.0,3.0,8.0,4.0,,975,975.0,U,279,6245,Mujer,Preparatoria o bachillerato
127107,1402818.04,1402818.04.01,1402818.04.01.05,1402818,4,1,A,14,JALISCO,39,GUADALAJARA,5,3,2,19,2.0,6.0,3.0,8.0,4.0,,975,975.0,U,279,6245,Mujer,Preparatoria o bachillerato
127108,1402818.04,1402818.04.01,1402818.04.01.06,1402818,4,1,A,14,JALISCO,39,GUADALAJARA,6,3,1,14,,3.0,2.0,,,,975,975.0,U,279,6245,Hombre,Secundaria
127109,1402818.05,1402818.05.01,1402818.05.01.01,1402818,5,1,B,14,JALISCO,39,GUADALAJARA,1,1,1,62,2.0,2.0,4.0,1.0,,3.0,975,975.0,U,279,6245,Hombre,Primaria
127110,1402818.05,1402818.05.01,1402818.05.01.02,1402818,5,1,B,14,JALISCO,39,GUADALAJARA,2,2,2,61,1.0,3.0,3.0,5.0,4.0,,975,975.0,U,279,6245,Mujer,Secundaria
127111,1402838.01,1402838.01.01,1402838.01.01.01,1402838,1,1,A,14,JALISCO,39,GUADALAJARA,1,1,1,60,1.0,2.0,6.0,1.0,,2.0,1032,1032.0,U,280,6309,Hombre,Primaria
127112,1402838.01,1402838.01.01,1402838.01.01.02,1402838,1,1,A,14,JALISCO,39,GUADALAJARA,2,2,2,58,2.0,3.0,3.0,5.0,1.0,3.0,1032,1032.0,U,280,6309,Mujer,Secundaria
127113,1402838.01,1402838.01.01,1402838.01.01.03,1402838,1,1,A,14,JALISCO,39,GUADALAJARA,3,5,2,18,2.0,6.0,1.0,1.0,,2.0,1032,1032.0,U,280,6309,Mujer,Preparatoria o bachillerato
127114,1402838.02,1402838.02.01,1402838.02.01.01,1402838,2,1,B,14,JALISCO,39,GUADALAJARA,1,1,1,53,1.0,6.0,3.0,1.0,,2.0,1032,1032.0,U,280,6309,Hombre,Preparatoria o bachillerato
127115,1402838.02,1402838.02.01,1402838.02.01.02,1402838,2,1,B,14,JALISCO,39,GUADALAJARA,2,2,2,53,2.0,6.0,3.0,5.0,4.0,,1032,1032.0,U,280,6309,Mujer,Preparatoria o bachillerato
127116,1402838.02,1402838.02.01,1402838.02.01.03,1402838,2,1,B,14,JALISCO,39,GUADALAJARA,3,3,2,19,2.0,6.0,2.0,4.0,4.0,,1032,1032.0,U,280,6309,Mujer,Preparatoria o bachillerato
127117,1402838.03,1402838.03.01,1402838.03.01.01,1402838,3,1,A,14,JALISCO,39,GUADALAJARA,1,1,1,48,1.0,6.0,3.0,1.0,,2.0,1032,1032.0,U,280,6309,Hombre,Preparatoria o bachillerato
127118,1402838.03,1402838.03.01,1402838.03.01.02,1402838,3,1,A,14,JALISCO,39,GUADALAJARA,2,2,2,44,2.0,9.0,3.0,1.0,,2.0,1032,1032.0,U,280,6309,Mujer,Posgrado (Maestría/Doctorado)
127119,1402838.03,1402838.03.01,1402838.03.01.03,1402838,3,1,A,14,JALISCO,39,GUADALAJARA,3,3,2,16,,6.0,1.0,,,,1032,1032.0,U,280,6309,Mujer,Preparatoria o bachillerato
127120,1402838.03,1402838.03.01,1402838.03.01.04,1402838,3,1,A,14,JALISCO,39,GUADALAJARA,4,3,2,21,2.0,8.0,1.0,4.0,4.0,,1032,1032.0,U,280,6309,Mujer,Licenciatura
127121,1402838.03,1402838.03.01,1402838.03.01.05,1402838,3,1,A,14,JALISCO,39,GUADALAJARA,5,3,1,7,,2.0,1.0,,,,1032,1032.0,U,280,6309,Hombre,Primaria
127122,1402838.04,1402838.04.01,1402838.04.01.01,1402838,4,1,B,14,JALISCO,39,GUADALAJARA,1,1,2,59,1.0,8.0,5.0,6.0,4.0,,1032,1032.0,U,280,6309,Mujer,Licenciatura
127123,1402838.04,1402838.04.01,1402838.04.01.02,1402838,4,1,B,14,JALISCO,39,GUADALAJARA,2,3,2,22,2.0,9.0,1.0,4.0,4.0,,1032,1032.0,U,280,6309,Mujer,Posgrado (Maestría/Doctorado)
127124,1402838.05,1402838.05.01,1402838.05.01.01,1402838,5,1,A,14,JALISCO,39,GUADALAJARA,1,1,1,38,2.0,3.0,3.0,1.0,,2.0,1032,1032.0,U,280,6309,Hombre,Secundaria
127125,1402838.05,1402838.05.01,1402838.05.01.02,1402838,5,1,A,14,JALISCO,39,GUADALAJARA,2,2,2,33,1.0,3.0,3.0,5.0,1.0,3.0,1032,1032.0,U,280,6309,Mujer,Secundaria
127126,1402838.05,1402838.05.01,1402838.05.01.03,1402838,5,1,A,14,JALISCO,39,GUADALAJARA,3,3,2,12,,2.0,6.0,,,,1032,1032.0,U,280,6309,Mujer,Primaria
127127,1402838.05,1402838.05.01,1402838.05.01.04,1402838,5,1,A,14,JALISCO,39,GUADALAJARA,4,3,2,5,,1.0,2.0,,,,1032,1032.0,U,280,6309,Mujer,Preescolar
127128,1402838.05,1402838.05.01,1402838.05.01.05,1402838,5,1,A,14,JALISCO,39,GUADALAJARA,5,3,1,2,,,,,,,1032,1032.0,U,280,6309,Hombre,No especificado
127129,1402994.01,1402994.01.01,1402994.01.01.01,1402994,1,1,B,14,JALISCO,39,GUADALAJARA,1,1,2,69,2.0,2.0,6.0,5.0,4.0,,976,976.0,U,279,6244,Mujer,Primaria
127130,1402994.01,1402994.01.01,1402994.01.01.02,1402994,1,1,B,14,JALISCO,39,GUADALAJARA,2,3,2,36,2.0,6.0,3.0,1.0,,2.0,976,976.0,U,279,6244,Mujer,Preparatoria o bachillerato
127131,1402994.01,1402994.01.01,1402994.01.01.03,1402994,1,1,B,14,JALISCO,39,GUADALAJARA,3,3,2,40,1.0,6.0,3.0,1.0,,2.0,976,976.0,U,279,6244,Mujer,Preparatoria o bachillerato
127132,1402994.01,1402994.01.01,1402994.01.01.04,1402994,1,1,B,14,JALISCO,39,GUADALAJARA,4,5,1,6,,1.0,3.0,,,,976,976.0,U,279,6244,Hombre,Preescolar
127133,1402994.02,1402994.02.01,1402994.02.01.01,1402994,2,1,A,14,JALISCO,39,GUADALAJARA,1,1,2,22,1.0,3.0,3.0,1.0,,3.0,976,976.0,U,279,6244,Mujer,Secundaria
127134,1402994.02,1402994.02.01,1402994.02.01.02,1402994,2,1,A,14,JALISCO,39,GUADALAJARA,2,5,1,24,2.0,6.0,3.0,1.0,,2.0,976,976.0,U,279,6244,Hombre,Preparatoria o bachillerato
127135,1402994.02,1402994.02.01,1402994.02.01.03,1402994,2,1,A,14,JALISCO,39,GUADALAJARA,3,5,1,20,2.0,3.0,3.0,1.0,,2.0,976,976.0,U,279,6244,Hombre,Secundaria
127136,1402994.03,1402994.03.01,1402994.03.01.01,1402994,3,1,B,14,JALISCO,39,GUADALAJARA,1,1,1,52,1.0,8.0,5.0,1.0,,2.0,976,976.0,U,279,6244,Hombre,Licenciatura
127137,1402994.03,1402994.03.01,1402994.03.01.02,1402994,3,1,B,14,JALISCO,39,GUADALAJARA,2,2,2,55,2.0,3.0,3.0,5.0,4.0,,976,976.0,U,279,6244,Mujer,Secundaria
127138,1402994.04,1402994.04.01,1402994.04.01.01,1402994,4,1,A,14,JALISCO,39,GUADALAJARA,1,1,1,53,2.0,3.0,3.0,1.0,,2.0,976,976.0,U,279,6244,Hombre,Secundaria
127139,1402994.04,1402994.04.01,1402994.04.01.02,1402994,4,1,A,14,JALISCO,39,GUADALAJARA,2,2,2,53,2.0,2.0,6.0,1.0,,3.0,976,976.0,U,279,6244,Mujer,Primaria
127140,1402994.04,1402994.04.01,1402994.04.01.03,1402994,4,1,A,14,JALISCO,39,GUADALAJARA,3,3,2,24,1.0,6.0,3.0,1.0,,2.0,976,976.0,U,279,6244,Mujer,Preparatoria o bachillerato
127141,1402994.05,1402994.05.01,1402994.05.01.01,1402994,5,1,A,14,JALISCO,39,GUADALAJARA,1,1,1,54,2.0,4.0,3.0,1.0,,3.0,976,976.0,U,279,6244,Hombre,Carrera técnica con secundaria
127142,1402994.05,1402994.05.01,1402994.05.01.02,1402994,5,1,A,14,JALISCO,39,GUADALAJARA,2,2,2,43,2.0,3.0,3.0,1.0,,3.0,976,976.0,U,279,6244,Mujer,Secundaria
127143,1402994.05,1402994.05.01,1402994.05.01.03,1402994,5,1,A,14,JALISCO,39,GUADALAJARA,3,3,1,18,1.0,6.0,3.0,4.0,3.0,5.0,976,976.0,U,279,6244,Hombre,Preparatoria o bachillerato
127144,1402994.05,1402994.05.01,1402994.05.01.04,1402994,5,1,A,14,JALISCO,39,GUADALAJARA,4,3,1,14,,3.0,1.0,,,,976,976.0,U,279,6244,Hombre,Secundaria
127145,1402994.05,1402994.05.01,1402994.05.01.05,1402994,5,1,A,14,JALISCO,39,GUADALAJARA,5,3,1,6,,1.0,3.0,,,,976,976.0,U,279,6244,Hombre,Preescolar
127146,1403053.01,1403053.01.01,1403053.01.01.01,1403053,1,1,B,14,JALISCO,39,GUADALAJARA,1,1,2,68,2.0,2.0,6.0,5.0,4.0,,1040,1040.0,U,280,6305,Mujer,Primaria
127147,1403053.01,1403053.01.01,1403053.01.01.02,1403053,1,1,B,14,JALISCO,39,GUADALAJARA,2,3,1,32,2.0,6.0,3.0,1.0,,2.0,1040,1040.0,U,280,6305,Hombre,Preparatoria o bachillerato
127148,1403053.01,1403053.01.01,1403053.01.01.03,1403053,1,1,B,14,JALISCO,39,GUADALAJARA,3,6,2,32,1.0,6.0,3.0,1.0,,2.0,1040,1040.0,U,280,6305,Mujer,Preparatoria o bachillerato
127149,1403053.01,1403053.01.01,1403053.01.01.04,1403053,1,1,B,14,JALISCO,39,GUADALAJARA,4,3,1,24,2.0,6.0,2.0,1.0,,2.0,1040,1040.0,U,280,6305,Hombre,Preparatoria o bachillerato
127150,1403053.03,1403053.03.01,1403053.03.01.01,1403053,3,1,B,14,JALISCO,39,GUADALAJARA,1,1,1,66,2.0,3.0,3.0,6.0,4.0,,1040,1040.0,U,280,6305,Hombre,Secundaria
127151,1403053.03,1403053.03.01,1403053.03.01.02,1403053,3,1,B,14,JALISCO,39,GUADALAJARA,2,2,2,70,2.0,2.0,6.0,5.0,4.0,,1040,1040.0,U,280,6305,Mujer,Primaria
127152,1403053.03,1403053.03.01,1403053.03.01.03,1403053,3,1,B,14,JALISCO,39,GUADALAJARA,3,6,2,70,2.0,2.0,6.0,5.0,4.0,,1040,1040.0,U,280,6305,Mujer,Primaria
127153,1403053.03,1403053.03.01,1403053.03.01.04,1403053,3,1,B,14,JALISCO,39,GUADALAJARA,4,3,1,42,2.0,8.0,5.0,1.0,,2.0,1040,1040.0,U,280,6305,Hombre,Licenciatura
127154,1403053.03,1403053.03.01,1403053.03.01.05,1403053,3,1,B,14,JALISCO,39,GUADALAJARA,5,3,1,41,2.0,6.0,3.0,1.0,,2.0,1040,1040.0,U,280,6305,Hombre,Preparatoria o bachillerato
127155,1403053.03,1403053.03.01,1403053.03.01.06,1403053,3,1,B,14,JALISCO,39,GUADALAJARA,6,6,2,37,1.0,2.0,6.0,5.0,4.0,,1040,1040.0,U,280,6305,Mujer,Primaria
127156,1403053.03,1403053.03.01,1403053.03.01.07,1403053,3,1,B,14,JALISCO,39,GUADALAJARA,7,5,1,16,,6.0,2.0,,,,1040,1040.0,U,280,6305,Hombre,Preparatoria o bachillerato
127157,1403053.03,1403053.03.01,1403053.03.01.08,1403053,3,1,B,14,JALISCO,39,GUADALAJARA,8,5,2,12,,2.0,6.0,,,,1040,1040.0,U,280,6305,Mujer,Primaria
127158,1403053.03,1403053.03.01,1403053.03.01.09,1403053,3,1,B,14,JALISCO,39,GUADALAJARA,9,5,2,14,,3.0,2.0,,,,1040,1040.0,U,280,6305,Mujer,Secundaria
127159,1403053.04,1403053.04.01,1403053.04.01.01,1403053,4,1,B,14,JALISCO,39,GUADALAJARA,1,1,2,30,1.0,3.0,3.0,5.0,4.0,,1040,1040.0,U,280,6305,Mujer,Secundaria
127160,1403053.04,1403053.04.01,1403053.04.01.02,1403053,4,1,B,14,JALISCO,39,GUADALAJARA,2,2,1,31,2.0,6.0,3.0,1.0,,3.0,1040,1040.0,U,280,6305,Hombre,Preparatoria o bachillerato
127161,1403053.05,1403053.05.01,1403053.05.01.01,1403053,5,1,B,14,JALISCO,39,GUADALAJARA,1,1,2,59,1.0,2.0,6.0,1.0,,2.0,1040,1040.0,U,280,6305,Mujer,Primaria
127162,1403057.03,1403057.03.01,1403057.03.01.01,1403057,3,1,A,14,JALISCO,39,GUADALAJARA,1,1,2,56,1.0,6.0,3.0,5.0,4.0,,1061,1061.0,U,280,6300,Mujer,Preparatoria o bachillerato
127163,1403057.03,1403057.03.01,1403057.03.01.02,1403057,3,1,A,14,JALISCO,39,GUADALAJARA,2,3,1,25,2.0,8.0,4.0,4.0,4.0,,1061,1061.0,U,280,6300,Hombre,Licenciatura
127164,1403057.03,1403057.03.01,1403057.03.01.03,1403057,3,1,A,14,JALISCO,39,GUADALAJARA,3,3,2,21,2.0,8.0,1.0,4.0,4.0,,1061,1061.0,U,280,6300,Mujer,Licenciatura
127165,1403057.04,1403057.04.01,1403057.04.01.01,1403057,4,1,B,14,JALISCO,39,GUADALAJARA,1,1,1,32,1.0,8.0,5.0,1.0,,2.0,1061,1061.0,U,280,6300,Hombre,Licenciatura
127166,1403057.04,1403057.04.01,1403057.04.01.02,1403057,4,1,B,14,JALISCO,39,GUADALAJARA,2,2,2,28,2.0,6.0,3.0,5.0,4.0,,1061,1061.0,U,280,6300,Mujer,Preparatoria o bachillerato
127167,1403057.04,1403057.04.01,1403057.04.01.03,1403057,4,1,B,14,JALISCO,39,GUADALAJARA,3,3,2,6,,1.0,3.0,,,,1061,1061.0,U,280,6300,Mujer,Preescolar
127168,1403057.04,1403057.04.01,1403057.04.01.04,1403057,4,1,B,14,JALISCO,39,GUADALAJARA,4,3,2,2,,,,,,,1061,1061.0,U,280,6300,Mujer,No especificado
127169,1403057.04,1403057.04.02,1403057.04.02.01,1403057,4,2,A,14,JALISCO,39,GUADALAJARA,1,1,2,30,1.0,8.0,5.0,1.0,,2.0,1061,1061.0,U,280,6300,Mujer,Licenciatura
127170,1403086.02,1403086.02.01,1403086.02.01.01,1403086,2,1,B,14,JALISCO,39,GUADALAJARA,1,1,1,78,2.0,2.0,6.0,8.0,4.0,,1034,1034.0,U,280,6306,Hombre,Primaria
127171,1403086.02,1403086.02.01,1403086.02.01.02,1403086,2,1,B,14,JALISCO,39,GUADALAJARA,2,2,2,78,1.0,2.0,6.0,5.0,4.0,,1034,1034.0,U,280,6306,Mujer,Primaria
127172,1403086.02,1403086.02.01,1403086.02.01.03,1403086,2,1,B,14,JALISCO,39,GUADALAJARA,3,3,2,50,2.0,6.0,3.0,1.0,,1.0,1034,1034.0,U,280,6306,Mujer,Preparatoria o bachillerato
127173,1403086.03,1403086.03.01,1403086.03.01.01,1403086,3,1,B,14,JALISCO,39,GUADALAJARA,1,1,1,60,2.0,3.0,3.0,8.0,4.0,,1034,1034.0,U,280,6306,Hombre,Secundaria
127174,1403086.03,1403086.03.01,1403086.03.01.02,1403086,3,1,B,14,JALISCO,39,GUADALAJARA,2,2,2,63,1.0,3.0,3.0,5.0,4.0,,1034,1034.0,U,280,6306,Mujer,Secundaria
127175,1403086.04,1403086.04.01,1403086.04.01.01,1403086,4,1,A,14,JALISCO,39,GUADALAJARA,1,1,1,65,2.0,3.0,3.0,6.0,4.0,,1034,1034.0,U,280,6306,Hombre,Secundaria
127176,1403086.04,1403086.04.01,1403086.04.01.02,1403086,4,1,A,14,JALISCO,39,GUADALAJARA,2,2,2,62,1.0,3.0,3.0,5.0,4.0,,1034,1034.0,U,280,6306,Mujer,Secundaria
127177,1403086.05,1403086.05.01,1403086.05.01.01,1403086,5,1,B,14,JALISCO,39,GUADALAJARA,1,1,1,75,1.0,2.0,6.0,6.0,4.0,,1034,1034.0,U,280,6306,Hombre,Primaria
127178,1403086.05,1403086.05.01,1403086.05.01.02,1403086,5,1,B,14,JALISCO,39,GUADALAJARA,2,2,2,75,2.0,2.0,3.0,5.0,4.0,,1034,1034.0,U,280,6306,Mujer,Primaria
127179,1403102.02,1403102.02.01,1403102.02.01.01,1403102,2,1,B,14,JALISCO,39,GUADALAJARA,1,1,1,54,2.0,3.0,3.0,6.0,2.0,2.0,1120,1120.0,U,280,6295,Hombre,Secundaria
127180,1403102.02,1403102.02.01,1403102.02.01.02,1403102,2,1,B,14,JALISCO,39,GUADALAJARA,2,4,2,83,1.0,2.0,2.0,8.0,4.0,,1120,1120.0,U,280,6295,Mujer,Primaria
127181,1403102.03,1403102.03.01,1403102.03.01.01,1403102,3,1,B,14,JALISCO,39,GUADALAJARA,1,1,1,45,2.0,9.0,3.0,1.0,,2.0,1120,1120.0,U,280,6295,Hombre,Posgrado (Maestría/Doctorado)
127182,1403102.03,1403102.03.01,1403102.03.01.02,1403102,3,1,B,14,JALISCO,39,GUADALAJARA,2,3,1,25,1.0,6.0,3.0,8.0,4.0,,1120,1120.0,U,280,6295,Hombre,Preparatoria o bachillerato
127183,1403102.03,1403102.03.01,1403102.03.01.03,1403102,3,1,B,14,JALISCO,39,GUADALAJARA,3,3,1,17,,6.0,2.0,,,,1120,1120.0,U,280,6295,Hombre,Preparatoria o bachillerato
127184,1403102.04,1403102.04.01,1403102.04.01.01,1403102,4,1,B,14,JALISCO,39,GUADALAJARA,1,1,1,50,2.0,2.0,6.0,1.0,,1.0,1120,1120.0,U,280,6295,Hombre,Primaria
127185,1403102.04,1403102.04.01,1403102.04.01.02,1403102,4,1,B,14,JALISCO,39,GUADALAJARA,2,2,2,53,1.0,3.0,3.0,1.0,,1.0,1120,1120.0,U,280,6295,Mujer,Secundaria
127186,1403102.05,1403102.05.01,1403102.05.01.01,1403102,5,1,B,14,JALISCO,39,GUADALAJARA,1,1,1,21,1.0,6.0,3.0,1.0,,1.0,1120,1120.0,U,280,6295,Hombre,Preparatoria o bachillerato
127187,1403116.01,1403116.01.01,1403116.01.01.01,1403116,1,1,B,14,JALISCO,39,GUADALAJARA,1,1,1,35,2.0,3.0,3.0,1.0,,3.0,954,954.0,U,280,6346,Hombre,Secundaria
127188,1403116.01,1403116.01.01,1403116.01.01.02,1403116,1,1,B,14,JALISCO,39,GUADALAJARA,2,2,2,32,1.0,3.0,3.0,1.0,,3.0,954,954.0,U,280,6346,Mujer,Secundaria
127189,1403116.01,1403116.01.01,1403116.01.01.03,1403116,1,1,B,14,JALISCO,39,GUADALAJARA,3,3,1,13,,3.0,1.0,,,,954,954.0,U,280,6346,Hombre,Secundaria
127190,1403116.01,1403116.01.01,1403116.01.01.04,1403116,1,1,B,14,JALISCO,39,GUADALAJARA,4,3,2,10,,2.0,4.0,,,,954,954.0,U,280,6346,Mujer,Primaria
127191,1403116.01,1403116.01.01,1403116.01.01.05,1403116,1,1,B,14,JALISCO,39,GUADALAJARA,5,3,1,8,,2.0,2.0,,,,954,954.0,U,280,6346,Hombre,Primaria
127192,1403116.01,1403116.01.01,1403116.01.01.06,1403116,1,1,B,14,JALISCO,39,GUADALAJARA,6,3,2,4,,1.0,1.0,,,,954,954.0,U,280,6346,Mujer,Preescolar
127193,1403116.02,1403116.02.01,1403116.02.01.01,1403116,2,1,A,14,JALISCO,39,GUADALAJARA,1,1,1,29,1.0,7.0,3.0,1.0,,2.0,954,954.0,U,280,6346,Hombre,Carrera técnica con preparatoria
127194,1403116.02,1403116.02.01,1403116.02.01.02,1403116,2,1,A,14,JALISCO,39,GUADALAJARA,2,2,2,29,2.0,7.0,3.0,5.0,4.0,,954,954.0,U,280,6346,Mujer,Carrera técnica con preparatoria
127195,1403116.02,1403116.02.01,1403116.02.01.03,1403116,2,1,A,14,JALISCO,39,GUADALAJARA,3,3,1,5,,1.0,2.0,,,,954,954.0,U,280,6346,Hombre,Preescolar
127196,1403116.02,1403116.02.01,1403116.02.01.04,1403116,2,1,A,14,JALISCO,39,GUADALAJARA,4,3,1,2,,,,,,,954,954.0,U,280,6346,Hombre,No especificado
127197,1403116.03,1403116.03.01,1403116.03.01.01,1403116,3,1,B,14,JALISCO,39,GUADALAJARA,1,1,2,43,1.0,3.0,3.0,1.0,,2.0,954,954.0,U,280,6346,Mujer,Secundaria
127198,1403116.03,1403116.03.01,1403116.03.01.02,1403116,3,1,B,14,JALISCO,39,GUADALAJARA,2,2,1,45,2.0,2.0,6.0,1.0,,4.0,954,954.0,U,280,6346,Hombre,Primaria
127199,1403116.03,1403116.03.01,1403116.03.01.03,1403116,3,1,B,14,JALISCO,39,GUADALAJARA,3,3,1,16,,6.0,1.0,,,,954,954.0,U,280,6346,Hombre,Preparatoria o bachillerato
127200,1403123.01,1403123.01.01,1403123.01.01.01,1403123,1,1,B,14,JALISCO,39,GUADALAJARA,1,1,1,34,1.0,6.0,3.0,1.0,,3.0,998,998.0,U,279,6236,Hombre,Preparatoria o bachillerato
127201,1403123.01,1403123.01.01,1403123.01.01.02,1403123,1,1,B,14,JALISCO,39,GUADALAJARA,2,2,2,34,2.0,6.0,3.0,1.0,,3.0,998,998.0,U,279,6236,Mujer,Preparatoria o bachillerato
127202,1403123.01,1403123.01.01,1403123.01.01.03,1403123,1,1,B,14,JALISCO,39,GUADALAJARA,3,3,1,12,,2.0,5.0,,,,998,998.0,U,279,6236,Hombre,Primaria
127203,1403123.01,1403123.01.01,1403123.01.01.04,1403123,1,1,B,14,JALISCO,39,GUADALAJARA,4,3,2,2,,,,,,,998,998.0,U,279,6236,Mujer,No especificado
127204,1403123.02,1403123.02.01,1403123.02.01.01,1403123,2,1,B,14,JALISCO,39,GUADALAJARA,1,1,1,52,2.0,3.0,3.0,1.0,,2.0,998,998.0,U,279,6236,Hombre,Secundaria
127205,1403123.02,1403123.02.01,1403123.02.01.02,1403123,2,1,B,14,JALISCO,39,GUADALAJARA,2,2,2,55,2.0,3.0,3.0,5.0,4.0,,998,998.0,U,279,6236,Mujer,Secundaria
127206,1403123.02,1403123.02.01,1403123.02.01.03,1403123,2,1,B,14,JALISCO,39,GUADALAJARA,3,3,1,26,2.0,8.0,4.0,1.0,,2.0,998,998.0,U,279,6236,Hombre,Licenciatura
127207,1403123.02,1403123.02.01,1403123.02.01.04,1403123,2,1,B,14,JALISCO,39,GUADALAJARA,4,3,1,24,1.0,6.0,2.0,1.0,,2.0,998,998.0,U,279,6236,Hombre,Preparatoria o bachillerato
127208,1403123.03,1403123.03.01,1403123.03.01.01,1403123,3,1,B,14,JALISCO,39,GUADALAJARA,1,1,1,57,1.0,3.0,3.0,1.0,,3.0,998,998.0,U,279,6236,Hombre,Secundaria
127209,1403123.04,1403123.04.01,1403123.04.01.01,1403123,4,1,B,14,JALISCO,39,GUADALAJARA,1,1,2,30,2.0,8.0,5.0,1.0,,3.0,998,998.0,U,279,6236,Mujer,Licenciatura
127210,1403123.04,1403123.04.01,1403123.04.01.02,1403123,4,1,B,14,JALISCO,39,GUADALAJARA,2,2,1,33,1.0,6.0,2.0,1.0,,3.0,998,998.0,U,279,6236,Hombre,Preparatoria o bachillerato
127211,1403123.04,1403123.04.01,1403123.04.01.03,1403123,4,1,B,14,JALISCO,39,GUADALAJARA,3,3,2,15,,3.0,2.0,,,,998,998.0,U,279,6236,Mujer,Secundaria
127212,1403123.04,1403123.04.01,1403123.04.01.04,1403123,4,1,B,14,JALISCO,39,GUADALAJARA,4,3,2,6,,1.0,3.0,,,,998,998.0,U,279,6236,Mujer,Preescolar
127213,1403123.04,1403123.04.01,1403123.04.01.05,1403123,4,1,B,14,JALISCO,39,GUADALAJARA,5,3,2,1,,,,,,,998,998.0,U,279,6236,Mujer,No especificado
127214,1403123.05,1403123.05.01,1403123.05.01.01,1403123,5,1,B,14,JALISCO,39,GUADALAJARA,1,1,1,75,1.0,2.0,3.0,8.0,4.0,,998,998.0,U,279,6236,Hombre,Primaria
127215,1403123.05,1403123.05.01,1403123.05.01.02,1403123,5,1,B,14,JALISCO,39,GUADALAJARA,2,2,2,70,2.0,2.0,5.0,5.0,4.0,,998,998.0,U,279,6236,Mujer,Primaria
127216,1403169.01,1403169.01.01,1403169.01.01.01,1403169,1,1,B,14,JALISCO,39,GUADALAJARA,1,1,2,67,1.0,2.0,6.0,5.0,1.0,3.0,930,930.0,U,279,6252,Mujer,Primaria
127217,1403169.02,1403169.02.01,1403169.02.01.01,1403169,2,1,B,14,JALISCO,39,GUADALAJARA,1,1,2,50,1.0,2.0,6.0,5.0,1.0,3.0,930,930.0,U,279,6252,Mujer,Primaria
127218,1403169.02,1403169.02.01,1403169.02.01.02,1403169,2,1,B,14,JALISCO,39,GUADALAJARA,2,2,1,62,2.0,3.0,2.0,1.0,,3.0,930,930.0,U,279,6252,Hombre,Secundaria
127219,1403169.02,1403169.02.01,1403169.02.01.03,1403169,2,1,B,14,JALISCO,39,GUADALAJARA,3,4,2,82,2.0,0.0,0.0,8.0,4.0,,930,930.0,U,279,6252,Mujer,Sin escolaridad
127220,1403169.02,1403169.02.01,1403169.02.01.04,1403169,2,1,B,14,JALISCO,39,GUADALAJARA,4,5,1,36,2.0,3.0,3.0,1.0,,2.0,930,930.0,U,279,6252,Hombre,Secundaria
127221,1403169.02,1403169.02.02,1403169.02.02.01,1403169,2,2,B,14,JALISCO,39,GUADALAJARA,1,1,1,29,1.0,3.0,3.0,1.0,,2.0,930,930.0,U,279,6252,Hombre,Secundaria
127222,1403169.02,1403169.02.02,1403169.02.02.02,1403169,2,2,B,14,JALISCO,39,GUADALAJARA,2,2,2,28,2.0,6.0,3.0,5.0,4.0,,930,930.0,U,279,6252,Mujer,Preparatoria o bachillerato
127223,1403169.02,1403169.02.02,1403169.02.02.03,1403169,2,2,B,14,JALISCO,39,GUADALAJARA,3,3,2,3,,0.0,0.0,,,,930,930.0,U,279,6252,Mujer,Sin escolaridad
127224,1403169.04,1403169.04.01,1403169.04.01.01,1403169,4,1,B,14,JALISCO,39,GUADALAJARA,1,1,2,36,1.0,3.0,3.0,1.0,,2.0,930,930.0,U,279,6252,Mujer,Secundaria
127225,1403169.04,1403169.04.01,1403169.04.01.02,1403169,4,1,B,14,JALISCO,39,GUADALAJARA,2,5,2,38,2.0,6.0,3.0,1.0,,2.0,930,930.0,U,279,6252,Mujer,Preparatoria o bachillerato
127226,1403169.05,1403169.05.01,1403169.05.01.01,1403169,5,1,B,14,JALISCO,39,GUADALAJARA,1,1,1,44,2.0,3.0,3.0,1.0,,4.0,930,930.0,U,279,6252,Hombre,Secundaria
127227,1403169.05,1403169.05.01,1403169.05.01.02,1403169,5,1,B,14,JALISCO,39,GUADALAJARA,2,3,1,29,2.0,8.0,5.0,1.0,,2.0,930,930.0,U,279,6252,Hombre,Licenciatura
127228,1403169.05,1403169.05.01,1403169.05.01.03,1403169,5,1,B,14,JALISCO,39,GUADALAJARA,3,3,1,27,1.0,3.0,3.0,1.0,,3.0,930,930.0,U,279,6252,Hombre,Secundaria
127229,1403198.02,1403198.02.01,1403198.02.01.01,1403198,2,1,B,14,JALISCO,39,GUADALAJARA,1,1,2,69,1.0,2.0,3.0,1.0,,2.0,927,927.0,U,280,6361,Mujer,Primaria
127230,1403198.02,1403198.02.02,1403198.02.02.01,1403198,2,2,B,14,JALISCO,39,GUADALAJARA,1,1,2,44,1.0,2.0,5.0,1.0,,2.0,927,927.0,U,280,6361,Mujer,Primaria
127231,1403198.02,1403198.02.02,1403198.02.02.02,1403198,2,2,B,14,JALISCO,39,GUADALAJARA,2,3,2,25,2.0,3.0,3.0,5.0,4.0,,927,927.0,U,280,6361,Mujer,Secundaria
127232,1403198.02,1403198.02.02,1403198.02.02.03,1403198,2,2,B,14,JALISCO,39,GUADALAJARA,3,3,1,24,2.0,3.0,3.0,1.0,,2.0,927,927.0,U,280,6361,Hombre,Secundaria
127233,1403198.02,1403198.02.02,1403198.02.02.04,1403198,2,2,B,14,JALISCO,39,GUADALAJARA,4,3,1,20,2.0,2.0,5.0,1.0,,2.0,927,927.0,U,280,6361,Hombre,Primaria
127234,1403198.03,1403198.03.01,1403198.03.01.01,1403198,3,1,A,14,JALISCO,39,GUADALAJARA,1,1,1,72,1.0,2.0,6.0,6.0,4.0,,927,927.0,U,280,6361,Hombre,Primaria
127235,1403198.03,1403198.03.01,1403198.03.01.02,1403198,3,1,A,14,JALISCO,39,GUADALAJARA,2,6,1,66,2.0,8.0,5.0,6.0,4.0,,927,927.0,U,280,6361,Hombre,Licenciatura
127236,1403198.04,1403198.04.01,1403198.04.01.01,1403198,4,1,B,14,JALISCO,39,GUADALAJARA,1,1,1,52,2.0,8.0,5.0,8.0,4.0,,927,927.0,U,280,6361,Hombre,Licenciatura
127237,1403198.04,1403198.04.01,1403198.04.01.02,1403198,4,1,B,14,JALISCO,39,GUADALAJARA,2,3,1,21,1.0,6.0,3.0,4.0,4.0,,927,927.0,U,280,6361,Hombre,Preparatoria o bachillerato
127238,1403198.04,1403198.04.01,1403198.04.01.03,1403198,4,1,B,14,JALISCO,39,GUADALAJARA,3,3,1,18,2.0,6.0,2.0,4.0,4.0,,927,927.0,U,280,6361,Hombre,Preparatoria o bachillerato
127239,1403254.01,1403254.01.01,1403254.01.01.01,1403254,1,1,B,14,JALISCO,39,GUADALAJARA,1,1,2,53,1.0,2.0,5.0,1.0,,3.0,954,954.0,U,280,6347,Mujer,Primaria
127240,1403254.01,1403254.01.01,1403254.01.01.02,1403254,1,1,B,14,JALISCO,39,GUADALAJARA,2,5,2,56,2.0,2.0,6.0,7.0,,,954,954.0,U,280,6347,Mujer,Primaria
127241,1403254.01,1403254.01.01,1403254.01.01.03,1403254,1,1,B,14,JALISCO,39,GUADALAJARA,3,3,2,26,2.0,8.0,5.0,1.0,,3.0,954,954.0,U,280,6347,Mujer,Licenciatura
127242,1403254.02,1403254.02.01,1403254.02.01.01,1403254,2,1,B,14,JALISCO,39,GUADALAJARA,1,1,2,68,1.0,3.0,3.0,1.0,,2.0,954,954.0,U,280,6347,Mujer,Secundaria
127243,1403254.02,1403254.02.01,1403254.02.01.02,1403254,2,1,B,14,JALISCO,39,GUADALAJARA,2,5,1,23,2.0,3.0,3.0,1.0,,2.0,954,954.0,U,280,6347,Hombre,Secundaria
127244,1403254.02,1403254.02.01,1403254.02.01.03,1403254,2,1,B,14,JALISCO,39,GUADALAJARA,3,5,1,20,2.0,6.0,3.0,1.0,,2.0,954,954.0,U,280,6347,Hombre,Preparatoria o bachillerato
127245,1403254.02,1403254.02.01,1403254.02.01.04,1403254,2,1,B,14,JALISCO,39,GUADALAJARA,4,5,2,21,2.0,3.0,3.0,1.0,,2.0,954,954.0,U,280,6347,Mujer,Secundaria
127246,1403254.03,1403254.03.01,1403254.03.01.01,1403254,3,1,B,14,JALISCO,39,GUADALAJARA,1,1,1,73,2.0,2.0,6.0,1.0,,2.0,954,954.0,U,280,6347,Hombre,Primaria
127247,1403254.03,1403254.03.01,1403254.03.01.02,1403254,3,1,B,14,JALISCO,39,GUADALAJARA,2,2,2,69,1.0,2.0,6.0,5.0,4.0,,954,954.0,U,280,6347,Mujer,Primaria
127248,1403254.03,1403254.03.01,1403254.03.01.03,1403254,3,1,B,14,JALISCO,39,GUADALAJARA,3,3,2,28,2.0,6.0,3.0,5.0,4.0,,954,954.0,U,280,6347,Mujer,Preparatoria o bachillerato
127249,1403254.03,1403254.03.01,1403254.03.01.04,1403254,3,1,B,14,JALISCO,39,GUADALAJARA,4,5,2,7,,2.0,1.0,,,,954,954.0,U,280,6347,Mujer,Primaria
127250,1403254.04,1403254.04.01,1403254.04.01.01,1403254,4,1,A,14,JALISCO,39,GUADALAJARA,1,1,2,73,1.0,2.0,6.0,5.0,4.0,,954,954.0,U,280,6347,Mujer,Primaria
127251,1403254.04,1403254.04.01,1403254.04.01.02,1403254,4,1,A,14,JALISCO,39,GUADALAJARA,2,3,1,55,2.0,6.0,2.0,1.0,,3.0,954,954.0,U,280,6347,Hombre,Preparatoria o bachillerato
127252,1403267.01,1403267.01.01,1403267.01.01.01,1403267,1,1,B,14,JALISCO,39,GUADALAJARA,1,1,2,89,2.0,3.0,3.0,6.0,4.0,,1072,1072.0,U,281,6439,Mujer,Secundaria
127253,1403267.01,1403267.01.01,1403267.01.01.02,1403267,1,1,B,14,JALISCO,39,GUADALAJARA,2,3,1,47,1.0,8.0,5.0,1.0,,2.0,1072,1072.0,U,281,6439,Hombre,Licenciatura
127254,1403267.01,1403267.01.01,1403267.01.01.03,1403267,1,1,B,14,JALISCO,39,GUADALAJARA,3,5,2,4,,1.0,1.0,,,,1072,1072.0,U,281,6439,Mujer,Preescolar
127255,1403267.02,1403267.02.01,1403267.02.01.01,1403267,2,1,B,14,JALISCO,39,GUADALAJARA,1,1,1,82,2.0,2.0,6.0,6.0,4.0,,1072,1072.0,U,281,6439,Hombre,Primaria
127256,1403267.02,1403267.02.01,1403267.02.01.02,1403267,2,1,B,14,JALISCO,39,GUADALAJARA,2,2,2,73,1.0,2.0,3.0,5.0,4.0,,1072,1072.0,U,281,6439,Mujer,Primaria
127257,1403267.02,1403267.02.01,1403267.02.01.03,1403267,2,1,B,14,JALISCO,39,GUADALAJARA,3,3,2,50,2.0,3.0,3.0,1.0,,3.0,1072,1072.0,U,281,6439,Mujer,Secundaria
127258,1403267.02,1403267.02.01,1403267.02.01.04,1403267,2,1,B,14,JALISCO,39,GUADALAJARA,4,5,1,48,2.0,3.0,3.0,1.0,,2.0,1072,1072.0,U,281,6439,Hombre,Secundaria
127259,1403267.03,1403267.03.01,1403267.03.01.01,1403267,3,1,A,14,JALISCO,39,GUADALAJARA,1,1,2,51,1.0,9.0,5.0,1.0,,2.0,1072,1072.0,U,281,6439,Mujer,Posgrado (Maestría/Doctorado)
127260,1403267.03,1403267.03.01,1403267.03.01.02,1403267,3,1,A,14,JALISCO,39,GUADALAJARA,2,3,2,28,2.0,8.0,5.0,1.0,,2.0,1072,1072.0,U,281,6439,Mujer,Licenciatura
127261,1403267.03,1403267.03.01,1403267.03.01.03,1403267,3,1,A,14,JALISCO,39,GUADALAJARA,3,3,1,25,2.0,8.0,5.0,1.0,,2.0,1072,1072.0,U,281,6439,Hombre,Licenciatura
127262,1403267.04,1403267.04.01,1403267.04.01.01,1403267,4,1,A,14,JALISCO,39,GUADALAJARA,1,1,2,50,2.0,8.0,5.0,1.0,,3.0,1072,1072.0,U,281,6439,Mujer,Licenciatura
127263,1403267.04,1403267.04.01,1403267.04.01.02,1403267,4,1,A,14,JALISCO,39,GUADALAJARA,2,5,1,98,1.0,8.0,5.0,1.0,,2.0,1072,1072.0,U,281,6439,Hombre,Licenciatura
127264,1403267.04,1403267.04.01,1403267.04.01.03,1403267,4,1,A,14,JALISCO,39,GUADALAJARA,3,5,1,98,2.0,8.0,5.0,1.0,,2.0,1072,1072.0,U,281,6439,Hombre,Licenciatura
127265,1403267.04,1403267.04.01,1403267.04.01.04,1403267,4,1,A,14,JALISCO,39,GUADALAJARA,4,5,1,98,2.0,8.0,5.0,1.0,,2.0,1072,1072.0,U,281,6439,Hombre,Licenciatura
127266,1403267.05,1403267.05.01,1403267.05.01.01,1403267,5,1,B,14,JALISCO,39,GUADALAJARA,1,1,1,98,2.0,0.0,0.0,8.0,4.0,,1072,1072.0,U,281,6439,Hombre,Sin escolaridad
127267,1403267.05,1403267.05.01,1403267.05.01.02,1403267,5,1,B,14,JALISCO,39,GUADALAJARA,2,2,2,98,1.0,99.0,9.0,5.0,4.0,,1072,1072.0,U,281,6439,Mujer,No especificado
127268,1403306.01,1403306.01.01,1403306.01.01.01,1403306,1,1,B,14,JALISCO,39,GUADALAJARA,1,1,1,27,2.0,3.0,3.0,1.0,,2.0,773,773.0,U,279,6284,Hombre,Secundaria
127269,1403306.01,1403306.01.01,1403306.01.01.02,1403306,1,1,B,14,JALISCO,39,GUADALAJARA,2,4,1,63,2.0,6.0,1.0,6.0,4.0,,773,773.0,U,279,6284,Hombre,Preparatoria o bachillerato
127270,1403306.01,1403306.01.01,1403306.01.01.03,1403306,1,1,B,14,JALISCO,39,GUADALAJARA,3,2,2,24,2.0,6.0,3.0,1.0,,2.0,773,773.0,U,279,6284,Mujer,Preparatoria o bachillerato
127271,1403306.01,1403306.01.01,1403306.01.01.04,1403306,1,1,B,14,JALISCO,39,GUADALAJARA,4,4,2,71,1.0,2.0,6.0,1.0,,2.0,773,773.0,U,279,6284,Mujer,Primaria
127272,1403306.01,1403306.01.01,1403306.01.01.05,1403306,1,1,B,14,JALISCO,39,GUADALAJARA,5,3,1,2,,,,,,,773,773.0,U,279,6284,Hombre,No especificado
127273,1403306.02,1403306.02.01,1403306.02.01.01,1403306,2,1,A,14,JALISCO,39,GUADALAJARA,1,1,2,33,1.0,8.0,5.0,1.0,,2.0,773,773.0,U,279,6284,Mujer,Licenciatura
127274,1403306.02,1403306.02.01,1403306.02.01.02,1403306,2,1,A,14,JALISCO,39,GUADALAJARA,2,3,2,12,,2.0,6.0,,,,773,773.0,U,279,6284,Mujer,Primaria
127275,1403306.04,1403306.04.01,1403306.04.01.01,1403306,4,1,A,14,JALISCO,39,GUADALAJARA,1,1,1,36,2.0,6.0,3.0,1.0,,2.0,773,773.0,U,279,6284,Hombre,Preparatoria o bachillerato
127276,1403306.04,1403306.04.01,1403306.04.01.02,1403306,4,1,A,14,JALISCO,39,GUADALAJARA,2,3,1,15,,3.0,2.0,,,,773,773.0,U,279,6284,Hombre,Secundaria
127277,1403306.04,1403306.04.01,1403306.04.01.03,1403306,4,1,A,14,JALISCO,39,GUADALAJARA,3,3,2,13,,3.0,1.0,,,,773,773.0,U,279,6284,Mujer,Secundaria
127278,1403306.04,1403306.04.01,1403306.04.01.04,1403306,4,1,A,14,JALISCO,39,GUADALAJARA,4,3,2,10,,2.0,3.0,,,,773,773.0,U,279,6284,Mujer,Primaria
127279,1403306.04,1403306.04.01,1403306.04.01.05,1403306,4,1,A,14,JALISCO,39,GUADALAJARA,5,2,2,36,1.0,3.0,3.0,1.0,,2.0,773,773.0,U,279,6284,Mujer,Secundaria
127280,1403306.05,1403306.05.01,1403306.05.01.01,1403306,5,1,B,14,JALISCO,39,GUADALAJARA,1,1,1,57,1.0,3.0,3.0,1.0,,3.0,773,773.0,U,279,6284,Hombre,Secundaria
127281,1403306.05,1403306.05.01,1403306.05.01.02,1403306,5,1,B,14,JALISCO,39,GUADALAJARA,2,2,2,53,2.0,3.0,3.0,5.0,4.0,,773,773.0,U,279,6284,Mujer,Secundaria
127282,1403306.05,1403306.05.01,1403306.05.01.03,1403306,5,1,B,14,JALISCO,39,GUADALAJARA,3,3,1,26,2.0,6.0,3.0,1.0,,1.0,773,773.0,U,279,6284,Hombre,Preparatoria o bachillerato
127283,1403306.05,1403306.05.01,1403306.05.01.04,1403306,5,1,B,14,JALISCO,39,GUADALAJARA,4,3,2,16,,6.0,2.0,,,,773,773.0,U,279,6284,Mujer,Preparatoria o bachillerato
127284,1403318.01,1403318.01.01,1403318.01.01.01,1403318,1,1,B,14,JALISCO,39,GUADALAJARA,1,1,1,44,1.0,3.0,3.0,1.0,,3.0,1032,1032.0,U,281,6452,Hombre,Secundaria
127285,1403318.02,1403318.02.01,1403318.02.01.01,1403318,2,1,B,14,JALISCO,39,GUADALAJARA,1,1,2,49,1.0,3.0,3.0,5.0,4.0,,1032,1032.0,U,281,6452,Mujer,Secundaria
127286,1403318.03,1403318.03.01,1403318.03.01.01,1403318,3,1,A,14,JALISCO,39,GUADALAJARA,1,1,1,63,2.0,3.0,3.0,1.0,,2.0,1032,1032.0,U,281,6452,Hombre,Secundaria
127287,1403318.03,1403318.03.01,1403318.03.01.02,1403318,3,1,A,14,JALISCO,39,GUADALAJARA,2,2,2,63,2.0,3.0,3.0,1.0,,2.0,1032,1032.0,U,281,6452,Mujer,Secundaria
127288,1403318.03,1403318.03.01,1403318.03.01.03,1403318,3,1,A,14,JALISCO,39,GUADALAJARA,3,3,1,28,2.0,6.0,3.0,1.0,,2.0,1032,1032.0,U,281,6452,Hombre,Preparatoria o bachillerato
127289,1403318.03,1403318.03.01,1403318.03.01.04,1403318,3,1,A,14,JALISCO,39,GUADALAJARA,4,3,2,35,2.0,6.0,3.0,1.0,,2.0,1032,1032.0,U,281,6452,Mujer,Preparatoria o bachillerato
127290,1403318.03,1403318.03.01,1403318.03.01.05,1403318,3,1,A,14,JALISCO,39,GUADALAJARA,5,5,2,25,1.0,3.0,3.0,5.0,4.0,,1032,1032.0,U,281,6452,Mujer,Secundaria
127291,1403318.03,1403318.03.01,1403318.03.01.06,1403318,3,1,A,14,JALISCO,39,GUADALAJARA,6,5,1,13,,3.0,1.0,,,,1032,1032.0,U,281,6452,Hombre,Secundaria
127292,1403318.03,1403318.03.01,1403318.03.01.07,1403318,3,1,A,14,JALISCO,39,GUADALAJARA,7,5,1,5,,1.0,1.0,,,,1032,1032.0,U,281,6452,Hombre,Preescolar
127293,1403318.03,1403318.03.01,1403318.03.01.08,1403318,3,1,A,14,JALISCO,39,GUADALAJARA,8,5,1,3,,0.0,0.0,,,,1032,1032.0,U,281,6452,Hombre,Sin escolaridad
127294,1403318.04,1403318.04.01,1403318.04.01.01,1403318,4,1,B,14,JALISCO,39,GUADALAJARA,1,1,2,64,1.0,2.0,6.0,1.0,,3.0,1032,1032.0,U,281,6452,Mujer,Primaria
127295,1403318.04,1403318.04.01,1403318.04.01.02,1403318,4,1,B,14,JALISCO,39,GUADALAJARA,2,2,1,79,2.0,0.0,0.0,8.0,4.0,,1032,1032.0,U,281,6452,Hombre,Sin escolaridad
127296,1403318.04,1403318.04.01,1403318.04.01.03,1403318,4,1,B,14,JALISCO,39,GUADALAJARA,3,3,1,23,2.0,3.0,3.0,1.0,,3.0,1032,1032.0,U,281,6452,Hombre,Secundaria
127297,1403318.05,1403318.05.01,1403318.05.01.01,1403318,5,1,B,14,JALISCO,39,GUADALAJARA,1,1,1,51,2.0,7.0,3.0,1.0,,2.0,1032,1032.0,U,281,6452,Hombre,Carrera técnica con preparatoria
127298,1403318.05,1403318.05.01,1403318.05.01.02,1403318,5,1,B,14,JALISCO,39,GUADALAJARA,2,2,2,46,2.0,8.0,5.0,1.0,,2.0,1032,1032.0,U,281,6452,Mujer,Licenciatura
127299,1403318.05,1403318.05.01,1403318.05.01.03,1403318,5,1,B,14,JALISCO,39,GUADALAJARA,3,3,1,23,1.0,8.0,2.0,1.0,,2.0,1032,1032.0,U,281,6452,Hombre,Licenciatura
127300,1403318.05,1403318.05.01,1403318.05.01.04,1403318,5,1,B,14,JALISCO,39,GUADALAJARA,4,3,1,21,2.0,6.0,3.0,1.0,,2.0,1032,1032.0,U,281,6452,Hombre,Preparatoria o bachillerato
127301,1403338.01,1403338.01.01,1403338.01.01.01,1403338,1,1,A,14,JALISCO,39,GUADALAJARA,1,1,1,80,2.0,2.0,6.0,8.0,4.0,,828,828.0,U,279,6275,Hombre,Primaria
127302,1403338.01,1403338.01.01,1403338.01.01.02,1403338,1,1,A,14,JALISCO,39,GUADALAJARA,2,3,1,47,1.0,7.0,1.0,1.0,,3.0,828,828.0,U,279,6275,Hombre,Carrera técnica con preparatoria
127303,1403338.02,1403338.02.01,1403338.02.01.01,1403338,2,1,B,14,JALISCO,39,GUADALAJARA,1,1,1,50,1.0,3.0,3.0,1.0,,3.0,828,828.0,U,279,6275,Hombre,Secundaria
127304,1403338.02,1403338.02.01,1403338.02.01.02,1403338,2,1,B,14,JALISCO,39,GUADALAJARA,2,2,2,47,2.0,3.0,3.0,1.0,,3.0,828,828.0,U,279,6275,Mujer,Secundaria
127305,1403338.03,1403338.03.01,1403338.03.01.01,1403338,3,1,A,14,JALISCO,39,GUADALAJARA,1,1,1,58,2.0,8.0,5.0,1.0,,3.0,828,828.0,U,279,6275,Hombre,Licenciatura
127306,1403338.03,1403338.03.01,1403338.03.01.02,1403338,3,1,A,14,JALISCO,39,GUADALAJARA,2,3,1,24,2.0,6.0,3.0,1.0,,2.0,828,828.0,U,279,6275,Hombre,Preparatoria o bachillerato
127307,1403338.03,1403338.03.01,1403338.03.01.03,1403338,3,1,A,14,JALISCO,39,GUADALAJARA,3,3,1,23,1.0,6.0,3.0,1.0,,2.0,828,828.0,U,279,6275,Hombre,Preparatoria o bachillerato
127308,1403338.03,1403338.03.01,1403338.03.01.04,1403338,3,1,A,14,JALISCO,39,GUADALAJARA,4,5,1,24,2.0,8.0,5.0,1.0,,2.0,828,828.0,U,279,6275,Hombre,Licenciatura
127309,1403338.03,1403338.03.01,1403338.03.01.05,1403338,3,1,A,14,JALISCO,39,GUADALAJARA,5,2,2,55,2.0,3.0,3.0,5.0,4.0,,828,828.0,U,279,6275,Mujer,Secundaria
127310,1403338.05,1403338.05.01,1403338.05.01.01,1403338,5,1,A,14,JALISCO,39,GUADALAJARA,1,1,1,61,2.0,8.0,5.0,1.0,,2.0,828,828.0,U,279,6275,Hombre,Licenciatura
127311,1403338.05,1403338.05.01,1403338.05.01.02,1403338,5,1,A,14,JALISCO,39,GUADALAJARA,2,2,2,58,1.0,3.0,3.0,5.0,4.0,,828,828.0,U,279,6275,Mujer,Secundaria
127312,1403338.05,1403338.05.01,1403338.05.01.03,1403338,5,1,A,14,JALISCO,39,GUADALAJARA,3,3,2,25,2.0,8.0,5.0,3.0,4.0,,828,828.0,U,279,6275,Mujer,Licenciatura
127313,1403338.05,1403338.05.01,1403338.05.01.04,1403338,5,1,A,14,JALISCO,39,GUADALAJARA,4,3,1,23,2.0,8.0,5.0,1.0,,2.0,828,828.0,U,279,6275,Hombre,Licenciatura
127314,1403338.05,1403338.05.01,1403338.05.01.05,1403338,5,1,A,14,JALISCO,39,GUADALAJARA,5,3,2,20,2.0,8.0,2.0,4.0,4.0,,828,828.0,U,279,6275,Mujer,Licenciatura
127315,1403423.01,1403423.01.01,1403423.01.01.01,1403423,1,1,A,14,JALISCO,39,GUADALAJARA,1,1,1,52,2.0,6.0,3.0,1.0,,2.0,1127,1127.0,U,280,6294,Hombre,Preparatoria o bachillerato
127316,1403423.01,1403423.01.01,1403423.01.01.02,1403423,1,1,A,14,JALISCO,39,GUADALAJARA,2,2,2,53,2.0,6.0,3.0,5.0,4.0,,1127,1127.0,U,280,6294,Mujer,Preparatoria o bachillerato
127317,1403423.01,1403423.01.01,1403423.01.01.03,1403423,1,1,A,14,JALISCO,39,GUADALAJARA,3,3,1,28,1.0,8.0,5.0,1.0,,2.0,1127,1127.0,U,280,6294,Hombre,Licenciatura
127318,1403423.01,1403423.01.01,1403423.01.01.04,1403423,1,1,A,14,JALISCO,39,GUADALAJARA,4,3,2,20,2.0,8.0,1.0,4.0,4.0,,1127,1127.0,U,280,6294,Mujer,Licenciatura
127319,1403423.02,1403423.02.01,1403423.02.01.01,1403423,2,1,B,14,JALISCO,39,GUADALAJARA,1,1,1,76,2.0,3.0,3.0,2.0,,2.0,1127,1127.0,U,280,6294,Hombre,Secundaria
127320,1403423.02,1403423.02.01,1403423.02.01.02,1403423,2,1,B,14,JALISCO,39,GUADALAJARA,2,2,2,71,2.0,3.0,3.0,5.0,2.0,3.0,1127,1127.0,U,280,6294,Mujer,Secundaria
127321,1403423.02,1403423.02.01,1403423.02.01.03,1403423,2,1,B,14,JALISCO,39,GUADALAJARA,3,3,2,50,1.0,3.0,3.0,5.0,4.0,,1127,1127.0,U,280,6294,Mujer,Secundaria
127322,1403423.03,1403423.03.01,1403423.03.01.01,1403423,3,1,A,14,JALISCO,39,GUADALAJARA,1,1,1,37,1.0,8.0,5.0,1.0,,3.0,1127,1127.0,U,280,6294,Hombre,Licenciatura
127323,1403423.03,1403423.03.01,1403423.03.01.02,1403423,3,1,A,14,JALISCO,39,GUADALAJARA,2,2,2,34,2.0,2.0,6.0,5.0,4.0,,1127,1127.0,U,280,6294,Mujer,Primaria
127324,1403423.03,1403423.03.01,1403423.03.01.03,1403423,3,1,A,14,JALISCO,39,GUADALAJARA,3,3,2,16,,3.0,3.0,,,,1127,1127.0,U,280,6294,Mujer,Secundaria
127325,1403423.03,1403423.03.01,1403423.03.01.04,1403423,3,1,A,14,JALISCO,39,GUADALAJARA,4,3,2,9,,2.0,2.0,,,,1127,1127.0,U,280,6294,Mujer,Primaria
127326,1403423.03,1403423.03.01,1403423.03.01.05,1403423,3,1,A,14,JALISCO,39,GUADALAJARA,5,3,2,6,,1.0,3.0,,,,1127,1127.0,U,280,6294,Mujer,Preescolar
127327,1403423.04,1403423.04.01,1403423.04.01.01,1403423,4,1,B,14,JALISCO,39,GUADALAJARA,1,1,1,28,2.0,6.0,3.0,1.0,,3.0,1127,1127.0,U,280,6294,Hombre,Preparatoria o bachillerato
127328,1403423.04,1403423.04.01,1403423.04.01.02,1403423,4,1,B,14,JALISCO,39,GUADALAJARA,2,2,2,26,1.0,8.0,5.0,1.0,,2.0,1127,1127.0,U,280,6294,Mujer,Licenciatura
127329,1403423.04,1403423.04.01,1403423.04.01.03,1403423,4,1,B,14,JALISCO,39,GUADALAJARA,3,3,1,4,,1.0,1.0,,,,1127,1127.0,U,280,6294,Hombre,Preescolar
127330,1403423.05,1403423.05.01,1403423.05.01.01,1403423,5,1,B,14,JALISCO,39,GUADALAJARA,1,1,2,64,1.0,6.0,1.0,5.0,1.0,3.0,1127,1127.0,U,280,6294,Mujer,Preparatoria o bachillerato
127331,1403423.05,1403423.05.01,1403423.05.01.02,1403423,5,1,B,14,JALISCO,39,GUADALAJARA,2,2,1,67,2.0,6.0,3.0,1.0,,3.0,1127,1127.0,U,280,6294,Hombre,Preparatoria o bachillerato
127332,1403432.01,1403432.01.01,1403432.01.01.01,1403432,1,1,A,14,JALISCO,39,GUADALAJARA,1,1,1,39,2.0,8.0,5.0,1.0,,2.0,954,954.0,U,280,6348,Hombre,Licenciatura
127333,1403432.01,1403432.01.01,1403432.01.01.02,1403432,1,1,A,14,JALISCO,39,GUADALAJARA,2,2,2,39,1.0,8.0,5.0,1.0,,2.0,954,954.0,U,280,6348,Mujer,Licenciatura
127334,1403432.01,1403432.01.01,1403432.01.01.03,1403432,1,1,A,14,JALISCO,39,GUADALAJARA,3,3,1,14,,3.0,2.0,,,,954,954.0,U,280,6348,Hombre,Secundaria
127335,1403432.01,1403432.01.01,1403432.01.01.04,1403432,1,1,A,14,JALISCO,39,GUADALAJARA,4,3,1,9,,2.0,3.0,,,,954,954.0,U,280,6348,Hombre,Primaria
127336,1403432.02,1403432.02.01,1403432.02.01.01,1403432,2,1,A,14,JALISCO,39,GUADALAJARA,1,1,2,32,1.0,8.0,5.0,5.0,4.0,,954,954.0,U,280,6348,Mujer,Licenciatura
127337,1403432.02,1403432.02.01,1403432.02.01.02,1403432,2,1,A,14,JALISCO,39,GUADALAJARA,2,4,1,60,2.0,8.0,5.0,1.0,,3.0,954,954.0,U,280,6348,Hombre,Licenciatura
127338,1403432.02,1403432.02.01,1403432.02.01.03,1403432,2,1,A,14,JALISCO,39,GUADALAJARA,3,4,2,64,2.0,3.0,3.0,6.0,4.0,,954,954.0,U,280,6348,Mujer,Secundaria
127339,1403432.02,1403432.02.01,1403432.02.01.04,1403432,2,1,A,14,JALISCO,39,GUADALAJARA,4,2,1,34,2.0,8.0,5.0,1.0,,2.0,954,954.0,U,280,6348,Hombre,Licenciatura
127340,1403432.02,1403432.02.01,1403432.02.01.05,1403432,2,1,A,14,JALISCO,39,GUADALAJARA,5,3,1,14,,3.0,2.0,,,,954,954.0,U,280,6348,Hombre,Secundaria
127341,1403432.02,1403432.02.01,1403432.02.01.06,1403432,2,1,A,14,JALISCO,39,GUADALAJARA,6,3,1,1,,,,,,,954,954.0,U,280,6348,Hombre,No especificado
127342,1403432.04,1403432.04.01,1403432.04.01.01,1403432,4,1,B,14,JALISCO,39,GUADALAJARA,1,1,1,62,1.0,6.0,3.0,1.0,,2.0,954,954.0,U,280,6348,Hombre,Preparatoria o bachillerato
127343,1403432.04,1403432.04.01,1403432.04.01.02,1403432,4,1,B,14,JALISCO,39,GUADALAJARA,2,2,2,60,2.0,3.0,3.0,5.0,4.0,,954,954.0,U,280,6348,Mujer,Secundaria
127344,1403432.04,1403432.04.01,1403432.04.01.03,1403432,4,1,B,14,JALISCO,39,GUADALAJARA,3,3,2,36,2.0,6.0,3.0,5.0,1.0,3.0,954,954.0,U,280,6348,Mujer,Preparatoria o bachillerato
127345,1403432.04,1403432.04.01,1403432.04.01.04,1403432,4,1,B,14,JALISCO,39,GUADALAJARA,4,3,2,32,2.0,8.0,5.0,5.0,1.0,3.0,954,954.0,U,280,6348,Mujer,Licenciatura
127346,1403438.02,1403438.02.01,1403438.02.01.01,1403438,2,1,B,14,JALISCO,39,GUADALAJARA,1,1,2,39,2.0,6.0,3.0,1.0,,2.0,1076,1076.0,U,279,6218,Mujer,Preparatoria o bachillerato
127347,1403438.02,1403438.02.01,1403438.02.01.02,1403438,2,1,B,14,JALISCO,39,GUADALAJARA,2,3,2,20,1.0,6.0,3.0,1.0,,2.0,1076,1076.0,U,279,6218,Mujer,Preparatoria o bachillerato
127348,1403438.02,1403438.02.01,1403438.02.01.03,1403438,2,1,B,14,JALISCO,39,GUADALAJARA,3,3,1,6,,1.0,3.0,,,,1076,1076.0,U,279,6218,Hombre,Preescolar
127349,1403438.02,1403438.02.01,1403438.02.01.04,1403438,2,1,B,14,JALISCO,39,GUADALAJARA,4,5,2,0,,,,,,,1076,1076.0,U,279,6218,Mujer,No especificado
127350,1403438.03,1403438.03.01,1403438.03.01.01,1403438,3,1,B,14,JALISCO,39,GUADALAJARA,1,1,1,29,1.0,3.0,3.0,1.0,,2.0,1076,1076.0,U,279,6218,Hombre,Secundaria
127351,1403438.03,1403438.03.01,1403438.03.01.02,1403438,3,1,B,14,JALISCO,39,GUADALAJARA,2,2,2,29,2.0,3.0,3.0,1.0,,2.0,1076,1076.0,U,279,6218,Mujer,Secundaria
127352,1403438.03,1403438.03.01,1403438.03.01.03,1403438,3,1,B,14,JALISCO,39,GUADALAJARA,3,3,1,5,,1.0,2.0,,,,1076,1076.0,U,279,6218,Hombre,Preescolar
127353,1403438.05,1403438.05.01,1403438.05.01.01,1403438,5,1,B,14,JALISCO,39,GUADALAJARA,1,1,1,53,1.0,3.0,3.0,1.0,,2.0,1076,1076.0,U,279,6218,Hombre,Secundaria
127354,1403438.05,1403438.05.01,1403438.05.01.02,1403438,5,1,B,14,JALISCO,39,GUADALAJARA,2,2,2,55,2.0,3.0,3.0,1.0,,3.0,1076,1076.0,U,279,6218,Mujer,Secundaria
127355,1403440.01,1403440.01.01,1403440.01.01.01,1403440,1,1,B,14,JALISCO,39,GUADALAJARA,1,1,2,62,2.0,3.0,3.0,1.0,,2.0,915,915.0,U,279,6256,Mujer,Secundaria
127356,1403440.01,1403440.01.01,1403440.01.01.02,1403440,1,1,B,14,JALISCO,39,GUADALAJARA,2,2,1,64,2.0,2.0,6.0,1.0,,2.0,915,915.0,U,279,6256,Hombre,Primaria
127357,1403440.01,1403440.01.01,1403440.01.01.03,1403440,1,1,B,14,JALISCO,39,GUADALAJARA,3,3,1,30,1.0,6.0,3.0,1.0,,2.0,915,915.0,U,279,6256,Hombre,Preparatoria o bachillerato
127358,1403440.01,1403440.01.01,1403440.01.01.04,1403440,1,1,B,14,JALISCO,39,GUADALAJARA,4,5,1,14,,3.0,2.0,,,,915,915.0,U,279,6256,Hombre,Secundaria
127359,1403440.02,1403440.02.01,1403440.02.01.01,1403440,2,1,B,14,JALISCO,39,GUADALAJARA,1,1,2,29,1.0,3.0,3.0,1.0,,2.0,915,915.0,U,279,6256,Mujer,Secundaria
127360,1403440.02,1403440.02.01,1403440.02.01.02,1403440,2,1,B,14,JALISCO,39,GUADALAJARA,2,3,2,13,,3.0,1.0,,,,915,915.0,U,279,6256,Mujer,Secundaria
127361,1403440.02,1403440.02.01,1403440.02.01.03,1403440,2,1,B,14,JALISCO,39,GUADALAJARA,3,3,2,7,,1.0,3.0,,,,915,915.0,U,279,6256,Mujer,Preescolar
127362,1403440.03,1403440.03.01,1403440.03.01.01,1403440,3,1,B,14,JALISCO,39,GUADALAJARA,1,1,1,44,2.0,3.0,3.0,1.0,,3.0,915,915.0,U,279,6256,Hombre,Secundaria
127363,1403440.03,1403440.03.01,1403440.03.01.02,1403440,3,1,B,14,JALISCO,39,GUADALAJARA,2,2,2,39,1.0,6.0,3.0,1.0,,2.0,915,915.0,U,279,6256,Mujer,Preparatoria o bachillerato
127364,1403440.03,1403440.03.01,1403440.03.01.03,1403440,3,1,B,14,JALISCO,39,GUADALAJARA,3,3,1,17,,6.0,2.0,,,,915,915.0,U,279,6256,Hombre,Preparatoria o bachillerato
127365,1403440.03,1403440.03.01,1403440.03.01.04,1403440,3,1,B,14,JALISCO,39,GUADALAJARA,4,3,2,12,,2.0,6.0,,,,915,915.0,U,279,6256,Mujer,Primaria
127366,1403440.04,1403440.04.01,1403440.04.01.01,1403440,4,1,B,14,JALISCO,39,GUADALAJARA,1,1,2,87,1.0,0.0,0.0,8.0,4.0,,915,915.0,U,279,6256,Mujer,Sin escolaridad
127367,1403440.04,1403440.04.01,1403440.04.01.02,1403440,4,1,B,14,JALISCO,39,GUADALAJARA,2,3,1,50,2.0,2.0,6.0,2.0,,2.0,915,915.0,U,279,6256,Hombre,Primaria
127368,1403440.05,1403440.05.01,1403440.05.01.01,1403440,5,1,B,14,JALISCO,39,GUADALAJARA,1,1,2,38,2.0,6.0,3.0,5.0,4.0,,915,915.0,U,279,6256,Mujer,Preparatoria o bachillerato
127369,1403440.05,1403440.05.01,1403440.05.01.02,1403440,5,1,B,14,JALISCO,39,GUADALAJARA,2,2,1,40,1.0,6.0,3.0,1.0,,2.0,915,915.0,U,279,6256,Hombre,Preparatoria o bachillerato
127370,1403440.05,1403440.05.01,1403440.05.01.03,1403440,5,1,B,14,JALISCO,39,GUADALAJARA,3,3,1,4,,1.0,1.0,,,,915,915.0,U,279,6256,Hombre,Preescolar
127371,1403440.05,1403440.05.01,1403440.05.01.04,1403440,5,1,B,14,JALISCO,39,GUADALAJARA,4,3,2,1,,,,,,,915,915.0,U,279,6256,Mujer,No especificado
127372,1403454.01,1403454.01.01,1403454.01.01.01,1403454,1,1,B,14,JALISCO,39,GUADALAJARA,1,1,1,34,1.0,8.0,5.0,1.0,,2.0,968,968.0,U,281,6467,Hombre,Licenciatura
127373,1403454.01,1403454.01.01,1403454.01.01.02,1403454,1,1,B,14,JALISCO,39,GUADALAJARA,2,5,2,45,2.0,6.0,3.0,1.0,,2.0,968,968.0,U,281,6467,Mujer,Preparatoria o bachillerato
127374,1403454.03,1403454.03.01,1403454.03.01.01,1403454,3,1,A,14,JALISCO,39,GUADALAJARA,1,1,1,39,1.0,6.0,3.0,1.0,,3.0,968,968.0,U,281,6467,Hombre,Preparatoria o bachillerato
127375,1403454.03,1403454.03.01,1403454.03.01.02,1403454,3,1,A,14,JALISCO,39,GUADALAJARA,2,2,2,34,2.0,8.0,5.0,1.0,,2.0,968,968.0,U,281,6467,Mujer,Licenciatura
127376,1403454.05,1403454.05.01,1403454.05.01.01,1403454,5,1,A,14,JALISCO,39,GUADALAJARA,1,1,2,39,1.0,9.0,5.0,1.0,,2.0,968,968.0,U,281,6467,Mujer,Posgrado (Maestría/Doctorado)
127377,1403475.01,1403475.01.01,1403475.01.01.01,1403475,1,1,A,14,JALISCO,39,GUADALAJARA,1,1,1,36,2.0,6.0,3.0,1.0,,2.0,974,974.0,U,280,6334,Hombre,Preparatoria o bachillerato
127378,1403475.01,1403475.01.01,1403475.01.01.02,1403475,1,1,A,14,JALISCO,39,GUADALAJARA,2,2,2,37,1.0,6.0,3.0,1.0,,2.0,974,974.0,U,280,6334,Mujer,Preparatoria o bachillerato
127379,1403475.01,1403475.01.01,1403475.01.01.03,1403475,1,1,A,14,JALISCO,39,GUADALAJARA,3,3,1,17,,6.0,2.0,,,,974,974.0,U,280,6334,Hombre,Preparatoria o bachillerato
127380,1403475.01,1403475.01.01,1403475.01.01.04,1403475,1,1,A,14,JALISCO,39,GUADALAJARA,4,3,2,11,,2.0,5.0,,,,974,974.0,U,280,6334,Mujer,Primaria
127381,1403475.01,1403475.01.01,1403475.01.01.05,1403475,1,1,A,14,JALISCO,39,GUADALAJARA,5,3,1,3,,0.0,0.0,,,,974,974.0,U,280,6334,Hombre,Sin escolaridad
127382,1403475.03,1403475.03.01,1403475.03.01.01,1403475,3,1,A,14,JALISCO,39,GUADALAJARA,1,1,2,54,2.0,3.0,3.0,1.0,,2.0,974,974.0,U,280,6334,Mujer,Secundaria
127383,1403475.03,1403475.03.01,1403475.03.01.02,1403475,3,1,A,14,JALISCO,39,GUADALAJARA,2,3,2,32,1.0,3.0,3.0,5.0,4.0,,974,974.0,U,280,6334,Mujer,Secundaria
127384,1403475.03,1403475.03.01,1403475.03.01.03,1403475,3,1,A,14,JALISCO,39,GUADALAJARA,3,3,2,21,2.0,8.0,2.0,4.0,3.0,2.0,974,974.0,U,280,6334,Mujer,Licenciatura
127385,1403475.04,1403475.04.01,1403475.04.01.01,1403475,4,1,B,14,JALISCO,39,GUADALAJARA,1,1,1,36,2.0,8.0,5.0,1.0,,2.0,974,974.0,U,280,6334,Hombre,Licenciatura
127386,1403475.04,1403475.04.01,1403475.04.01.02,1403475,4,1,B,14,JALISCO,39,GUADALAJARA,2,2,2,35,1.0,8.0,5.0,1.0,,2.0,974,974.0,U,280,6334,Mujer,Licenciatura
127387,1403475.05,1403475.05.01,1403475.05.01.01,1403475,5,1,A,14,JALISCO,39,GUADALAJARA,1,1,1,27,2.0,8.0,5.0,1.0,,2.0,974,974.0,U,280,6334,Hombre,Licenciatura
127388,1403475.05,1403475.05.01,1403475.05.01.02,1403475,5,1,A,14,JALISCO,39,GUADALAJARA,2,5,1,30,1.0,8.0,5.0,1.0,,2.0,974,974.0,U,280,6334,Hombre,Licenciatura
127389,1403518.01,1403518.01.01,1403518.01.01.01,1403518,1,1,B,14,JALISCO,39,GUADALAJARA,1,1,1,30,1.0,8.0,5.0,1.0,,2.0,1070,1070.0,U,281,6440,Hombre,Licenciatura
127390,1403518.01,1403518.01.01,1403518.01.01.02,1403518,1,1,B,14,JALISCO,39,GUADALAJARA,2,2,2,28,2.0,6.0,3.0,1.0,,2.0,1070,1070.0,U,281,6440,Mujer,Preparatoria o bachillerato
127391,1403518.02,1403518.02.01,1403518.02.01.01,1403518,2,1,B,14,JALISCO,39,GUADALAJARA,1,1,2,59,1.0,8.0,5.0,1.0,,3.0,1070,1070.0,U,281,6440,Mujer,Licenciatura
127392,1403518.02,1403518.02.01,1403518.02.01.02,1403518,2,1,B,14,JALISCO,39,GUADALAJARA,2,3,1,30,2.0,8.0,5.0,1.0,,2.0,1070,1070.0,U,281,6440,Hombre,Licenciatura
127393,1403518.05,1403518.05.01,1403518.05.01.01,1403518,5,1,B,14,JALISCO,39,GUADALAJARA,1,1,1,73,1.0,2.0,6.0,8.0,4.0,,1070,1070.0,U,281,6440,Hombre,Primaria
127394,1403555.02,1403555.02.01,1403555.02.01.01,1403555,2,1,B,14,JALISCO,39,GUADALAJARA,1,1,2,69,2.0,8.0,5.0,5.0,4.0,,1109,1109.0,U,281,6422,Mujer,Licenciatura
127395,1403555.02,1403555.02.01,1403555.02.01.02,1403555,2,1,B,14,JALISCO,39,GUADALAJARA,2,3,1,40,1.0,8.0,5.0,1.0,,2.0,1109,1109.0,U,281,6422,Hombre,Licenciatura
127396,1403555.02,1403555.02.01,1403555.02.01.03,1403555,2,1,B,14,JALISCO,39,GUADALAJARA,3,5,1,21,2.0,6.0,3.0,1.0,,2.0,1109,1109.0,U,281,6422,Hombre,Preparatoria o bachillerato
127397,1403555.02,1403555.02.01,1403555.02.01.04,1403555,2,1,B,14,JALISCO,39,GUADALAJARA,4,5,1,11,,2.0,4.0,,,,1109,1109.0,U,281,6422,Hombre,Primaria
127398,1403555.04,1403555.04.01,1403555.04.01.01,1403555,4,1,B,14,JALISCO,39,GUADALAJARA,1,1,1,77,1.0,8.0,5.0,6.0,4.0,,1109,1109.0,U,281,6422,Hombre,Licenciatura
127399,1403555.04,1403555.04.01,1403555.04.01.02,1403555,4,1,B,14,JALISCO,39,GUADALAJARA,2,2,2,67,2.0,3.0,3.0,5.0,4.0,,1109,1109.0,U,281,6422,Mujer,Secundaria
127400,1403582.01,1403582.01.01,1403582.01.01.01,1403582,1,1,A,14,JALISCO,39,GUADALAJARA,1,1,2,72,1.0,3.0,3.0,8.0,4.0,,1000,1000.0,U,281,6461,Mujer,Secundaria
127401,1403582.02,1403582.02.01,1403582.02.01.01,1403582,2,1,A,14,JALISCO,39,GUADALAJARA,1,1,2,73,1.0,8.0,5.0,6.0,4.0,,1000,1000.0,U,281,6461,Mujer,Licenciatura
127402,1403582.02,1403582.02.01,1403582.02.01.02,1403582,2,1,A,14,JALISCO,39,GUADALAJARA,2,5,1,32,2.0,8.0,5.0,1.0,,2.0,1000,1000.0,U,281,6461,Hombre,Licenciatura
127403,1403582.02,1403582.02.01,1403582.02.01.03,1403582,2,1,A,14,JALISCO,39,GUADALAJARA,3,5,2,23,2.0,8.0,5.0,1.0,,2.0,1000,1000.0,U,281,6461,Mujer,Licenciatura
127404,1403582.03,1403582.03.01,1403582.03.01.01,1403582,3,1,B,14,JALISCO,39,GUADALAJARA,1,1,2,34,1.0,3.0,3.0,1.0,,3.0,1000,1000.0,U,281,6461,Mujer,Secundaria
127405,1403582.03,1403582.03.01,1403582.03.01.02,1403582,3,1,B,14,JALISCO,39,GUADALAJARA,2,3,1,3,,0.0,0.0,,,,1000,1000.0,U,281,6461,Hombre,Sin escolaridad
127406,1403582.03,1403582.03.01,1403582.03.01.03,1403582,3,1,B,14,JALISCO,39,GUADALAJARA,3,3,2,16,,3.0,3.0,,,,1000,1000.0,U,281,6461,Mujer,Secundaria
127407,1403582.04,1403582.04.01,1403582.04.01.01,1403582,4,1,A,14,JALISCO,39,GUADALAJARA,1,1,1,64,2.0,8.0,5.0,1.0,,3.0,1000,1000.0,U,281,6461,Hombre,Licenciatura
127408,1403582.04,1403582.04.01,1403582.04.01.02,1403582,4,1,A,14,JALISCO,39,GUADALAJARA,2,2,2,62,2.0,7.0,3.0,6.0,4.0,,1000,1000.0,U,281,6461,Mujer,Carrera técnica con preparatoria
127409,1403582.04,1403582.04.01,1403582.04.01.03,1403582,4,1,A,14,JALISCO,39,GUADALAJARA,3,3,2,24,1.0,8.0,5.0,1.0,,2.0,1000,1000.0,U,281,6461,Mujer,Licenciatura
127410,1403619.01,1403619.01.01,1403619.01.01.01,1403619,1,1,B,14,JALISCO,39,GUADALAJARA,1,1,1,63,2.0,8.0,5.0,1.0,,4.0,1018,1018.0,U,279,6228,Hombre,Licenciatura
127411,1403619.01,1403619.01.01,1403619.01.01.02,1403619,1,1,B,14,JALISCO,39,GUADALAJARA,2,2,2,46,2.0,3.0,3.0,1.0,,2.0,1018,1018.0,U,279,6228,Mujer,Secundaria
127412,1403619.01,1403619.01.01,1403619.01.01.03,1403619,1,1,B,14,JALISCO,39,GUADALAJARA,3,3,2,26,2.0,3.0,3.0,1.0,,2.0,1018,1018.0,U,279,6228,Mujer,Secundaria
127413,1403619.01,1403619.01.01,1403619.01.01.04,1403619,1,1,B,14,JALISCO,39,GUADALAJARA,4,3,2,23,1.0,8.0,5.0,1.0,,2.0,1018,1018.0,U,279,6228,Mujer,Licenciatura
127414,1403619.01,1403619.01.01,1403619.01.01.05,1403619,1,1,B,14,JALISCO,39,GUADALAJARA,5,5,2,8,,2.0,2.0,,,,1018,1018.0,U,279,6228,Mujer,Primaria
127415,1403619.02,1403619.02.01,1403619.02.01.01,1403619,2,1,A,14,JALISCO,39,GUADALAJARA,1,1,1,70,2.0,8.0,5.0,6.0,4.0,,1018,1018.0,U,279,6228,Hombre,Licenciatura
127416,1403619.02,1403619.02.01,1403619.02.01.02,1403619,2,1,A,14,JALISCO,39,GUADALAJARA,2,2,2,62,2.0,3.0,3.0,5.0,1.0,3.0,1018,1018.0,U,279,6228,Mujer,Secundaria
127417,1403619.02,1403619.02.01,1403619.02.01.03,1403619,2,1,A,14,JALISCO,39,GUADALAJARA,3,3,1,26,1.0,8.0,5.0,4.0,2.0,3.0,1018,1018.0,U,279,6228,Hombre,Licenciatura
127418,1403619.03,1403619.03.01,1403619.03.01.01,1403619,3,1,B,14,JALISCO,39,GUADALAJARA,1,1,1,58,1.0,4.0,3.0,1.0,,2.0,1018,1018.0,U,279,6228,Hombre,Carrera técnica con secundaria
127419,1403619.04,1403619.04.01,1403619.04.01.01,1403619,4,1,B,14,JALISCO,39,GUADALAJARA,1,1,1,51,1.0,3.0,3.0,1.0,,3.0,1018,1018.0,U,279,6228,Hombre,Secundaria
127420,1403619.04,1403619.04.01,1403619.04.01.02,1403619,4,1,B,14,JALISCO,39,GUADALAJARA,2,2,2,46,2.0,2.0,6.0,1.0,,2.0,1018,1018.0,U,279,6228,Mujer,Primaria
127421,1403619.04,1403619.04.01,1403619.04.01.03,1403619,4,1,B,14,JALISCO,39,GUADALAJARA,3,3,2,16,,3.0,2.0,,,,1018,1018.0,U,279,6228,Mujer,Secundaria
127422,1403619.04,1403619.04.01,1403619.04.01.04,1403619,4,1,B,14,JALISCO,39,GUADALAJARA,4,3,2,9,,2.0,2.0,,,,1018,1018.0,U,279,6228,Mujer,Primaria
127423,1403619.05,1403619.05.01,1403619.05.01.01,1403619,5,1,A,14,JALISCO,39,GUADALAJARA,1,1,1,51,1.0,3.0,3.0,1.0,,3.0,1018,1018.0,U,279,6228,Hombre,Secundaria
127424,1403619.05,1403619.05.01,1403619.05.01.02,1403619,5,1,A,14,JALISCO,39,GUADALAJARA,2,2,2,48,2.0,4.0,3.0,1.0,,2.0,1018,1018.0,U,279,6228,Mujer,Carrera técnica con secundaria
127425,1403619.05,1403619.05.01,1403619.05.01.03,1403619,5,1,A,14,JALISCO,39,GUADALAJARA,3,3,1,25,2.0,6.0,3.0,1.0,,2.0,1018,1018.0,U,279,6228,Hombre,Preparatoria o bachillerato
127426,1403657.01,1403657.01.01,1403657.01.01.01,1403657,1,1,B,14,JALISCO,39,GUADALAJARA,1,1,1,84,1.0,0.0,0.0,6.0,4.0,,907,907.0,U,280,6367,Hombre,Sin escolaridad
127427,1403657.01,1403657.01.01,1403657.01.01.02,1403657,1,1,B,14,JALISCO,39,GUADALAJARA,2,2,2,75,2.0,3.0,3.0,5.0,4.0,,907,907.0,U,280,6367,Mujer,Secundaria
127428,1403657.01,1403657.01.01,1403657.01.01.03,1403657,1,1,B,14,JALISCO,39,GUADALAJARA,3,5,1,22,2.0,8.0,4.0,4.0,4.0,,907,907.0,U,280,6367,Hombre,Licenciatura
127429,1403657.01,1403657.01.01,1403657.01.01.04,1403657,1,1,B,14,JALISCO,39,GUADALAJARA,4,5,1,17,,3.0,2.0,,,,907,907.0,U,280,6367,Hombre,Secundaria
127430,1403657.02,1403657.02.01,1403657.02.01.01,1403657,2,1,B,14,JALISCO,39,GUADALAJARA,1,1,1,59,2.0,8.0,4.0,1.0,,2.0,907,907.0,U,280,6367,Hombre,Licenciatura
127431,1403657.02,1403657.02.01,1403657.02.01.02,1403657,2,1,B,14,JALISCO,39,GUADALAJARA,2,5,1,28,2.0,8.0,5.0,1.0,,2.0,907,907.0,U,280,6367,Hombre,Licenciatura
127432,1403657.02,1403657.02.01,1403657.02.01.03,1403657,2,1,B,14,JALISCO,39,GUADALAJARA,3,5,2,67,2.0,8.0,5.0,1.0,,3.0,907,907.0,U,280,6367,Mujer,Licenciatura
127433,1403657.02,1403657.02.01,1403657.02.01.04,1403657,2,1,B,14,JALISCO,39,GUADALAJARA,4,5,2,65,2.0,8.0,5.0,1.0,,3.0,907,907.0,U,280,6367,Mujer,Licenciatura
127434,1403657.02,1403657.02.01,1403657.02.01.05,1403657,2,1,B,14,JALISCO,39,GUADALAJARA,5,5,1,71,1.0,6.0,2.0,6.0,4.0,,907,907.0,U,280,6367,Hombre,Preparatoria o bachillerato
127435,1403657.02,1403657.02.01,1403657.02.01.06,1403657,2,1,B,14,JALISCO,39,GUADALAJARA,6,5,2,70,2.0,99.0,9.0,5.0,4.0,,907,907.0,U,280,6367,Mujer,No especificado
127436,1403657.03,1403657.03.01,1403657.03.01.01,1403657,3,1,B,14,JALISCO,39,GUADALAJARA,1,1,2,75,2.0,2.0,6.0,5.0,4.0,,907,907.0,U,280,6367,Mujer,Primaria
127437,1403657.03,1403657.03.01,1403657.03.01.02,1403657,3,1,B,14,JALISCO,39,GUADALAJARA,2,2,1,33,2.0,8.0,5.0,1.0,,2.0,907,907.0,U,280,6367,Hombre,Licenciatura
127438,1403657.03,1403657.03.01,1403657.03.01.03,1403657,3,1,B,14,JALISCO,39,GUADALAJARA,3,3,2,43,1.0,8.0,5.0,4.0,2.0,2.0,907,907.0,U,280,6367,Mujer,Licenciatura
127439,1403657.03,1403657.03.01,1403657.03.01.04,1403657,3,1,B,14,JALISCO,39,GUADALAJARA,4,5,2,17,,6.0,2.0,,,,907,907.0,U,280,6367,Mujer,Preparatoria o bachillerato
127440,1403657.03,1403657.03.01,1403657.03.01.05,1403657,3,1,B,14,JALISCO,39,GUADALAJARA,5,5,2,11,,2.0,5.0,,,,907,907.0,U,280,6367,Mujer,Primaria
127441,1403700.01,1403700.01.01,1403700.01.01.01,1403700,1,1,A,14,JALISCO,39,GUADALAJARA,1,1,1,34,2.0,8.0,5.0,1.0,,2.0,1133,1133.0,U,281,6414,Hombre,Licenciatura
127442,1403700.01,1403700.01.01,1403700.01.01.02,1403700,1,1,A,14,JALISCO,39,GUADALAJARA,2,2,2,36,1.0,6.0,3.0,1.0,,2.0,1133,1133.0,U,281,6414,Mujer,Preparatoria o bachillerato
127443,1403700.01,1403700.01.01,1403700.01.01.03,1403700,1,1,A,14,JALISCO,39,GUADALAJARA,3,3,2,15,,3.0,3.0,,,,1133,1133.0,U,281,6414,Mujer,Secundaria
127444,1403700.01,1403700.01.01,1403700.01.01.04,1403700,1,1,A,14,JALISCO,39,GUADALAJARA,4,3,2,3,,0.0,0.0,,,,1133,1133.0,U,281,6414,Mujer,Sin escolaridad
127445,1403700.02,1403700.02.01,1403700.02.01.01,1403700,2,1,B,14,JALISCO,39,GUADALAJARA,1,1,1,47,2.0,8.0,5.0,1.0,,2.0,1133,1133.0,U,281,6414,Hombre,Licenciatura
127446,1403700.02,1403700.02.01,1403700.02.01.02,1403700,2,1,B,14,JALISCO,39,GUADALAJARA,2,2,2,39,1.0,9.0,5.0,1.0,,2.0,1133,1133.0,U,281,6414,Mujer,Posgrado (Maestría/Doctorado)
127447,1403700.02,1403700.02.01,1403700.02.01.03,1403700,2,1,B,14,JALISCO,39,GUADALAJARA,3,3,2,11,,2.0,5.0,,,,1133,1133.0,U,281,6414,Mujer,Primaria
127448,1403700.02,1403700.02.01,1403700.02.01.04,1403700,2,1,B,14,JALISCO,39,GUADALAJARA,4,3,1,9,,2.0,3.0,,,,1133,1133.0,U,281,6414,Hombre,Primaria
127449,1403700.02,1403700.02.01,1403700.02.01.05,1403700,2,1,B,14,JALISCO,39,GUADALAJARA,5,3,2,8,,2.0,1.0,,,,1133,1133.0,U,281,6414,Mujer,Primaria
127450,1403700.04,1403700.04.01,1403700.04.01.01,1403700,4,1,B,14,JALISCO,39,GUADALAJARA,1,1,2,55,1.0,8.0,5.0,1.0,,2.0,1133,1133.0,U,281,6414,Mujer,Licenciatura
127451,1403700.05,1403700.05.01,1403700.05.01.01,1403700,5,1,B,14,JALISCO,39,GUADALAJARA,1,1,1,60,2.0,3.0,3.0,1.0,,3.0,1133,1133.0,U,281,6414,Hombre,Secundaria
127452,1403700.05,1403700.05.01,1403700.05.01.02,1403700,5,1,B,14,JALISCO,39,GUADALAJARA,2,2,2,60,1.0,3.0,3.0,5.0,1.0,3.0,1133,1133.0,U,281,6414,Mujer,Secundaria
127453,1403700.05,1403700.05.01,1403700.05.01.03,1403700,5,1,B,14,JALISCO,39,GUADALAJARA,3,3,1,29,2.0,8.0,5.0,1.0,,3.0,1133,1133.0,U,281,6414,Hombre,Licenciatura
127454,1403700.05,1403700.05.01,1403700.05.01.04,1403700,5,1,B,14,JALISCO,39,GUADALAJARA,4,3,2,25,2.0,8.0,5.0,1.0,,2.0,1133,1133.0,U,281,6414,Mujer,Licenciatura
127455,1403741.01,1403741.01.01,1403741.01.01.01,1403741,1,1,A,14,JALISCO,39,GUADALAJARA,1,1,1,58,2.0,6.0,3.0,1.0,,2.0,978,978.0,U,280,6332,Hombre,Preparatoria o bachillerato
127456,1403741.01,1403741.01.01,1403741.01.01.02,1403741,1,1,A,14,JALISCO,39,GUADALAJARA,2,2,2,49,2.0,3.0,3.0,1.0,,4.0,978,978.0,U,280,6332,Mujer,Secundaria
127457,1403741.01,1403741.01.01,1403741.01.01.03,1403741,1,1,A,14,JALISCO,39,GUADALAJARA,3,3,2,31,1.0,8.0,5.0,1.0,,2.0,978,978.0,U,280,6332,Mujer,Licenciatura
127458,1403741.01,1403741.01.01,1403741.01.01.04,1403741,1,1,A,14,JALISCO,39,GUADALAJARA,4,3,1,26,2.0,8.0,2.0,1.0,,2.0,978,978.0,U,280,6332,Hombre,Licenciatura
127459,1403741.02,1403741.02.01,1403741.02.01.01,1403741,2,1,B,14,JALISCO,39,GUADALAJARA,1,1,1,54,1.0,6.0,3.0,1.0,,3.0,978,978.0,U,280,6332,Hombre,Preparatoria o bachillerato
127460,1403741.02,1403741.02.01,1403741.02.01.02,1403741,2,1,B,14,JALISCO,39,GUADALAJARA,2,5,1,65,2.0,6.0,3.0,1.0,,2.0,978,978.0,U,280,6332,Hombre,Preparatoria o bachillerato
127461,1403741.02,1403741.02.02,1403741.02.02.01,1403741,2,2,A,14,JALISCO,39,GUADALAJARA,1,1,1,20,1.0,6.0,3.0,3.0,4.0,,978,978.0,U,280,6332,Hombre,Preparatoria o bachillerato
127462,1403741.03,1403741.03.01,1403741.03.01.01,1403741,3,1,B,14,JALISCO,39,GUADALAJARA,1,1,2,79,1.0,2.0,6.0,5.0,4.0,,978,978.0,U,280,6332,Mujer,Primaria
127463,1403741.03,1403741.03.01,1403741.03.01.02,1403741,3,1,B,14,JALISCO,39,GUADALAJARA,2,3,1,47,2.0,3.0,3.0,1.0,,2.0,978,978.0,U,280,6332,Hombre,Secundaria
127464,1403741.03,1403741.03.01,1403741.03.01.03,1403741,3,1,B,14,JALISCO,39,GUADALAJARA,3,3,2,44,2.0,3.0,3.0,7.0,,,978,978.0,U,280,6332,Mujer,Secundaria
127465,1403741.03,1403741.03.01,1403741.03.01.04,1403741,3,1,B,14,JALISCO,39,GUADALAJARA,4,5,1,16,,3.0,3.0,,,,978,978.0,U,280,6332,Hombre,Secundaria
127466,1403741.03,1403741.03.01,1403741.03.01.05,1403741,3,1,B,14,JALISCO,39,GUADALAJARA,5,5,2,5,,1.0,1.0,,,,978,978.0,U,280,6332,Mujer,Preescolar
127467,1403741.03,1403741.03.01,1403741.03.01.06,1403741,3,1,B,14,JALISCO,39,GUADALAJARA,6,5,2,2,,,,,,,978,978.0,U,280,6332,Mujer,No especificado
127468,1403741.04,1403741.04.01,1403741.04.01.01,1403741,4,1,B,14,JALISCO,39,GUADALAJARA,1,1,1,48,1.0,3.0,3.0,1.0,,2.0,978,978.0,U,280,6332,Hombre,Secundaria
127469,1403741.04,1403741.04.01,1403741.04.01.02,1403741,4,1,B,14,JALISCO,39,GUADALAJARA,2,4,2,70,2.0,2.0,6.0,5.0,1.0,3.0,978,978.0,U,280,6332,Mujer,Primaria
127470,1403741.04,1403741.04.01,1403741.04.01.03,1403741,4,1,B,14,JALISCO,39,GUADALAJARA,3,2,2,43,2.0,8.0,5.0,1.0,,2.0,978,978.0,U,280,6332,Mujer,Licenciatura
127471,1403741.04,1403741.04.01,1403741.04.01.04,1403741,4,1,B,14,JALISCO,39,GUADALAJARA,4,3,1,14,,3.0,2.0,,,,978,978.0,U,280,6332,Hombre,Secundaria
127472,1403741.04,1403741.04.01,1403741.04.01.05,1403741,4,1,B,14,JALISCO,39,GUADALAJARA,5,3,2,17,,6.0,1.0,,,,978,978.0,U,280,6332,Mujer,Preparatoria o bachillerato
127473,1403741.05,1403741.05.01,1403741.05.01.01,1403741,5,1,B,14,JALISCO,39,GUADALAJARA,1,1,1,79,1.0,6.0,1.0,6.0,4.0,,978,978.0,U,280,6332,Hombre,Preparatoria o bachillerato
127474,1403741.05,1403741.05.01,1403741.05.01.02,1403741,5,1,B,14,JALISCO,39,GUADALAJARA,2,2,2,75,2.0,2.0,6.0,5.0,4.0,,978,978.0,U,280,6332,Mujer,Primaria
127475,1403742.01,1403742.01.01,1403742.01.01.01,1403742,1,1,A,14,JALISCO,39,GUADALAJARA,1,1,2,70,2.0,2.0,5.0,5.0,1.0,3.0,1001,1001.0,U,279,6234,Mujer,Primaria
127476,1403742.01,1403742.01.01,1403742.01.01.02,1403742,1,1,A,14,JALISCO,39,GUADALAJARA,2,3,1,40,2.0,6.0,1.0,1.0,,3.0,1001,1001.0,U,279,6234,Hombre,Preparatoria o bachillerato
127477,1403742.01,1403742.01.01,1403742.01.01.03,1403742,1,1,A,14,JALISCO,39,GUADALAJARA,3,3,2,39,1.0,6.0,3.0,5.0,4.0,,1001,1001.0,U,279,6234,Mujer,Preparatoria o bachillerato
127478,1403742.01,1403742.01.01,1403742.01.01.04,1403742,1,1,A,14,JALISCO,39,GUADALAJARA,4,3,1,35,2.0,3.0,3.0,2.0,,2.0,1001,1001.0,U,279,6234,Hombre,Secundaria
127479,1403742.01,1403742.01.01,1403742.01.01.05,1403742,1,1,A,14,JALISCO,39,GUADALAJARA,5,5,2,39,2.0,6.0,3.0,1.0,,2.0,1001,1001.0,U,279,6234,Mujer,Preparatoria o bachillerato
127480,1403742.01,1403742.01.01,1403742.01.01.06,1403742,1,1,A,14,JALISCO,39,GUADALAJARA,6,5,1,35,2.0,2.0,6.0,1.0,,2.0,1001,1001.0,U,279,6234,Hombre,Primaria
127481,1403742.01,1403742.01.01,1403742.01.01.07,1403742,1,1,A,14,JALISCO,39,GUADALAJARA,7,5,2,3,,0.0,0.0,,,,1001,1001.0,U,279,6234,Mujer,Sin escolaridad
127482,1403742.01,1403742.01.01,1403742.01.01.08,1403742,1,1,A,14,JALISCO,39,GUADALAJARA,8,5,1,1,,,,,,,1001,1001.0,U,279,6234,Hombre,No especificado
127483,1403742.02,1403742.02.01,1403742.02.01.01,1403742,2,1,B,14,JALISCO,39,GUADALAJARA,1,1,1,26,2.0,6.0,3.0,1.0,,3.0,1001,1001.0,U,279,6234,Hombre,Preparatoria o bachillerato
127484,1403742.02,1403742.02.01,1403742.02.01.02,1403742,2,1,B,14,JALISCO,39,GUADALAJARA,2,2,2,31,1.0,6.0,3.0,5.0,4.0,,1001,1001.0,U,279,6234,Mujer,Preparatoria o bachillerato
127485,1403742.03,1403742.03.01,1403742.03.01.01,1403742,3,1,A,14,JALISCO,39,GUADALAJARA,1,1,1,31,1.0,8.0,3.0,1.0,,2.0,1001,1001.0,U,279,6234,Hombre,Licenciatura
127486,1403742.03,1403742.03.01,1403742.03.01.02,1403742,3,1,A,14,JALISCO,39,GUADALAJARA,2,5,2,20,2.0,6.0,3.0,1.0,,2.0,1001,1001.0,U,279,6234,Mujer,Preparatoria o bachillerato
127487,1403742.03,1403742.03.01,1403742.03.01.03,1403742,3,1,A,14,JALISCO,39,GUADALAJARA,3,5,2,21,2.0,6.0,3.0,5.0,1.0,3.0,1001,1001.0,U,279,6234,Mujer,Preparatoria o bachillerato
127488,1403742.04,1403742.04.01,1403742.04.01.01,1403742,4,1,B,14,JALISCO,39,GUADALAJARA,1,1,2,84,2.0,3.0,3.0,5.0,4.0,,1001,1001.0,U,279,6234,Mujer,Secundaria
127489,1403742.04,1403742.04.01,1403742.04.01.02,1403742,4,1,B,14,JALISCO,39,GUADALAJARA,2,3,2,57,1.0,3.0,3.0,1.0,,2.0,1001,1001.0,U,279,6234,Mujer,Secundaria
127490,1403742.05,1403742.05.01,1403742.05.01.01,1403742,5,1,B,14,JALISCO,39,GUADALAJARA,1,1,1,31,2.0,3.0,3.0,1.0,,2.0,1001,1001.0,U,279,6234,Hombre,Secundaria
127491,1403742.05,1403742.05.01,1403742.05.01.02,1403742,5,1,B,14,JALISCO,39,GUADALAJARA,2,2,2,37,1.0,3.0,3.0,1.0,,2.0,1001,1001.0,U,279,6234,Mujer,Secundaria
127492,1403742.05,1403742.05.01,1403742.05.01.03,1403742,5,1,B,14,JALISCO,39,GUADALAJARA,3,3,1,15,,3.0,3.0,,,,1001,1001.0,U,279,6234,Hombre,Secundaria
127493,1403742.05,1403742.05.01,1403742.05.01.04,1403742,5,1,B,14,JALISCO,39,GUADALAJARA,4,3,2,14,,3.0,1.0,,,,1001,1001.0,U,279,6234,Mujer,Secundaria
127494,1403742.05,1403742.05.01,1403742.05.01.05,1403742,5,1,B,14,JALISCO,39,GUADALAJARA,5,3,1,10,,2.0,3.0,,,,1001,1001.0,U,279,6234,Hombre,Primaria
127495,1403742.05,1403742.05.01,1403742.05.01.06,1403742,5,1,B,14,JALISCO,39,GUADALAJARA,6,3,1,3,,0.0,0.0,,,,1001,1001.0,U,279,6234,Hombre,Sin escolaridad
127496,1403761.01,1403761.01.01,1403761.01.01.01,1403761,1,1,B,14,JALISCO,39,GUADALAJARA,1,1,1,56,1.0,3.0,3.0,1.0,,3.0,964,964.0,U,280,6337,Hombre,Secundaria
127497,1403761.01,1403761.01.02,1403761.01.02.01,1403761,1,2,A,14,JALISCO,39,GUADALAJARA,1,1,2,25,1.0,3.0,3.0,1.0,,2.0,964,964.0,U,280,6337,Mujer,Secundaria
127498,1403761.01,1403761.01.02,1403761.01.02.02,1403761,1,2,A,14,JALISCO,39,GUADALAJARA,2,5,2,20,2.0,3.0,3.0,1.0,,2.0,964,964.0,U,280,6337,Mujer,Secundaria
127499,1403761.01,1403761.01.02,1403761.01.02.03,1403761,1,2,A,14,JALISCO,39,GUADALAJARA,3,3,2,5,,1.0,2.0,,,,964,964.0,U,280,6337,Mujer,Preescolar
127500,1403761.03,1403761.03.01,1403761.03.01.01,1403761,3,1,B,14,JALISCO,39,GUADALAJARA,1,1,1,43,2.0,6.0,3.0,1.0,,2.0,964,964.0,U,280,6337,Hombre,Preparatoria o bachillerato
127501,1403761.03,1403761.03.01,1403761.03.01.02,1403761,3,1,B,14,JALISCO,39,GUADALAJARA,2,2,2,37,1.0,6.0,3.0,5.0,2.0,3.0,964,964.0,U,280,6337,Mujer,Preparatoria o bachillerato
127502,1403761.03,1403761.03.01,1403761.03.01.03,1403761,3,1,B,14,JALISCO,39,GUADALAJARA,3,3,2,11,,2.0,5.0,,,,964,964.0,U,280,6337,Mujer,Primaria
127503,1403761.04,1403761.04.01,1403761.04.01.01,1403761,4,1,B,14,JALISCO,39,GUADALAJARA,1,1,1,74,2.0,3.0,3.0,6.0,4.0,,964,964.0,U,280,6337,Hombre,Secundaria
127504,1403761.04,1403761.04.01,1403761.04.01.02,1403761,4,1,B,14,JALISCO,39,GUADALAJARA,2,2,2,71,1.0,3.0,3.0,5.0,4.0,,964,964.0,U,280,6337,Mujer,Secundaria
127505,1403761.04,1403761.04.01,1403761.04.01.03,1403761,4,1,B,14,JALISCO,39,GUADALAJARA,3,5,2,77,2.0,2.0,6.0,7.0,,,964,964.0,U,280,6337,Mujer,Primaria
127506,1403761.04,1403761.04.01,1403761.04.01.04,1403761,4,1,B,14,JALISCO,39,GUADALAJARA,4,3,1,26,2.0,8.0,2.0,1.0,,2.0,964,964.0,U,280,6337,Hombre,Licenciatura
127507,1403761.05,1403761.05.01,1403761.05.01.01,1403761,5,1,A,14,JALISCO,39,GUADALAJARA,1,1,1,54,2.0,8.0,5.0,1.0,,3.0,964,964.0,U,280,6337,Hombre,Licenciatura
127508,1403761.05,1403761.05.01,1403761.05.01.02,1403761,5,1,A,14,JALISCO,39,GUADALAJARA,2,2,2,55,2.0,6.0,3.0,5.0,3.0,5.0,964,964.0,U,280,6337,Mujer,Preparatoria o bachillerato
127509,1403761.05,1403761.05.01,1403761.05.01.03,1403761,5,1,A,14,JALISCO,39,GUADALAJARA,3,3,2,21,1.0,8.0,2.0,4.0,4.0,,964,964.0,U,280,6337,Mujer,Licenciatura
127510,1403774.01,1403774.01.01,1403774.01.01.01,1403774,1,1,B,14,JALISCO,39,GUADALAJARA,1,1,1,56,2.0,6.0,3.0,1.0,,2.0,959,959.0,U,279,6247,Hombre,Preparatoria o bachillerato
127511,1403774.01,1403774.01.01,1403774.01.01.02,1403774,1,1,B,14,JALISCO,39,GUADALAJARA,2,2,2,46,2.0,9.0,3.0,1.0,,2.0,959,959.0,U,279,6247,Mujer,Posgrado (Maestría/Doctorado)
127512,1403774.01,1403774.01.01,1403774.01.01.03,1403774,1,1,B,14,JALISCO,39,GUADALAJARA,3,3,2,26,1.0,6.0,3.0,2.0,,2.0,959,959.0,U,279,6247,Mujer,Preparatoria o bachillerato
127513,1403774.01,1403774.01.01,1403774.01.01.04,1403774,1,1,B,14,JALISCO,39,GUADALAJARA,4,3,1,19,2.0,8.0,2.0,4.0,4.0,,959,959.0,U,279,6247,Hombre,Licenciatura
127514,1403774.01,1403774.01.02,1403774.01.02.01,1403774,1,2,B,14,JALISCO,39,GUADALAJARA,1,1,2,79,2.0,2.0,2.0,5.0,4.0,,959,959.0,U,279,6247,Mujer,Primaria
127515,1403774.01,1403774.01.02,1403774.01.02.02,1403774,1,2,B,14,JALISCO,39,GUADALAJARA,2,3,1,52,1.0,8.0,2.0,3.0,4.0,,959,959.0,U,279,6247,Hombre,Licenciatura
127516,1403774.02,1403774.02.01,1403774.02.01.01,1403774,2,1,B,14,JALISCO,39,GUADALAJARA,1,1,1,32,1.0,2.0,6.0,1.0,,2.0,959,959.0,U,279,6247,Hombre,Primaria
127517,1403774.02,1403774.02.01,1403774.02.01.02,1403774,2,1,B,14,JALISCO,39,GUADALAJARA,2,2,2,31,2.0,3.0,3.0,1.0,,2.0,959,959.0,U,279,6247,Mujer,Secundaria
127518,1403774.02,1403774.02.01,1403774.02.01.03,1403774,2,1,B,14,JALISCO,39,GUADALAJARA,3,3,1,13,,2.0,5.0,,,,959,959.0,U,279,6247,Hombre,Primaria
127519,1403774.02,1403774.02.01,1403774.02.01.04,1403774,2,1,B,14,JALISCO,39,GUADALAJARA,4,3,1,13,,2.0,6.0,,,,959,959.0,U,279,6247,Hombre,Primaria
127520,1403774.03,1403774.03.01,1403774.03.01.01,1403774,3,1,B,14,JALISCO,39,GUADALAJARA,1,1,1,50,1.0,3.0,3.0,6.0,4.0,,959,959.0,U,279,6247,Hombre,Secundaria
127521,1403774.04,1403774.04.01,1403774.04.01.01,1403774,4,1,A,14,JALISCO,39,GUADALAJARA,1,1,1,36,2.0,8.0,5.0,1.0,,2.0,959,959.0,U,279,6247,Hombre,Licenciatura
127522,1403774.04,1403774.04.01,1403774.04.01.02,1403774,4,1,A,14,JALISCO,39,GUADALAJARA,2,2,2,31,1.0,6.0,3.0,5.0,4.0,,959,959.0,U,279,6247,Mujer,Preparatoria o bachillerato
127523,1403774.04,1403774.04.01,1403774.04.01.03,1403774,4,1,A,14,JALISCO,39,GUADALAJARA,3,3,1,11,,2.0,5.0,,,,959,959.0,U,279,6247,Hombre,Primaria
127524,1403774.04,1403774.04.01,1403774.04.01.04,1403774,4,1,A,14,JALISCO,39,GUADALAJARA,4,3,1,5,,1.0,1.0,,,,959,959.0,U,279,6247,Hombre,Preescolar
127525,1403774.04,1403774.04.01,1403774.04.01.05,1403774,4,1,A,14,JALISCO,39,GUADALAJARA,5,3,2,8,,2.0,2.0,,,,959,959.0,U,279,6247,Mujer,Primaria
127526,1403774.04,1403774.04.01,1403774.04.01.06,1403774,4,1,A,14,JALISCO,39,GUADALAJARA,6,3,2,1,,,,,,,959,959.0,U,279,6247,Mujer,No especificado
127527,1403774.05,1403774.05.01,1403774.05.01.01,1403774,5,1,B,14,JALISCO,39,GUADALAJARA,1,1,1,55,2.0,2.0,6.0,1.0,,3.0,959,959.0,U,279,6247,Hombre,Primaria
127528,1403774.05,1403774.05.01,1403774.05.01.02,1403774,5,1,B,14,JALISCO,39,GUADALAJARA,2,2,2,50,2.0,3.0,3.0,1.0,,3.0,959,959.0,U,279,6247,Mujer,Secundaria
127529,1403774.05,1403774.05.01,1403774.05.01.03,1403774,5,1,B,14,JALISCO,39,GUADALAJARA,3,3,2,23,1.0,3.0,3.0,5.0,4.0,,959,959.0,U,279,6247,Mujer,Secundaria
127530,1403774.05,1403774.05.01,1403774.05.01.04,1403774,5,1,B,14,JALISCO,39,GUADALAJARA,4,5,1,8,,2.0,1.0,,,,959,959.0,U,279,6247,Hombre,Primaria
127531,1403846.01,1403846.01.01,1403846.01.01.01,1403846,1,1,B,14,JALISCO,39,GUADALAJARA,1,1,1,76,2.0,9.0,5.0,6.0,4.0,,1199,1199.0,U,281,6397,Hombre,Posgrado (Maestría/Doctorado)
127532,1403846.01,1403846.01.01,1403846.01.01.02,1403846,1,1,B,14,JALISCO,39,GUADALAJARA,2,2,2,75,2.0,8.0,5.0,5.0,4.0,,1199,1199.0,U,281,6397,Mujer,Licenciatura
127533,1403846.01,1403846.01.01,1403846.01.01.03,1403846,1,1,B,14,JALISCO,39,GUADALAJARA,3,3,2,44,1.0,8.0,5.0,1.0,,2.0,1199,1199.0,U,281,6397,Mujer,Licenciatura
127534,1403846.02,1403846.02.01,1403846.02.01.01,1403846,2,1,A,14,JALISCO,39,GUADALAJARA,1,1,1,45,2.0,8.0,5.0,1.0,,3.0,1199,1199.0,U,281,6397,Hombre,Licenciatura
127535,1403846.02,1403846.02.01,1403846.02.01.02,1403846,2,1,A,14,JALISCO,39,GUADALAJARA,2,2,2,51,1.0,8.0,5.0,1.0,,2.0,1199,1199.0,U,281,6397,Mujer,Licenciatura
127536,1403846.02,1403846.02.01,1403846.02.01.03,1403846,2,1,A,14,JALISCO,39,GUADALAJARA,3,3,1,25,2.0,8.0,5.0,1.0,,2.0,1199,1199.0,U,281,6397,Hombre,Licenciatura
127537,1403846.02,1403846.02.01,1403846.02.01.04,1403846,2,1,A,14,JALISCO,39,GUADALAJARA,4,3,1,15,,6.0,1.0,,,,1199,1199.0,U,281,6397,Hombre,Preparatoria o bachillerato
127538,1403846.02,1403846.02.01,1403846.02.01.05,1403846,2,1,A,14,JALISCO,39,GUADALAJARA,5,3,1,10,,2.0,4.0,,,,1199,1199.0,U,281,6397,Hombre,Primaria
127539,1403846.02,1403846.02.01,1403846.02.01.06,1403846,2,1,A,14,JALISCO,39,GUADALAJARA,6,5,2,75,2.0,3.0,3.0,7.0,,,1199,1199.0,U,281,6397,Mujer,Secundaria
127540,1403846.03,1403846.03.01,1403846.03.01.01,1403846,3,1,B,14,JALISCO,39,GUADALAJARA,1,1,2,38,1.0,7.0,3.0,1.0,,2.0,1199,1199.0,U,281,6397,Mujer,Carrera técnica con preparatoria
127541,1403846.03,1403846.03.01,1403846.03.01.02,1403846,3,1,B,14,JALISCO,39,GUADALAJARA,2,3,1,10,,2.0,2.0,,,,1199,1199.0,U,281,6397,Hombre,Primaria
127542,1403846.03,1403846.03.01,1403846.03.01.03,1403846,3,1,B,14,JALISCO,39,GUADALAJARA,3,3,2,2,,,,,,,1199,1199.0,U,281,6397,Mujer,No especificado
127543,1403846.04,1403846.04.01,1403846.04.01.01,1403846,4,1,B,14,JALISCO,39,GUADALAJARA,1,1,1,37,2.0,6.0,3.0,1.0,,2.0,1199,1199.0,U,281,6397,Hombre,Preparatoria o bachillerato
127544,1403846.04,1403846.04.01,1403846.04.01.02,1403846,4,1,B,14,JALISCO,39,GUADALAJARA,2,2,2,42,1.0,8.0,5.0,5.0,4.0,,1199,1199.0,U,281,6397,Mujer,Licenciatura
127545,1403846.04,1403846.04.01,1403846.04.01.03,1403846,4,1,B,14,JALISCO,39,GUADALAJARA,3,3,2,12,,2.0,5.0,,,,1199,1199.0,U,281,6397,Mujer,Primaria
127546,1403846.04,1403846.04.01,1403846.04.01.04,1403846,4,1,B,14,JALISCO,39,GUADALAJARA,4,3,2,6,,1.0,3.0,,,,1199,1199.0,U,281,6397,Mujer,Preescolar
127547,1403846.05,1403846.05.01,1403846.05.01.01,1403846,5,1,A,14,JALISCO,39,GUADALAJARA,1,1,2,70,2.0,3.0,3.0,5.0,4.0,,1199,1199.0,U,281,6397,Mujer,Secundaria
127548,1403846.05,1403846.05.01,1403846.05.01.02,1403846,5,1,A,14,JALISCO,39,GUADALAJARA,2,3,1,47,2.0,8.0,5.0,1.0,,4.0,1199,1199.0,U,281,6397,Hombre,Licenciatura
127549,1403846.05,1403846.05.01,1403846.05.01.03,1403846,5,1,A,14,JALISCO,39,GUADALAJARA,3,3,2,44,1.0,8.0,5.0,1.0,,4.0,1199,1199.0,U,281,6397,Mujer,Licenciatura
127550,1403854.01,1403854.01.01,1403854.01.01.01,1403854,1,1,B,14,JALISCO,39,GUADALAJARA,1,1,2,47,1.0,2.0,6.0,1.0,,2.0,883,883.0,U,279,6261,Mujer,Primaria
127551,1403854.01,1403854.01.01,1403854.01.01.02,1403854,1,1,B,14,JALISCO,39,GUADALAJARA,2,3,2,17,,6.0,2.0,,,,883,883.0,U,279,6261,Mujer,Preparatoria o bachillerato
127552,1403854.02,1403854.02.01,1403854.02.01.01,1403854,2,1,A,14,JALISCO,39,GUADALAJARA,1,1,1,22,1.0,3.0,3.0,1.0,,3.0,883,883.0,U,279,6261,Hombre,Secundaria
127553,1403854.02,1403854.02.01,1403854.02.01.02,1403854,2,1,A,14,JALISCO,39,GUADALAJARA,2,5,1,21,2.0,7.0,3.0,1.0,,3.0,883,883.0,U,279,6261,Hombre,Carrera técnica con preparatoria
127554,1403854.02,1403854.02.01,1403854.02.01.03,1403854,2,1,A,14,JALISCO,39,GUADALAJARA,3,6,1,20,2.0,3.0,3.0,1.0,,2.0,883,883.0,U,279,6261,Hombre,Secundaria
127555,1403854.03,1403854.03.01,1403854.03.01.01,1403854,3,1,A,14,JALISCO,39,GUADALAJARA,1,1,2,51,2.0,2.0,6.0,1.0,,2.0,883,883.0,U,279,6261,Mujer,Primaria
127556,1403854.03,1403854.03.01,1403854.03.01.02,1403854,3,1,A,14,JALISCO,39,GUADALAJARA,2,3,1,36,2.0,0.0,0.0,1.0,,3.0,883,883.0,U,279,6261,Hombre,Sin escolaridad
127557,1403854.03,1403854.03.01,1403854.03.01.03,1403854,3,1,A,14,JALISCO,39,GUADALAJARA,3,3,2,30,2.0,3.0,3.0,1.0,,3.0,883,883.0,U,279,6261,Mujer,Secundaria
127558,1403854.03,1403854.03.01,1403854.03.01.04,1403854,3,1,A,14,JALISCO,39,GUADALAJARA,4,3,1,28,1.0,3.0,1.0,8.0,4.0,,883,883.0,U,279,6261,Hombre,Secundaria
127559,1403854.03,1403854.03.01,1403854.03.01.05,1403854,3,1,A,14,JALISCO,39,GUADALAJARA,5,3,1,26,2.0,3.0,1.0,8.0,4.0,,883,883.0,U,279,6261,Hombre,Secundaria
127560,1403854.03,1403854.03.01,1403854.03.01.06,1403854,3,1,A,14,JALISCO,39,GUADALAJARA,6,6,1,36,2.0,0.0,0.0,1.0,,2.0,883,883.0,U,279,6261,Hombre,Sin escolaridad
127561,1403854.03,1403854.03.01,1403854.03.01.07,1403854,3,1,A,14,JALISCO,39,GUADALAJARA,7,5,1,11,,2.0,4.0,,,,883,883.0,U,279,6261,Hombre,Primaria
127562,1403854.03,1403854.03.01,1403854.03.01.08,1403854,3,1,A,14,JALISCO,39,GUADALAJARA,8,5,2,8,,2.0,2.0,,,,883,883.0,U,279,6261,Mujer,Primaria
127563,1403854.04,1403854.04.01,1403854.04.01.01,1403854,4,1,B,14,JALISCO,39,GUADALAJARA,1,1,1,35,2.0,1.0,3.0,1.0,,2.0,883,883.0,U,279,6261,Hombre,Preescolar
127564,1403854.04,1403854.04.01,1403854.04.01.02,1403854,4,1,B,14,JALISCO,39,GUADALAJARA,2,2,2,42,2.0,2.0,6.0,1.0,,2.0,883,883.0,U,279,6261,Mujer,Primaria
127565,1403854.04,1403854.04.01,1403854.04.01.03,1403854,4,1,B,14,JALISCO,39,GUADALAJARA,3,5,2,35,2.0,2.0,6.0,1.0,,2.0,883,883.0,U,279,6261,Mujer,Primaria
127566,1403854.04,1403854.04.01,1403854.04.01.04,1403854,4,1,B,14,JALISCO,39,GUADALAJARA,4,5,2,47,1.0,2.0,6.0,5.0,4.0,,883,883.0,U,279,6261,Mujer,Primaria
127567,1403854.04,1403854.04.01,1403854.04.01.05,1403854,4,1,B,14,JALISCO,39,GUADALAJARA,5,5,1,35,2.0,2.0,6.0,1.0,,2.0,883,883.0,U,279,6261,Hombre,Primaria
127568,1403854.04,1403854.04.01,1403854.04.01.06,1403854,4,1,B,14,JALISCO,39,GUADALAJARA,6,5,2,16,,3.0,3.0,,,,883,883.0,U,279,6261,Mujer,Secundaria
127569,1403854.04,1403854.04.01,1403854.04.01.07,1403854,4,1,B,14,JALISCO,39,GUADALAJARA,7,5,1,28,2.0,3.0,3.0,7.0,,,883,883.0,U,279,6261,Hombre,Secundaria
127570,1403854.04,1403854.04.01,1403854.04.01.08,1403854,4,1,B,14,JALISCO,39,GUADALAJARA,8,5,1,14,,2.0,4.0,,,,883,883.0,U,279,6261,Hombre,Primaria
127571,1403854.04,1403854.04.01,1403854.04.01.09,1403854,4,1,B,14,JALISCO,39,GUADALAJARA,9,5,2,12,,2.0,3.0,,,,883,883.0,U,279,6261,Mujer,Primaria
127572,1403854.05,1403854.05.01,1403854.05.01.01,1403854,5,1,B,14,JALISCO,39,GUADALAJARA,1,1,1,31,2.0,3.0,3.0,1.0,,2.0,883,883.0,U,279,6261,Hombre,Secundaria
127573,1403854.05,1403854.05.01,1403854.05.01.02,1403854,5,1,B,14,JALISCO,39,GUADALAJARA,2,2,2,29,1.0,2.0,6.0,5.0,4.0,,883,883.0,U,279,6261,Mujer,Primaria
127574,1403854.05,1403854.05.01,1403854.05.01.03,1403854,5,1,B,14,JALISCO,39,GUADALAJARA,3,3,1,3,,0.0,0.0,,,,883,883.0,U,279,6261,Hombre,Sin escolaridad
127575,1403880.01,1403880.01.01,1403880.01.01.01,1403880,1,1,A,14,JALISCO,39,GUADALAJARA,1,1,1,63,2.0,6.0,3.0,1.0,,3.0,1090,1090.0,U,281,6432,Hombre,Preparatoria o bachillerato
127576,1403880.01,1403880.01.01,1403880.01.01.02,1403880,1,1,A,14,JALISCO,39,GUADALAJARA,2,2,2,60,1.0,8.0,5.0,1.0,,3.0,1090,1090.0,U,281,6432,Mujer,Licenciatura
127577,1403880.02,1403880.02.01,1403880.02.01.01,1403880,2,1,B,14,JALISCO,39,GUADALAJARA,1,1,1,49,2.0,8.0,5.0,1.0,,2.0,1090,1090.0,U,281,6432,Hombre,Licenciatura
127578,1403880.02,1403880.02.01,1403880.02.01.02,1403880,2,1,B,14,JALISCO,39,GUADALAJARA,2,2,2,49,1.0,8.0,5.0,1.0,,2.0,1090,1090.0,U,281,6432,Mujer,Licenciatura
127579,1403880.02,1403880.02.01,1403880.02.01.03,1403880,2,1,B,14,JALISCO,39,GUADALAJARA,3,3,2,8,,2.0,2.0,,,,1090,1090.0,U,281,6432,Mujer,Primaria
127580,1403880.04,1403880.04.01,1403880.04.01.01,1403880,4,1,B,14,JALISCO,39,GUADALAJARA,1,1,1,64,2.0,8.0,5.0,6.0,3.0,3.0,1090,1090.0,U,281,6432,Hombre,Licenciatura
127581,1403880.04,1403880.04.01,1403880.04.01.02,1403880,4,1,B,14,JALISCO,39,GUADALAJARA,2,2,2,60,1.0,9.0,5.0,6.0,3.0,3.0,1090,1090.0,U,281,6432,Mujer,Posgrado (Maestría/Doctorado)
127582,1403880.04,1403880.04.01,1403880.04.01.03,1403880,4,1,B,14,JALISCO,39,GUADALAJARA,3,3,1,28,2.0,8.0,5.0,1.0,,3.0,1090,1090.0,U,281,6432,Hombre,Licenciatura
127583,1403880.05,1403880.05.01,1403880.05.01.01,1403880,5,1,B,14,JALISCO,39,GUADALAJARA,1,1,1,52,2.0,9.0,5.0,1.0,,2.0,1090,1090.0,U,281,6432,Hombre,Posgrado (Maestría/Doctorado)
127584,1403880.05,1403880.05.01,1403880.05.01.02,1403880,5,1,B,14,JALISCO,39,GUADALAJARA,2,6,2,42,1.0,8.0,5.0,1.0,,2.0,1090,1090.0,U,281,6432,Mujer,Licenciatura
127585,1403886.02,1403886.02.01,1403886.02.01.01,1403886,2,1,A,14,JALISCO,39,GUADALAJARA,1,1,2,41,1.0,8.0,5.0,1.0,,2.0,1145,1145.0,U,281,6411,Mujer,Licenciatura
127586,1403886.02,1403886.02.01,1403886.02.01.02,1403886,2,1,A,14,JALISCO,39,GUADALAJARA,2,3,2,21,2.0,8.0,4.0,4.0,4.0,,1145,1145.0,U,281,6411,Mujer,Licenciatura
127587,1403886.02,1403886.02.01,1403886.02.01.03,1403886,2,1,A,14,JALISCO,39,GUADALAJARA,3,4,2,80,2.0,3.0,3.0,5.0,4.0,,1145,1145.0,U,281,6411,Mujer,Secundaria
127588,1403886.02,1403886.02.01,1403886.02.01.04,1403886,2,1,A,14,JALISCO,39,GUADALAJARA,4,3,1,19,2.0,8.0,2.0,4.0,4.0,,1145,1145.0,U,281,6411,Hombre,Licenciatura
127589,1403886.03,1403886.03.01,1403886.03.01.01,1403886,3,1,A,14,JALISCO,39,GUADALAJARA,1,1,2,64,2.0,2.0,6.0,7.0,,,1145,1145.0,U,281,6411,Mujer,Primaria
127590,1403886.03,1403886.03.01,1403886.03.01.02,1403886,3,1,A,14,JALISCO,39,GUADALAJARA,2,3,1,44,2.0,8.0,5.0,8.0,4.0,,1145,1145.0,U,281,6411,Hombre,Licenciatura
127591,1403886.03,1403886.03.01,1403886.03.01.03,1403886,3,1,A,14,JALISCO,39,GUADALAJARA,3,3,1,42,2.0,6.0,3.0,1.0,,1.0,1145,1145.0,U,281,6411,Hombre,Preparatoria o bachillerato
127592,1403886.03,1403886.03.01,1403886.03.01.04,1403886,3,1,A,14,JALISCO,39,GUADALAJARA,4,5,1,37,1.0,3.0,3.0,1.0,,1.0,1145,1145.0,U,281,6411,Hombre,Secundaria
127593,1403886.05,1403886.05.01,1403886.05.01.01,1403886,5,1,A,14,JALISCO,39,GUADALAJARA,1,1,1,50,2.0,8.0,5.0,1.0,,2.0,1145,1145.0,U,281,6411,Hombre,Licenciatura
127594,1403886.05,1403886.05.01,1403886.05.01.02,1403886,5,1,A,14,JALISCO,39,GUADALAJARA,2,2,2,49,1.0,7.0,3.0,5.0,4.0,,1145,1145.0,U,281,6411,Mujer,Carrera técnica con preparatoria
127595,1403886.05,1403886.05.01,1403886.05.01.03,1403886,5,1,A,14,JALISCO,39,GUADALAJARA,3,3,2,28,2.0,8.0,5.0,4.0,4.0,,1145,1145.0,U,281,6411,Mujer,Licenciatura
127596,1403886.05,1403886.05.01,1403886.05.01.04,1403886,5,1,A,14,JALISCO,39,GUADALAJARA,4,3,1,13,,3.0,1.0,,,,1145,1145.0,U,281,6411,Hombre,Secundaria
127597,1403891.01,1403891.01.01,1403891.01.01.01,1403891,1,1,B,14,JALISCO,39,GUADALAJARA,1,1,1,81,2.0,2.0,4.0,8.0,4.0,,930,930.0,U,280,6359,Hombre,Primaria
127598,1403891.01,1403891.01.01,1403891.01.01.02,1403891,1,1,B,14,JALISCO,39,GUADALAJARA,2,2,2,72,1.0,2.0,4.0,5.0,4.0,,930,930.0,U,280,6359,Mujer,Primaria
127599,1403891.01,1403891.01.01,1403891.01.01.03,1403891,1,1,B,14,JALISCO,39,GUADALAJARA,3,3,1,45,2.0,2.0,6.0,1.0,,2.0,930,930.0,U,280,6359,Hombre,Primaria
127600,1403891.04,1403891.04.01,1403891.04.01.01,1403891,4,1,B,14,JALISCO,39,GUADALAJARA,1,1,2,82,2.0,2.0,6.0,5.0,4.0,,930,930.0,U,280,6359,Mujer,Primaria
127601,1403891.04,1403891.04.01,1403891.04.01.02,1403891,4,1,B,14,JALISCO,39,GUADALAJARA,2,3,2,52,1.0,8.0,5.0,5.0,4.0,,930,930.0,U,280,6359,Mujer,Licenciatura
127602,1403891.04,1403891.04.01,1403891.04.01.03,1403891,4,1,B,14,JALISCO,39,GUADALAJARA,3,5,1,51,2.0,2.0,6.0,1.0,,2.0,930,930.0,U,280,6359,Hombre,Primaria
127603,1403891.04,1403891.04.01,1403891.04.01.04,1403891,4,1,B,14,JALISCO,39,GUADALAJARA,4,3,2,53,2.0,9.0,5.0,1.0,,2.0,930,930.0,U,280,6359,Mujer,Posgrado (Maestría/Doctorado)
127604,1403891.05,1403891.05.01,1403891.05.01.01,1403891,5,1,A,14,JALISCO,39,GUADALAJARA,1,1,1,72,2.0,2.0,5.0,6.0,4.0,,930,930.0,U,280,6359,Hombre,Primaria
127605,1403891.05,1403891.05.01,1403891.05.01.02,1403891,5,1,A,14,JALISCO,39,GUADALAJARA,2,2,2,60,2.0,3.0,3.0,5.0,1.0,3.0,930,930.0,U,280,6359,Mujer,Secundaria
127606,1403891.05,1403891.05.01,1403891.05.01.03,1403891,5,1,A,14,JALISCO,39,GUADALAJARA,3,3,2,39,1.0,8.0,5.0,2.0,,2.0,930,930.0,U,280,6359,Mujer,Licenciatura
127607,1403891.05,1403891.05.01,1403891.05.01.04,1403891,5,1,A,14,JALISCO,39,GUADALAJARA,4,3,1,33,2.0,6.0,3.0,7.0,,,930,930.0,U,280,6359,Hombre,Preparatoria o bachillerato
127608,1403891.05,1403891.05.01,1403891.05.01.05,1403891,5,1,A,14,JALISCO,39,GUADALAJARA,5,5,1,3,,0.0,0.0,,,,930,930.0,U,280,6359,Hombre,Sin escolaridad
127609,1403891.05,1403891.05.01,1403891.05.01.06,1403891,5,1,A,14,JALISCO,39,GUADALAJARA,6,5,2,6,,1.0,3.0,,,,930,930.0,U,280,6359,Mujer,Preescolar
127610,1403898.02,1403898.02.01,1403898.02.01.01,1403898,2,1,B,14,JALISCO,39,GUADALAJARA,1,1,1,47,1.0,8.0,5.0,1.0,,3.0,1070,1070.0,U,281,6441,Hombre,Licenciatura
127611,1403898.03,1403898.03.01,1403898.03.01.01,1403898,3,1,A,14,JALISCO,39,GUADALAJARA,1,1,1,36,1.0,6.0,3.0,1.0,,2.0,1070,1070.0,U,281,6441,Hombre,Preparatoria o bachillerato
127612,1403898.04,1403898.04.01,1403898.04.01.01,1403898,4,1,B,14,JALISCO,39,GUADALAJARA,1,1,1,51,2.0,9.0,5.0,1.0,,3.0,1070,1070.0,U,281,6441,Hombre,Posgrado (Maestría/Doctorado)
127613,1403898.04,1403898.04.01,1403898.04.01.02,1403898,4,1,B,14,JALISCO,39,GUADALAJARA,2,2,2,46,1.0,9.0,5.0,1.0,,2.0,1070,1070.0,U,281,6441,Mujer,Posgrado (Maestría/Doctorado)
127614,1403920.01,1403920.01.01,1403920.01.01.01,1403920,1,1,B,14,JALISCO,39,GUADALAJARA,1,1,2,66,2.0,2.0,6.0,1.0,,2.0,1150,1150.0,U,281,6409,Mujer,Primaria
127615,1403920.01,1403920.01.01,1403920.01.01.02,1403920,1,1,B,14,JALISCO,39,GUADALAJARA,2,3,1,50,2.0,3.0,3.0,1.0,,2.0,1150,1150.0,U,281,6409,Hombre,Secundaria
127616,1403920.01,1403920.01.01,1403920.01.01.03,1403920,1,1,B,14,JALISCO,39,GUADALAJARA,3,3,2,45,2.0,8.0,5.0,1.0,,2.0,1150,1150.0,U,281,6409,Mujer,Licenciatura
127617,1403920.01,1403920.01.01,1403920.01.01.04,1403920,1,1,B,14,JALISCO,39,GUADALAJARA,4,3,1,34,1.0,0.0,0.0,7.0,,,1150,1150.0,U,281,6409,Hombre,Sin escolaridad
127618,1403920.02,1403920.02.01,1403920.02.01.01,1403920,2,1,B,14,JALISCO,39,GUADALAJARA,1,1,1,43,1.0,3.0,3.0,1.0,,2.0,1150,1150.0,U,281,6409,Hombre,Secundaria
127619,1403920.02,1403920.02.01,1403920.02.01.02,1403920,2,1,B,14,JALISCO,39,GUADALAJARA,2,5,1,41,2.0,6.0,3.0,1.0,,2.0,1150,1150.0,U,281,6409,Hombre,Preparatoria o bachillerato
127620,1403920.02,1403920.02.01,1403920.02.01.03,1403920,2,1,B,14,JALISCO,39,GUADALAJARA,3,5,2,42,2.0,8.0,5.0,5.0,4.0,,1150,1150.0,U,281,6409,Mujer,Licenciatura
127621,1403920.02,1403920.02.01,1403920.02.01.04,1403920,2,1,B,14,JALISCO,39,GUADALAJARA,4,5,1,15,,3.0,3.0,,,,1150,1150.0,U,281,6409,Hombre,Secundaria
127622,1403920.02,1403920.02.01,1403920.02.01.05,1403920,2,1,B,14,JALISCO,39,GUADALAJARA,5,5,1,4,,0.0,0.0,,,,1150,1150.0,U,281,6409,Hombre,Sin escolaridad
127623,1403920.02,1403920.02.01,1403920.02.01.06,1403920,2,1,B,14,JALISCO,39,GUADALAJARA,6,5,2,1,,,,,,,1150,1150.0,U,281,6409,Mujer,No especificado
127624,1403920.03,1403920.03.01,1403920.03.01.01,1403920,3,1,B,14,JALISCO,39,GUADALAJARA,1,1,2,40,1.0,9.0,5.0,1.0,,3.0,1150,1150.0,U,281,6409,Mujer,Posgrado (Maestría/Doctorado)
127625,1403920.03,1403920.03.01,1403920.03.01.02,1403920,3,1,B,14,JALISCO,39,GUADALAJARA,2,3,2,99,,2.0,2.0,,,,1150,1150.0,U,281,6409,Mujer,Primaria
127626,1403920.05,1403920.05.01,1403920.05.01.01,1403920,5,1,B,14,JALISCO,39,GUADALAJARA,1,1,2,62,2.0,6.0,3.0,5.0,4.0,,1150,1150.0,U,281,6409,Mujer,Preparatoria o bachillerato
127627,1403920.05,1403920.05.01,1403920.05.01.02,1403920,5,1,B,14,JALISCO,39,GUADALAJARA,2,3,2,40,1.0,6.0,3.0,1.0,,2.0,1150,1150.0,U,281,6409,Mujer,Preparatoria o bachillerato
127628,1403938.01,1403938.01.01,1403938.01.01.01,1403938,1,1,B,14,JALISCO,39,GUADALAJARA,1,1,1,74,2.0,0.0,0.0,8.0,4.0,,986,986.0,U,279,6243,Hombre,Sin escolaridad
127629,1403938.01,1403938.01.01,1403938.01.01.02,1403938,1,1,B,14,JALISCO,39,GUADALAJARA,2,2,2,67,1.0,0.0,0.0,5.0,4.0,,986,986.0,U,279,6243,Mujer,Sin escolaridad
127630,1403938.01,1403938.01.01,1403938.01.01.03,1403938,1,1,B,14,JALISCO,39,GUADALAJARA,3,3,2,42,2.0,2.0,4.0,1.0,,3.0,986,986.0,U,279,6243,Mujer,Primaria
127631,1403938.02,1403938.02.01,1403938.02.01.01,1403938,2,1,B,14,JALISCO,39,GUADALAJARA,1,1,2,50,2.0,2.0,4.0,5.0,4.0,,986,986.0,U,279,6243,Mujer,Primaria
127632,1403938.02,1403938.02.01,1403938.02.01.02,1403938,2,1,B,14,JALISCO,39,GUADALAJARA,2,2,1,98,2.0,3.0,3.0,1.0,,2.0,986,986.0,U,279,6243,Hombre,Secundaria
127633,1403938.02,1403938.02.01,1403938.02.01.03,1403938,2,1,B,14,JALISCO,39,GUADALAJARA,3,5,1,98,1.0,99.0,9.0,1.0,,2.0,986,986.0,U,279,6243,Hombre,No especificado
127634,1403938.02,1403938.02.01,1403938.02.01.04,1403938,2,1,B,14,JALISCO,39,GUADALAJARA,4,3,2,98,2.0,6.0,3.0,1.0,,2.0,986,986.0,U,279,6243,Mujer,Preparatoria o bachillerato
127635,1403938.02,1403938.02.01,1403938.02.01.05,1403938,2,1,B,14,JALISCO,39,GUADALAJARA,5,3,1,99,,3.0,1.0,,,,986,986.0,U,279,6243,Hombre,Secundaria
127636,1403938.02,1403938.02.01,1403938.02.01.06,1403938,2,1,B,14,JALISCO,39,GUADALAJARA,6,3,2,99,,2.0,5.0,,,,986,986.0,U,279,6243,Mujer,Primaria
127637,1403938.02,1403938.02.01,1403938.02.01.07,1403938,2,1,B,14,JALISCO,39,GUADALAJARA,7,3,2,99,,2.0,5.0,,,,986,986.0,U,279,6243,Mujer,Primaria
127638,1403938.03,1403938.03.01,1403938.03.01.01,1403938,3,1,B,14,JALISCO,39,GUADALAJARA,1,1,1,57,1.0,2.0,6.0,1.0,,3.0,986,986.0,U,279,6243,Hombre,Primaria
127639,1403938.05,1403938.05.01,1403938.05.01.01,1403938,5,1,B,14,JALISCO,39,GUADALAJARA,1,1,2,79,1.0,2.0,2.0,5.0,4.0,,986,986.0,U,279,6243,Mujer,Primaria
127640,1403938.05,1403938.05.01,1403938.05.01.02,1403938,5,1,B,14,JALISCO,39,GUADALAJARA,2,3,2,52,2.0,2.0,6.0,1.0,,2.0,986,986.0,U,279,6243,Mujer,Primaria
127641,1403938.05,1403938.05.01,1403938.05.01.03,1403938,5,1,B,14,JALISCO,39,GUADALAJARA,3,3,2,44,2.0,3.0,3.0,1.0,,2.0,986,986.0,U,279,6243,Mujer,Secundaria
127642,1403938.05,1403938.05.01,1403938.05.01.04,1403938,5,1,B,14,JALISCO,39,GUADALAJARA,4,5,1,26,2.0,6.0,2.0,1.0,,2.0,986,986.0,U,279,6243,Hombre,Preparatoria o bachillerato
127643,1403938.05,1403938.05.01,1403938.05.01.05,1403938,5,1,B,14,JALISCO,39,GUADALAJARA,5,5,1,24,2.0,6.0,3.0,8.0,4.0,,986,986.0,U,279,6243,Hombre,Preparatoria o bachillerato
127644,1403947.03,1403947.03.01,1403947.03.01.01,1403947,3,1,B,14,JALISCO,39,GUADALAJARA,1,1,2,28,1.0,9.0,5.0,1.0,,3.0,1151,1151.0,U,281,6408,Mujer,Posgrado (Maestría/Doctorado)
127645,1403947.03,1403947.03.02,1403947.03.02.01,1403947,3,2,B,14,JALISCO,39,GUADALAJARA,1,1,2,30,1.0,8.0,5.0,1.0,,2.0,1151,1151.0,U,281,6408,Mujer,Licenciatura
127646,1403947.03,1403947.03.03,1403947.03.03.01,1403947,3,3,B,14,JALISCO,39,GUADALAJARA,1,1,1,29,1.0,8.0,5.0,1.0,,5.0,1151,1151.0,U,281,6408,Hombre,Licenciatura
127647,1403947.04,1403947.04.01,1403947.04.01.01,1403947,4,1,B,14,JALISCO,39,GUADALAJARA,1,1,1,40,1.0,2.0,6.0,2.0,,3.0,1151,1151.0,U,281,6408,Hombre,Primaria
127648,1403947.04,1403947.04.01,1403947.04.01.02,1403947,4,1,B,14,JALISCO,39,GUADALAJARA,2,2,2,37,2.0,3.0,3.0,5.0,4.0,,1151,1151.0,U,281,6408,Mujer,Secundaria
127649,1403947.04,1403947.04.01,1403947.04.01.03,1403947,4,1,B,14,JALISCO,39,GUADALAJARA,3,3,1,13,,2.0,6.0,,,,1151,1151.0,U,281,6408,Hombre,Primaria
127650,1403947.04,1403947.04.01,1403947.04.01.04,1403947,4,1,B,14,JALISCO,39,GUADALAJARA,4,3,2,13,,2.0,6.0,,,,1151,1151.0,U,281,6408,Mujer,Primaria
127651,1403947.04,1403947.04.01,1403947.04.01.05,1403947,4,1,B,14,JALISCO,39,GUADALAJARA,5,5,1,48,2.0,99.0,9.0,1.0,,2.0,1151,1151.0,U,281,6408,Hombre,No especificado
127652,1403947.04,1403947.04.01,1403947.04.01.06,1403947,4,1,B,14,JALISCO,39,GUADALAJARA,6,5,1,16,,99.0,9.0,,,,1151,1151.0,U,281,6408,Hombre,No especificado
127653,1403960.01,1403960.01.01,1403960.01.01.01,1403960,1,1,B,14,JALISCO,39,GUADALAJARA,1,1,1,52,2.0,2.0,6.0,3.0,1.0,3.0,962,962.0,U,280,6339,Hombre,Primaria
127654,1403960.01,1403960.01.01,1403960.01.01.02,1403960,1,1,B,14,JALISCO,39,GUADALAJARA,2,2,2,45,2.0,2.0,6.0,1.0,,3.0,962,962.0,U,280,6339,Mujer,Primaria
127655,1403960.01,1403960.01.01,1403960.01.01.03,1403960,1,1,B,14,JALISCO,39,GUADALAJARA,3,3,2,26,2.0,2.0,6.0,5.0,4.0,,962,962.0,U,280,6339,Mujer,Primaria
127656,1403960.01,1403960.01.01,1403960.01.01.04,1403960,1,1,B,14,JALISCO,39,GUADALAJARA,4,3,1,24,1.0,2.0,6.0,1.0,,3.0,962,962.0,U,280,6339,Hombre,Primaria
127657,1403960.01,1403960.01.01,1403960.01.01.05,1403960,1,1,B,14,JALISCO,39,GUADALAJARA,5,3,2,12,,2.0,6.0,,,,962,962.0,U,280,6339,Mujer,Primaria
127658,1403960.02,1403960.02.01,1403960.02.01.01,1403960,2,1,A,14,JALISCO,39,GUADALAJARA,1,1,1,64,2.0,2.0,6.0,1.0,,3.0,962,962.0,U,280,6339,Hombre,Primaria
127659,1403960.02,1403960.02.01,1403960.02.01.02,1403960,2,1,A,14,JALISCO,39,GUADALAJARA,2,2,2,59,2.0,2.0,6.0,1.0,,2.0,962,962.0,U,280,6339,Mujer,Primaria
127660,1403960.02,1403960.02.01,1403960.02.01.03,1403960,2,1,A,14,JALISCO,39,GUADALAJARA,3,3,2,27,2.0,7.0,3.0,1.0,,2.0,962,962.0,U,280,6339,Mujer,Carrera técnica con preparatoria
127661,1403960.02,1403960.02.01,1403960.02.01.04,1403960,2,1,A,14,JALISCO,39,GUADALAJARA,4,3,2,25,1.0,7.0,3.0,1.0,,2.0,962,962.0,U,280,6339,Mujer,Carrera técnica con preparatoria
127662,1403960.02,1403960.02.01,1403960.02.01.05,1403960,2,1,A,14,JALISCO,39,GUADALAJARA,5,3,1,24,2.0,7.0,3.0,1.0,,3.0,962,962.0,U,280,6339,Hombre,Carrera técnica con preparatoria
127663,1403960.03,1403960.03.01,1403960.03.01.01,1403960,3,1,A,14,JALISCO,39,GUADALAJARA,1,1,1,51,2.0,3.0,3.0,1.0,,2.0,962,962.0,U,280,6339,Hombre,Secundaria
127664,1403960.03,1403960.03.01,1403960.03.01.02,1403960,3,1,A,14,JALISCO,39,GUADALAJARA,2,3,2,33,2.0,3.0,3.0,5.0,4.0,,962,962.0,U,280,6339,Mujer,Secundaria
127665,1403960.03,1403960.03.01,1403960.03.01.03,1403960,3,1,A,14,JALISCO,39,GUADALAJARA,3,3,1,18,1.0,3.0,3.0,1.0,,2.0,962,962.0,U,280,6339,Hombre,Secundaria
127666,1403960.03,1403960.03.01,1403960.03.01.04,1403960,3,1,A,14,JALISCO,39,GUADALAJARA,4,3,2,14,,3.0,1.0,,,,962,962.0,U,280,6339,Mujer,Secundaria
127667,1403960.05,1403960.05.01,1403960.05.01.01,1403960,5,1,B,14,JALISCO,39,GUADALAJARA,1,1,1,72,2.0,6.0,3.0,6.0,4.0,,962,962.0,U,280,6339,Hombre,Preparatoria o bachillerato
127668,1403960.05,1403960.05.01,1403960.05.01.02,1403960,5,1,B,14,JALISCO,39,GUADALAJARA,2,2,2,71,2.0,2.0,6.0,5.0,4.0,,962,962.0,U,280,6339,Mujer,Primaria
127669,1403960.05,1403960.05.01,1403960.05.01.03,1403960,5,1,B,14,JALISCO,39,GUADALAJARA,3,5,1,21,2.0,8.0,2.0,1.0,,2.0,962,962.0,U,280,6339,Hombre,Licenciatura
127670,1403960.05,1403960.05.01,1403960.05.01.04,1403960,5,1,B,14,JALISCO,39,GUADALAJARA,4,5,1,20,1.0,6.0,3.0,3.0,4.0,,962,962.0,U,280,6339,Hombre,Preparatoria o bachillerato
127671,1403960.05,1403960.05.01,1403960.05.01.05,1403960,5,1,B,14,JALISCO,39,GUADALAJARA,5,5,2,16,,4.0,2.0,,,,962,962.0,U,280,6339,Mujer,Carrera técnica con secundaria
127672,1403960.05,1403960.05.01,1403960.05.01.06,1403960,5,1,B,14,JALISCO,39,GUADALAJARA,6,5,1,12,,2.0,6.0,,,,962,962.0,U,280,6339,Hombre,Primaria
127673,1404011.02,1404011.02.01,1404011.02.01.01,1404011,2,1,B,14,JALISCO,39,GUADALAJARA,1,1,2,77,1.0,3.0,3.0,6.0,4.0,,1112,1112.0,U,281,6420,Mujer,Secundaria
127674,1404011.03,1404011.03.01,1404011.03.01.01,1404011,3,1,A,14,JALISCO,39,GUADALAJARA,1,1,1,45,1.0,8.0,1.0,1.0,,2.0,1112,1112.0,U,281,6420,Hombre,Licenciatura
127675,1404011.04,1404011.04.01,1404011.04.01.01,1404011,4,1,B,14,JALISCO,39,GUADALAJARA,1,1,2,75,1.0,3.0,3.0,7.0,,,1112,1112.0,U,281,6420,Mujer,Secundaria
127676,1404011.05,1404011.05.01,1404011.05.01.01,1404011,5,1,A,14,JALISCO,39,GUADALAJARA,1,1,1,32,1.0,8.0,5.0,1.0,,2.0,1112,1112.0,U,281,6420,Hombre,Licenciatura
127677,1404011.05,1404011.05.02,1404011.05.02.01,1404011,5,2,B,14,JALISCO,39,GUADALAJARA,1,1,2,25,1.0,8.0,5.0,1.0,,2.0,1112,1112.0,U,281,6420,Mujer,Licenciatura
127678,1404079.01,1404079.01.01,1404079.01.01.01,1404079,1,1,A,14,JALISCO,39,GUADALAJARA,1,1,2,57,1.0,8.0,5.0,1.0,,2.0,777,777.0,U,280,6384,Mujer,Licenciatura
127679,1404079.02,1404079.02.01,1404079.02.01.01,1404079,2,1,B,14,JALISCO,39,GUADALAJARA,1,1,2,41,1.0,6.0,3.0,5.0,4.0,,777,777.0,U,280,6384,Mujer,Preparatoria o bachillerato
127680,1404079.02,1404079.02.01,1404079.02.01.02,1404079,2,1,B,14,JALISCO,39,GUADALAJARA,2,3,1,23,2.0,6.0,3.0,1.0,,2.0,777,777.0,U,280,6384,Hombre,Preparatoria o bachillerato
127681,1404079.02,1404079.02.01,1404079.02.01.03,1404079,2,1,B,14,JALISCO,39,GUADALAJARA,3,3,1,14,,3.0,2.0,,,,777,777.0,U,280,6384,Hombre,Secundaria
127682,1404079.03,1404079.03.01,1404079.03.01.01,1404079,3,1,B,14,JALISCO,39,GUADALAJARA,1,1,1,36,2.0,6.0,3.0,1.0,,2.0,777,777.0,U,280,6384,Hombre,Preparatoria o bachillerato
127683,1404079.03,1404079.03.01,1404079.03.01.02,1404079,3,1,B,14,JALISCO,39,GUADALAJARA,2,2,2,35,1.0,6.0,3.0,1.0,,3.0,777,777.0,U,280,6384,Mujer,Preparatoria o bachillerato
127684,1404079.03,1404079.03.01,1404079.03.01.03,1404079,3,1,B,14,JALISCO,39,GUADALAJARA,3,3,2,14,,3.0,1.0,,,,777,777.0,U,280,6384,Mujer,Secundaria
127685,1404079.03,1404079.03.01,1404079.03.01.04,1404079,3,1,B,14,JALISCO,39,GUADALAJARA,4,3,2,9,,2.0,3.0,,,,777,777.0,U,280,6384,Mujer,Primaria
127686,1404079.04,1404079.04.01,1404079.04.01.01,1404079,4,1,A,14,JALISCO,39,GUADALAJARA,1,1,1,25,1.0,3.0,3.0,1.0,,2.0,777,777.0,U,280,6384,Hombre,Secundaria
127687,1404079.04,1404079.04.01,1404079.04.01.02,1404079,4,1,A,14,JALISCO,39,GUADALAJARA,2,2,2,25,2.0,6.0,3.0,5.0,4.0,,777,777.0,U,280,6384,Mujer,Preparatoria o bachillerato
127688,1404079.04,1404079.04.01,1404079.04.01.03,1404079,4,1,A,14,JALISCO,39,GUADALAJARA,3,3,1,0,,,,,,,777,777.0,U,280,6384,Hombre,No especificado
127689,1404079.04,1404079.04.01,1404079.04.01.04,1404079,4,1,A,14,JALISCO,39,GUADALAJARA,4,3,1,2,,,,,,,777,777.0,U,280,6384,Hombre,No especificado
127690,1404079.05,1404079.05.01,1404079.05.01.01,1404079,5,1,B,14,JALISCO,39,GUADALAJARA,1,1,2,53,1.0,3.0,3.0,1.0,,2.0,777,777.0,U,280,6384,Mujer,Secundaria
127691,1404079.05,1404079.05.01,1404079.05.01.02,1404079,5,1,B,14,JALISCO,39,GUADALAJARA,2,5,2,36,2.0,6.0,3.0,1.0,,2.0,777,777.0,U,280,6384,Mujer,Preparatoria o bachillerato
127692,1404079.05,1404079.05.01,1404079.05.01.03,1404079,5,1,B,14,JALISCO,39,GUADALAJARA,3,3,2,12,,2.0,6.0,,,,777,777.0,U,280,6384,Mujer,Primaria
127693,1404079.05,1404079.05.01,1404079.05.01.04,1404079,5,1,B,14,JALISCO,39,GUADALAJARA,4,5,2,12,,2.0,6.0,,,,777,777.0,U,280,6384,Mujer,Primaria
127694,1404079.05,1404079.05.01,1404079.05.01.05,1404079,5,1,B,14,JALISCO,39,GUADALAJARA,5,5,1,11,,2.0,4.0,,,,777,777.0,U,280,6384,Hombre,Primaria
127695,1404079.05,1404079.05.01,1404079.05.01.06,1404079,5,1,B,14,JALISCO,39,GUADALAJARA,6,5,2,8,,2.0,2.0,,,,777,777.0,U,280,6384,Mujer,Primaria
127696,1404182.01,1404182.01.01,1404182.01.01.01,1404182,1,1,A,14,JALISCO,39,GUADALAJARA,1,1,1,33,2.0,2.0,4.0,1.0,,2.0,897,897.0,U,280,6370,Hombre,Primaria
127697,1404182.01,1404182.01.01,1404182.01.01.02,1404182,1,1,A,14,JALISCO,39,GUADALAJARA,2,5,2,26,1.0,2.0,3.0,5.0,4.0,,897,897.0,U,280,6370,Mujer,Primaria
127698,1404182.01,1404182.01.01,1404182.01.01.03,1404182,1,1,A,14,JALISCO,39,GUADALAJARA,3,2,2,23,2.0,3.0,3.0,5.0,4.0,,897,897.0,U,280,6370,Mujer,Secundaria
127699,1404182.01,1404182.01.01,1404182.01.01.04,1404182,1,1,A,14,JALISCO,39,GUADALAJARA,4,5,2,34,2.0,2.0,3.0,1.0,,2.0,897,897.0,U,280,6370,Mujer,Primaria
127700,1404182.01,1404182.01.01,1404182.01.01.05,1404182,1,1,A,14,JALISCO,39,GUADALAJARA,5,5,1,40,2.0,2.0,4.0,1.0,,2.0,897,897.0,U,280,6370,Hombre,Primaria
127701,1404182.01,1404182.01.01,1404182.01.01.06,1404182,1,1,A,14,JALISCO,39,GUADALAJARA,6,3,2,12,,2.0,5.0,,,,897,897.0,U,280,6370,Mujer,Primaria
127702,1404182.01,1404182.01.01,1404182.01.01.07,1404182,1,1,A,14,JALISCO,39,GUADALAJARA,7,5,2,5,,1.0,2.0,,,,897,897.0,U,280,6370,Mujer,Preescolar
127703,1404182.01,1404182.01.01,1404182.01.01.08,1404182,1,1,A,14,JALISCO,39,GUADALAJARA,8,5,1,6,,1.0,3.0,,,,897,897.0,U,280,6370,Hombre,Preescolar
127704,1404182.02,1404182.02.01,1404182.02.01.01,1404182,2,1,B,14,JALISCO,39,GUADALAJARA,1,1,1,61,2.0,3.0,3.0,1.0,,3.0,897,897.0,U,280,6370,Hombre,Secundaria
127705,1404182.02,1404182.02.01,1404182.02.01.02,1404182,2,1,B,14,JALISCO,39,GUADALAJARA,2,2,2,63,2.0,2.0,3.0,1.0,,3.0,897,897.0,U,280,6370,Mujer,Primaria
127706,1404182.02,1404182.02.01,1404182.02.01.03,1404182,2,1,B,14,JALISCO,39,GUADALAJARA,3,3,1,41,1.0,8.0,2.0,1.0,,2.0,897,897.0,U,280,6370,Hombre,Licenciatura
127707,1404182.02,1404182.02.01,1404182.02.01.04,1404182,2,1,B,14,JALISCO,39,GUADALAJARA,4,3,1,39,2.0,6.0,3.0,1.0,,2.0,897,897.0,U,280,6370,Hombre,Preparatoria o bachillerato
127708,1404182.03,1404182.03.01,1404182.03.01.01,1404182,3,1,B,14,JALISCO,39,GUADALAJARA,1,1,2,82,1.0,3.0,3.0,5.0,4.0,,897,897.0,U,280,6370,Mujer,Secundaria
127709,1404182.03,1404182.03.01,1404182.03.01.02,1404182,3,1,B,14,JALISCO,39,GUADALAJARA,2,3,2,58,2.0,6.0,3.0,6.0,4.0,,897,897.0,U,280,6370,Mujer,Preparatoria o bachillerato
127710,1404182.03,1404182.03.01,1404182.03.01.03,1404182,3,1,B,14,JALISCO,39,GUADALAJARA,3,5,2,31,2.0,8.0,5.0,1.0,,2.0,897,897.0,U,280,6370,Mujer,Licenciatura
127711,1404248.01,1404248.01.01,1404248.01.01.01,1404248,1,1,B,14,JALISCO,39,GUADALAJARA,1,1,1,25,2.0,6.0,3.0,1.0,,2.0,891,891.0,U,280,6372,Hombre,Preparatoria o bachillerato
127712,1404248.01,1404248.01.01,1404248.01.01.02,1404248,1,1,B,14,JALISCO,39,GUADALAJARA,2,2,2,24,1.0,8.0,5.0,1.0,,3.0,891,891.0,U,280,6372,Mujer,Licenciatura
127713,1404248.01,1404248.01.01,1404248.01.01.03,1404248,1,1,B,14,JALISCO,39,GUADALAJARA,3,3,2,2,,,,,,,891,891.0,U,280,6372,Mujer,No especificado
127714,1404248.01,1404248.01.01,1404248.01.01.04,1404248,1,1,B,14,JALISCO,39,GUADALAJARA,4,3,2,2,,,,,,,891,891.0,U,280,6372,Mujer,No especificado
127715,1404248.02,1404248.02.01,1404248.02.01.01,1404248,2,1,B,14,JALISCO,39,GUADALAJARA,1,1,2,65,1.0,8.0,5.0,1.0,,5.0,891,891.0,U,280,6372,Mujer,Licenciatura
127716,1404248.03,1404248.03.01,1404248.03.01.01,1404248,3,1,B,14,JALISCO,39,GUADALAJARA,1,1,1,26,2.0,6.0,3.0,1.0,,2.0,891,891.0,U,280,6372,Hombre,Preparatoria o bachillerato
127717,1404248.03,1404248.03.01,1404248.03.01.02,1404248,3,1,B,14,JALISCO,39,GUADALAJARA,2,2,2,27,1.0,8.0,5.0,1.0,,2.0,891,891.0,U,280,6372,Mujer,Licenciatura
127718,1404248.04,1404248.04.01,1404248.04.01.01,1404248,4,1,A,14,JALISCO,39,GUADALAJARA,1,1,2,23,1.0,6.0,3.0,4.0,4.0,,891,891.0,U,280,6372,Mujer,Preparatoria o bachillerato
127719,1404248.05,1404248.05.01,1404248.05.01.01,1404248,5,1,B,14,JALISCO,39,GUADALAJARA,1,1,1,44,1.0,8.0,5.0,1.0,,3.0,891,891.0,U,280,6372,Hombre,Licenciatura
127720,1404248.05,1404248.05.01,1404248.05.01.02,1404248,5,1,B,14,JALISCO,39,GUADALAJARA,2,2,2,36,2.0,9.0,5.0,1.0,,2.0,891,891.0,U,280,6372,Mujer,Posgrado (Maestría/Doctorado)
127721,1404258.01,1404258.01.01,1404258.01.01.01,1404258,1,1,B,14,JALISCO,39,GUADALAJARA,1,1,1,36,1.0,8.0,5.0,1.0,,2.0,713,713.0,U,280,6387,Hombre,Licenciatura
127722,1404258.01,1404258.01.01,1404258.01.01.02,1404258,1,1,B,14,JALISCO,39,GUADALAJARA,2,2,2,34,2.0,8.0,5.0,1.0,,2.0,713,713.0,U,280,6387,Mujer,Licenciatura
127723,1404258.01,1404258.01.01,1404258.01.01.03,1404258,1,1,B,14,JALISCO,39,GUADALAJARA,3,3,1,8,,2.0,2.0,,,,713,713.0,U,280,6387,Hombre,Primaria
127724,1404258.01,1404258.01.01,1404258.01.01.04,1404258,1,1,B,14,JALISCO,39,GUADALAJARA,4,3,1,6,,1.0,3.0,,,,713,713.0,U,280,6387,Hombre,Preescolar
127725,1404258.01,1404258.01.01,1404258.01.01.05,1404258,1,1,B,14,JALISCO,39,GUADALAJARA,5,3,1,0,,,,,,,713,713.0,U,280,6387,Hombre,No especificado
127726,1404258.01,1404258.01.01,1404258.01.01.06,1404258,1,1,B,14,JALISCO,39,GUADALAJARA,6,3,2,0,,,,,,,713,713.0,U,280,6387,Mujer,No especificado
127727,1404258.02,1404258.02.01,1404258.02.01.01,1404258,2,1,B,14,JALISCO,39,GUADALAJARA,1,1,2,52,1.0,2.0,6.0,1.0,,2.0,713,713.0,U,280,6387,Mujer,Primaria
127728,1404258.02,1404258.02.01,1404258.02.01.02,1404258,2,1,B,14,JALISCO,39,GUADALAJARA,2,2,1,47,2.0,3.0,3.0,1.0,,2.0,713,713.0,U,280,6387,Hombre,Secundaria
127729,1404258.02,1404258.02.01,1404258.02.01.03,1404258,2,1,B,14,JALISCO,39,GUADALAJARA,3,3,1,24,2.0,8.0,5.0,1.0,,2.0,713,713.0,U,280,6387,Hombre,Licenciatura
127730,1404258.02,1404258.02.01,1404258.02.01.04,1404258,2,1,B,14,JALISCO,39,GUADALAJARA,4,3,1,9,,2.0,3.0,,,,713,713.0,U,280,6387,Hombre,Primaria
127731,1404258.03,1404258.03.01,1404258.03.01.01,1404258,3,1,B,14,JALISCO,39,GUADALAJARA,1,1,2,75,1.0,6.0,3.0,6.0,4.0,,713,713.0,U,280,6387,Mujer,Preparatoria o bachillerato
127732,1404258.03,1404258.03.01,1404258.03.01.02,1404258,3,1,B,14,JALISCO,39,GUADALAJARA,2,3,2,47,2.0,9.0,5.0,1.0,,2.0,713,713.0,U,280,6387,Mujer,Posgrado (Maestría/Doctorado)
127733,1404258.03,1404258.03.01,1404258.03.01.03,1404258,3,1,B,14,JALISCO,39,GUADALAJARA,3,3,1,44,2.0,8.0,5.0,3.0,4.0,,713,713.0,U,280,6387,Hombre,Licenciatura
127734,1404258.03,1404258.03.01,1404258.03.01.04,1404258,3,1,B,14,JALISCO,39,GUADALAJARA,4,3,1,48,2.0,8.0,5.0,3.0,4.0,,713,713.0,U,280,6387,Hombre,Licenciatura
127735,1404284.01,1404284.01.01,1404284.01.01.01,1404284,1,1,B,14,JALISCO,39,GUADALAJARA,1,1,2,72,1.0,2.0,2.0,6.0,4.0,,855,855.0,U,278,6198,Mujer,Primaria
127736,1404284.01,1404284.01.01,1404284.01.01.02,1404284,1,1,B,14,JALISCO,39,GUADALAJARA,2,5,1,15,,2.0,5.0,,,,855,855.0,U,278,6198,Hombre,Primaria
127737,1404284.02,1404284.02.01,1404284.02.01.01,1404284,2,1,B,14,JALISCO,39,GUADALAJARA,1,1,1,67,1.0,3.0,3.0,6.0,4.0,,855,855.0,U,278,6198,Hombre,Secundaria
127738,1404284.02,1404284.02.01,1404284.02.01.02,1404284,2,1,B,14,JALISCO,39,GUADALAJARA,2,2,2,68,2.0,3.0,3.0,1.0,,2.0,855,855.0,U,278,6198,Mujer,Secundaria
127739,1404284.03,1404284.03.01,1404284.03.01.01,1404284,3,1,B,14,JALISCO,39,GUADALAJARA,1,1,2,51,1.0,2.0,4.0,1.0,,3.0,855,855.0,U,278,6198,Mujer,Primaria
127740,1404285.01,1404285.01.01,1404285.01.01.01,1404285,1,1,B,14,JALISCO,39,GUADALAJARA,1,1,1,56,1.0,2.0,2.0,1.0,,3.0,1029,1029.0,U,279,6225,Hombre,Primaria
127741,1404285.02,1404285.02.01,1404285.02.01.01,1404285,2,1,A,14,JALISCO,39,GUADALAJARA,1,1,1,51,2.0,4.0,1.0,1.0,,2.0,1029,1029.0,U,279,6225,Hombre,Carrera técnica con secundaria
127742,1404285.02,1404285.02.01,1404285.02.01.02,1404285,2,1,A,14,JALISCO,39,GUADALAJARA,2,2,2,47,2.0,6.0,3.0,1.0,,2.0,1029,1029.0,U,279,6225,Mujer,Preparatoria o bachillerato
127743,1404285.02,1404285.02.01,1404285.02.01.03,1404285,2,1,A,14,JALISCO,39,GUADALAJARA,3,3,1,29,2.0,8.0,5.0,1.0,,2.0,1029,1029.0,U,279,6225,Hombre,Licenciatura
127744,1404285.02,1404285.02.01,1404285.02.01.04,1404285,2,1,A,14,JALISCO,39,GUADALAJARA,4,3,2,23,1.0,8.0,5.0,1.0,,2.0,1029,1029.0,U,279,6225,Mujer,Licenciatura
127745,1404285.03,1404285.03.01,1404285.03.01.01,1404285,3,1,B,14,JALISCO,39,GUADALAJARA,1,1,1,54,1.0,6.0,2.0,1.0,,2.0,1029,1029.0,U,279,6225,Hombre,Preparatoria o bachillerato
127746,1404285.03,1404285.03.01,1404285.03.01.02,1404285,3,1,B,14,JALISCO,39,GUADALAJARA,2,2,2,56,2.0,6.0,2.0,1.0,,2.0,1029,1029.0,U,279,6225,Mujer,Preparatoria o bachillerato
127747,1404285.03,1404285.03.01,1404285.03.01.03,1404285,3,1,B,14,JALISCO,39,GUADALAJARA,3,3,2,34,2.0,6.0,3.0,1.0,,2.0,1029,1029.0,U,279,6225,Mujer,Preparatoria o bachillerato
127748,1404285.03,1404285.03.01,1404285.03.01.04,1404285,3,1,B,14,JALISCO,39,GUADALAJARA,4,5,1,14,,3.0,2.0,,,,1029,1029.0,U,279,6225,Hombre,Secundaria
127749,1404285.03,1404285.03.01,1404285.03.01.05,1404285,3,1,B,14,JALISCO,39,GUADALAJARA,5,5,1,12,,2.0,6.0,,,,1029,1029.0,U,279,6225,Hombre,Primaria
127750,1404285.04,1404285.04.01,1404285.04.01.01,1404285,4,1,B,14,JALISCO,39,GUADALAJARA,1,1,2,50,1.0,3.0,3.0,1.0,,2.0,1029,1029.0,U,279,6225,Mujer,Secundaria
127751,1404285.04,1404285.04.01,1404285.04.01.02,1404285,4,1,B,14,JALISCO,39,GUADALAJARA,2,5,2,68,2.0,2.0,6.0,5.0,1.0,3.0,1029,1029.0,U,279,6225,Mujer,Primaria
127752,1404285.04,1404285.04.01,1404285.04.01.03,1404285,4,1,B,14,JALISCO,39,GUADALAJARA,3,5,2,29,2.0,6.0,3.0,1.0,,2.0,1029,1029.0,U,279,6225,Mujer,Preparatoria o bachillerato
127753,1404285.04,1404285.04.01,1404285.04.01.04,1404285,4,1,B,14,JALISCO,39,GUADALAJARA,4,3,2,18,2.0,6.0,3.0,4.0,4.0,,1029,1029.0,U,279,6225,Mujer,Preparatoria o bachillerato
127754,1404285.04,1404285.04.01,1404285.04.01.05,1404285,4,1,B,14,JALISCO,39,GUADALAJARA,5,5,1,31,2.0,3.0,3.0,1.0,,2.0,1029,1029.0,U,279,6225,Hombre,Secundaria
127755,1404285.04,1404285.04.01,1404285.04.01.06,1404285,4,1,B,14,JALISCO,39,GUADALAJARA,6,5,1,46,2.0,2.0,6.0,1.0,,2.0,1029,1029.0,U,279,6225,Hombre,Primaria
127756,1404309.01,1404309.01.01,1404309.01.01.01,1404309,1,1,A,14,JALISCO,39,GUADALAJARA,1,1,2,62,1.0,3.0,3.0,1.0,,2.0,848,848.0,U,279,6271,Mujer,Secundaria
127757,1404309.04,1404309.04.01,1404309.04.01.01,1404309,4,1,B,14,JALISCO,39,GUADALAJARA,1,1,1,63,1.0,2.0,6.0,2.0,,3.0,848,848.0,U,279,6271,Hombre,Primaria
127758,1404309.04,1404309.04.01,1404309.04.01.02,1404309,4,1,B,14,JALISCO,39,GUADALAJARA,2,2,2,56,2.0,3.0,3.0,5.0,4.0,,848,848.0,U,279,6271,Mujer,Secundaria
127759,1404309.04,1404309.04.01,1404309.04.01.03,1404309,4,1,B,14,JALISCO,39,GUADALAJARA,3,3,2,21,2.0,8.0,2.0,4.0,4.0,,848,848.0,U,279,6271,Mujer,Licenciatura
127760,1404309.04,1404309.04.01,1404309.04.01.04,1404309,4,1,B,14,JALISCO,39,GUADALAJARA,4,3,2,17,,6.0,2.0,,,,848,848.0,U,279,6271,Mujer,Preparatoria o bachillerato
127761,1404309.04,1404309.04.01,1404309.04.01.05,1404309,4,1,B,14,JALISCO,39,GUADALAJARA,5,3,1,13,,3.0,1.0,,,,848,848.0,U,279,6271,Hombre,Secundaria
127762,1404309.05,1404309.05.01,1404309.05.01.01,1404309,5,1,B,14,JALISCO,39,GUADALAJARA,1,1,2,71,1.0,2.0,6.0,5.0,3.0,2.0,848,848.0,U,279,6271,Mujer,Primaria
127763,1404309.05,1404309.05.01,1404309.05.01.02,1404309,5,1,B,14,JALISCO,39,GUADALAJARA,2,3,1,37,2.0,2.0,6.0,1.0,,2.0,848,848.0,U,279,6271,Hombre,Primaria
127764,1404323.01,1404323.01.01,1404323.01.01.01,1404323,1,1,B,14,JALISCO,39,GUADALAJARA,1,1,1,70,2.0,8.0,5.0,1.0,,2.0,978,978.0,U,280,6331,Hombre,Licenciatura
127765,1404323.01,1404323.01.01,1404323.01.01.02,1404323,1,1,B,14,JALISCO,39,GUADALAJARA,2,2,2,45,2.0,8.0,5.0,1.0,,2.0,978,978.0,U,280,6331,Mujer,Licenciatura
127766,1404323.01,1404323.01.01,1404323.01.01.03,1404323,1,1,B,14,JALISCO,39,GUADALAJARA,3,3,2,56,2.0,8.0,5.0,1.0,,2.0,978,978.0,U,280,6331,Mujer,Licenciatura
127767,1404323.01,1404323.01.01,1404323.01.01.04,1404323,1,1,B,14,JALISCO,39,GUADALAJARA,4,5,2,76,1.0,7.0,3.0,5.0,4.0,,978,978.0,U,280,6331,Mujer,Carrera técnica con preparatoria
127768,1404323.01,1404323.01.01,1404323.01.01.05,1404323,1,1,B,14,JALISCO,39,GUADALAJARA,5,3,1,15,,3.0,3.0,,,,978,978.0,U,280,6331,Hombre,Secundaria
127769,1404323.02,1404323.02.01,1404323.02.01.01,1404323,2,1,A,14,JALISCO,39,GUADALAJARA,1,1,2,36,1.0,8.0,5.0,1.0,,3.0,978,978.0,U,280,6331,Mujer,Licenciatura
127770,1404323.02,1404323.02.01,1404323.02.01.02,1404323,2,1,A,14,JALISCO,39,GUADALAJARA,2,6,2,38,2.0,9.0,5.0,1.0,,3.0,978,978.0,U,280,6331,Mujer,Posgrado (Maestría/Doctorado)
127771,1404323.03,1404323.03.01,1404323.03.01.01,1404323,3,1,B,14,JALISCO,39,GUADALAJARA,1,1,1,61,2.0,3.0,3.0,1.0,,2.0,978,978.0,U,280,6331,Hombre,Secundaria
127772,1404323.03,1404323.03.01,1404323.03.01.02,1404323,3,1,B,14,JALISCO,39,GUADALAJARA,2,2,2,59,2.0,3.0,3.0,5.0,4.0,,978,978.0,U,280,6331,Mujer,Secundaria
127773,1404323.03,1404323.03.01,1404323.03.01.03,1404323,3,1,B,14,JALISCO,39,GUADALAJARA,3,3,2,34,2.0,3.0,3.0,1.0,,2.0,978,978.0,U,280,6331,Mujer,Secundaria
127774,1404323.03,1404323.03.01,1404323.03.01.04,1404323,3,1,B,14,JALISCO,39,GUADALAJARA,4,5,1,16,,3.0,3.0,,,,978,978.0,U,280,6331,Hombre,Secundaria
127775,1404323.03,1404323.03.01,1404323.03.01.05,1404323,3,1,B,14,JALISCO,39,GUADALAJARA,5,5,1,17,,6.0,1.0,,,,978,978.0,U,280,6331,Hombre,Preparatoria o bachillerato
127776,1404323.03,1404323.03.01,1404323.03.01.06,1404323,3,1,B,14,JALISCO,39,GUADALAJARA,6,3,2,25,1.0,6.0,3.0,1.0,,2.0,978,978.0,U,280,6331,Mujer,Preparatoria o bachillerato
127777,1404323.03,1404323.03.01,1404323.03.01.07,1404323,3,1,B,14,JALISCO,39,GUADALAJARA,7,5,2,9,,2.0,3.0,,,,978,978.0,U,280,6331,Mujer,Primaria
127778,1404323.03,1404323.03.01,1404323.03.01.08,1404323,3,1,B,14,JALISCO,39,GUADALAJARA,8,5,1,5,,1.0,1.0,,,,978,978.0,U,280,6331,Hombre,Preescolar
127779,1404323.05,1404323.05.01,1404323.05.01.01,1404323,5,1,A,14,JALISCO,39,GUADALAJARA,1,1,1,43,1.0,6.0,1.0,1.0,,3.0,978,978.0,U,280,6331,Hombre,Preparatoria o bachillerato
127780,1404323.05,1404323.05.01,1404323.05.01.02,1404323,5,1,A,14,JALISCO,39,GUADALAJARA,2,2,2,44,2.0,6.0,3.0,5.0,4.0,,978,978.0,U,280,6331,Mujer,Preparatoria o bachillerato
127781,1404323.05,1404323.05.01,1404323.05.01.03,1404323,5,1,A,14,JALISCO,39,GUADALAJARA,3,3,1,15,,3.0,3.0,,,,978,978.0,U,280,6331,Hombre,Secundaria
127782,1404323.05,1404323.05.01,1404323.05.01.04,1404323,5,1,A,14,JALISCO,39,GUADALAJARA,4,3,1,13,,3.0,1.0,,,,978,978.0,U,280,6331,Hombre,Secundaria
127783,1404323.05,1404323.05.01,1404323.05.01.05,1404323,5,1,A,14,JALISCO,39,GUADALAJARA,5,3,1,13,,3.0,1.0,,,,978,978.0,U,280,6331,Hombre,Secundaria
127784,1404323.05,1404323.05.01,1404323.05.01.06,1404323,5,1,A,14,JALISCO,39,GUADALAJARA,6,3,1,11,,2.0,5.0,,,,978,978.0,U,280,6331,Hombre,Primaria
127785,1404355.01,1404355.01.01,1404355.01.01.01,1404355,1,1,A,14,JALISCO,39,GUADALAJARA,1,1,1,82,2.0,2.0,6.0,6.0,4.0,,1164,1164.0,U,281,6404,Hombre,Primaria
127786,1404355.01,1404355.01.01,1404355.01.01.02,1404355,1,1,A,14,JALISCO,39,GUADALAJARA,2,2,2,79,1.0,2.0,6.0,5.0,4.0,,1164,1164.0,U,281,6404,Mujer,Primaria
127787,1404355.03,1404355.03.01,1404355.03.01.01,1404355,3,1,A,14,JALISCO,39,GUADALAJARA,1,1,1,65,1.0,4.0,3.0,1.0,,3.0,1164,1164.0,U,281,6404,Hombre,Carrera técnica con secundaria
127788,1404355.03,1404355.03.01,1404355.03.01.02,1404355,3,1,A,14,JALISCO,39,GUADALAJARA,2,2,2,61,2.0,3.0,2.0,5.0,3.0,3.0,1164,1164.0,U,281,6404,Mujer,Secundaria
127789,1404355.04,1404355.04.01,1404355.04.01.01,1404355,4,1,B,14,JALISCO,39,GUADALAJARA,1,1,1,87,1.0,0.0,0.0,7.0,,,1164,1164.0,U,281,6404,Hombre,Sin escolaridad
127790,1404355.05,1404355.05.01,1404355.05.01.01,1404355,5,1,B,14,JALISCO,39,GUADALAJARA,1,1,1,45,1.0,8.0,5.0,1.0,,2.0,1164,1164.0,U,281,6404,Hombre,Licenciatura
127791,1404388.01,1404388.01.01,1404388.01.01.01,1404388,1,1,A,14,JALISCO,39,GUADALAJARA,1,1,1,36,1.0,9.0,5.0,1.0,,4.0,926,926.0,U,280,6363,Hombre,Posgrado (Maestría/Doctorado)
127792,1404388.01,1404388.01.01,1404388.01.01.02,1404388,1,1,A,14,JALISCO,39,GUADALAJARA,2,2,2,36,2.0,9.0,5.0,1.0,,2.0,926,926.0,U,280,6363,Mujer,Posgrado (Maestría/Doctorado)
127793,1404388.01,1404388.01.01,1404388.01.01.03,1404388,1,1,A,14,JALISCO,39,GUADALAJARA,3,3,1,12,,2.0,5.0,,,,926,926.0,U,280,6363,Hombre,Primaria
127794,1404388.01,1404388.01.01,1404388.01.01.04,1404388,1,1,A,14,JALISCO,39,GUADALAJARA,4,3,1,8,,2.0,2.0,,,,926,926.0,U,280,6363,Hombre,Primaria
127795,1404388.01,1404388.01.01,1404388.01.01.05,1404388,1,1,A,14,JALISCO,39,GUADALAJARA,5,3,1,3,,0.0,0.0,,,,926,926.0,U,280,6363,Hombre,Sin escolaridad
127796,1404388.02,1404388.02.01,1404388.02.01.01,1404388,2,1,A,14,JALISCO,39,GUADALAJARA,1,1,2,40,2.0,8.0,5.0,5.0,4.0,,926,926.0,U,280,6363,Mujer,Licenciatura
127797,1404388.02,1404388.02.01,1404388.02.01.02,1404388,2,1,A,14,JALISCO,39,GUADALAJARA,2,4,1,80,1.0,0.0,0.0,8.0,4.0,,926,926.0,U,280,6363,Hombre,Sin escolaridad
127798,1404388.03,1404388.03.01,1404388.03.01.01,1404388,3,1,B,14,JALISCO,39,GUADALAJARA,1,1,1,71,1.0,2.0,6.0,1.0,,2.0,926,926.0,U,280,6363,Hombre,Primaria
127799,1404388.03,1404388.03.01,1404388.03.01.02,1404388,3,1,B,14,JALISCO,39,GUADALAJARA,2,2,2,71,2.0,2.0,6.0,5.0,4.0,,926,926.0,U,280,6363,Mujer,Primaria
127800,1404388.04,1404388.04.01,1404388.04.01.01,1404388,4,1,B,14,JALISCO,39,GUADALAJARA,1,1,1,76,2.0,2.0,2.0,8.0,4.0,,926,926.0,U,280,6363,Hombre,Primaria
127801,1404388.04,1404388.04.01,1404388.04.01.02,1404388,4,1,B,14,JALISCO,39,GUADALAJARA,2,2,2,60,1.0,3.0,3.0,5.0,4.0,,926,926.0,U,280,6363,Mujer,Secundaria
127802,1404388.04,1404388.04.01,1404388.04.01.03,1404388,4,1,B,14,JALISCO,39,GUADALAJARA,3,3,2,27,2.0,8.0,5.0,1.0,,2.0,926,926.0,U,280,6363,Mujer,Licenciatura
127803,1404388.04,1404388.04.01,1404388.04.01.04,1404388,4,1,B,14,JALISCO,39,GUADALAJARA,4,5,1,6,,1.0,2.0,,,,926,926.0,U,280,6363,Hombre,Preescolar
127804,1404388.05,1404388.05.01,1404388.05.01.01,1404388,5,1,A,14,JALISCO,39,GUADALAJARA,1,1,1,28,2.0,6.0,2.0,1.0,,4.0,926,926.0,U,280,6363,Hombre,Preparatoria o bachillerato
127805,1404388.05,1404388.05.01,1404388.05.01.02,1404388,5,1,A,14,JALISCO,39,GUADALAJARA,2,2,2,30,2.0,6.0,2.0,5.0,3.0,2.0,926,926.0,U,280,6363,Mujer,Preparatoria o bachillerato
127806,1404388.05,1404388.05.01,1404388.05.01.03,1404388,5,1,A,14,JALISCO,39,GUADALAJARA,3,5,1,18,1.0,3.0,3.0,1.0,,2.0,926,926.0,U,280,6363,Hombre,Secundaria
127807,1404388.05,1404388.05.01,1404388.05.01.04,1404388,5,1,A,14,JALISCO,39,GUADALAJARA,4,3,1,13,,3.0,1.0,,,,926,926.0,U,280,6363,Hombre,Secundaria
127808,1404388.05,1404388.05.01,1404388.05.01.05,1404388,5,1,A,14,JALISCO,39,GUADALAJARA,5,3,2,9,,2.0,3.0,,,,926,926.0,U,280,6363,Mujer,Primaria
127809,1404388.05,1404388.05.01,1404388.05.01.06,1404388,5,1,A,14,JALISCO,39,GUADALAJARA,6,3,1,5,,1.0,2.0,,,,926,926.0,U,280,6363,Hombre,Preescolar
127810,1404388.05,1404388.05.01,1404388.05.01.07,1404388,5,1,A,14,JALISCO,39,GUADALAJARA,7,3,1,0,,,,,,,926,926.0,U,280,6363,Hombre,No especificado
127811,1404392.01,1404392.01.01,1404392.01.01.01,1404392,1,1,B,14,JALISCO,39,GUADALAJARA,1,1,1,60,2.0,3.0,3.0,1.0,,2.0,961,961.0,U,280,6343,Hombre,Secundaria
127812,1404392.01,1404392.01.01,1404392.01.01.02,1404392,1,1,B,14,JALISCO,39,GUADALAJARA,2,2,2,64,1.0,4.0,3.0,7.0,,,961,961.0,U,280,6343,Mujer,Carrera técnica con secundaria
127813,1404392.01,1404392.01.02,1404392.01.02.01,1404392,1,2,B,14,JALISCO,39,GUADALAJARA,1,1,2,55,1.0,2.0,4.0,1.0,,3.0,961,961.0,U,280,6343,Mujer,Primaria
127814,1404392.01,1404392.01.02,1404392.01.02.02,1404392,1,2,B,14,JALISCO,39,GUADALAJARA,2,3,1,14,,2.0,6.0,,,,961,961.0,U,280,6343,Hombre,Primaria
127815,1404392.02,1404392.02.01,1404392.02.01.01,1404392,2,1,A,14,JALISCO,39,GUADALAJARA,1,1,2,53,1.0,7.0,3.0,1.0,,2.0,961,961.0,U,280,6343,Mujer,Carrera técnica con preparatoria
127816,1404392.03,1404392.03.01,1404392.03.01.01,1404392,3,1,B,14,JALISCO,39,GUADALAJARA,1,1,2,52,2.0,2.0,6.0,1.0,,3.0,961,961.0,U,280,6343,Mujer,Primaria
127817,1404392.03,1404392.03.01,1404392.03.01.02,1404392,3,1,B,14,JALISCO,39,GUADALAJARA,2,2,1,52,1.0,2.0,6.0,1.0,,2.0,961,961.0,U,280,6343,Hombre,Primaria
127818,1404392.03,1404392.03.01,1404392.03.01.03,1404392,3,1,B,14,JALISCO,39,GUADALAJARA,3,3,1,37,2.0,8.0,5.0,1.0,,3.0,961,961.0,U,280,6343,Hombre,Licenciatura
127819,1404392.03,1404392.03.01,1404392.03.01.04,1404392,3,1,B,14,JALISCO,39,GUADALAJARA,4,3,2,32,2.0,3.0,3.0,1.0,,2.0,961,961.0,U,280,6343,Mujer,Secundaria
127820,1404392.03,1404392.03.01,1404392.03.01.05,1404392,3,1,B,14,JALISCO,39,GUADALAJARA,5,5,2,22,2.0,6.0,3.0,1.0,,2.0,961,961.0,U,280,6343,Mujer,Preparatoria o bachillerato
127821,1404392.04,1404392.04.01,1404392.04.01.01,1404392,4,1,B,14,JALISCO,39,GUADALAJARA,1,1,1,46,2.0,7.0,3.0,1.0,,3.0,961,961.0,U,280,6343,Hombre,Carrera técnica con preparatoria
127822,1404392.04,1404392.04.01,1404392.04.01.02,1404392,4,1,B,14,JALISCO,39,GUADALAJARA,2,2,2,45,2.0,6.0,3.0,1.0,,2.0,961,961.0,U,280,6343,Mujer,Preparatoria o bachillerato
127823,1404392.04,1404392.04.01,1404392.04.01.03,1404392,4,1,B,14,JALISCO,39,GUADALAJARA,3,3,1,20,1.0,7.0,3.0,1.0,,2.0,961,961.0,U,280,6343,Hombre,Carrera técnica con preparatoria
127824,1404392.04,1404392.04.01,1404392.04.01.04,1404392,4,1,B,14,JALISCO,39,GUADALAJARA,4,3,2,15,,3.0,3.0,,,,961,961.0,U,280,6343,Mujer,Secundaria
127825,1404409.01,1404409.01.01,1404409.01.01.01,1404409,1,1,B,14,JALISCO,39,GUADALAJARA,1,1,1,30,1.0,9.0,3.0,1.0,,4.0,1056,1056.0,U,281,6447,Hombre,Posgrado (Maestría/Doctorado)
127826,1404409.02,1404409.02.01,1404409.02.01.01,1404409,2,1,B,14,JALISCO,39,GUADALAJARA,1,1,1,73,2.0,8.0,5.0,6.0,4.0,,1056,1056.0,U,281,6447,Hombre,Licenciatura
127827,1404409.02,1404409.02.01,1404409.02.01.02,1404409,2,1,B,14,JALISCO,39,GUADALAJARA,2,2,2,70,1.0,7.0,3.0,5.0,4.0,,1056,1056.0,U,281,6447,Mujer,Carrera técnica con preparatoria
127828,1404409.03,1404409.03.01,1404409.03.01.01,1404409,3,1,A,14,JALISCO,39,GUADALAJARA,1,1,1,41,2.0,8.0,5.0,1.0,,4.0,1056,1056.0,U,281,6447,Hombre,Licenciatura
127829,1404409.03,1404409.03.01,1404409.03.01.02,1404409,3,1,A,14,JALISCO,39,GUADALAJARA,2,2,2,28,1.0,8.0,5.0,1.0,,2.0,1056,1056.0,U,281,6447,Mujer,Licenciatura
127830,1404409.03,1404409.03.01,1404409.03.01.03,1404409,3,1,A,14,JALISCO,39,GUADALAJARA,3,3,1,5,,1.0,2.0,,,,1056,1056.0,U,281,6447,Hombre,Preescolar
127831,1404409.03,1404409.03.01,1404409.03.01.04,1404409,3,1,A,14,JALISCO,39,GUADALAJARA,4,3,2,2,,,,,,,1056,1056.0,U,281,6447,Mujer,No especificado
127832,1404409.04,1404409.04.01,1404409.04.01.01,1404409,4,1,A,14,JALISCO,39,GUADALAJARA,1,1,2,32,2.0,8.0,5.0,1.0,,2.0,1056,1056.0,U,281,6447,Mujer,Licenciatura
127833,1404409.04,1404409.04.01,1404409.04.01.02,1404409,4,1,A,14,JALISCO,39,GUADALAJARA,2,2,1,34,1.0,8.0,5.0,1.0,,2.0,1056,1056.0,U,281,6447,Hombre,Licenciatura
127834,1404409.05,1404409.05.01,1404409.05.01.01,1404409,5,1,B,14,JALISCO,39,GUADALAJARA,1,1,2,66,1.0,9.0,3.0,1.0,,3.0,1056,1056.0,U,281,6447,Mujer,Posgrado (Maestría/Doctorado)
127835,1404409.05,1404409.05.01,1404409.05.01.02,1404409,5,1,B,14,JALISCO,39,GUADALAJARA,2,3,1,22,2.0,8.0,4.0,1.0,,2.0,1056,1056.0,U,281,6447,Hombre,Licenciatura
127836,1404432.01,1404432.01.01,1404432.01.01.01,1404432,1,1,B,14,JALISCO,39,GUADALAJARA,1,1,1,61,2.0,6.0,3.0,1.0,,3.0,1014,1014.0,U,280,6314,Hombre,Preparatoria o bachillerato
127837,1404432.01,1404432.01.01,1404432.01.01.02,1404432,1,1,B,14,JALISCO,39,GUADALAJARA,2,2,2,55,1.0,4.0,3.0,6.0,4.0,,1014,1014.0,U,280,6314,Mujer,Carrera técnica con secundaria
127838,1404432.01,1404432.01.01,1404432.01.01.03,1404432,1,1,B,14,JALISCO,39,GUADALAJARA,3,3,2,25,2.0,8.0,5.0,1.0,,2.0,1014,1014.0,U,280,6314,Mujer,Licenciatura
127839,1404432.02,1404432.02.01,1404432.02.01.01,1404432,2,1,B,14,JALISCO,39,GUADALAJARA,1,1,1,63,2.0,8.0,5.0,1.0,,3.0,1014,1014.0,U,280,6314,Hombre,Licenciatura
127840,1404432.02,1404432.02.01,1404432.02.01.02,1404432,2,1,B,14,JALISCO,39,GUADALAJARA,2,5,2,62,1.0,8.0,5.0,5.0,4.0,,1014,1014.0,U,280,6314,Mujer,Licenciatura
127841,1404432.03,1404432.03.01,1404432.03.01.01,1404432,3,1,A,14,JALISCO,39,GUADALAJARA,1,1,1,59,2.0,3.0,3.0,8.0,1.0,3.0,1014,1014.0,U,280,6314,Hombre,Secundaria
127842,1404432.03,1404432.03.01,1404432.03.01.02,1404432,3,1,A,14,JALISCO,39,GUADALAJARA,2,2,2,51,1.0,3.0,3.0,5.0,4.0,,1014,1014.0,U,280,6314,Mujer,Secundaria
127843,1404432.03,1404432.03.01,1404432.03.01.03,1404432,3,1,A,14,JALISCO,39,GUADALAJARA,3,3,2,29,2.0,8.0,5.0,1.0,,2.0,1014,1014.0,U,280,6314,Mujer,Licenciatura
127844,1404432.03,1404432.03.01,1404432.03.01.04,1404432,3,1,A,14,JALISCO,39,GUADALAJARA,4,3,2,24,2.0,8.0,5.0,1.0,,2.0,1014,1014.0,U,280,6314,Mujer,Licenciatura
127845,1404432.04,1404432.04.01,1404432.04.01.01,1404432,4,1,A,14,JALISCO,39,GUADALAJARA,1,1,1,50,2.0,6.0,3.0,1.0,,3.0,1014,1014.0,U,280,6314,Hombre,Preparatoria o bachillerato
127846,1404432.04,1404432.04.01,1404432.04.01.02,1404432,4,1,A,14,JALISCO,39,GUADALAJARA,2,2,2,50,2.0,8.0,5.0,1.0,,2.0,1014,1014.0,U,280,6314,Mujer,Licenciatura
127847,1404432.04,1404432.04.01,1404432.04.01.03,1404432,4,1,A,14,JALISCO,39,GUADALAJARA,3,3,2,27,2.0,8.0,5.0,1.0,,2.0,1014,1014.0,U,280,6314,Mujer,Licenciatura
127848,1404432.04,1404432.04.01,1404432.04.01.04,1404432,4,1,A,14,JALISCO,39,GUADALAJARA,4,3,2,24,1.0,8.0,5.0,1.0,,2.0,1014,1014.0,U,280,6314,Mujer,Licenciatura
127849,1404432.04,1404432.04.01,1404432.04.01.05,1404432,4,1,A,14,JALISCO,39,GUADALAJARA,5,3,2,17,,6.0,2.0,,,,1014,1014.0,U,280,6314,Mujer,Preparatoria o bachillerato
127850,1404432.05,1404432.05.01,1404432.05.01.01,1404432,5,1,B,14,JALISCO,39,GUADALAJARA,1,1,1,73,1.0,6.0,3.0,1.0,,2.0,1014,1014.0,U,280,6314,Hombre,Preparatoria o bachillerato
127851,1404488.01,1404488.01.01,1404488.01.01.01,1404488,1,1,B,14,JALISCO,39,GUADALAJARA,1,1,1,56,1.0,4.0,3.0,2.0,,2.0,811,811.0,U,279,6280,Hombre,Carrera técnica con secundaria
127852,1404488.01,1404488.01.01,1404488.01.01.02,1404488,1,1,B,14,JALISCO,39,GUADALAJARA,2,2,2,56,2.0,3.0,3.0,1.0,,2.0,811,811.0,U,279,6280,Mujer,Secundaria
127853,1404488.01,1404488.01.01,1404488.01.01.03,1404488,1,1,B,14,JALISCO,39,GUADALAJARA,3,3,1,30,2.0,6.0,3.0,1.0,,2.0,811,811.0,U,279,6280,Hombre,Preparatoria o bachillerato
127854,1404488.01,1404488.01.01,1404488.01.01.04,1404488,1,1,B,14,JALISCO,39,GUADALAJARA,4,3,2,28,2.0,8.0,1.0,1.0,,2.0,811,811.0,U,279,6280,Mujer,Licenciatura
127855,1404488.01,1404488.01.01,1404488.01.01.05,1404488,1,1,B,14,JALISCO,39,GUADALAJARA,5,3,2,26,2.0,8.0,5.0,1.0,,3.0,811,811.0,U,279,6280,Mujer,Licenciatura
127856,1404488.02,1404488.02.01,1404488.02.01.01,1404488,2,1,B,14,JALISCO,39,GUADALAJARA,1,1,2,83,1.0,4.0,3.0,5.0,4.0,,811,811.0,U,279,6280,Mujer,Carrera técnica con secundaria
127857,1404488.03,1404488.03.01,1404488.03.01.01,1404488,3,1,B,14,JALISCO,39,GUADALAJARA,1,1,1,87,1.0,3.0,3.0,6.0,4.0,,811,811.0,U,279,6280,Hombre,Secundaria
127858,1404488.03,1404488.03.01,1404488.03.01.02,1404488,3,1,B,14,JALISCO,39,GUADALAJARA,2,3,1,40,2.0,3.0,3.0,5.0,4.0,,811,811.0,U,279,6280,Hombre,Secundaria
127859,1404488.05,1404488.05.01,1404488.05.01.01,1404488,5,1,B,14,JALISCO,39,GUADALAJARA,1,1,2,37,1.0,8.0,5.0,1.0,,2.0,811,811.0,U,279,6280,Mujer,Licenciatura
127860,1404491.02,1404491.02.01,1404491.02.01.01,1404491,2,1,A,14,JALISCO,39,GUADALAJARA,1,1,2,44,2.0,0.0,0.0,1.0,,3.0,836,836.0,U,280,6381,Mujer,Sin escolaridad
127861,1404491.02,1404491.02.01,1404491.02.01.02,1404491,2,1,A,14,JALISCO,39,GUADALAJARA,2,2,1,49,1.0,8.0,5.0,3.0,3.0,3.0,836,836.0,U,280,6381,Hombre,Licenciatura
127862,1404491.02,1404491.02.01,1404491.02.01.03,1404491,2,1,A,14,JALISCO,39,GUADALAJARA,3,3,2,18,2.0,6.0,2.0,4.0,4.0,,836,836.0,U,280,6381,Mujer,Preparatoria o bachillerato
127863,1404491.02,1404491.02.01,1404491.02.01.04,1404491,2,1,A,14,JALISCO,39,GUADALAJARA,4,3,2,10,,2.0,3.0,,,,836,836.0,U,280,6381,Mujer,Primaria
127864,1404491.03,1404491.03.01,1404491.03.01.01,1404491,3,1,A,14,JALISCO,39,GUADALAJARA,1,1,1,33,1.0,6.0,3.0,1.0,,3.0,836,836.0,U,280,6381,Hombre,Preparatoria o bachillerato
127865,1404544.01,1404544.01.01,1404544.01.01.01,1404544,1,1,B,14,JALISCO,39,GUADALAJARA,1,1,2,80,2.0,3.0,3.0,6.0,4.0,,946,946.0,U,281,6471,Mujer,Secundaria
127866,1404544.01,1404544.01.01,1404544.01.01.02,1404544,1,1,B,14,JALISCO,39,GUADALAJARA,2,3,2,55,1.0,3.0,3.0,1.0,,2.0,946,946.0,U,281,6471,Mujer,Secundaria
127867,1404544.01,1404544.01.01,1404544.01.01.03,1404544,1,1,B,14,JALISCO,39,GUADALAJARA,3,5,2,27,2.0,8.0,5.0,3.0,4.0,,946,946.0,U,281,6471,Mujer,Licenciatura
127868,1404544.02,1404544.02.01,1404544.02.01.01,1404544,2,1,B,14,JALISCO,39,GUADALAJARA,1,1,1,64,2.0,8.0,5.0,2.0,,2.0,946,946.0,U,281,6471,Hombre,Licenciatura
127869,1404544.02,1404544.02.01,1404544.02.01.02,1404544,2,1,B,14,JALISCO,39,GUADALAJARA,2,5,1,63,2.0,8.0,5.0,1.0,,2.0,946,946.0,U,281,6471,Hombre,Licenciatura
127870,1404544.02,1404544.02.01,1404544.02.01.03,1404544,2,1,B,14,JALISCO,39,GUADALAJARA,3,5,2,60,1.0,4.0,3.0,5.0,4.0,,946,946.0,U,281,6471,Mujer,Carrera técnica con secundaria
127871,1404544.02,1404544.02.01,1404544.02.01.04,1404544,2,1,B,14,JALISCO,39,GUADALAJARA,4,5,2,58,2.0,5.0,4.0,1.0,,2.0,946,946.0,U,281,6471,Mujer,Normal básica
127872,1404544.02,1404544.02.01,1404544.02.01.05,1404544,2,1,B,14,JALISCO,39,GUADALAJARA,5,5,1,38,2.0,7.0,3.0,3.0,4.0,,946,946.0,U,281,6471,Hombre,Carrera técnica con preparatoria
127873,1404544.03,1404544.03.01,1404544.03.01.01,1404544,3,1,B,14,JALISCO,39,GUADALAJARA,1,1,2,36,1.0,8.0,5.0,1.0,,2.0,946,946.0,U,281,6471,Mujer,Licenciatura
127874,1404544.04,1404544.04.01,1404544.04.01.01,1404544,4,1,B,14,JALISCO,39,GUADALAJARA,1,1,1,60,1.0,3.0,2.0,1.0,,2.0,946,946.0,U,281,6471,Hombre,Secundaria
127875,1404544.05,1404544.05.01,1404544.05.01.01,1404544,5,1,A,14,JALISCO,39,GUADALAJARA,1,1,2,32,1.0,8.0,5.0,1.0,,2.0,946,946.0,U,281,6471,Mujer,Licenciatura
127876,1404547.01,1404547.01.01,1404547.01.01.01,1404547,1,1,A,14,JALISCO,39,GUADALAJARA,1,1,1,54,1.0,8.0,5.0,1.0,,3.0,838,838.0,U,280,6379,Hombre,Licenciatura
127877,1404547.01,1404547.01.01,1404547.01.01.02,1404547,1,1,A,14,JALISCO,39,GUADALAJARA,2,2,2,50,2.0,8.0,5.0,1.0,,3.0,838,838.0,U,280,6379,Mujer,Licenciatura
127878,1404547.01,1404547.01.01,1404547.01.01.03,1404547,1,1,A,14,JALISCO,39,GUADALAJARA,3,5,2,13,,2.0,5.0,,,,838,838.0,U,280,6379,Mujer,Primaria
127879,1404547.02,1404547.02.01,1404547.02.01.01,1404547,2,1,B,14,JALISCO,39,GUADALAJARA,1,1,1,73,1.0,9.0,5.0,1.0,,3.0,838,838.0,U,280,6379,Hombre,Posgrado (Maestría/Doctorado)
127880,1404547.02,1404547.02.01,1404547.02.01.02,1404547,2,1,B,14,JALISCO,39,GUADALAJARA,2,2,2,52,2.0,9.0,5.0,1.0,,3.0,838,838.0,U,280,6379,Mujer,Posgrado (Maestría/Doctorado)
127881,1404547.03,1404547.03.01,1404547.03.01.01,1404547,3,1,B,14,JALISCO,39,GUADALAJARA,1,1,1,34,1.0,6.0,3.0,1.0,,3.0,838,838.0,U,280,6379,Hombre,Preparatoria o bachillerato
127882,1404547.03,1404547.03.01,1404547.03.01.02,1404547,3,1,B,14,JALISCO,39,GUADALAJARA,2,2,2,35,2.0,8.0,5.0,1.0,,2.0,838,838.0,U,280,6379,Mujer,Licenciatura
127883,1404547.05,1404547.05.01,1404547.05.01.01,1404547,5,1,A,14,JALISCO,39,GUADALAJARA,1,1,1,51,1.0,6.0,3.0,1.0,,4.0,838,838.0,U,280,6379,Hombre,Preparatoria o bachillerato
127884,1404547.05,1404547.05.01,1404547.05.01.02,1404547,5,1,A,14,JALISCO,39,GUADALAJARA,2,2,2,57,2.0,8.0,5.0,1.0,,4.0,838,838.0,U,280,6379,Mujer,Licenciatura
127885,1404587.01,1404587.01.01,1404587.01.01.01,1404587,1,1,A,14,JALISCO,39,GUADALAJARA,1,1,1,76,2.0,7.0,1.0,1.0,,3.0,1066,1066.0,U,281,6443,Hombre,Carrera técnica con preparatoria
127886,1404587.01,1404587.01.01,1404587.01.01.02,1404587,1,1,A,14,JALISCO,39,GUADALAJARA,2,2,2,62,1.0,1.0,3.0,5.0,4.0,,1066,1066.0,U,281,6443,Mujer,Preescolar
127887,1404587.01,1404587.01.01,1404587.01.01.03,1404587,1,1,A,14,JALISCO,39,GUADALAJARA,3,3,1,42,2.0,4.0,3.0,1.0,,2.0,1066,1066.0,U,281,6443,Hombre,Carrera técnica con secundaria
127888,1404587.01,1404587.01.01,1404587.01.01.04,1404587,1,1,A,14,JALISCO,39,GUADALAJARA,4,5,2,13,,3.0,1.0,,,,1066,1066.0,U,281,6443,Mujer,Secundaria
127889,1404587.01,1404587.01.01,1404587.01.01.05,1404587,1,1,A,14,JALISCO,39,GUADALAJARA,5,5,1,7,,2.0,1.0,,,,1066,1066.0,U,281,6443,Hombre,Primaria
127890,1404587.03,1404587.03.01,1404587.03.01.01,1404587,3,1,B,14,JALISCO,39,GUADALAJARA,1,1,1,72,2.0,8.0,5.0,7.0,,,1066,1066.0,U,281,6443,Hombre,Licenciatura
127891,1404587.03,1404587.03.01,1404587.03.01.02,1404587,3,1,B,14,JALISCO,39,GUADALAJARA,2,2,2,63,1.0,7.0,3.0,1.0,,3.0,1066,1066.0,U,281,6443,Mujer,Carrera técnica con preparatoria
127892,1404587.03,1404587.03.01,1404587.03.01.03,1404587,3,1,B,14,JALISCO,39,GUADALAJARA,3,3,2,30,2.0,8.0,5.0,1.0,,3.0,1066,1066.0,U,281,6443,Mujer,Licenciatura
127893,1404587.04,1404587.04.01,1404587.04.01.01,1404587,4,1,B,14,JALISCO,39,GUADALAJARA,1,1,1,37,2.0,8.0,4.0,1.0,,2.0,1066,1066.0,U,281,6443,Hombre,Licenciatura
127894,1404587.04,1404587.04.01,1404587.04.01.02,1404587,4,1,B,14,JALISCO,39,GUADALAJARA,2,2,2,36,2.0,8.0,5.0,1.0,,2.0,1066,1066.0,U,281,6443,Mujer,Licenciatura
127895,1404587.04,1404587.04.01,1404587.04.01.03,1404587,4,1,B,14,JALISCO,39,GUADALAJARA,3,4,2,76,1.0,2.0,6.0,6.0,4.0,,1066,1066.0,U,281,6443,Mujer,Primaria
127896,1404587.04,1404587.04.01,1404587.04.01.04,1404587,4,1,B,14,JALISCO,39,GUADALAJARA,4,5,1,7,,2.0,1.0,,,,1066,1066.0,U,281,6443,Hombre,Primaria
127897,1404587.04,1404587.04.01,1404587.04.01.05,1404587,4,1,B,14,JALISCO,39,GUADALAJARA,5,5,1,4,,1.0,1.0,,,,1066,1066.0,U,281,6443,Hombre,Preescolar
127898,1404587.04,1404587.04.01,1404587.04.01.06,1404587,4,1,B,14,JALISCO,39,GUADALAJARA,6,5,1,8,,2.0,2.0,,,,1066,1066.0,U,281,6443,Hombre,Primaria
127899,1404587.05,1404587.05.01,1404587.05.01.01,1404587,5,1,B,14,JALISCO,39,GUADALAJARA,1,1,2,98,1.0,0.0,0.0,6.0,4.0,,1066,1066.0,U,281,6443,Mujer,Sin escolaridad
127900,1404608.01,1404608.01.01,1404608.01.01.01,1404608,1,1,A,14,JALISCO,39,GUADALAJARA,1,1,2,48,2.0,7.0,3.0,1.0,,3.0,1151,1151.0,U,281,6407,Mujer,Carrera técnica con preparatoria
127901,1404608.01,1404608.01.01,1404608.01.01.02,1404608,1,1,A,14,JALISCO,39,GUADALAJARA,2,2,2,42,1.0,7.0,3.0,1.0,,2.0,1151,1151.0,U,281,6407,Mujer,Carrera técnica con preparatoria
127902,1404608.03,1404608.03.01,1404608.03.01.01,1404608,3,1,A,14,JALISCO,39,GUADALAJARA,1,1,1,55,2.0,7.0,3.0,1.0,,3.0,1151,1151.0,U,281,6407,Hombre,Carrera técnica con preparatoria
127903,1404608.03,1404608.03.01,1404608.03.01.02,1404608,3,1,A,14,JALISCO,39,GUADALAJARA,2,2,2,53,1.0,7.0,3.0,1.0,,2.0,1151,1151.0,U,281,6407,Mujer,Carrera técnica con preparatoria
127904,1404608.03,1404608.03.01,1404608.03.01.03,1404608,3,1,A,14,JALISCO,39,GUADALAJARA,3,3,2,27,2.0,8.0,5.0,1.0,,2.0,1151,1151.0,U,281,6407,Mujer,Licenciatura
127905,1404608.04,1404608.04.01,1404608.04.01.01,1404608,4,1,B,14,JALISCO,39,GUADALAJARA,1,1,1,63,1.0,8.0,5.0,6.0,2.0,3.0,1151,1151.0,U,281,6407,Hombre,Licenciatura
127906,1404608.04,1404608.04.01,1404608.04.01.02,1404608,4,1,B,14,JALISCO,39,GUADALAJARA,2,2,2,63,2.0,9.0,3.0,1.0,,2.0,1151,1151.0,U,281,6407,Mujer,Posgrado (Maestría/Doctorado)
127907,1404671.01,1404671.01.01,1404671.01.01.01,1404671,1,1,B,14,JALISCO,39,GUADALAJARA,1,1,2,30,1.0,3.0,3.0,5.0,4.0,,924,924.0,U,280,6365,Mujer,Secundaria
127908,1404671.02,1404671.02.01,1404671.02.01.01,1404671,2,1,A,14,JALISCO,39,GUADALAJARA,1,1,2,54,2.0,8.0,1.0,1.0,,2.0,924,924.0,U,280,6365,Mujer,Licenciatura
127909,1404671.02,1404671.02.01,1404671.02.01.02,1404671,2,1,A,14,JALISCO,39,GUADALAJARA,2,3,2,23,2.0,8.0,5.0,3.0,4.0,,924,924.0,U,280,6365,Mujer,Licenciatura
127910,1404671.02,1404671.02.01,1404671.02.01.03,1404671,2,1,A,14,JALISCO,39,GUADALAJARA,3,3,1,21,1.0,8.0,2.0,1.0,,2.0,924,924.0,U,280,6365,Hombre,Licenciatura
127911,1404671.03,1404671.03.01,1404671.03.01.01,1404671,3,1,B,14,JALISCO,39,GUADALAJARA,1,1,1,49,2.0,6.0,2.0,1.0,,4.0,924,924.0,U,280,6365,Hombre,Preparatoria o bachillerato
127912,1404671.03,1404671.03.01,1404671.03.01.02,1404671,3,1,B,14,JALISCO,39,GUADALAJARA,2,2,2,46,2.0,6.0,3.0,1.0,,3.0,924,924.0,U,280,6365,Mujer,Preparatoria o bachillerato
127913,1404671.03,1404671.03.01,1404671.03.01.03,1404671,3,1,B,14,JALISCO,39,GUADALAJARA,3,3,1,21,1.0,8.0,1.0,1.0,,2.0,924,924.0,U,280,6365,Hombre,Licenciatura
127914,1404709.01,1404709.01.01,1404709.01.01.01,1404709,1,1,B,14,JALISCO,39,GUADALAJARA,1,1,1,70,1.0,2.0,6.0,1.0,,3.0,969,969.0,U,280,6335,Hombre,Primaria
127915,1404709.01,1404709.01.01,1404709.01.01.02,1404709,1,1,B,14,JALISCO,39,GUADALAJARA,2,2,2,63,2.0,0.0,0.0,5.0,4.0,,969,969.0,U,280,6335,Mujer,Sin escolaridad
127916,1404709.02,1404709.02.01,1404709.02.01.01,1404709,2,1,B,14,JALISCO,39,GUADALAJARA,1,1,2,83,1.0,0.0,0.0,5.0,4.0,,969,969.0,U,280,6335,Mujer,Sin escolaridad
127917,1404709.02,1404709.02.01,1404709.02.01.02,1404709,2,1,B,14,JALISCO,39,GUADALAJARA,2,3,1,40,2.0,2.0,6.0,1.0,,1.0,969,969.0,U,280,6335,Hombre,Primaria
127918,1404709.02,1404709.02.01,1404709.02.01.03,1404709,2,1,B,14,JALISCO,39,GUADALAJARA,3,5,2,30,2.0,3.0,3.0,1.0,,2.0,969,969.0,U,280,6335,Mujer,Secundaria
127919,1404709.02,1404709.02.01,1404709.02.01.04,1404709,2,1,B,14,JALISCO,39,GUADALAJARA,4,5,1,8,,2.0,2.0,,,,969,969.0,U,280,6335,Hombre,Primaria
127920,1404709.03,1404709.03.01,1404709.03.01.01,1404709,3,1,A,14,JALISCO,39,GUADALAJARA,1,1,2,28,1.0,8.0,5.0,1.0,,3.0,969,969.0,U,280,6335,Mujer,Licenciatura
127921,1404709.03,1404709.03.01,1404709.03.01.02,1404709,3,1,A,14,JALISCO,39,GUADALAJARA,2,4,2,54,2.0,3.0,3.0,5.0,4.0,,969,969.0,U,280,6335,Mujer,Secundaria
127922,1404709.03,1404709.03.01,1404709.03.01.03,1404709,3,1,A,14,JALISCO,39,GUADALAJARA,3,5,1,17,,6.0,2.0,,,,969,969.0,U,280,6335,Hombre,Preparatoria o bachillerato
127923,1404709.04,1404709.04.01,1404709.04.01.01,1404709,4,1,B,14,JALISCO,39,GUADALAJARA,1,1,1,52,1.0,2.0,4.0,1.0,,2.0,969,969.0,U,280,6335,Hombre,Primaria
127924,1404709.05,1404709.05.01,1404709.05.01.01,1404709,5,1,B,14,JALISCO,39,GUADALAJARA,1,1,1,43,1.0,8.0,5.0,1.0,,2.0,969,969.0,U,280,6335,Hombre,Licenciatura
127925,1404709.05,1404709.05.01,1404709.05.01.02,1404709,5,1,B,14,JALISCO,39,GUADALAJARA,2,2,2,38,2.0,8.0,5.0,5.0,4.0,,969,969.0,U,280,6335,Mujer,Licenciatura
127926,1404709.05,1404709.05.01,1404709.05.01.03,1404709,5,1,B,14,JALISCO,39,GUADALAJARA,3,3,1,12,,2.0,6.0,,,,969,969.0,U,280,6335,Hombre,Primaria
127927,1404718.01,1404718.01.01,1404718.01.01.01,1404718,1,1,B,14,JALISCO,39,GUADALAJARA,1,1,1,53,1.0,8.0,5.0,1.0,,4.0,961,961.0,U,280,6342,Hombre,Licenciatura
127928,1404718.01,1404718.01.01,1404718.01.01.02,1404718,1,1,B,14,JALISCO,39,GUADALAJARA,2,2,2,42,2.0,8.0,5.0,1.0,,4.0,961,961.0,U,280,6342,Mujer,Licenciatura
127929,1404718.01,1404718.01.01,1404718.01.01.03,1404718,1,1,B,14,JALISCO,39,GUADALAJARA,3,3,1,13,,3.0,1.0,,,,961,961.0,U,280,6342,Hombre,Secundaria
127930,1404718.01,1404718.01.01,1404718.01.01.04,1404718,1,1,B,14,JALISCO,39,GUADALAJARA,4,3,1,9,,2.0,3.0,,,,961,961.0,U,280,6342,Hombre,Primaria
127931,1404718.01,1404718.01.01,1404718.01.01.05,1404718,1,1,B,14,JALISCO,39,GUADALAJARA,5,3,1,1,,,,,,,961,961.0,U,280,6342,Hombre,No especificado
127932,1404718.01,1404718.01.01,1404718.01.01.06,1404718,1,1,B,14,JALISCO,39,GUADALAJARA,6,5,2,69,2.0,7.0,3.0,6.0,4.0,,961,961.0,U,280,6342,Mujer,Carrera técnica con preparatoria
127933,1404718.02,1404718.02.01,1404718.02.01.01,1404718,2,1,B,14,JALISCO,39,GUADALAJARA,1,1,2,69,1.0,2.0,3.0,5.0,2.0,3.0,961,961.0,U,280,6342,Mujer,Primaria
127934,1404718.03,1404718.03.01,1404718.03.01.01,1404718,3,1,A,14,JALISCO,39,GUADALAJARA,1,1,1,38,1.0,8.0,5.0,1.0,,2.0,961,961.0,U,280,6342,Hombre,Licenciatura
127935,1404718.03,1404718.03.01,1404718.03.01.02,1404718,3,1,A,14,JALISCO,39,GUADALAJARA,2,2,2,37,2.0,6.0,3.0,1.0,,2.0,961,961.0,U,280,6342,Mujer,Preparatoria o bachillerato
127936,1404718.03,1404718.03.01,1404718.03.01.03,1404718,3,1,A,14,JALISCO,39,GUADALAJARA,3,3,2,17,,6.0,1.0,,,,961,961.0,U,280,6342,Mujer,Preparatoria o bachillerato
127937,1404718.03,1404718.03.01,1404718.03.01.04,1404718,3,1,A,14,JALISCO,39,GUADALAJARA,4,3,2,15,,3.0,3.0,,,,961,961.0,U,280,6342,Mujer,Secundaria
127938,1404718.03,1404718.03.01,1404718.03.01.05,1404718,3,1,A,14,JALISCO,39,GUADALAJARA,5,3,1,9,,2.0,3.0,,,,961,961.0,U,280,6342,Hombre,Primaria
127939,1404718.04,1404718.04.01,1404718.04.01.01,1404718,4,1,B,14,JALISCO,39,GUADALAJARA,1,1,1,63,2.0,3.0,3.0,6.0,4.0,,961,961.0,U,280,6342,Hombre,Secundaria
127940,1404718.04,1404718.04.01,1404718.04.01.02,1404718,4,1,B,14,JALISCO,39,GUADALAJARA,2,2,2,57,2.0,8.0,5.0,1.0,,2.0,961,961.0,U,280,6342,Mujer,Licenciatura
127941,1404718.04,1404718.04.01,1404718.04.01.03,1404718,4,1,B,14,JALISCO,39,GUADALAJARA,3,3,2,32,2.0,3.0,3.0,1.0,,2.0,961,961.0,U,280,6342,Mujer,Secundaria
127942,1404718.04,1404718.04.01,1404718.04.01.04,1404718,4,1,B,14,JALISCO,39,GUADALAJARA,4,3,2,31,1.0,6.0,3.0,1.0,,2.0,961,961.0,U,280,6342,Mujer,Preparatoria o bachillerato
127943,1404718.04,1404718.04.01,1404718.04.01.05,1404718,4,1,B,14,JALISCO,39,GUADALAJARA,5,5,2,53,2.0,6.0,3.0,1.0,,2.0,961,961.0,U,280,6342,Mujer,Preparatoria o bachillerato
127944,1404718.04,1404718.04.01,1404718.04.01.06,1404718,4,1,B,14,JALISCO,39,GUADALAJARA,6,5,2,16,,3.0,3.0,,,,961,961.0,U,280,6342,Mujer,Secundaria
127945,1404718.04,1404718.04.01,1404718.04.01.07,1404718,4,1,B,14,JALISCO,39,GUADALAJARA,7,5,2,7,,1.0,3.0,,,,961,961.0,U,280,6342,Mujer,Preescolar
127946,1404718.05,1404718.05.01,1404718.05.01.01,1404718,5,1,A,14,JALISCO,39,GUADALAJARA,1,1,1,55,2.0,6.0,3.0,1.0,,2.0,961,961.0,U,280,6342,Hombre,Preparatoria o bachillerato
127947,1404718.05,1404718.05.01,1404718.05.01.02,1404718,5,1,A,14,JALISCO,39,GUADALAJARA,2,2,2,53,2.0,3.0,3.0,1.0,,2.0,961,961.0,U,280,6342,Mujer,Secundaria
127948,1404718.05,1404718.05.01,1404718.05.01.03,1404718,5,1,A,14,JALISCO,39,GUADALAJARA,3,3,2,27,2.0,8.0,5.0,1.0,,2.0,961,961.0,U,280,6342,Mujer,Licenciatura
127949,1404718.05,1404718.05.01,1404718.05.01.04,1404718,5,1,A,14,JALISCO,39,GUADALAJARA,4,5,1,29,1.0,3.0,3.0,1.0,,2.0,961,961.0,U,280,6342,Hombre,Secundaria
127950,1404718.05,1404718.05.01,1404718.05.01.05,1404718,5,1,A,14,JALISCO,39,GUADALAJARA,5,5,2,4,,0.0,0.0,,,,961,961.0,U,280,6342,Mujer,Sin escolaridad
127951,1404718.05,1404718.05.01,1404718.05.01.06,1404718,5,1,A,14,JALISCO,39,GUADALAJARA,6,5,1,2,,,,,,,961,961.0,U,280,6342,Hombre,No especificado
127952,1404775.02,1404775.02.01,1404775.02.01.01,1404775,2,1,B,14,JALISCO,39,GUADALAJARA,1,1,1,78,1.0,2.0,6.0,1.0,,3.0,1050,1050.0,U,280,6301,Hombre,Primaria
127953,1404775.02,1404775.02.01,1404775.02.01.02,1404775,2,1,B,14,JALISCO,39,GUADALAJARA,2,2,2,77,2.0,7.0,3.0,5.0,4.0,,1050,1050.0,U,280,6301,Mujer,Carrera técnica con preparatoria
127954,1404775.04,1404775.04.01,1404775.04.01.01,1404775,4,1,B,14,JALISCO,39,GUADALAJARA,1,1,2,65,1.0,8.0,5.0,6.0,4.0,,1050,1050.0,U,280,6301,Mujer,Licenciatura
127955,1404775.05,1404775.05.01,1404775.05.01.01,1404775,5,1,B,14,JALISCO,39,GUADALAJARA,1,1,1,36,1.0,6.0,3.0,1.0,,2.0,1050,1050.0,U,280,6301,Hombre,Preparatoria o bachillerato
127956,1404815.01,1404815.01.01,1404815.01.01.01,1404815,1,1,B,14,JALISCO,39,GUADALAJARA,1,1,1,94,2.0,2.0,6.0,6.0,4.0,,994,994.0,U,281,6462,Hombre,Primaria
127957,1404815.01,1404815.01.01,1404815.01.01.02,1404815,1,1,B,14,JALISCO,39,GUADALAJARA,2,3,2,66,2.0,8.0,5.0,6.0,4.0,,994,994.0,U,281,6462,Mujer,Licenciatura
127958,1404815.01,1404815.01.01,1404815.01.01.03,1404815,1,1,B,14,JALISCO,39,GUADALAJARA,3,3,2,63,2.0,6.0,3.0,1.0,,2.0,994,994.0,U,281,6462,Mujer,Preparatoria o bachillerato
127959,1404815.01,1404815.01.01,1404815.01.01.04,1404815,1,1,B,14,JALISCO,39,GUADALAJARA,4,3,1,61,2.0,6.0,3.0,1.0,,2.0,994,994.0,U,281,6462,Hombre,Preparatoria o bachillerato
127960,1404815.01,1404815.01.01,1404815.01.01.05,1404815,1,1,B,14,JALISCO,39,GUADALAJARA,5,3,1,59,1.0,8.0,5.0,1.0,,2.0,994,994.0,U,281,6462,Hombre,Licenciatura
127961,1404815.01,1404815.01.01,1404815.01.01.06,1404815,1,1,B,14,JALISCO,39,GUADALAJARA,6,3,2,57,2.0,8.0,5.0,1.0,,2.0,994,994.0,U,281,6462,Mujer,Licenciatura
127962,1404815.01,1404815.01.01,1404815.01.01.07,1404815,1,1,B,14,JALISCO,39,GUADALAJARA,7,3,1,55,2.0,6.0,3.0,1.0,,2.0,994,994.0,U,281,6462,Hombre,Preparatoria o bachillerato
127963,1404815.02,1404815.02.01,1404815.02.01.01,1404815,2,1,B,14,JALISCO,39,GUADALAJARA,1,1,2,40,2.0,8.0,5.0,1.0,,2.0,994,994.0,U,281,6462,Mujer,Licenciatura
127964,1404815.02,1404815.02.01,1404815.02.01.02,1404815,2,1,B,14,JALISCO,39,GUADALAJARA,2,2,1,40,1.0,8.0,3.0,1.0,,2.0,994,994.0,U,281,6462,Hombre,Licenciatura
127965,1404815.03,1404815.03.01,1404815.03.01.01,1404815,3,1,B,14,JALISCO,39,GUADALAJARA,1,1,2,78,2.0,8.0,5.0,6.0,4.0,,994,994.0,U,281,6462,Mujer,Licenciatura
127966,1404815.03,1404815.03.01,1404815.03.01.02,1404815,3,1,B,14,JALISCO,39,GUADALAJARA,2,5,2,85,2.0,3.0,3.0,6.0,4.0,,994,994.0,U,281,6462,Mujer,Secundaria
127967,1404815.03,1404815.03.01,1404815.03.01.03,1404815,3,1,B,14,JALISCO,39,GUADALAJARA,3,5,1,40,1.0,8.0,5.0,1.0,,3.0,994,994.0,U,281,6462,Hombre,Licenciatura
127968,1404815.03,1404815.03.01,1404815.03.01.04,1404815,3,1,B,14,JALISCO,39,GUADALAJARA,4,5,2,51,2.0,8.0,5.0,1.0,,3.0,994,994.0,U,281,6462,Mujer,Licenciatura
127969,1404815.03,1404815.03.01,1404815.03.01.05,1404815,3,1,B,14,JALISCO,39,GUADALAJARA,5,5,2,14,,3.0,1.0,,,,994,994.0,U,281,6462,Mujer,Secundaria
127970,1404815.04,1404815.04.01,1404815.04.01.01,1404815,4,1,B,14,JALISCO,39,GUADALAJARA,1,1,2,75,1.0,7.0,3.0,6.0,4.0,,994,994.0,U,281,6462,Mujer,Carrera técnica con preparatoria
127971,1404815.05,1404815.05.01,1404815.05.01.01,1404815,5,1,B,14,JALISCO,39,GUADALAJARA,1,1,1,86,2.0,2.0,5.0,1.0,,3.0,994,994.0,U,281,6462,Hombre,Primaria
127972,1404815.05,1404815.05.01,1404815.05.01.02,1404815,5,1,B,14,JALISCO,39,GUADALAJARA,2,3,1,67,1.0,8.0,5.0,6.0,4.0,,994,994.0,U,281,6462,Hombre,Licenciatura
127973,1404815.05,1404815.05.01,1404815.05.01.03,1404815,5,1,B,14,JALISCO,39,GUADALAJARA,3,3,1,48,2.0,0.0,0.0,8.0,4.0,,994,994.0,U,281,6462,Hombre,Sin escolaridad
127974,1404852.01,1404852.01.01,1404852.01.01.01,1404852,1,1,B,14,JALISCO,39,GUADALAJARA,1,1,1,56,2.0,8.0,5.0,1.0,,2.0,1092,1092.0,U,281,6429,Hombre,Licenciatura
127975,1404852.01,1404852.01.01,1404852.01.01.02,1404852,1,1,B,14,JALISCO,39,GUADALAJARA,2,2,2,57,2.0,8.0,5.0,1.0,,2.0,1092,1092.0,U,281,6429,Mujer,Licenciatura
127976,1404852.01,1404852.01.01,1404852.01.01.03,1404852,1,1,B,14,JALISCO,39,GUADALAJARA,3,3,1,25,1.0,3.0,3.0,1.0,,3.0,1092,1092.0,U,281,6429,Hombre,Secundaria
127977,1404852.03,1404852.03.01,1404852.03.01.01,1404852,3,1,B,14,JALISCO,39,GUADALAJARA,1,1,1,84,2.0,6.0,3.0,6.0,4.0,,1092,1092.0,U,281,6429,Hombre,Preparatoria o bachillerato
127978,1404852.03,1404852.03.01,1404852.03.01.02,1404852,3,1,B,14,JALISCO,39,GUADALAJARA,2,2,2,75,1.0,4.0,3.0,5.0,4.0,,1092,1092.0,U,281,6429,Mujer,Carrera técnica con secundaria
127979,1404852.03,1404852.03.01,1404852.03.01.03,1404852,3,1,B,14,JALISCO,39,GUADALAJARA,3,3,2,54,2.0,8.0,5.0,1.0,,2.0,1092,1092.0,U,281,6429,Mujer,Licenciatura
127980,1404852.03,1404852.03.01,1404852.03.01.04,1404852,3,1,B,14,JALISCO,39,GUADALAJARA,4,3,1,48,2.0,6.0,3.0,1.0,,3.0,1092,1092.0,U,281,6429,Hombre,Preparatoria o bachillerato
127981,1404852.04,1404852.04.01,1404852.04.01.01,1404852,4,1,B,14,JALISCO,39,GUADALAJARA,1,1,2,65,1.0,4.0,3.0,6.0,4.0,,1092,1092.0,U,281,6429,Mujer,Carrera técnica con secundaria
127982,1404852.05,1404852.05.01,1404852.05.01.01,1404852,5,1,B,14,JALISCO,39,GUADALAJARA,1,1,1,30,1.0,8.0,5.0,1.0,,5.0,1092,1092.0,U,281,6429,Hombre,Licenciatura
127983,1404866.01,1404866.01.01,1404866.01.01.01,1404866,1,1,B,14,JALISCO,39,GUADALAJARA,1,1,1,58,2.0,7.0,3.0,1.0,,2.0,1069,1069.0,U,280,6299,Hombre,Carrera técnica con preparatoria
127984,1404866.01,1404866.01.01,1404866.01.01.02,1404866,1,1,B,14,JALISCO,39,GUADALAJARA,2,4,2,82,1.0,2.0,1.0,6.0,4.0,,1069,1069.0,U,280,6299,Mujer,Primaria
127985,1404866.02,1404866.02.01,1404866.02.01.01,1404866,2,1,B,14,JALISCO,39,GUADALAJARA,1,1,2,98,1.0,6.0,3.0,1.0,,1.0,1069,1069.0,U,280,6299,Mujer,Preparatoria o bachillerato
127986,1404866.02,1404866.02.01,1404866.02.01.02,1404866,2,1,B,14,JALISCO,39,GUADALAJARA,2,2,1,98,2.0,2.0,3.0,8.0,4.0,,1069,1069.0,U,280,6299,Hombre,Primaria
127987,1404866.02,1404866.02.01,1404866.02.01.03,1404866,2,1,B,14,JALISCO,39,GUADALAJARA,3,4,2,98,2.0,4.0,3.0,6.0,4.0,,1069,1069.0,U,280,6299,Mujer,Carrera técnica con secundaria
127988,1404866.02,1404866.02.01,1404866.02.01.04,1404866,2,1,B,14,JALISCO,39,GUADALAJARA,4,4,1,98,2.0,6.0,3.0,1.0,,1.0,1069,1069.0,U,280,6299,Hombre,Preparatoria o bachillerato
127989,1404866.03,1404866.03.01,1404866.03.01.01,1404866,3,1,B,14,JALISCO,39,GUADALAJARA,1,1,2,69,1.0,8.0,5.0,6.0,4.0,,1069,1069.0,U,280,6299,Mujer,Licenciatura
127990,1404866.03,1404866.03.01,1404866.03.01.02,1404866,3,1,B,14,JALISCO,39,GUADALAJARA,2,3,1,33,2.0,8.0,5.0,1.0,,2.0,1069,1069.0,U,280,6299,Hombre,Licenciatura
127991,1404866.04,1404866.04.01,1404866.04.01.01,1404866,4,1,B,14,JALISCO,39,GUADALAJARA,1,1,2,57,1.0,8.0,5.0,6.0,4.0,,1069,1069.0,U,280,6299,Mujer,Licenciatura
127992,1404866.05,1404866.05.01,1404866.05.01.01,1404866,5,1,B,14,JALISCO,39,GUADALAJARA,1,1,1,30,1.0,8.0,4.0,1.0,,4.0,1069,1069.0,U,280,6299,Hombre,Licenciatura
127993,1404885.02,1404885.02.01,1404885.02.01.01,1404885,2,1,A,14,JALISCO,39,GUADALAJARA,1,1,1,66,1.0,8.0,5.0,6.0,4.0,,1180,1180.0,U,281,6399,Hombre,Licenciatura
127994,1404885.02,1404885.02.01,1404885.02.01.02,1404885,2,1,A,14,JALISCO,39,GUADALAJARA,2,2,2,64,2.0,9.0,5.0,1.0,,3.0,1180,1180.0,U,281,6399,Mujer,Posgrado (Maestría/Doctorado)
127995,1404885.02,1404885.02.02,1404885.02.02.01,1404885,2,2,A,14,JALISCO,39,GUADALAJARA,1,1,2,23,1.0,6.0,3.0,4.0,4.0,,1180,1180.0,U,281,6399,Mujer,Preparatoria o bachillerato
127996,1404885.04,1404885.04.01,1404885.04.01.01,1404885,4,1,A,14,JALISCO,39,GUADALAJARA,1,1,1,64,2.0,9.0,3.0,1.0,,4.0,1180,1180.0,U,281,6399,Hombre,Posgrado (Maestría/Doctorado)
127997,1404885.04,1404885.04.01,1404885.04.01.02,1404885,4,1,A,14,JALISCO,39,GUADALAJARA,2,2,2,59,1.0,8.0,1.0,1.0,,4.0,1180,1180.0,U,281,6399,Mujer,Licenciatura
127998,1404885.05,1404885.05.01,1404885.05.01.01,1404885,5,1,A,14,JALISCO,39,GUADALAJARA,1,1,1,46,2.0,9.0,5.0,1.0,,2.0,1180,1180.0,U,281,6399,Hombre,Posgrado (Maestría/Doctorado)
127999,1404885.05,1404885.05.01,1404885.05.01.02,1404885,5,1,A,14,JALISCO,39,GUADALAJARA,2,6,2,42,1.0,9.0,5.0,1.0,,3.0,1180,1180.0,U,281,6399,Mujer,Posgrado (Maestría/Doctorado)
128000,1404887.01,1404887.01.01,1404887.01.01.01,1404887,1,1,B,14,JALISCO,39,GUADALAJARA,1,1,2,61,1.0,8.0,5.0,1.0,,3.0,1081,1081.0,U,281,6435,Mujer,Licenciatura
128001,1404887.01,1404887.01.01,1404887.01.01.02,1404887,1,1,B,14,JALISCO,39,GUADALAJARA,2,3,1,24,2.0,8.0,4.0,1.0,,2.0,1081,1081.0,U,281,6435,Hombre,Licenciatura
128002,1404887.02,1404887.02.01,1404887.02.01.01,1404887,2,1,B,14,JALISCO,39,GUADALAJARA,1,1,1,52,2.0,8.0,5.0,1.0,,4.0,1081,1081.0,U,281,6435,Hombre,Licenciatura
128003,1404887.02,1404887.02.01,1404887.02.01.02,1404887,2,1,B,14,JALISCO,39,GUADALAJARA,2,5,2,54,1.0,6.0,3.0,1.0,,3.0,1081,1081.0,U,281,6435,Mujer,Preparatoria o bachillerato
128004,1404887.02,1404887.02.01,1404887.02.01.03,1404887,2,1,B,14,JALISCO,39,GUADALAJARA,3,5,1,37,2.0,7.0,3.0,1.0,,2.0,1081,1081.0,U,281,6435,Hombre,Carrera técnica con preparatoria
128005,1404887.02,1404887.02.01,1404887.02.01.04,1404887,2,1,B,14,JALISCO,39,GUADALAJARA,4,5,1,33,2.0,8.0,5.0,1.0,,2.0,1081,1081.0,U,281,6435,Hombre,Licenciatura
128006,1404887.05,1404887.05.01,1404887.05.01.01,1404887,5,1,B,14,JALISCO,39,GUADALAJARA,1,1,2,59,2.0,8.0,5.0,1.0,,2.0,1081,1081.0,U,281,6435,Mujer,Licenciatura
128007,1404887.05,1404887.05.01,1404887.05.01.02,1404887,5,1,B,14,JALISCO,39,GUADALAJARA,2,5,1,60,1.0,6.0,3.0,3.0,4.0,,1081,1081.0,U,281,6435,Hombre,Preparatoria o bachillerato
128008,1404887.05,1404887.05.02,1404887.05.02.01,1404887,5,2,B,14,JALISCO,39,GUADALAJARA,1,1,2,56,2.0,6.0,2.0,1.0,,2.0,1081,1081.0,U,281,6435,Mujer,Preparatoria o bachillerato
128009,1404887.05,1404887.05.02,1404887.05.02.02,1404887,5,2,B,14,JALISCO,39,GUADALAJARA,2,3,2,20,1.0,7.0,3.0,1.0,,2.0,1081,1081.0,U,281,6435,Mujer,Carrera técnica con preparatoria
128010,1404900.01,1404900.01.01,1404900.01.01.01,1404900,1,1,A,14,JALISCO,39,GUADALAJARA,1,1,2,41,1.0,3.0,3.0,1.0,,2.0,761,761.0,U,279,6285,Mujer,Secundaria
128011,1404900.01,1404900.01.01,1404900.01.01.02,1404900,1,1,A,14,JALISCO,39,GUADALAJARA,2,3,2,21,2.0,6.0,3.0,8.0,4.0,,761,761.0,U,279,6285,Mujer,Preparatoria o bachillerato
128012,1404900.01,1404900.01.01,1404900.01.01.03,1404900,1,1,A,14,JALISCO,39,GUADALAJARA,3,3,1,14,,3.0,1.0,,,,761,761.0,U,279,6285,Hombre,Secundaria
128013,1404900.01,1404900.01.01,1404900.01.01.04,1404900,1,1,A,14,JALISCO,39,GUADALAJARA,4,5,1,2,,,,,,,761,761.0,U,279,6285,Hombre,No especificado
128014,1404900.02,1404900.02.01,1404900.02.01.01,1404900,2,1,A,14,JALISCO,39,GUADALAJARA,1,1,2,72,2.0,2.0,4.0,8.0,2.0,3.0,761,761.0,U,279,6285,Mujer,Primaria
128015,1404900.02,1404900.02.01,1404900.02.01.02,1404900,2,1,A,14,JALISCO,39,GUADALAJARA,2,3,1,46,1.0,6.0,1.0,7.0,,,761,761.0,U,279,6285,Hombre,Preparatoria o bachillerato
128016,1404900.02,1404900.02.01,1404900.02.01.03,1404900,2,1,A,14,JALISCO,39,GUADALAJARA,3,5,1,26,2.0,8.0,2.0,1.0,,2.0,761,761.0,U,279,6285,Hombre,Licenciatura
128017,1404900.02,1404900.02.01,1404900.02.01.04,1404900,2,1,A,14,JALISCO,39,GUADALAJARA,4,3,1,22,2.0,3.0,3.0,1.0,,2.0,761,761.0,U,279,6285,Hombre,Secundaria
128018,1404900.02,1404900.02.01,1404900.02.01.05,1404900,2,1,A,14,JALISCO,39,GUADALAJARA,5,3,1,20,2.0,3.0,3.0,1.0,,2.0,761,761.0,U,279,6285,Hombre,Secundaria
128019,1404900.03,1404900.03.01,1404900.03.01.01,1404900,3,1,B,14,JALISCO,39,GUADALAJARA,1,1,2,82,1.0,2.0,6.0,8.0,4.0,,761,761.0,U,279,6285,Mujer,Primaria
128020,1404900.03,1404900.03.01,1404900.03.01.02,1404900,3,1,B,14,JALISCO,39,GUADALAJARA,2,3,1,57,2.0,3.0,3.0,1.0,,3.0,761,761.0,U,279,6285,Hombre,Secundaria
128021,1404900.04,1404900.04.01,1404900.04.01.01,1404900,4,1,B,14,JALISCO,39,GUADALAJARA,1,1,1,78,1.0,2.0,4.0,8.0,4.0,,761,761.0,U,279,6285,Hombre,Primaria
128022,1404900.04,1404900.04.01,1404900.04.01.02,1404900,4,1,B,14,JALISCO,39,GUADALAJARA,2,2,2,77,2.0,2.0,6.0,8.0,4.0,,761,761.0,U,279,6285,Mujer,Primaria
128023,1404920.01,1404920.01.01,1404920.01.01.01,1404920,1,1,B,14,JALISCO,39,GUADALAJARA,1,1,1,32,2.0,8.0,5.0,1.0,,2.0,1002,1002.0,U,280,6320,Hombre,Licenciatura
128024,1404920.01,1404920.01.01,1404920.01.01.02,1404920,1,1,B,14,JALISCO,39,GUADALAJARA,2,2,2,33,1.0,8.0,5.0,5.0,4.0,,1002,1002.0,U,280,6320,Mujer,Licenciatura
128025,1404920.01,1404920.01.01,1404920.01.01.03,1404920,1,1,B,14,JALISCO,39,GUADALAJARA,3,3,2,9,,2.0,3.0,,,,1002,1002.0,U,280,6320,Mujer,Primaria
128026,1404920.01,1404920.01.01,1404920.01.01.04,1404920,1,1,B,14,JALISCO,39,GUADALAJARA,4,3,2,2,,,,,,,1002,1002.0,U,280,6320,Mujer,No especificado
128027,1404920.02,1404920.02.01,1404920.02.01.01,1404920,2,1,B,14,JALISCO,39,GUADALAJARA,1,1,2,62,1.0,4.0,3.0,5.0,4.0,,1002,1002.0,U,280,6320,Mujer,Carrera técnica con secundaria
128028,1404920.02,1404920.02.01,1404920.02.01.02,1404920,2,1,B,14,JALISCO,39,GUADALAJARA,2,2,1,59,2.0,3.0,3.0,6.0,4.0,,1002,1002.0,U,280,6320,Hombre,Secundaria
128029,1404920.02,1404920.02.01,1404920.02.01.03,1404920,2,1,B,14,JALISCO,39,GUADALAJARA,3,3,1,23,2.0,8.0,4.0,4.0,4.0,,1002,1002.0,U,280,6320,Hombre,Licenciatura
128030,1404920.03,1404920.03.01,1404920.03.01.01,1404920,3,1,B,14,JALISCO,39,GUADALAJARA,1,1,2,63,2.0,2.0,6.0,5.0,1.0,3.0,1002,1002.0,U,280,6320,Mujer,Primaria
128031,1404920.03,1404920.03.01,1404920.03.01.02,1404920,3,1,B,14,JALISCO,39,GUADALAJARA,2,3,2,32,1.0,8.0,5.0,1.0,,2.0,1002,1002.0,U,280,6320,Mujer,Licenciatura
128032,1404920.03,1404920.03.01,1404920.03.01.03,1404920,3,1,B,14,JALISCO,39,GUADALAJARA,3,3,2,34,2.0,6.0,3.0,1.0,,3.0,1002,1002.0,U,280,6320,Mujer,Preparatoria o bachillerato
128033,1404920.04,1404920.04.01,1404920.04.01.01,1404920,4,1,B,14,JALISCO,39,GUADALAJARA,1,1,1,54,2.0,4.0,3.0,1.0,,2.0,1002,1002.0,U,280,6320,Hombre,Carrera técnica con secundaria
128034,1404920.04,1404920.04.01,1404920.04.01.02,1404920,4,1,B,14,JALISCO,39,GUADALAJARA,2,2,2,57,1.0,4.0,3.0,5.0,4.0,,1002,1002.0,U,280,6320,Mujer,Carrera técnica con secundaria
128035,1404920.05,1404920.05.01,1404920.05.01.01,1404920,5,1,B,14,JALISCO,39,GUADALAJARA,1,1,1,68,1.0,3.0,3.0,6.0,4.0,,1002,1002.0,U,280,6320,Hombre,Secundaria
128036,1404920.05,1404920.05.01,1404920.05.01.02,1404920,5,1,B,14,JALISCO,39,GUADALAJARA,2,2,2,69,2.0,2.0,6.0,5.0,4.0,,1002,1002.0,U,280,6320,Mujer,Primaria
128037,1404920.05,1404920.05.01,1404920.05.01.03,1404920,5,1,B,14,JALISCO,39,GUADALAJARA,3,3,1,36,2.0,6.0,3.0,1.0,,3.0,1002,1002.0,U,280,6320,Hombre,Preparatoria o bachillerato
128038,1404920.05,1404920.05.01,1404920.05.01.04,1404920,5,1,B,14,JALISCO,39,GUADALAJARA,4,3,2,42,2.0,6.0,3.0,1.0,,2.0,1002,1002.0,U,280,6320,Mujer,Preparatoria o bachillerato
128039,1404920.05,1404920.05.01,1404920.05.01.05,1404920,5,1,B,14,JALISCO,39,GUADALAJARA,5,5,2,13,,3.0,1.0,,,,1002,1002.0,U,280,6320,Mujer,Secundaria
128040,1404920.05,1404920.05.01,1404920.05.01.06,1404920,5,1,B,14,JALISCO,39,GUADALAJARA,6,5,2,8,,2.0,1.0,,,,1002,1002.0,U,280,6320,Mujer,Primaria
128041,1404992.01,1404992.01.01,1404992.01.01.01,1404992,1,1,B,14,JALISCO,39,GUADALAJARA,1,1,1,37,1.0,6.0,3.0,1.0,,2.0,954,954.0,U,280,6349,Hombre,Preparatoria o bachillerato
128042,1404992.01,1404992.01.01,1404992.01.01.02,1404992,1,1,B,14,JALISCO,39,GUADALAJARA,2,2,2,31,2.0,8.0,5.0,1.0,,2.0,954,954.0,U,280,6349,Mujer,Licenciatura
128043,1404992.01,1404992.01.01,1404992.01.01.03,1404992,1,1,B,14,JALISCO,39,GUADALAJARA,3,3,2,8,,2.0,2.0,,,,954,954.0,U,280,6349,Mujer,Primaria
128044,1404992.01,1404992.01.01,1404992.01.01.04,1404992,1,1,B,14,JALISCO,39,GUADALAJARA,4,3,1,6,,1.0,3.0,,,,954,954.0,U,280,6349,Hombre,Preescolar
128045,1404992.01,1404992.01.01,1404992.01.01.05,1404992,1,1,B,14,JALISCO,39,GUADALAJARA,5,3,1,4,,1.0,1.0,,,,954,954.0,U,280,6349,Hombre,Preescolar
128046,1404992.02,1404992.02.01,1404992.02.01.01,1404992,2,1,B,14,JALISCO,39,GUADALAJARA,1,1,2,49,2.0,4.0,3.0,1.0,,3.0,954,954.0,U,280,6349,Mujer,Carrera técnica con secundaria
128047,1404992.02,1404992.02.01,1404992.02.01.02,1404992,2,1,B,14,JALISCO,39,GUADALAJARA,2,2,1,52,1.0,2.0,6.0,1.0,,2.0,954,954.0,U,280,6349,Hombre,Primaria
128048,1404992.02,1404992.02.01,1404992.02.01.03,1404992,2,1,B,14,JALISCO,39,GUADALAJARA,3,3,2,23,2.0,3.0,3.0,5.0,4.0,,954,954.0,U,280,6349,Mujer,Secundaria
128049,1404992.03,1404992.03.01,1404992.03.01.01,1404992,3,1,B,14,JALISCO,39,GUADALAJARA,1,1,1,53,2.0,6.0,3.0,1.0,,2.0,954,954.0,U,280,6349,Hombre,Preparatoria o bachillerato
128050,1404992.03,1404992.03.01,1404992.03.01.02,1404992,3,1,B,14,JALISCO,39,GUADALAJARA,2,2,2,40,2.0,6.0,3.0,1.0,,2.0,954,954.0,U,280,6349,Mujer,Preparatoria o bachillerato
128051,1404992.03,1404992.03.01,1404992.03.01.03,1404992,3,1,B,14,JALISCO,39,GUADALAJARA,3,3,1,22,1.0,6.0,3.0,8.0,4.0,,954,954.0,U,280,6349,Hombre,Preparatoria o bachillerato
128052,1404992.03,1404992.03.01,1404992.03.01.04,1404992,3,1,B,14,JALISCO,39,GUADALAJARA,4,3,2,20,2.0,8.0,1.0,4.0,4.0,,954,954.0,U,280,6349,Mujer,Licenciatura
128053,1404992.03,1404992.03.01,1404992.03.01.05,1404992,3,1,B,14,JALISCO,39,GUADALAJARA,5,3,2,10,,2.0,3.0,,,,954,954.0,U,280,6349,Mujer,Primaria
128054,1404992.04,1404992.04.01,1404992.04.01.01,1404992,4,1,B,14,JALISCO,39,GUADALAJARA,1,1,2,55,1.0,2.0,6.0,1.0,,2.0,954,954.0,U,280,6349,Mujer,Primaria
128055,1404992.04,1404992.04.01,1404992.04.01.02,1404992,4,1,B,14,JALISCO,39,GUADALAJARA,2,3,1,28,2.0,6.0,1.0,1.0,,2.0,954,954.0,U,280,6349,Hombre,Preparatoria o bachillerato
128056,1404992.04,1404992.04.01,1404992.04.01.03,1404992,4,1,B,14,JALISCO,39,GUADALAJARA,3,3,2,22,2.0,6.0,3.0,1.0,,2.0,954,954.0,U,280,6349,Mujer,Preparatoria o bachillerato
128057,1404992.04,1404992.04.01,1404992.04.01.04,1404992,4,1,B,14,JALISCO,39,GUADALAJARA,4,5,2,9,,2.0,1.0,,,,954,954.0,U,280,6349,Mujer,Primaria
128058,1404992.04,1404992.04.01,1404992.04.01.05,1404992,4,1,B,14,JALISCO,39,GUADALAJARA,5,5,1,5,,1.0,2.0,,,,954,954.0,U,280,6349,Hombre,Preescolar
128059,1404992.05,1404992.05.01,1404992.05.01.01,1404992,5,1,A,14,JALISCO,39,GUADALAJARA,1,1,1,43,1.0,8.0,5.0,1.0,,2.0,954,954.0,U,280,6349,Hombre,Licenciatura
128060,1404992.05,1404992.05.01,1404992.05.01.02,1404992,5,1,A,14,JALISCO,39,GUADALAJARA,2,2,2,40,2.0,7.0,3.0,1.0,,2.0,954,954.0,U,280,6349,Mujer,Carrera técnica con preparatoria
128061,1404992.05,1404992.05.01,1404992.05.01.03,1404992,5,1,A,14,JALISCO,39,GUADALAJARA,3,3,1,18,2.0,6.0,3.0,4.0,4.0,,954,954.0,U,280,6349,Hombre,Preparatoria o bachillerato
128062,1404992.05,1404992.05.01,1404992.05.01.04,1404992,5,1,A,14,JALISCO,39,GUADALAJARA,4,3,1,14,,3.0,2.0,,,,954,954.0,U,280,6349,Hombre,Secundaria
128063,1404992.05,1404992.05.01,1404992.05.01.05,1404992,5,1,A,14,JALISCO,39,GUADALAJARA,5,3,1,2,,,,,,,954,954.0,U,280,6349,Hombre,No especificado
128064,1405018.01,1405018.01.01,1405018.01.01.01,1405018,1,1,A,14,JALISCO,39,GUADALAJARA,1,1,1,33,2.0,8.0,5.0,1.0,,2.0,897,897.0,U,280,6369,Hombre,Licenciatura
128065,1405018.01,1405018.01.01,1405018.01.01.02,1405018,1,1,A,14,JALISCO,39,GUADALAJARA,2,2,2,32,1.0,8.0,5.0,1.0,,2.0,897,897.0,U,280,6369,Mujer,Licenciatura
128066,1405018.01,1405018.01.01,1405018.01.01.03,1405018,1,1,A,14,JALISCO,39,GUADALAJARA,3,3,2,6,,1.0,3.0,,,,897,897.0,U,280,6369,Mujer,Preescolar
128067,1405018.02,1405018.02.01,1405018.02.01.01,1405018,2,1,A,14,JALISCO,39,GUADALAJARA,1,1,2,49,1.0,8.0,5.0,1.0,,2.0,897,897.0,U,280,6369,Mujer,Licenciatura
128068,1405018.02,1405018.02.01,1405018.02.01.02,1405018,2,1,A,14,JALISCO,39,GUADALAJARA,2,3,1,27,2.0,7.0,3.0,1.0,,1.0,897,897.0,U,280,6369,Hombre,Carrera técnica con preparatoria
128069,1405018.02,1405018.02.01,1405018.02.01.03,1405018,2,1,A,14,JALISCO,39,GUADALAJARA,3,5,1,11,,2.0,4.0,,,,897,897.0,U,280,6369,Hombre,Primaria
128070,1405018.03,1405018.03.01,1405018.03.01.01,1405018,3,1,B,14,JALISCO,39,GUADALAJARA,1,1,2,60,2.0,8.0,5.0,1.0,,2.0,897,897.0,U,280,6369,Mujer,Licenciatura
128071,1405018.03,1405018.03.01,1405018.03.01.02,1405018,3,1,B,14,JALISCO,39,GUADALAJARA,2,5,2,50,1.0,2.0,6.0,1.0,,2.0,897,897.0,U,280,6369,Mujer,Primaria
128072,1405018.04,1405018.04.01,1405018.04.01.01,1405018,4,1,A,14,JALISCO,39,GUADALAJARA,1,1,2,57,2.0,2.0,6.0,1.0,,2.0,897,897.0,U,280,6369,Mujer,Primaria
128073,1405018.04,1405018.04.01,1405018.04.01.02,1405018,4,1,A,14,JALISCO,39,GUADALAJARA,2,2,1,54,2.0,3.0,3.0,1.0,,2.0,897,897.0,U,280,6369,Hombre,Secundaria
128074,1405018.04,1405018.04.01,1405018.04.01.03,1405018,4,1,A,14,JALISCO,39,GUADALAJARA,3,3,1,21,1.0,8.0,4.0,1.0,,2.0,897,897.0,U,280,6369,Hombre,Licenciatura
128075,1405027.01,1405027.01.01,1405027.01.01.01,1405027,1,1,A,14,JALISCO,39,GUADALAJARA,1,1,1,42,1.0,6.0,3.0,1.0,,1.0,921,921.0,U,281,6475,Hombre,Preparatoria o bachillerato
128076,1405027.01,1405027.01.01,1405027.01.01.02,1405027,1,1,A,14,JALISCO,39,GUADALAJARA,2,3,2,18,2.0,6.0,2.0,4.0,4.0,,921,921.0,U,281,6475,Mujer,Preparatoria o bachillerato
128077,1405027.02,1405027.02.01,1405027.02.01.01,1405027,2,1,A,14,JALISCO,39,GUADALAJARA,1,1,2,58,1.0,8.0,5.0,1.0,,2.0,921,921.0,U,281,6475,Mujer,Licenciatura
128078,1405027.02,1405027.02.01,1405027.02.01.02,1405027,2,1,A,14,JALISCO,39,GUADALAJARA,2,3,2,21,2.0,6.0,3.0,4.0,4.0,,921,921.0,U,281,6475,Mujer,Preparatoria o bachillerato
128079,1405027.03,1405027.03.01,1405027.03.01.01,1405027,3,1,A,14,JALISCO,39,GUADALAJARA,1,1,1,45,2.0,2.0,6.0,1.0,,2.0,921,921.0,U,281,6475,Hombre,Primaria
128080,1405027.03,1405027.03.01,1405027.03.01.02,1405027,3,1,A,14,JALISCO,39,GUADALAJARA,2,2,2,48,2.0,3.0,3.0,5.0,4.0,,921,921.0,U,281,6475,Mujer,Secundaria
128081,1405027.03,1405027.03.01,1405027.03.01.03,1405027,3,1,A,14,JALISCO,39,GUADALAJARA,3,3,1,25,1.0,6.0,3.0,1.0,,2.0,921,921.0,U,281,6475,Hombre,Preparatoria o bachillerato
128082,1405027.03,1405027.03.01,1405027.03.01.04,1405027,3,1,A,14,JALISCO,39,GUADALAJARA,4,3,2,19,2.0,3.0,3.0,1.0,,2.0,921,921.0,U,281,6475,Mujer,Secundaria
128083,1405027.03,1405027.03.01,1405027.03.01.05,1405027,3,1,A,14,JALISCO,39,GUADALAJARA,5,6,1,53,2.0,3.0,3.0,1.0,,2.0,921,921.0,U,281,6475,Hombre,Secundaria
128084,1405027.03,1405027.03.01,1405027.03.01.06,1405027,3,1,A,14,JALISCO,39,GUADALAJARA,6,6,2,98,2.0,99.0,9.0,5.0,4.0,,921,921.0,U,281,6475,Mujer,No especificado
128085,1405027.03,1405027.03.01,1405027.03.01.07,1405027,3,1,A,14,JALISCO,39,GUADALAJARA,7,6,2,88,2.0,0.0,0.0,5.0,4.0,,921,921.0,U,281,6475,Mujer,Sin escolaridad
128086,1405027.04,1405027.04.01,1405027.04.01.01,1405027,4,1,A,14,JALISCO,39,GUADALAJARA,1,1,1,55,2.0,4.0,3.0,1.0,,2.0,921,921.0,U,281,6475,Hombre,Carrera técnica con secundaria
128087,1405027.04,1405027.04.01,1405027.04.01.02,1405027,4,1,A,14,JALISCO,39,GUADALAJARA,2,2,2,54,2.0,2.0,6.0,5.0,3.0,2.0,921,921.0,U,281,6475,Mujer,Primaria
128088,1405027.04,1405027.04.01,1405027.04.01.03,1405027,4,1,A,14,JALISCO,39,GUADALAJARA,3,3,1,29,1.0,8.0,5.0,1.0,,2.0,921,921.0,U,281,6475,Hombre,Licenciatura
128089,1405027.05,1405027.05.01,1405027.05.01.01,1405027,5,1,B,14,JALISCO,39,GUADALAJARA,1,1,2,74,2.0,4.0,3.0,6.0,1.0,3.0,921,921.0,U,281,6475,Mujer,Carrera técnica con secundaria
128090,1405027.05,1405027.05.01,1405027.05.01.02,1405027,5,1,B,14,JALISCO,39,GUADALAJARA,2,3,2,57,2.0,8.0,5.0,1.0,,2.0,921,921.0,U,281,6475,Mujer,Licenciatura
128091,1405027.05,1405027.05.01,1405027.05.01.03,1405027,5,1,B,14,JALISCO,39,GUADALAJARA,3,5,2,27,1.0,9.0,5.0,4.0,4.0,,921,921.0,U,281,6475,Mujer,Posgrado (Maestría/Doctorado)
128092,1405059.01,1405059.01.01,1405059.01.01.01,1405059,1,1,A,14,JALISCO,39,GUADALAJARA,1,1,1,72,2.0,8.0,5.0,6.0,4.0,,1005,1005.0,U,281,6459,Hombre,Licenciatura
128093,1405059.01,1405059.01.01,1405059.01.01.02,1405059,1,1,A,14,JALISCO,39,GUADALAJARA,2,2,2,72,2.0,2.0,6.0,5.0,4.0,,1005,1005.0,U,281,6459,Mujer,Primaria
128094,1405059.01,1405059.01.01,1405059.01.01.03,1405059,1,1,A,14,JALISCO,39,GUADALAJARA,3,3,2,40,2.0,9.0,5.0,1.0,,2.0,1005,1005.0,U,281,6459,Mujer,Posgrado (Maestría/Doctorado)
128095,1405059.01,1405059.01.01,1405059.01.01.04,1405059,1,1,A,14,JALISCO,39,GUADALAJARA,4,3,1,39,1.0,8.0,5.0,1.0,,2.0,1005,1005.0,U,281,6459,Hombre,Licenciatura
128096,1405059.02,1405059.02.01,1405059.02.01.01,1405059,2,1,A,14,JALISCO,39,GUADALAJARA,1,1,2,25,1.0,8.0,5.0,1.0,,2.0,1005,1005.0,U,281,6459,Mujer,Licenciatura
128097,1405059.03,1405059.03.01,1405059.03.01.01,1405059,3,1,B,14,JALISCO,39,GUADALAJARA,1,1,2,64,1.0,0.0,0.0,1.0,,2.0,1005,1005.0,U,281,6459,Mujer,Sin escolaridad
128098,1405059.04,1405059.04.01,1405059.04.01.01,1405059,4,1,B,14,JALISCO,39,GUADALAJARA,1,1,1,63,2.0,8.0,4.0,1.0,,3.0,1005,1005.0,U,281,6459,Hombre,Licenciatura
128099,1405059.04,1405059.04.01,1405059.04.01.02,1405059,4,1,B,14,JALISCO,39,GUADALAJARA,2,2,2,63,2.0,8.0,5.0,1.0,,3.0,1005,1005.0,U,281,6459,Mujer,Licenciatura
128100,1405059.04,1405059.04.01,1405059.04.01.03,1405059,4,1,B,14,JALISCO,39,GUADALAJARA,3,3,2,24,1.0,8.0,4.0,4.0,4.0,,1005,1005.0,U,281,6459,Mujer,Licenciatura
128101,1405059.05,1405059.05.01,1405059.05.01.01,1405059,5,1,B,14,JALISCO,39,GUADALAJARA,1,1,2,95,2.0,2.0,6.0,5.0,4.0,,1005,1005.0,U,281,6459,Mujer,Primaria
128102,1405059.05,1405059.05.01,1405059.05.01.02,1405059,5,1,B,14,JALISCO,39,GUADALAJARA,2,3,2,65,2.0,3.0,3.0,6.0,4.0,,1005,1005.0,U,281,6459,Mujer,Secundaria
128103,1405059.05,1405059.05.01,1405059.05.01.03,1405059,5,1,B,14,JALISCO,39,GUADALAJARA,3,3,2,56,2.0,6.0,3.0,1.0,,3.0,1005,1005.0,U,281,6459,Mujer,Preparatoria o bachillerato
128104,1405059.05,1405059.05.01,1405059.05.01.04,1405059,5,1,B,14,JALISCO,39,GUADALAJARA,4,3,2,53,2.0,3.0,3.0,1.0,,2.0,1005,1005.0,U,281,6459,Mujer,Secundaria
128105,1405059.05,1405059.05.01,1405059.05.01.05,1405059,5,1,B,14,JALISCO,39,GUADALAJARA,5,5,2,21,1.0,6.0,3.0,1.0,,2.0,1005,1005.0,U,281,6459,Mujer,Preparatoria o bachillerato
128106,1405059.05,1405059.05.01,1405059.05.01.06,1405059,5,1,B,14,JALISCO,39,GUADALAJARA,6,3,1,66,2.0,8.0,5.0,1.0,,2.0,1005,1005.0,U,281,6459,Hombre,Licenciatura
128107,1405059.05,1405059.05.01,1405059.05.01.07,1405059,5,1,B,14,JALISCO,39,GUADALAJARA,7,5,2,34,2.0,2.0,6.0,1.0,,2.0,1005,1005.0,U,281,6459,Mujer,Primaria
128108,1405059.05,1405059.05.01,1405059.05.01.08,1405059,5,1,B,14,JALISCO,39,GUADALAJARA,8,5,2,10,,2.0,4.0,,,,1005,1005.0,U,281,6459,Mujer,Primaria
128109,1405059.05,1405059.05.01,1405059.05.01.09,1405059,5,1,B,14,JALISCO,39,GUADALAJARA,9,5,2,3,,0.0,0.0,,,,1005,1005.0,U,281,6459,Mujer,Sin escolaridad
128110,1405090.01,1405090.01.01,1405090.01.01.01,1405090,1,1,B,14,JALISCO,39,GUADALAJARA,1,1,2,64,1.0,4.0,3.0,5.0,4.0,,982,982.0,U,280,6327,Mujer,Carrera técnica con secundaria
128111,1405090.01,1405090.01.01,1405090.01.01.02,1405090,1,1,B,14,JALISCO,39,GUADALAJARA,2,5,2,19,2.0,8.0,1.0,4.0,4.0,,982,982.0,U,280,6327,Mujer,Licenciatura
128112,1405090.03,1405090.03.01,1405090.03.01.01,1405090,3,1,A,14,JALISCO,39,GUADALAJARA,1,1,1,40,1.0,6.0,3.0,1.0,,2.0,982,982.0,U,280,6327,Hombre,Preparatoria o bachillerato
128113,1405090.03,1405090.03.01,1405090.03.01.02,1405090,3,1,A,14,JALISCO,39,GUADALAJARA,2,2,2,35,2.0,6.0,3.0,5.0,4.0,,982,982.0,U,280,6327,Mujer,Preparatoria o bachillerato
128114,1405090.03,1405090.03.01,1405090.03.01.03,1405090,3,1,A,14,JALISCO,39,GUADALAJARA,3,3,1,8,,2.0,2.0,,,,982,982.0,U,280,6327,Hombre,Primaria
128115,1405090.03,1405090.03.01,1405090.03.01.04,1405090,3,1,A,14,JALISCO,39,GUADALAJARA,4,3,2,4,,0.0,0.0,,,,982,982.0,U,280,6327,Mujer,Sin escolaridad
128116,1405090.04,1405090.04.01,1405090.04.01.01,1405090,4,1,A,14,JALISCO,39,GUADALAJARA,1,1,1,48,1.0,8.0,5.0,1.0,,2.0,982,982.0,U,280,6327,Hombre,Licenciatura
128117,1405090.04,1405090.04.01,1405090.04.01.02,1405090,4,1,A,14,JALISCO,39,GUADALAJARA,2,2,2,43,2.0,6.0,3.0,5.0,4.0,,982,982.0,U,280,6327,Mujer,Preparatoria o bachillerato
128118,1405090.04,1405090.04.01,1405090.04.01.03,1405090,4,1,A,14,JALISCO,39,GUADALAJARA,3,3,2,12,,2.0,5.0,,,,982,982.0,U,280,6327,Mujer,Primaria
128119,1405090.04,1405090.04.01,1405090.04.01.04,1405090,4,1,A,14,JALISCO,39,GUADALAJARA,4,3,1,14,,3.0,2.0,,,,982,982.0,U,280,6327,Hombre,Secundaria
128120,1405090.05,1405090.05.01,1405090.05.01.01,1405090,5,1,B,14,JALISCO,39,GUADALAJARA,1,1,2,72,2.0,4.0,3.0,5.0,4.0,,982,982.0,U,280,6327,Mujer,Carrera técnica con secundaria
128121,1405090.05,1405090.05.01,1405090.05.01.02,1405090,5,1,B,14,JALISCO,39,GUADALAJARA,2,3,2,47,1.0,8.0,5.0,1.0,,2.0,982,982.0,U,280,6327,Mujer,Licenciatura
128122,1405090.05,1405090.05.01,1405090.05.01.03,1405090,5,1,B,14,JALISCO,39,GUADALAJARA,3,5,1,8,,2.0,2.0,,,,982,982.0,U,280,6327,Hombre,Primaria
128123,1405103.02,1405103.02.01,1405103.02.01.01,1405103,2,1,B,14,JALISCO,39,GUADALAJARA,1,1,1,43,2.0,8.0,4.0,1.0,,4.0,1044,1044.0,U,280,6302,Hombre,Licenciatura
128124,1405103.02,1405103.02.01,1405103.02.01.02,1405103,2,1,B,14,JALISCO,39,GUADALAJARA,2,2,2,44,1.0,8.0,5.0,1.0,,2.0,1044,1044.0,U,280,6302,Mujer,Licenciatura
128125,1405103.02,1405103.02.01,1405103.02.01.03,1405103,2,1,B,14,JALISCO,39,GUADALAJARA,3,3,1,8,,2.0,2.0,,,,1044,1044.0,U,280,6302,Hombre,Primaria
128126,1405103.03,1405103.03.01,1405103.03.01.01,1405103,3,1,A,14,JALISCO,39,GUADALAJARA,1,1,2,28,1.0,8.0,5.0,8.0,4.0,,1044,1044.0,U,280,6302,Mujer,Licenciatura
128127,1405103.05,1405103.05.01,1405103.05.01.01,1405103,5,1,B,14,JALISCO,39,GUADALAJARA,1,1,1,66,1.0,8.0,5.0,1.0,,2.0,1044,1044.0,U,280,6302,Hombre,Licenciatura
128128,1405103.05,1405103.05.01,1405103.05.01.02,1405103,5,1,B,14,JALISCO,39,GUADALAJARA,2,2,2,60,2.0,6.0,3.0,1.0,,2.0,1044,1044.0,U,280,6302,Mujer,Preparatoria o bachillerato
128129,1405122.02,1405122.02.01,1405122.02.01.01,1405122,2,1,B,14,JALISCO,39,GUADALAJARA,1,1,2,89,2.0,2.0,6.0,8.0,4.0,,945,945.0,U,280,6353,Mujer,Primaria
128130,1405122.02,1405122.02.01,1405122.02.01.02,1405122,2,1,B,14,JALISCO,39,GUADALAJARA,2,3,1,57,1.0,4.0,3.0,1.0,,2.0,945,945.0,U,280,6353,Hombre,Carrera técnica con secundaria
128131,1405122.03,1405122.03.01,1405122.03.01.01,1405122,3,1,A,14,JALISCO,39,GUADALAJARA,1,1,1,66,2.0,7.0,3.0,6.0,4.0,,945,945.0,U,280,6353,Hombre,Carrera técnica con preparatoria
128132,1405122.03,1405122.03.01,1405122.03.01.02,1405122,3,1,A,14,JALISCO,39,GUADALAJARA,2,2,2,77,2.0,8.0,1.0,5.0,4.0,,945,945.0,U,280,6353,Mujer,Licenciatura
128133,1405122.03,1405122.03.01,1405122.03.01.03,1405122,3,1,A,14,JALISCO,39,GUADALAJARA,3,3,1,39,2.0,8.0,3.0,1.0,,2.0,945,945.0,U,280,6353,Hombre,Licenciatura
128134,1405122.03,1405122.03.01,1405122.03.01.04,1405122,3,1,A,14,JALISCO,39,GUADALAJARA,4,3,2,34,1.0,8.0,3.0,1.0,,2.0,945,945.0,U,280,6353,Mujer,Licenciatura
128135,1405122.03,1405122.03.01,1405122.03.01.05,1405122,3,1,A,14,JALISCO,39,GUADALAJARA,5,5,2,83,2.0,3.0,2.0,7.0,,,945,945.0,U,280,6353,Mujer,Secundaria
128136,1405122.04,1405122.04.01,1405122.04.01.01,1405122,4,1,B,14,JALISCO,39,GUADALAJARA,1,1,2,70,1.0,3.0,2.0,5.0,4.0,,945,945.0,U,280,6353,Mujer,Secundaria
128137,1405122.04,1405122.04.01,1405122.04.01.02,1405122,4,1,B,14,JALISCO,39,GUADALAJARA,2,5,2,59,2.0,7.0,3.0,7.0,,,945,945.0,U,280,6353,Mujer,Carrera técnica con preparatoria
128138,1405122.04,1405122.04.01,1405122.04.01.03,1405122,4,1,B,14,JALISCO,39,GUADALAJARA,3,3,1,42,2.0,8.0,5.0,1.0,,2.0,945,945.0,U,280,6353,Hombre,Licenciatura
128139,1405122.05,1405122.05.01,1405122.05.01.01,1405122,5,1,A,14,JALISCO,39,GUADALAJARA,1,1,1,78,2.0,2.0,6.0,8.0,4.0,,945,945.0,U,280,6353,Hombre,Primaria
128140,1405122.05,1405122.05.01,1405122.05.01.02,1405122,5,1,A,14,JALISCO,39,GUADALAJARA,2,2,2,72,1.0,0.0,0.0,5.0,4.0,,945,945.0,U,280,6353,Mujer,Sin escolaridad
128141,1405122.05,1405122.05.01,1405122.05.01.03,1405122,5,1,A,14,JALISCO,39,GUADALAJARA,3,3,2,48,2.0,3.0,3.0,1.0,,2.0,945,945.0,U,280,6353,Mujer,Secundaria
128142,1405122.05,1405122.05.01,1405122.05.01.04,1405122,5,1,A,14,JALISCO,39,GUADALAJARA,4,5,1,19,2.0,7.0,1.0,8.0,4.0,,945,945.0,U,280,6353,Hombre,Carrera técnica con preparatoria
128143,1405229.01,1405229.01.01,1405229.01.01.01,1405229,1,1,B,14,JALISCO,39,GUADALAJARA,1,1,2,78,1.0,2.0,1.0,7.0,,,1026,1026.0,U,280,6310,Mujer,Primaria
128144,1405229.02,1405229.02.01,1405229.02.01.01,1405229,2,1,B,14,JALISCO,39,GUADALAJARA,1,1,1,24,1.0,3.0,3.0,1.0,,3.0,1026,1026.0,U,280,6310,Hombre,Secundaria
128145,1405229.02,1405229.02.01,1405229.02.01.02,1405229,2,1,B,14,JALISCO,39,GUADALAJARA,2,2,2,21,2.0,6.0,3.0,1.0,,2.0,1026,1026.0,U,280,6310,Mujer,Preparatoria o bachillerato
128146,1405229.02,1405229.02.02,1405229.02.02.01,1405229,2,2,B,14,JALISCO,39,GUADALAJARA,1,1,2,54,2.0,2.0,6.0,1.0,,2.0,1026,1026.0,U,280,6310,Mujer,Primaria
128147,1405229.02,1405229.02.02,1405229.02.02.02,1405229,2,2,B,14,JALISCO,39,GUADALAJARA,2,3,1,34,2.0,7.0,3.0,1.0,,2.0,1026,1026.0,U,280,6310,Hombre,Carrera técnica con preparatoria
128148,1405229.02,1405229.02.02,1405229.02.02.03,1405229,2,2,B,14,JALISCO,39,GUADALAJARA,3,5,2,62,1.0,2.0,6.0,1.0,,2.0,1026,1026.0,U,280,6310,Mujer,Primaria
128149,1405229.03,1405229.03.01,1405229.03.01.01,1405229,3,1,B,14,JALISCO,39,GUADALAJARA,1,1,1,56,2.0,3.0,1.0,1.0,,3.0,1026,1026.0,U,280,6310,Hombre,Secundaria
128150,1405229.03,1405229.03.01,1405229.03.01.02,1405229,3,1,B,14,JALISCO,39,GUADALAJARA,2,2,2,55,2.0,2.0,6.0,1.0,,3.0,1026,1026.0,U,280,6310,Mujer,Primaria
128151,1405229.03,1405229.03.01,1405229.03.01.03,1405229,3,1,B,14,JALISCO,39,GUADALAJARA,3,3,1,23,1.0,3.0,2.0,1.0,,2.0,1026,1026.0,U,280,6310,Hombre,Secundaria
128152,1405229.03,1405229.03.01,1405229.03.01.04,1405229,3,1,B,14,JALISCO,39,GUADALAJARA,4,5,2,21,2.0,6.0,1.0,4.0,2.0,2.0,1026,1026.0,U,280,6310,Mujer,Preparatoria o bachillerato
128153,1405229.03,1405229.03.01,1405229.03.01.05,1405229,3,1,B,14,JALISCO,39,GUADALAJARA,5,5,2,20,2.0,3.0,3.0,4.0,2.0,2.0,1026,1026.0,U,280,6310,Mujer,Secundaria
128154,1405229.04,1405229.04.01,1405229.04.01.01,1405229,4,1,B,14,JALISCO,39,GUADALAJARA,1,1,2,27,1.0,3.0,3.0,5.0,4.0,,1026,1026.0,U,280,6310,Mujer,Secundaria
128155,1405229.04,1405229.04.01,1405229.04.01.02,1405229,4,1,B,14,JALISCO,39,GUADALAJARA,2,2,1,32,2.0,3.0,3.0,1.0,,2.0,1026,1026.0,U,280,6310,Hombre,Secundaria
128156,1405229.04,1405229.04.01,1405229.04.01.03,1405229,4,1,B,14,JALISCO,39,GUADALAJARA,3,3,1,5,,1.0,2.0,,,,1026,1026.0,U,280,6310,Hombre,Preescolar
128157,1405229.05,1405229.05.01,1405229.05.01.01,1405229,5,1,A,14,JALISCO,39,GUADALAJARA,1,1,2,48,2.0,99.0,9.0,1.0,,3.0,1026,1026.0,U,280,6310,Mujer,No especificado
128158,1405229.05,1405229.05.01,1405229.05.01.02,1405229,5,1,A,14,JALISCO,39,GUADALAJARA,2,5,2,28,2.0,6.0,3.0,1.0,,3.0,1026,1026.0,U,280,6310,Mujer,Preparatoria o bachillerato
128159,1405229.05,1405229.05.01,1405229.05.01.03,1405229,5,1,A,14,JALISCO,39,GUADALAJARA,3,3,2,20,1.0,6.0,3.0,1.0,,2.0,1026,1026.0,U,280,6310,Mujer,Preparatoria o bachillerato
128160,1405229.05,1405229.05.01,1405229.05.01.04,1405229,5,1,A,14,JALISCO,39,GUADALAJARA,4,3,2,17,,3.0,3.0,,,,1026,1026.0,U,280,6310,Mujer,Secundaria
128161,1405229.05,1405229.05.01,1405229.05.01.05,1405229,5,1,A,14,JALISCO,39,GUADALAJARA,5,3,1,6,,1.0,3.0,,,,1026,1026.0,U,280,6310,Hombre,Preescolar
128162,1405272.01,1405272.01.01,1405272.01.01.01,1405272,1,1,A,14,JALISCO,39,GUADALAJARA,1,1,1,31,2.0,8.0,2.0,1.0,,2.0,1212,1212.0,U,281,6394,Hombre,Licenciatura
128163,1405272.01,1405272.01.01,1405272.01.01.02,1405272,1,1,A,14,JALISCO,39,GUADALAJARA,2,2,2,29,1.0,8.0,4.0,5.0,4.0,,1212,1212.0,U,281,6394,Mujer,Licenciatura
128164,1405272.01,1405272.01.01,1405272.01.01.03,1405272,1,1,A,14,JALISCO,39,GUADALAJARA,3,3,1,7,,2.0,1.0,,,,1212,1212.0,U,281,6394,Hombre,Primaria
128165,1405272.01,1405272.01.01,1405272.01.01.04,1405272,1,1,A,14,JALISCO,39,GUADALAJARA,4,3,2,2,,,,,,,1212,1212.0,U,281,6394,Mujer,No especificado
128166,1405272.02,1405272.02.01,1405272.02.01.01,1405272,2,1,A,14,JALISCO,39,GUADALAJARA,1,1,1,38,2.0,6.0,3.0,1.0,,2.0,1212,1212.0,U,281,6394,Hombre,Preparatoria o bachillerato
128167,1405272.02,1405272.02.01,1405272.02.01.02,1405272,2,1,A,14,JALISCO,39,GUADALAJARA,2,2,2,39,1.0,8.0,5.0,1.0,,2.0,1212,1212.0,U,281,6394,Mujer,Licenciatura
128168,1405272.02,1405272.02.01,1405272.02.01.03,1405272,2,1,A,14,JALISCO,39,GUADALAJARA,3,3,2,17,,6.0,3.0,,,,1212,1212.0,U,281,6394,Mujer,Preparatoria o bachillerato
128169,1405272.03,1405272.03.01,1405272.03.01.01,1405272,3,1,A,14,JALISCO,39,GUADALAJARA,1,1,1,23,1.0,8.0,4.0,4.0,4.0,,1212,1212.0,U,281,6394,Hombre,Licenciatura
128170,1405272.05,1405272.05.01,1405272.05.01.01,1405272,5,1,A,14,JALISCO,39,GUADALAJARA,1,1,2,74,2.0,3.0,3.0,1.0,,3.0,1212,1212.0,U,281,6394,Mujer,Secundaria
128171,1405272.05,1405272.05.01,1405272.05.01.02,1405272,5,1,A,14,JALISCO,39,GUADALAJARA,2,3,2,44,1.0,6.0,1.0,1.0,,2.0,1212,1212.0,U,281,6394,Mujer,Preparatoria o bachillerato
128172,1405378.01,1405378.01.01,1405378.01.01.01,1405378,1,1,B,14,JALISCO,39,GUADALAJARA,1,1,1,59,1.0,8.0,5.0,1.0,,3.0,1115,1115.0,U,280,6296,Hombre,Licenciatura
128173,1405378.01,1405378.01.01,1405378.01.01.02,1405378,1,1,B,14,JALISCO,39,GUADALAJARA,2,2,2,56,2.0,6.0,3.0,5.0,4.0,,1115,1115.0,U,280,6296,Mujer,Preparatoria o bachillerato
128174,1405378.01,1405378.01.01,1405378.01.01.03,1405378,1,1,B,14,JALISCO,39,GUADALAJARA,3,3,1,28,2.0,8.0,5.0,1.0,,2.0,1115,1115.0,U,280,6296,Hombre,Licenciatura
128175,1405378.01,1405378.01.01,1405378.01.01.04,1405378,1,1,B,14,JALISCO,39,GUADALAJARA,4,3,1,25,2.0,8.0,5.0,1.0,,3.0,1115,1115.0,U,280,6296,Hombre,Licenciatura
128176,1405378.02,1405378.02.01,1405378.02.01.01,1405378,2,1,A,14,JALISCO,39,GUADALAJARA,1,1,2,55,2.0,6.0,3.0,5.0,4.0,,1115,1115.0,U,280,6296,Mujer,Preparatoria o bachillerato
128177,1405378.02,1405378.02.01,1405378.02.01.02,1405378,2,1,A,14,JALISCO,39,GUADALAJARA,2,2,1,59,2.0,9.0,3.0,1.0,,4.0,1115,1115.0,U,280,6296,Hombre,Posgrado (Maestría/Doctorado)
128178,1405378.02,1405378.02.01,1405378.02.01.03,1405378,2,1,A,14,JALISCO,39,GUADALAJARA,3,3,1,35,1.0,8.0,5.0,1.0,,2.0,1115,1115.0,U,280,6296,Hombre,Licenciatura
128179,1405378.02,1405378.02.01,1405378.02.01.04,1405378,2,1,A,14,JALISCO,39,GUADALAJARA,4,3,1,34,2.0,8.0,5.0,1.0,,2.0,1115,1115.0,U,280,6296,Hombre,Licenciatura
128180,1405378.03,1405378.03.01,1405378.03.01.01,1405378,3,1,B,14,JALISCO,39,GUADALAJARA,1,1,1,40,1.0,3.0,3.0,1.0,,2.0,1115,1115.0,U,280,6296,Hombre,Secundaria
128181,1405378.03,1405378.03.01,1405378.03.01.02,1405378,3,1,B,14,JALISCO,39,GUADALAJARA,2,2,2,40,2.0,2.0,6.0,5.0,4.0,,1115,1115.0,U,280,6296,Mujer,Primaria
128182,1405381.01,1405381.01.01,1405381.01.01.01,1405381,1,1,B,14,JALISCO,39,GUADALAJARA,1,1,1,55,2.0,6.0,3.0,1.0,,3.0,981,981.0,U,280,6330,Hombre,Preparatoria o bachillerato
128183,1405381.01,1405381.01.01,1405381.01.01.02,1405381,1,1,B,14,JALISCO,39,GUADALAJARA,2,2,2,54,2.0,6.0,3.0,5.0,1.0,3.0,981,981.0,U,280,6330,Mujer,Preparatoria o bachillerato
128184,1405381.01,1405381.01.01,1405381.01.01.03,1405381,1,1,B,14,JALISCO,39,GUADALAJARA,3,3,2,26,1.0,3.0,3.0,1.0,,3.0,981,981.0,U,280,6330,Mujer,Secundaria
128185,1405381.01,1405381.01.01,1405381.01.01.04,1405381,1,1,B,14,JALISCO,39,GUADALAJARA,4,5,1,38,2.0,6.0,3.0,1.0,,2.0,981,981.0,U,280,6330,Hombre,Preparatoria o bachillerato
128186,1405381.03,1405381.03.01,1405381.03.01.01,1405381,3,1,B,14,JALISCO,39,GUADALAJARA,1,1,1,49,2.0,6.0,2.0,1.0,,4.0,981,981.0,U,280,6330,Hombre,Preparatoria o bachillerato
128187,1405381.03,1405381.03.01,1405381.03.01.02,1405381,3,1,B,14,JALISCO,39,GUADALAJARA,2,2,2,48,2.0,6.0,2.0,5.0,4.0,,981,981.0,U,280,6330,Mujer,Preparatoria o bachillerato
128188,1405381.03,1405381.03.01,1405381.03.01.03,1405381,3,1,B,14,JALISCO,39,GUADALAJARA,3,3,2,28,1.0,8.0,5.0,1.0,,3.0,981,981.0,U,280,6330,Mujer,Licenciatura
128189,1405381.03,1405381.03.01,1405381.03.01.04,1405381,3,1,B,14,JALISCO,39,GUADALAJARA,4,3,2,19,2.0,6.0,2.0,1.0,,3.0,981,981.0,U,280,6330,Mujer,Preparatoria o bachillerato
128190,1405381.03,1405381.03.01,1405381.03.01.05,1405381,3,1,B,14,JALISCO,39,GUADALAJARA,5,3,2,17,,6.0,1.0,,,,981,981.0,U,280,6330,Mujer,Preparatoria o bachillerato
128191,1405381.04,1405381.04.01,1405381.04.01.01,1405381,4,1,B,14,JALISCO,39,GUADALAJARA,1,1,2,53,1.0,8.0,5.0,1.0,,2.0,981,981.0,U,280,6330,Mujer,Licenciatura
128192,1405381.04,1405381.04.01,1405381.04.01.02,1405381,4,1,B,14,JALISCO,39,GUADALAJARA,2,3,2,28,2.0,8.0,5.0,2.0,,2.0,981,981.0,U,280,6330,Mujer,Licenciatura
128193,1405381.04,1405381.04.01,1405381.04.01.03,1405381,4,1,B,14,JALISCO,39,GUADALAJARA,3,3,1,21,2.0,8.0,2.0,1.0,,2.0,981,981.0,U,280,6330,Hombre,Licenciatura
128194,1405381.05,1405381.05.01,1405381.05.01.01,1405381,5,1,B,14,JALISCO,39,GUADALAJARA,1,1,2,42,1.0,8.0,5.0,1.0,,3.0,981,981.0,U,280,6330,Mujer,Licenciatura
128195,1405381.05,1405381.05.01,1405381.05.01.02,1405381,5,1,B,14,JALISCO,39,GUADALAJARA,2,3,1,15,,3.0,3.0,,,,981,981.0,U,280,6330,Hombre,Secundaria
128196,1405381.05,1405381.05.01,1405381.05.01.03,1405381,5,1,B,14,JALISCO,39,GUADALAJARA,3,3,1,13,,2.0,6.0,,,,981,981.0,U,280,6330,Hombre,Primaria
128197,1405381.05,1405381.05.01,1405381.05.01.04,1405381,5,1,B,14,JALISCO,39,GUADALAJARA,4,3,1,9,,2.0,3.0,,,,981,981.0,U,280,6330,Hombre,Primaria
128198,1405381.05,1405381.05.01,1405381.05.01.05,1405381,5,1,B,14,JALISCO,39,GUADALAJARA,5,3,1,7,,2.0,1.0,,,,981,981.0,U,280,6330,Hombre,Primaria
128199,1405452.01,1405452.01.01,1405452.01.01.01,1405452,1,1,B,14,JALISCO,39,GUADALAJARA,1,1,1,63,2.0,8.0,5.0,6.0,4.0,,1087,1087.0,U,281,6433,Hombre,Licenciatura
128200,1405452.01,1405452.01.01,1405452.01.01.02,1405452,1,1,B,14,JALISCO,39,GUADALAJARA,2,4,2,92,2.0,2.0,2.0,7.0,,,1087,1087.0,U,281,6433,Mujer,Primaria
128201,1405452.01,1405452.01.01,1405452.01.01.03,1405452,1,1,B,14,JALISCO,39,GUADALAJARA,3,5,2,54,2.0,3.0,3.0,1.0,,3.0,1087,1087.0,U,281,6433,Mujer,Secundaria
128202,1405452.01,1405452.01.01,1405452.01.01.04,1405452,1,1,B,14,JALISCO,39,GUADALAJARA,4,5,1,45,2.0,2.0,6.0,1.0,,2.0,1087,1087.0,U,281,6433,Hombre,Primaria
128203,1405452.01,1405452.01.01,1405452.01.01.05,1405452,1,1,B,14,JALISCO,39,GUADALAJARA,5,5,1,22,2.0,6.0,3.0,1.0,,2.0,1087,1087.0,U,281,6433,Hombre,Preparatoria o bachillerato
128204,1405452.01,1405452.01.01,1405452.01.01.06,1405452,1,1,B,14,JALISCO,39,GUADALAJARA,6,5,1,20,1.0,3.0,3.0,1.0,,5.0,1087,1087.0,U,281,6433,Hombre,Secundaria
128205,1405452.02,1405452.02.01,1405452.02.01.01,1405452,2,1,B,14,JALISCO,39,GUADALAJARA,1,1,1,47,1.0,8.0,5.0,1.0,,2.0,1087,1087.0,U,281,6433,Hombre,Licenciatura
128206,1405452.02,1405452.02.01,1405452.02.01.02,1405452,2,1,B,14,JALISCO,39,GUADALAJARA,2,2,2,43,2.0,8.0,5.0,1.0,,2.0,1087,1087.0,U,281,6433,Mujer,Licenciatura
128207,1405452.02,1405452.02.01,1405452.02.01.03,1405452,2,1,B,14,JALISCO,39,GUADALAJARA,3,3,2,4,,0.0,0.0,,,,1087,1087.0,U,281,6433,Mujer,Sin escolaridad
128208,1405452.03,1405452.03.01,1405452.03.01.01,1405452,3,1,B,14,JALISCO,39,GUADALAJARA,1,1,2,61,1.0,8.0,5.0,6.0,4.0,,1087,1087.0,U,281,6433,Mujer,Licenciatura
128209,1405452.04,1405452.04.01,1405452.04.01.01,1405452,4,1,B,14,JALISCO,39,GUADALAJARA,1,1,1,32,1.0,8.0,5.0,1.0,,3.0,1087,1087.0,U,281,6433,Hombre,Licenciatura
128210,1405452.04,1405452.04.01,1405452.04.01.02,1405452,4,1,B,14,JALISCO,39,GUADALAJARA,2,2,2,34,2.0,8.0,5.0,1.0,,3.0,1087,1087.0,U,281,6433,Mujer,Licenciatura
128211,1405452.04,1405452.04.01,1405452.04.01.03,1405452,4,1,B,14,JALISCO,39,GUADALAJARA,3,3,2,0,,,,,,,1087,1087.0,U,281,6433,Mujer,No especificado
128212,1405452.05,1405452.05.01,1405452.05.01.01,1405452,5,1,A,14,JALISCO,39,GUADALAJARA,1,1,2,35,1.0,9.0,3.0,1.0,,2.0,1087,1087.0,U,281,6433,Mujer,Posgrado (Maestría/Doctorado)
128213,1405452.05,1405452.05.01,1405452.05.01.02,1405452,5,1,A,14,JALISCO,39,GUADALAJARA,2,5,1,28,2.0,8.0,5.0,1.0,,2.0,1087,1087.0,U,281,6433,Hombre,Licenciatura
128214,1405452.05,1405452.05.01,1405452.05.01.03,1405452,5,1,A,14,JALISCO,39,GUADALAJARA,3,4,2,57,2.0,4.0,3.0,5.0,4.0,,1087,1087.0,U,281,6433,Mujer,Carrera técnica con secundaria
128215,1405452.05,1405452.05.01,1405452.05.01.04,1405452,5,1,A,14,JALISCO,39,GUADALAJARA,4,4,1,59,2.0,8.0,5.0,6.0,4.0,,1087,1087.0,U,281,6433,Hombre,Licenciatura
128216,1405452.05,1405452.05.01,1405452.05.01.05,1405452,5,1,A,14,JALISCO,39,GUADALAJARA,5,5,1,39,2.0,8.0,5.0,1.0,,2.0,1087,1087.0,U,281,6433,Hombre,Licenciatura
128217,1405452.05,1405452.05.01,1405452.05.01.06,1405452,5,1,A,14,JALISCO,39,GUADALAJARA,6,5,2,25,2.0,8.0,5.0,1.0,,2.0,1087,1087.0,U,281,6433,Mujer,Licenciatura
128218,1405453.01,1405453.01.01,1405453.01.01.01,1405453,1,1,A,14,JALISCO,39,GUADALAJARA,1,1,2,65,2.0,8.0,5.0,6.0,4.0,,1079,1079.0,U,281,6436,Mujer,Licenciatura
128219,1405453.01,1405453.01.01,1405453.01.01.02,1405453,1,1,A,14,JALISCO,39,GUADALAJARA,2,3,2,44,1.0,6.0,3.0,2.0,,2.0,1079,1079.0,U,281,6436,Mujer,Preparatoria o bachillerato
128220,1405453.01,1405453.01.01,1405453.01.01.03,1405453,1,1,A,14,JALISCO,39,GUADALAJARA,3,5,2,14,,3.0,2.0,,,,1079,1079.0,U,281,6436,Mujer,Secundaria
128221,1405453.01,1405453.01.01,1405453.01.01.04,1405453,1,1,A,14,JALISCO,39,GUADALAJARA,4,5,2,10,,2.0,3.0,,,,1079,1079.0,U,281,6436,Mujer,Primaria
128222,1405453.02,1405453.02.01,1405453.02.01.01,1405453,2,1,A,14,JALISCO,39,GUADALAJARA,1,1,1,39,1.0,9.0,1.0,1.0,,4.0,1079,1079.0,U,281,6436,Hombre,Posgrado (Maestría/Doctorado)
128223,1405453.02,1405453.02.01,1405453.02.01.02,1405453,2,1,A,14,JALISCO,39,GUADALAJARA,2,2,2,37,2.0,8.0,5.0,1.0,,2.0,1079,1079.0,U,281,6436,Mujer,Licenciatura
128224,1405453.04,1405453.04.01,1405453.04.01.01,1405453,4,1,B,14,JALISCO,39,GUADALAJARA,1,1,1,71,2.0,4.0,3.0,6.0,4.0,,1079,1079.0,U,281,6436,Hombre,Carrera técnica con secundaria
128225,1405453.04,1405453.04.01,1405453.04.01.02,1405453,4,1,B,14,JALISCO,39,GUADALAJARA,2,3,2,38,1.0,8.0,5.0,1.0,,2.0,1079,1079.0,U,281,6436,Mujer,Licenciatura
128226,1405453.04,1405453.04.01,1405453.04.01.03,1405453,4,1,B,14,JALISCO,39,GUADALAJARA,3,5,2,16,,6.0,1.0,,,,1079,1079.0,U,281,6436,Mujer,Preparatoria o bachillerato
128227,1405453.04,1405453.04.01,1405453.04.01.04,1405453,4,1,B,14,JALISCO,39,GUADALAJARA,4,5,2,24,2.0,8.0,5.0,1.0,,2.0,1079,1079.0,U,281,6436,Mujer,Licenciatura
128228,1405453.05,1405453.05.01,1405453.05.01.01,1405453,5,1,B,14,JALISCO,39,GUADALAJARA,1,1,1,47,2.0,9.0,3.0,1.0,,4.0,1079,1079.0,U,281,6436,Hombre,Posgrado (Maestría/Doctorado)
128229,1405453.05,1405453.05.01,1405453.05.01.02,1405453,5,1,B,14,JALISCO,39,GUADALAJARA,2,2,2,47,1.0,8.0,5.0,5.0,4.0,,1079,1079.0,U,281,6436,Mujer,Licenciatura
128230,1405453.05,1405453.05.01,1405453.05.01.03,1405453,5,1,B,14,JALISCO,39,GUADALAJARA,3,3,1,19,2.0,6.0,2.0,4.0,4.0,,1079,1079.0,U,281,6436,Hombre,Preparatoria o bachillerato
128231,1405453.05,1405453.05.01,1405453.05.01.04,1405453,5,1,B,14,JALISCO,39,GUADALAJARA,4,3,1,16,,6.0,1.0,,,,1079,1079.0,U,281,6436,Hombre,Preparatoria o bachillerato
128232,1405460.01,1405460.01.01,1405460.01.01.01,1405460,1,1,B,14,JALISCO,39,GUADALAJARA,1,1,1,74,2.0,4.0,3.0,6.0,4.0,,869,869.0,U,280,6374,Hombre,Carrera técnica con secundaria
128233,1405460.01,1405460.01.01,1405460.01.01.02,1405460,1,1,B,14,JALISCO,39,GUADALAJARA,2,2,2,75,1.0,3.0,2.0,5.0,4.0,,869,869.0,U,280,6374,Mujer,Secundaria
128234,1405460.02,1405460.02.01,1405460.02.01.01,1405460,2,1,A,14,JALISCO,39,GUADALAJARA,1,1,2,65,1.0,8.0,5.0,1.0,,2.0,869,869.0,U,280,6374,Mujer,Licenciatura
128235,1405460.02,1405460.02.01,1405460.02.01.02,1405460,2,1,A,14,JALISCO,39,GUADALAJARA,2,3,1,41,2.0,6.0,3.0,3.0,4.0,,869,869.0,U,280,6374,Hombre,Preparatoria o bachillerato
128236,1405460.02,1405460.02.01,1405460.02.01.03,1405460,2,1,A,14,JALISCO,39,GUADALAJARA,3,3,1,39,2.0,9.0,3.0,1.0,,2.0,869,869.0,U,280,6374,Hombre,Posgrado (Maestría/Doctorado)
128237,1405460.02,1405460.02.01,1405460.02.01.04,1405460,2,1,A,14,JALISCO,39,GUADALAJARA,4,3,2,37,2.0,9.0,2.0,1.0,,3.0,869,869.0,U,280,6374,Mujer,Posgrado (Maestría/Doctorado)
128238,1405460.02,1405460.02.01,1405460.02.01.05,1405460,2,1,A,14,JALISCO,39,GUADALAJARA,5,3,1,30,2.0,8.0,5.0,1.0,,2.0,869,869.0,U,280,6374,Hombre,Licenciatura
128239,1405460.03,1405460.03.01,1405460.03.01.01,1405460,3,1,A,14,JALISCO,39,GUADALAJARA,1,1,2,24,1.0,8.0,5.0,1.0,,2.0,869,869.0,U,280,6374,Mujer,Licenciatura
128240,1405460.03,1405460.03.02,1405460.03.02.01,1405460,3,2,B,14,JALISCO,39,GUADALAJARA,1,1,2,33,1.0,9.0,3.0,1.0,,2.0,869,869.0,U,280,6374,Mujer,Posgrado (Maestría/Doctorado)
128241,1405460.03,1405460.03.03,1405460.03.03.01,1405460,3,3,A,14,JALISCO,39,GUADALAJARA,1,1,1,37,1.0,9.0,3.0,1.0,,2.0,869,869.0,U,280,6374,Hombre,Posgrado (Maestría/Doctorado)
128242,1405460.03,1405460.03.04,1405460.03.04.01,1405460,3,4,A,14,JALISCO,39,GUADALAJARA,1,1,2,34,1.0,8.0,5.0,1.0,,2.0,869,869.0,U,280,6374,Mujer,Licenciatura
128243,1405460.03,1405460.03.05,1405460.03.05.01,1405460,3,5,A,14,JALISCO,39,GUADALAJARA,1,1,2,31,1.0,8.0,5.0,1.0,,2.0,869,869.0,U,280,6374,Mujer,Licenciatura
128244,1405460.04,1405460.04.01,1405460.04.01.01,1405460,4,1,B,14,JALISCO,39,GUADALAJARA,1,1,1,66,2.0,8.0,5.0,6.0,4.0,,869,869.0,U,280,6374,Hombre,Licenciatura
128245,1405460.04,1405460.04.01,1405460.04.01.02,1405460,4,1,B,14,JALISCO,39,GUADALAJARA,2,2,2,66,1.0,4.0,3.0,5.0,4.0,,869,869.0,U,280,6374,Mujer,Carrera técnica con secundaria
128246,1405465.01,1405465.01.01,1405465.01.01.01,1405465,1,1,A,14,JALISCO,39,GUADALAJARA,1,1,1,69,2.0,8.0,5.0,6.0,4.0,,1138,1138.0,U,281,6412,Hombre,Licenciatura
128247,1405465.01,1405465.01.01,1405465.01.01.02,1405465,1,1,A,14,JALISCO,39,GUADALAJARA,2,2,2,72,2.0,8.0,5.0,5.0,4.0,,1138,1138.0,U,281,6412,Mujer,Licenciatura
128248,1405465.01,1405465.01.01,1405465.01.01.03,1405465,1,1,A,14,JALISCO,39,GUADALAJARA,3,3,1,39,1.0,8.0,5.0,1.0,,2.0,1138,1138.0,U,281,6412,Hombre,Licenciatura
128249,1405465.02,1405465.02.01,1405465.02.01.01,1405465,2,1,B,14,JALISCO,39,GUADALAJARA,1,1,2,42,2.0,6.0,3.0,1.0,,3.0,1138,1138.0,U,281,6412,Mujer,Preparatoria o bachillerato
128250,1405465.02,1405465.02.01,1405465.02.01.02,1405465,2,1,B,14,JALISCO,39,GUADALAJARA,2,3,2,23,1.0,6.0,2.0,1.0,,2.0,1138,1138.0,U,281,6412,Mujer,Preparatoria o bachillerato
128251,1405465.02,1405465.02.01,1405465.02.01.03,1405465,2,1,B,14,JALISCO,39,GUADALAJARA,3,3,2,11,,2.0,4.0,,,,1138,1138.0,U,281,6412,Mujer,Primaria
128252,1405465.02,1405465.02.01,1405465.02.01.04,1405465,2,1,B,14,JALISCO,39,GUADALAJARA,4,5,1,2,,,,,,,1138,1138.0,U,281,6412,Hombre,No especificado
128253,1405465.03,1405465.03.01,1405465.03.01.01,1405465,3,1,B,14,JALISCO,39,GUADALAJARA,1,1,1,62,2.0,8.0,5.0,1.0,,2.0,1138,1138.0,U,281,6412,Hombre,Licenciatura
128254,1405465.03,1405465.03.01,1405465.03.01.02,1405465,3,1,B,14,JALISCO,39,GUADALAJARA,2,2,2,58,1.0,8.0,5.0,1.0,,2.0,1138,1138.0,U,281,6412,Mujer,Licenciatura
128255,1405465.03,1405465.03.01,1405465.03.01.03,1405465,3,1,B,14,JALISCO,39,GUADALAJARA,3,3,1,22,2.0,8.0,3.0,1.0,,2.0,1138,1138.0,U,281,6412,Hombre,Licenciatura
128256,1405465.04,1405465.04.01,1405465.04.01.01,1405465,4,1,A,14,JALISCO,39,GUADALAJARA,1,1,1,40,2.0,6.0,3.0,1.0,,2.0,1138,1138.0,U,281,6412,Hombre,Preparatoria o bachillerato
128257,1405465.04,1405465.04.01,1405465.04.01.02,1405465,4,1,A,14,JALISCO,39,GUADALAJARA,2,2,2,38,1.0,8.0,5.0,1.0,,2.0,1138,1138.0,U,281,6412,Mujer,Licenciatura
128258,1405465.05,1405465.05.01,1405465.05.01.01,1405465,5,1,A,14,JALISCO,39,GUADALAJARA,1,1,1,55,2.0,8.0,5.0,1.0,,3.0,1138,1138.0,U,281,6412,Hombre,Licenciatura
128259,1405465.05,1405465.05.01,1405465.05.01.02,1405465,5,1,A,14,JALISCO,39,GUADALAJARA,2,2,2,53,1.0,8.0,5.0,5.0,4.0,,1138,1138.0,U,281,6412,Mujer,Licenciatura
128260,1405465.05,1405465.05.01,1405465.05.01.03,1405465,5,1,A,14,JALISCO,39,GUADALAJARA,3,3,2,25,2.0,6.0,3.0,4.0,4.0,,1138,1138.0,U,281,6412,Mujer,Preparatoria o bachillerato
128261,1405465.05,1405465.05.01,1405465.05.01.04,1405465,5,1,A,14,JALISCO,39,GUADALAJARA,4,3,2,18,2.0,6.0,3.0,1.0,,2.0,1138,1138.0,U,281,6412,Mujer,Preparatoria o bachillerato
128262,1405469.01,1405469.01.01,1405469.01.01.01,1405469,1,1,B,14,JALISCO,39,GUADALAJARA,1,1,2,37,1.0,8.0,5.0,1.0,,2.0,1021,1021.0,U,281,6455,Mujer,Licenciatura
128263,1405469.01,1405469.01.01,1405469.01.01.02,1405469,1,1,B,14,JALISCO,39,GUADALAJARA,2,2,1,36,2.0,8.0,5.0,1.0,,2.0,1021,1021.0,U,281,6455,Hombre,Licenciatura
128264,1405469.02,1405469.02.01,1405469.02.01.01,1405469,2,1,B,14,JALISCO,39,GUADALAJARA,1,1,1,82,2.0,2.0,4.0,2.0,,3.0,1021,1021.0,U,281,6455,Hombre,Primaria
128265,1405469.02,1405469.02.01,1405469.02.01.02,1405469,2,1,B,14,JALISCO,39,GUADALAJARA,2,2,2,77,1.0,6.0,3.0,5.0,4.0,,1021,1021.0,U,281,6455,Mujer,Preparatoria o bachillerato
128266,1405469.02,1405469.02.01,1405469.02.01.03,1405469,2,1,B,14,JALISCO,39,GUADALAJARA,3,3,2,43,2.0,6.0,3.0,1.0,,2.0,1021,1021.0,U,281,6455,Mujer,Preparatoria o bachillerato
128267,1405469.03,1405469.03.01,1405469.03.01.01,1405469,3,1,B,14,JALISCO,39,GUADALAJARA,1,1,1,74,2.0,2.0,6.0,1.0,,3.0,1021,1021.0,U,281,6455,Hombre,Primaria
128268,1405469.03,1405469.03.01,1405469.03.01.02,1405469,3,1,B,14,JALISCO,39,GUADALAJARA,2,2,2,65,2.0,2.0,6.0,5.0,4.0,,1021,1021.0,U,281,6455,Mujer,Primaria
128269,1405469.03,1405469.03.01,1405469.03.01.03,1405469,3,1,B,14,JALISCO,39,GUADALAJARA,3,3,2,28,2.0,3.0,3.0,5.0,4.0,,1021,1021.0,U,281,6455,Mujer,Secundaria
128270,1405469.03,1405469.03.01,1405469.03.01.04,1405469,3,1,B,14,JALISCO,39,GUADALAJARA,4,5,1,28,1.0,3.0,3.0,1.0,,2.0,1021,1021.0,U,281,6455,Hombre,Secundaria
128271,1405469.03,1405469.03.01,1405469.03.01.05,1405469,3,1,B,14,JALISCO,39,GUADALAJARA,5,5,1,7,,1.0,3.0,,,,1021,1021.0,U,281,6455,Hombre,Preescolar
128272,1405469.03,1405469.03.01,1405469.03.01.06,1405469,3,1,B,14,JALISCO,39,GUADALAJARA,6,5,1,2,,,,,,,1021,1021.0,U,281,6455,Hombre,No especificado
128273,1405469.04,1405469.04.01,1405469.04.01.01,1405469,4,1,B,14,JALISCO,39,GUADALAJARA,1,1,1,78,2.0,8.0,5.0,1.0,,3.0,1021,1021.0,U,281,6455,Hombre,Licenciatura
128274,1405469.04,1405469.04.01,1405469.04.01.02,1405469,4,1,B,14,JALISCO,39,GUADALAJARA,2,3,1,49,1.0,8.0,5.0,1.0,,2.0,1021,1021.0,U,281,6455,Hombre,Licenciatura
128275,1405469.04,1405469.04.01,1405469.04.01.03,1405469,4,1,B,14,JALISCO,39,GUADALAJARA,3,2,2,70,2.0,6.0,3.0,5.0,4.0,,1021,1021.0,U,281,6455,Mujer,Preparatoria o bachillerato
128276,1405469.05,1405469.05.01,1405469.05.01.01,1405469,5,1,A,14,JALISCO,39,GUADALAJARA,1,1,1,76,2.0,8.0,5.0,1.0,,2.0,1021,1021.0,U,281,6455,Hombre,Licenciatura
128277,1405469.05,1405469.05.01,1405469.05.01.02,1405469,5,1,A,14,JALISCO,39,GUADALAJARA,2,2,2,63,2.0,3.0,3.0,5.0,4.0,,1021,1021.0,U,281,6455,Mujer,Secundaria
128278,1405469.05,1405469.05.01,1405469.05.01.03,1405469,5,1,A,14,JALISCO,39,GUADALAJARA,3,3,2,40,1.0,9.0,3.0,1.0,,2.0,1021,1021.0,U,281,6455,Mujer,Posgrado (Maestría/Doctorado)
128279,1405469.05,1405469.05.01,1405469.05.01.04,1405469,5,1,A,14,JALISCO,39,GUADALAJARA,4,5,1,13,,2.0,6.0,,,,1021,1021.0,U,281,6455,Hombre,Primaria
128280,1405514.01,1405514.01.01,1405514.01.01.01,1405514,1,1,A,14,JALISCO,39,GUADALAJARA,1,1,1,54,2.0,2.0,3.0,1.0,,2.0,815,815.0,U,279,6279,Hombre,Primaria
128281,1405514.01,1405514.01.01,1405514.01.01.02,1405514,1,1,A,14,JALISCO,39,GUADALAJARA,2,2,2,54,2.0,2.0,6.0,1.0,,2.0,815,815.0,U,279,6279,Mujer,Primaria
128282,1405514.01,1405514.01.01,1405514.01.01.03,1405514,1,1,A,14,JALISCO,39,GUADALAJARA,3,5,2,52,2.0,3.0,3.0,1.0,,2.0,815,815.0,U,279,6279,Mujer,Secundaria
128283,1405514.01,1405514.01.01,1405514.01.01.04,1405514,1,1,A,14,JALISCO,39,GUADALAJARA,4,3,2,24,1.0,3.0,3.0,1.0,,2.0,815,815.0,U,279,6279,Mujer,Secundaria
128284,1405514.01,1405514.01.01,1405514.01.01.05,1405514,1,1,A,14,JALISCO,39,GUADALAJARA,5,3,2,8,,2.0,2.0,,,,815,815.0,U,279,6279,Mujer,Primaria
128285,1405514.02,1405514.02.01,1405514.02.01.01,1405514,2,1,A,14,JALISCO,39,GUADALAJARA,1,1,1,84,2.0,2.0,3.0,6.0,4.0,,815,815.0,U,279,6279,Hombre,Primaria
128286,1405514.02,1405514.02.01,1405514.02.01.02,1405514,2,1,A,14,JALISCO,39,GUADALAJARA,2,2,2,79,2.0,2.0,3.0,5.0,4.0,,815,815.0,U,279,6279,Mujer,Primaria
128287,1405514.02,1405514.02.01,1405514.02.01.03,1405514,2,1,A,14,JALISCO,39,GUADALAJARA,3,3,1,45,2.0,6.0,3.0,1.0,,2.0,815,815.0,U,279,6279,Hombre,Preparatoria o bachillerato
128288,1405514.02,1405514.02.01,1405514.02.01.04,1405514,2,1,A,14,JALISCO,39,GUADALAJARA,4,5,2,25,2.0,8.0,1.0,1.0,,2.0,815,815.0,U,279,6279,Mujer,Licenciatura
128289,1405514.02,1405514.02.01,1405514.02.01.05,1405514,2,1,A,14,JALISCO,39,GUADALAJARA,5,3,1,52,1.0,3.0,3.0,1.0,,2.0,815,815.0,U,279,6279,Hombre,Secundaria
128290,1405514.03,1405514.03.01,1405514.03.01.01,1405514,3,1,A,14,JALISCO,39,GUADALAJARA,1,1,1,42,2.0,2.0,6.0,1.0,,3.0,815,815.0,U,279,6279,Hombre,Primaria
128291,1405514.03,1405514.03.01,1405514.03.01.02,1405514,3,1,A,14,JALISCO,39,GUADALAJARA,2,2,2,37,1.0,6.0,3.0,1.0,,4.0,815,815.0,U,279,6279,Mujer,Preparatoria o bachillerato
128292,1405514.03,1405514.03.01,1405514.03.01.03,1405514,3,1,A,14,JALISCO,39,GUADALAJARA,3,3,2,18,2.0,6.0,2.0,4.0,3.0,2.0,815,815.0,U,279,6279,Mujer,Preparatoria o bachillerato
128293,1405514.03,1405514.03.01,1405514.03.01.04,1405514,3,1,A,14,JALISCO,39,GUADALAJARA,4,3,1,14,,3.0,2.0,,,,815,815.0,U,279,6279,Hombre,Secundaria
128294,1405514.03,1405514.03.01,1405514.03.01.05,1405514,3,1,A,14,JALISCO,39,GUADALAJARA,5,3,2,14,,2.0,6.0,,,,815,815.0,U,279,6279,Mujer,Primaria
128295,1405514.04,1405514.04.01,1405514.04.01.01,1405514,4,1,A,14,JALISCO,39,GUADALAJARA,1,1,1,27,1.0,8.0,5.0,3.0,4.0,,815,815.0,U,279,6279,Hombre,Licenciatura
128296,1405514.05,1405514.05.01,1405514.05.01.01,1405514,5,1,B,14,JALISCO,39,GUADALAJARA,1,1,2,47,2.0,3.0,3.0,1.0,,4.0,815,815.0,U,279,6279,Mujer,Secundaria
128297,1405514.05,1405514.05.01,1405514.05.01.02,1405514,5,1,B,14,JALISCO,39,GUADALAJARA,2,2,1,37,1.0,3.0,3.0,1.0,,3.0,815,815.0,U,279,6279,Hombre,Secundaria
128298,1405514.05,1405514.05.01,1405514.05.01.03,1405514,5,1,B,14,JALISCO,39,GUADALAJARA,3,5,1,59,2.0,3.0,3.0,2.0,,3.0,815,815.0,U,279,6279,Hombre,Secundaria
128299,1405514.05,1405514.05.02,1405514.05.02.01,1405514,5,2,B,14,JALISCO,39,GUADALAJARA,1,1,1,29,1.0,3.0,3.0,1.0,,2.0,815,815.0,U,279,6279,Hombre,Secundaria
128300,1405514.05,1405514.05.02,1405514.05.02.02,1405514,5,2,B,14,JALISCO,39,GUADALAJARA,2,2,2,28,2.0,3.0,3.0,5.0,4.0,,815,815.0,U,279,6279,Mujer,Secundaria
128301,1405514.05,1405514.05.02,1405514.05.02.03,1405514,5,2,B,14,JALISCO,39,GUADALAJARA,3,3,1,9,,2.0,3.0,,,,815,815.0,U,279,6279,Hombre,Primaria
128302,1405514.05,1405514.05.02,1405514.05.02.04,1405514,5,2,B,14,JALISCO,39,GUADALAJARA,4,3,1,8,,2.0,1.0,,,,815,815.0,U,279,6279,Hombre,Primaria
128303,1405517.01,1405517.01.01,1405517.01.01.01,1405517,1,1,A,14,JALISCO,39,GUADALAJARA,1,1,2,57,1.0,3.0,3.0,1.0,,2.0,1200,1200.0,U,279,6208,Mujer,Secundaria
128304,1405517.02,1405517.02.01,1405517.02.01.01,1405517,2,1,A,14,JALISCO,39,GUADALAJARA,1,1,1,42,1.0,8.0,5.0,1.0,,2.0,1200,1200.0,U,279,6208,Hombre,Licenciatura
128305,1405517.03,1405517.03.01,1405517.03.01.01,1405517,3,1,B,14,JALISCO,39,GUADALAJARA,1,1,1,58,1.0,0.0,0.0,1.0,,2.0,1200,1200.0,U,279,6208,Hombre,Sin escolaridad
128306,1405517.03,1405517.03.01,1405517.03.01.02,1405517,3,1,B,14,JALISCO,39,GUADALAJARA,2,3,1,14,,3.0,1.0,,,,1200,1200.0,U,279,6208,Hombre,Secundaria
128307,1405517.04,1405517.04.01,1405517.04.01.01,1405517,4,1,B,14,JALISCO,39,GUADALAJARA,1,1,1,64,1.0,3.0,3.0,6.0,4.0,,1200,1200.0,U,279,6208,Hombre,Secundaria
128308,1405517.05,1405517.05.01,1405517.05.01.01,1405517,5,1,B,14,JALISCO,39,GUADALAJARA,1,1,1,56,2.0,6.0,3.0,1.0,,2.0,1200,1200.0,U,279,6208,Hombre,Preparatoria o bachillerato
128309,1405517.05,1405517.05.01,1405517.05.01.02,1405517,5,1,B,14,JALISCO,39,GUADALAJARA,2,2,2,49,1.0,7.0,3.0,1.0,,2.0,1200,1200.0,U,279,6208,Mujer,Carrera técnica con preparatoria
128310,1405520.01,1405520.01.01,1405520.01.01.01,1405520,1,1,A,14,JALISCO,39,GUADALAJARA,1,1,1,28,1.0,8.0,4.0,1.0,,2.0,687,687.0,U,280,6388,Hombre,Licenciatura
128311,1405520.01,1405520.01.01,1405520.01.01.02,1405520,1,1,A,14,JALISCO,39,GUADALAJARA,2,2,2,27,2.0,8.0,5.0,1.0,,2.0,687,687.0,U,280,6388,Mujer,Licenciatura
128312,1405520.02,1405520.02.01,1405520.02.01.01,1405520,2,1,B,14,JALISCO,39,GUADALAJARA,1,1,1,41,2.0,8.0,5.0,2.0,,2.0,687,687.0,U,280,6388,Hombre,Licenciatura
128313,1405520.02,1405520.02.01,1405520.02.01.02,1405520,2,1,B,14,JALISCO,39,GUADALAJARA,2,2,2,40,1.0,6.0,3.0,5.0,1.0,3.0,687,687.0,U,280,6388,Mujer,Preparatoria o bachillerato
128314,1405520.02,1405520.02.01,1405520.02.01.03,1405520,2,1,B,14,JALISCO,39,GUADALAJARA,3,3,2,17,,6.0,2.0,,,,687,687.0,U,280,6388,Mujer,Preparatoria o bachillerato
128315,1405520.02,1405520.02.01,1405520.02.01.04,1405520,2,1,B,14,JALISCO,39,GUADALAJARA,4,3,1,9,,2.0,3.0,,,,687,687.0,U,280,6388,Hombre,Primaria
128316,1405520.03,1405520.03.01,1405520.03.01.01,1405520,3,1,A,14,JALISCO,39,GUADALAJARA,1,1,2,33,1.0,8.0,5.0,1.0,,2.0,687,687.0,U,280,6388,Mujer,Licenciatura
128317,1405520.03,1405520.03.01,1405520.03.01.02,1405520,3,1,A,14,JALISCO,39,GUADALAJARA,2,2,1,32,2.0,8.0,5.0,1.0,,3.0,687,687.0,U,280,6388,Hombre,Licenciatura
128318,1405520.03,1405520.03.01,1405520.03.01.03,1405520,3,1,A,14,JALISCO,39,GUADALAJARA,3,3,1,13,,3.0,1.0,,,,687,687.0,U,280,6388,Hombre,Secundaria
128319,1405520.03,1405520.03.01,1405520.03.01.04,1405520,3,1,A,14,JALISCO,39,GUADALAJARA,4,3,2,3,,0.0,0.0,,,,687,687.0,U,280,6388,Mujer,Sin escolaridad
128320,1405520.03,1405520.03.01,1405520.03.01.05,1405520,3,1,A,14,JALISCO,39,GUADALAJARA,5,3,1,8,,2.0,1.0,,,,687,687.0,U,280,6388,Hombre,Primaria
128321,1405520.03,1405520.03.02,1405520.03.02.01,1405520,3,2,B,14,JALISCO,39,GUADALAJARA,1,1,2,60,1.0,8.0,5.0,6.0,4.0,,687,687.0,U,280,6388,Mujer,Licenciatura
128322,1405520.03,1405520.03.03,1405520.03.03.01,1405520,3,3,A,14,JALISCO,39,GUADALAJARA,1,1,2,34,1.0,8.0,4.0,1.0,,2.0,687,687.0,U,280,6388,Mujer,Licenciatura
128323,1405520.03,1405520.03.03,1405520.03.03.02,1405520,3,3,A,14,JALISCO,39,GUADALAJARA,2,2,1,32,2.0,3.0,3.0,1.0,,2.0,687,687.0,U,280,6388,Hombre,Secundaria
128324,1405520.03,1405520.03.03,1405520.03.03.03,1405520,3,3,A,14,JALISCO,39,GUADALAJARA,3,3,2,10,,2.0,4.0,,,,687,687.0,U,280,6388,Mujer,Primaria
128325,1405520.04,1405520.04.01,1405520.04.01.01,1405520,4,1,A,14,JALISCO,39,GUADALAJARA,1,1,1,52,1.0,2.0,6.0,1.0,,3.0,687,687.0,U,280,6388,Hombre,Primaria
128326,1405520.04,1405520.04.01,1405520.04.01.02,1405520,4,1,A,14,JALISCO,39,GUADALAJARA,2,2,2,38,2.0,3.0,3.0,1.0,,3.0,687,687.0,U,280,6388,Mujer,Secundaria
128327,1405520.04,1405520.04.01,1405520.04.01.03,1405520,4,1,A,14,JALISCO,39,GUADALAJARA,3,5,1,42,2.0,3.0,3.0,1.0,,2.0,687,687.0,U,280,6388,Hombre,Secundaria
128328,1405520.04,1405520.04.01,1405520.04.01.04,1405520,4,1,A,14,JALISCO,39,GUADALAJARA,4,3,1,12,,2.0,6.0,,,,687,687.0,U,280,6388,Hombre,Primaria
128329,1405520.04,1405520.04.01,1405520.04.01.05,1405520,4,1,A,14,JALISCO,39,GUADALAJARA,5,3,1,15,,3.0,2.0,,,,687,687.0,U,280,6388,Hombre,Secundaria
128330,1405520.05,1405520.05.01,1405520.05.01.01,1405520,5,1,A,14,JALISCO,39,GUADALAJARA,1,1,1,42,2.0,6.0,2.0,1.0,,2.0,687,687.0,U,280,6388,Hombre,Preparatoria o bachillerato
128331,1405520.05,1405520.05.01,1405520.05.01.02,1405520,5,1,A,14,JALISCO,39,GUADALAJARA,2,2,2,38,1.0,6.0,3.0,1.0,,2.0,687,687.0,U,280,6388,Mujer,Preparatoria o bachillerato
128332,1405520.05,1405520.05.01,1405520.05.01.03,1405520,5,1,A,14,JALISCO,39,GUADALAJARA,3,3,1,22,2.0,6.0,3.0,1.0,,2.0,687,687.0,U,280,6388,Hombre,Preparatoria o bachillerato
128333,1405520.05,1405520.05.01,1405520.05.01.04,1405520,5,1,A,14,JALISCO,39,GUADALAJARA,4,3,2,19,2.0,8.0,1.0,1.0,,2.0,687,687.0,U,280,6388,Mujer,Licenciatura
128334,1405520.05,1405520.05.01,1405520.05.01.05,1405520,5,1,A,14,JALISCO,39,GUADALAJARA,5,3,2,15,,3.0,3.0,,,,687,687.0,U,280,6388,Mujer,Secundaria
128335,1405531.01,1405531.01.01,1405531.01.01.01,1405531,1,1,A,14,JALISCO,39,GUADALAJARA,1,1,1,64,2.0,6.0,1.0,1.0,,4.0,959,959.0,U,279,6248,Hombre,Preparatoria o bachillerato
128336,1405531.01,1405531.01.01,1405531.01.01.02,1405531,1,1,A,14,JALISCO,39,GUADALAJARA,2,2,2,63,1.0,3.0,3.0,5.0,4.0,,959,959.0,U,279,6248,Mujer,Secundaria
128337,1405531.01,1405531.01.01,1405531.01.01.03,1405531,1,1,A,14,JALISCO,39,GUADALAJARA,3,3,2,44,2.0,4.0,3.0,1.0,,2.0,959,959.0,U,279,6248,Mujer,Carrera técnica con secundaria
128338,1405531.01,1405531.01.01,1405531.01.01.04,1405531,1,1,A,14,JALISCO,39,GUADALAJARA,4,3,2,37,2.0,6.0,3.0,1.0,,2.0,959,959.0,U,279,6248,Mujer,Preparatoria o bachillerato
128339,1405531.01,1405531.01.01,1405531.01.01.05,1405531,1,1,A,14,JALISCO,39,GUADALAJARA,5,3,1,35,2.0,8.0,5.0,1.0,,2.0,959,959.0,U,279,6248,Hombre,Licenciatura
128340,1405531.01,1405531.01.01,1405531.01.01.06,1405531,1,1,A,14,JALISCO,39,GUADALAJARA,6,3,1,33,2.0,8.0,5.0,1.0,,2.0,959,959.0,U,279,6248,Hombre,Licenciatura
128341,1405531.01,1405531.01.01,1405531.01.01.07,1405531,1,1,A,14,JALISCO,39,GUADALAJARA,7,3,1,32,2.0,8.0,5.0,1.0,,2.0,959,959.0,U,279,6248,Hombre,Licenciatura
128342,1405531.01,1405531.01.01,1405531.01.01.08,1405531,1,1,A,14,JALISCO,39,GUADALAJARA,8,5,2,22,2.0,8.0,2.0,4.0,4.0,,959,959.0,U,279,6248,Mujer,Licenciatura
128343,1405531.01,1405531.01.01,1405531.01.01.09,1405531,1,1,A,14,JALISCO,39,GUADALAJARA,9,5,1,18,2.0,3.0,3.0,7.0,,,959,959.0,U,279,6248,Hombre,Secundaria
128344,1405531.01,1405531.01.01,1405531.01.01.10,1405531,1,1,A,14,JALISCO,39,GUADALAJARA,10,5,2,15,,3.0,3.0,,,,959,959.0,U,279,6248,Mujer,Secundaria
128345,1405531.01,1405531.01.01,1405531.01.01.11,1405531,1,1,A,14,JALISCO,39,GUADALAJARA,11,5,2,15,,3.0,3.0,,,,959,959.0,U,279,6248,Mujer,Secundaria
128346,1405531.03,1405531.03.01,1405531.03.01.01,1405531,3,1,A,14,JALISCO,39,GUADALAJARA,1,1,2,51,1.0,3.0,3.0,5.0,1.0,3.0,959,959.0,U,279,6248,Mujer,Secundaria
128347,1405531.04,1405531.04.01,1405531.04.01.01,1405531,4,1,B,14,JALISCO,39,GUADALAJARA,1,1,2,55,1.0,3.0,3.0,1.0,,2.0,959,959.0,U,279,6248,Mujer,Secundaria
128348,1405531.04,1405531.04.01,1405531.04.01.02,1405531,4,1,B,14,JALISCO,39,GUADALAJARA,2,4,2,78,2.0,0.0,0.0,7.0,,,959,959.0,U,279,6248,Mujer,Sin escolaridad
128349,1405531.04,1405531.04.01,1405531.04.01.03,1405531,4,1,B,14,JALISCO,39,GUADALAJARA,3,3,1,21,2.0,2.0,4.0,7.0,,,959,959.0,U,279,6248,Hombre,Primaria
128350,1405531.04,1405531.04.02,1405531.04.02.01,1405531,4,2,A,14,JALISCO,39,GUADALAJARA,1,1,2,34,1.0,3.0,3.0,1.0,,2.0,959,959.0,U,279,6248,Mujer,Secundaria
128351,1405531.04,1405531.04.02,1405531.04.02.02,1405531,4,2,A,14,JALISCO,39,GUADALAJARA,2,3,1,16,,6.0,1.0,,,,959,959.0,U,279,6248,Hombre,Preparatoria o bachillerato
128352,1405531.04,1405531.04.02,1405531.04.02.03,1405531,4,2,A,14,JALISCO,39,GUADALAJARA,3,3,2,10,,2.0,3.0,,,,959,959.0,U,279,6248,Mujer,Primaria
128353,1405531.05,1405531.05.01,1405531.05.01.01,1405531,5,1,B,14,JALISCO,39,GUADALAJARA,1,1,1,78,2.0,2.0,3.0,8.0,4.0,,959,959.0,U,279,6248,Hombre,Primaria
128354,1405531.05,1405531.05.01,1405531.05.01.02,1405531,5,1,B,14,JALISCO,39,GUADALAJARA,2,2,2,76,1.0,2.0,6.0,5.0,4.0,,959,959.0,U,279,6248,Mujer,Primaria
128355,1405568.01,1405568.01.01,1405568.01.01.01,1405568,1,1,A,14,JALISCO,39,GUADALAJARA,1,1,1,65,2.0,6.0,3.0,6.0,4.0,,961,961.0,U,280,6341,Hombre,Preparatoria o bachillerato
128356,1405568.01,1405568.01.01,1405568.01.01.02,1405568,1,1,A,14,JALISCO,39,GUADALAJARA,2,2,2,63,1.0,2.0,6.0,5.0,1.0,3.0,961,961.0,U,280,6341,Mujer,Primaria
128357,1405568.02,1405568.02.01,1405568.02.01.01,1405568,2,1,B,14,JALISCO,39,GUADALAJARA,1,1,2,57,1.0,3.0,3.0,1.0,,3.0,961,961.0,U,280,6341,Mujer,Secundaria
128358,1405568.02,1405568.02.01,1405568.02.01.02,1405568,2,1,B,14,JALISCO,39,GUADALAJARA,2,3,2,32,2.0,6.0,3.0,1.0,,2.0,961,961.0,U,280,6341,Mujer,Preparatoria o bachillerato
128359,1405568.02,1405568.02.01,1405568.02.01.03,1405568,2,1,B,14,JALISCO,39,GUADALAJARA,3,5,1,14,,3.0,2.0,,,,961,961.0,U,280,6341,Hombre,Secundaria
128360,1405568.02,1405568.02.01,1405568.02.01.04,1405568,2,1,B,14,JALISCO,39,GUADALAJARA,4,5,1,10,,2.0,4.0,,,,961,961.0,U,280,6341,Hombre,Primaria
128361,1405568.03,1405568.03.01,1405568.03.01.01,1405568,3,1,B,14,JALISCO,39,GUADALAJARA,1,1,1,25,1.0,6.0,3.0,1.0,,2.0,961,961.0,U,280,6341,Hombre,Preparatoria o bachillerato
128362,1405568.05,1405568.05.01,1405568.05.01.01,1405568,5,1,B,14,JALISCO,39,GUADALAJARA,1,1,1,33,1.0,8.0,4.0,1.0,,2.0,961,961.0,U,280,6341,Hombre,Licenciatura
128363,1405568.05,1405568.05.01,1405568.05.01.02,1405568,5,1,B,14,JALISCO,39,GUADALAJARA,2,2,2,20,2.0,8.0,1.0,5.0,4.0,,961,961.0,U,280,6341,Mujer,Licenciatura
128364,1405617.01,1405617.01.01,1405617.01.01.01,1405617,1,1,B,14,JALISCO,39,GUADALAJARA,1,1,1,75,2.0,8.0,5.0,6.0,4.0,,1092,1092.0,U,281,6430,Hombre,Licenciatura
128365,1405617.01,1405617.01.01,1405617.01.01.02,1405617,1,1,B,14,JALISCO,39,GUADALAJARA,2,2,2,75,1.0,6.0,3.0,6.0,4.0,,1092,1092.0,U,281,6430,Mujer,Preparatoria o bachillerato
128366,1405617.02,1405617.02.01,1405617.02.01.01,1405617,2,1,A,14,JALISCO,39,GUADALAJARA,1,1,2,31,1.0,8.0,5.0,1.0,,4.0,1092,1092.0,U,281,6430,Mujer,Licenciatura
128367,1405617.03,1405617.03.01,1405617.03.01.01,1405617,3,1,B,14,JALISCO,39,GUADALAJARA,1,1,1,56,1.0,8.0,5.0,1.0,,4.0,1092,1092.0,U,281,6430,Hombre,Licenciatura
128368,1405617.03,1405617.03.01,1405617.03.01.02,1405617,3,1,B,14,JALISCO,39,GUADALAJARA,2,2,2,52,2.0,8.0,5.0,1.0,,4.0,1092,1092.0,U,281,6430,Mujer,Licenciatura
128369,1405617.03,1405617.03.01,1405617.03.01.03,1405617,3,1,B,14,JALISCO,39,GUADALAJARA,3,3,1,27,2.0,8.0,5.0,1.0,,2.0,1092,1092.0,U,281,6430,Hombre,Licenciatura
128370,1405617.03,1405617.03.01,1405617.03.01.04,1405617,3,1,B,14,JALISCO,39,GUADALAJARA,4,3,2,24,2.0,8.0,5.0,1.0,,2.0,1092,1092.0,U,281,6430,Mujer,Licenciatura
128371,1405617.04,1405617.04.01,1405617.04.01.01,1405617,4,1,A,14,JALISCO,39,GUADALAJARA,1,1,1,63,2.0,8.0,5.0,6.0,3.0,2.0,1092,1092.0,U,281,6430,Hombre,Licenciatura
128372,1405617.04,1405617.04.01,1405617.04.01.02,1405617,4,1,A,14,JALISCO,39,GUADALAJARA,2,2,2,63,1.0,4.0,3.0,6.0,4.0,,1092,1092.0,U,281,6430,Mujer,Carrera técnica con secundaria
128373,1405617.04,1405617.04.01,1405617.04.01.03,1405617,4,1,A,14,JALISCO,39,GUADALAJARA,3,3,2,27,2.0,8.0,5.0,1.0,,2.0,1092,1092.0,U,281,6430,Mujer,Licenciatura
128374,1405617.04,1405617.04.01,1405617.04.01.04,1405617,4,1,A,14,JALISCO,39,GUADALAJARA,4,3,1,23,2.0,8.0,4.0,4.0,4.0,,1092,1092.0,U,281,6430,Hombre,Licenciatura
128375,1405617.05,1405617.05.01,1405617.05.01.01,1405617,5,1,A,14,JALISCO,39,GUADALAJARA,1,1,1,44,1.0,9.0,3.0,1.0,,2.0,1092,1092.0,U,281,6430,Hombre,Posgrado (Maestría/Doctorado)
128376,1405627.01,1405627.01.01,1405627.01.01.01,1405627,1,1,B,14,JALISCO,39,GUADALAJARA,1,1,1,60,2.0,8.0,5.0,1.0,,5.0,1158,1158.0,U,281,6405,Hombre,Licenciatura
128377,1405627.01,1405627.01.01,1405627.01.01.02,1405627,1,1,B,14,JALISCO,39,GUADALAJARA,2,2,2,65,2.0,8.0,5.0,5.0,4.0,,1158,1158.0,U,281,6405,Mujer,Licenciatura
128378,1405627.01,1405627.01.01,1405627.01.01.03,1405627,1,1,B,14,JALISCO,39,GUADALAJARA,3,3,1,35,1.0,8.0,5.0,1.0,,2.0,1158,1158.0,U,281,6405,Hombre,Licenciatura
128379,1405627.01,1405627.01.01,1405627.01.01.04,1405627,1,1,B,14,JALISCO,39,GUADALAJARA,4,3,1,29,2.0,8.0,5.0,1.0,,2.0,1158,1158.0,U,281,6405,Hombre,Licenciatura
128380,1405627.01,1405627.01.01,1405627.01.01.05,1405627,1,1,B,14,JALISCO,39,GUADALAJARA,5,3,2,28,2.0,8.0,5.0,1.0,,2.0,1158,1158.0,U,281,6405,Mujer,Licenciatura
128381,1405627.02,1405627.02.01,1405627.02.01.01,1405627,2,1,B,14,JALISCO,39,GUADALAJARA,1,1,1,54,2.0,9.0,3.0,1.0,,4.0,1158,1158.0,U,281,6405,Hombre,Posgrado (Maestría/Doctorado)
128382,1405627.02,1405627.02.01,1405627.02.01.02,1405627,2,1,B,14,JALISCO,39,GUADALAJARA,2,2,2,60,1.0,8.0,5.0,5.0,4.0,,1158,1158.0,U,281,6405,Mujer,Licenciatura
128383,1405627.02,1405627.02.01,1405627.02.01.03,1405627,2,1,B,14,JALISCO,39,GUADALAJARA,3,3,2,19,2.0,8.0,2.0,4.0,4.0,,1158,1158.0,U,281,6405,Mujer,Licenciatura
128384,1405627.02,1405627.02.01,1405627.02.01.04,1405627,2,1,B,14,JALISCO,39,GUADALAJARA,4,5,2,21,2.0,8.0,3.0,4.0,4.0,,1158,1158.0,U,281,6405,Mujer,Licenciatura
128385,1405627.02,1405627.02.01,1405627.02.01.05,1405627,2,1,B,14,JALISCO,39,GUADALAJARA,5,5,2,25,2.0,8.0,5.0,1.0,,2.0,1158,1158.0,U,281,6405,Mujer,Licenciatura
128386,1405627.03,1405627.03.01,1405627.03.01.01,1405627,3,1,B,14,JALISCO,39,GUADALAJARA,1,1,1,60,2.0,8.0,5.0,1.0,,2.0,1158,1158.0,U,281,6405,Hombre,Licenciatura
128387,1405627.03,1405627.03.01,1405627.03.01.02,1405627,3,1,B,14,JALISCO,39,GUADALAJARA,2,2,2,55,1.0,6.0,3.0,1.0,,2.0,1158,1158.0,U,281,6405,Mujer,Preparatoria o bachillerato
128388,1405627.05,1405627.05.01,1405627.05.01.01,1405627,5,1,B,14,JALISCO,39,GUADALAJARA,1,1,2,81,1.0,4.0,3.0,5.0,4.0,,1158,1158.0,U,281,6405,Mujer,Carrera técnica con secundaria
128389,1405675.01,1405675.01.01,1405675.01.01.01,1405675,1,1,B,14,JALISCO,39,GUADALAJARA,1,1,1,20,2.0,6.0,3.0,2.0,,2.0,1101,1101.0,U,281,6425,Hombre,Preparatoria o bachillerato
128390,1405675.01,1405675.01.01,1405675.01.01.02,1405675,1,1,B,14,JALISCO,39,GUADALAJARA,2,6,1,20,2.0,99.0,9.0,2.0,,2.0,1101,1101.0,U,281,6425,Hombre,No especificado
128391,1405675.01,1405675.01.01,1405675.01.01.03,1405675,1,1,B,14,JALISCO,39,GUADALAJARA,3,6,2,20,1.0,8.0,2.0,4.0,4.0,,1101,1101.0,U,281,6425,Mujer,Licenciatura
128392,1405675.01,1405675.01.01,1405675.01.01.04,1405675,1,1,B,14,JALISCO,39,GUADALAJARA,4,6,2,20,2.0,6.0,3.0,2.0,,2.0,1101,1101.0,U,281,6425,Mujer,Preparatoria o bachillerato
128393,1405675.02,1405675.02.01,1405675.02.01.01,1405675,2,1,B,14,JALISCO,39,GUADALAJARA,1,1,2,60,1.0,2.0,6.0,5.0,4.0,,1101,1101.0,U,281,6425,Mujer,Primaria
128394,1405675.03,1405675.03.01,1405675.03.01.01,1405675,3,1,B,14,JALISCO,39,GUADALAJARA,1,1,1,84,1.0,3.0,3.0,7.0,,,1101,1101.0,U,281,6425,Hombre,Secundaria
128395,1405675.03,1405675.03.01,1405675.03.01.02,1405675,3,1,B,14,JALISCO,39,GUADALAJARA,2,2,2,76,2.0,8.0,5.0,5.0,4.0,,1101,1101.0,U,281,6425,Mujer,Licenciatura
128396,1405675.04,1405675.04.01,1405675.04.01.01,1405675,4,1,B,14,JALISCO,39,GUADALAJARA,1,1,1,26,1.0,8.0,5.0,1.0,,2.0,1101,1101.0,U,281,6425,Hombre,Licenciatura
128397,1405675.05,1405675.05.01,1405675.05.01.01,1405675,5,1,B,14,JALISCO,39,GUADALAJARA,1,1,2,52,2.0,6.0,3.0,1.0,,2.0,1101,1101.0,U,281,6425,Mujer,Preparatoria o bachillerato
128398,1405675.05,1405675.05.01,1405675.05.01.02,1405675,5,1,B,14,JALISCO,39,GUADALAJARA,2,3,1,28,1.0,6.0,3.0,1.0,,3.0,1101,1101.0,U,281,6425,Hombre,Preparatoria o bachillerato
128399,1405678.02,1405678.02.01,1405678.02.01.01,1405678,2,1,A,14,JALISCO,39,GUADALAJARA,1,1,1,45,1.0,8.0,5.0,1.0,,2.0,1112,1112.0,U,281,6421,Hombre,Licenciatura
128400,1405678.04,1405678.04.01,1405678.04.01.01,1405678,4,1,B,14,JALISCO,39,GUADALAJARA,1,1,1,37,1.0,8.0,5.0,1.0,,2.0,1112,1112.0,U,281,6421,Hombre,Licenciatura
128401,1405678.04,1405678.04.01,1405678.04.01.02,1405678,4,1,B,14,JALISCO,39,GUADALAJARA,2,5,2,32,2.0,8.0,5.0,1.0,,2.0,1112,1112.0,U,281,6421,Mujer,Licenciatura
128402,1405678.04,1405678.04.01,1405678.04.01.03,1405678,4,1,B,14,JALISCO,39,GUADALAJARA,3,3,1,3,,0.0,0.0,,,,1112,1112.0,U,281,6421,Hombre,Sin escolaridad
128403,1405678.04,1405678.04.01,1405678.04.01.04,1405678,4,1,B,14,JALISCO,39,GUADALAJARA,4,3,2,1,,,,,,,1112,1112.0,U,281,6421,Mujer,No especificado
128404,1405678.05,1405678.05.01,1405678.05.01.01,1405678,5,1,B,14,JALISCO,39,GUADALAJARA,1,1,2,51,1.0,8.0,5.0,1.0,,2.0,1112,1112.0,U,281,6421,Mujer,Licenciatura
128405,1405678.05,1405678.05.01,1405678.05.01.02,1405678,5,1,B,14,JALISCO,39,GUADALAJARA,2,3,1,18,2.0,6.0,2.0,1.0,,3.0,1112,1112.0,U,281,6421,Hombre,Preparatoria o bachillerato
128406,1405681.01,1405681.01.01,1405681.01.01.01,1405681,1,1,A,14,JALISCO,39,GUADALAJARA,1,1,1,61,1.0,8.0,5.0,7.0,,,882,882.0,U,281,6477,Hombre,Licenciatura
128407,1405681.01,1405681.01.01,1405681.01.01.02,1405681,1,1,A,14,JALISCO,39,GUADALAJARA,2,2,2,62,2.0,8.0,5.0,7.0,,,882,882.0,U,281,6477,Mujer,Licenciatura
128408,1405681.01,1405681.01.01,1405681.01.01.03,1405681,1,1,A,14,JALISCO,39,GUADALAJARA,3,3,1,39,2.0,8.0,5.0,1.0,,3.0,882,882.0,U,281,6477,Hombre,Licenciatura
128409,1405681.01,1405681.01.01,1405681.01.01.04,1405681,1,1,A,14,JALISCO,39,GUADALAJARA,4,3,1,34,2.0,8.0,5.0,1.0,,3.0,882,882.0,U,281,6477,Hombre,Licenciatura
128410,1405681.01,1405681.01.01,1405681.01.01.05,1405681,1,1,A,14,JALISCO,39,GUADALAJARA,5,5,2,5,,1.0,2.0,,,,882,882.0,U,281,6477,Mujer,Preescolar
128411,1405681.03,1405681.03.01,1405681.03.01.01,1405681,3,1,B,14,JALISCO,39,GUADALAJARA,1,1,2,58,2.0,8.0,5.0,1.0,,3.0,882,882.0,U,281,6477,Mujer,Licenciatura
128412,1405681.03,1405681.03.01,1405681.03.01.02,1405681,3,1,B,14,JALISCO,39,GUADALAJARA,2,2,1,60,1.0,8.0,5.0,1.0,,3.0,882,882.0,U,281,6477,Hombre,Licenciatura
128413,1405681.04,1405681.04.01,1405681.04.01.01,1405681,4,1,A,14,JALISCO,39,GUADALAJARA,1,1,1,65,1.0,8.0,5.0,1.0,,3.0,882,882.0,U,281,6477,Hombre,Licenciatura
128414,1405681.05,1405681.05.01,1405681.05.01.01,1405681,5,1,A,14,JALISCO,39,GUADALAJARA,1,1,1,30,1.0,8.0,5.0,1.0,,3.0,882,882.0,U,281,6477,Hombre,Licenciatura
128415,1405689.01,1405689.01.01,1405689.01.01.01,1405689,1,1,B,14,JALISCO,39,GUADALAJARA,1,1,1,71,1.0,2.0,6.0,6.0,4.0,,985,985.0,U,280,6326,Hombre,Primaria
128416,1405689.01,1405689.01.01,1405689.01.01.02,1405689,1,1,B,14,JALISCO,39,GUADALAJARA,2,2,2,72,2.0,2.0,6.0,5.0,4.0,,985,985.0,U,280,6326,Mujer,Primaria
128417,1405689.01,1405689.01.01,1405689.01.01.03,1405689,1,1,B,14,JALISCO,39,GUADALAJARA,3,3,2,41,2.0,6.0,3.0,1.0,,2.0,985,985.0,U,280,6326,Mujer,Preparatoria o bachillerato
128418,1405689.01,1405689.01.01,1405689.01.01.04,1405689,1,1,B,14,JALISCO,39,GUADALAJARA,4,3,1,38,2.0,9.0,5.0,1.0,,2.0,985,985.0,U,280,6326,Hombre,Posgrado (Maestría/Doctorado)
128419,1405689.01,1405689.01.01,1405689.01.01.05,1405689,1,1,B,14,JALISCO,39,GUADALAJARA,5,5,2,21,2.0,8.0,2.0,4.0,4.0,,985,985.0,U,280,6326,Mujer,Licenciatura
128420,1405689.02,1405689.02.01,1405689.02.01.01,1405689,2,1,B,14,JALISCO,39,GUADALAJARA,1,1,1,51,1.0,6.0,3.0,1.0,,2.0,985,985.0,U,280,6326,Hombre,Preparatoria o bachillerato
128421,1405689.02,1405689.02.01,1405689.02.01.02,1405689,2,1,B,14,JALISCO,39,GUADALAJARA,2,2,2,35,2.0,6.0,2.0,5.0,4.0,,985,985.0,U,280,6326,Mujer,Preparatoria o bachillerato
128422,1405689.02,1405689.02.01,1405689.02.01.03,1405689,2,1,B,14,JALISCO,39,GUADALAJARA,3,3,2,12,,2.0,6.0,,,,985,985.0,U,280,6326,Mujer,Primaria
128423,1405689.02,1405689.02.01,1405689.02.01.04,1405689,2,1,B,14,JALISCO,39,GUADALAJARA,4,3,2,2,,,,,,,985,985.0,U,280,6326,Mujer,No especificado
128424,1405689.03,1405689.03.01,1405689.03.01.01,1405689,3,1,B,14,JALISCO,39,GUADALAJARA,1,1,1,61,2.0,3.0,3.0,1.0,,2.0,985,985.0,U,280,6326,Hombre,Secundaria
128425,1405689.03,1405689.03.01,1405689.03.01.02,1405689,3,1,B,14,JALISCO,39,GUADALAJARA,2,3,1,3,,0.0,0.0,,,,985,985.0,U,280,6326,Hombre,Sin escolaridad
128426,1405689.03,1405689.03.01,1405689.03.01.03,1405689,3,1,B,14,JALISCO,39,GUADALAJARA,3,3,2,8,,2.0,2.0,,,,985,985.0,U,280,6326,Mujer,Primaria
128427,1405689.03,1405689.03.01,1405689.03.01.04,1405689,3,1,B,14,JALISCO,39,GUADALAJARA,4,2,2,53,1.0,3.0,3.0,1.0,,2.0,985,985.0,U,280,6326,Mujer,Secundaria
128428,1405689.04,1405689.04.01,1405689.04.01.01,1405689,4,1,B,14,JALISCO,39,GUADALAJARA,1,1,1,48,1.0,8.0,5.0,1.0,,3.0,985,985.0,U,280,6326,Hombre,Licenciatura
128429,1405689.04,1405689.04.01,1405689.04.01.02,1405689,4,1,B,14,JALISCO,39,GUADALAJARA,2,2,2,43,2.0,6.0,2.0,1.0,,3.0,985,985.0,U,280,6326,Mujer,Preparatoria o bachillerato
128430,1405689.04,1405689.04.01,1405689.04.01.03,1405689,4,1,B,14,JALISCO,39,GUADALAJARA,3,3,1,9,,2.0,2.0,,,,985,985.0,U,280,6326,Hombre,Primaria
128431,1405689.04,1405689.04.01,1405689.04.01.04,1405689,4,1,B,14,JALISCO,39,GUADALAJARA,4,3,1,5,,0.0,0.0,,,,985,985.0,U,280,6326,Hombre,Sin escolaridad
128432,1405689.05,1405689.05.01,1405689.05.01.01,1405689,5,1,B,14,JALISCO,39,GUADALAJARA,1,1,1,68,2.0,3.0,3.0,6.0,4.0,,985,985.0,U,280,6326,Hombre,Secundaria
128433,1405689.05,1405689.05.01,1405689.05.01.02,1405689,5,1,B,14,JALISCO,39,GUADALAJARA,2,2,2,69,1.0,3.0,3.0,5.0,4.0,,985,985.0,U,280,6326,Mujer,Secundaria
128434,1405689.05,1405689.05.01,1405689.05.01.03,1405689,5,1,B,14,JALISCO,39,GUADALAJARA,3,3,1,31,2.0,6.0,2.0,1.0,,2.0,985,985.0,U,280,6326,Hombre,Preparatoria o bachillerato
128435,1405689.05,1405689.05.01,1405689.05.01.04,1405689,5,1,B,14,JALISCO,39,GUADALAJARA,4,3,1,45,2.0,8.0,4.0,1.0,,2.0,985,985.0,U,280,6326,Hombre,Licenciatura
128436,1405713.01,1405713.01.01,1405713.01.01.01,1405713,1,1,B,14,JALISCO,39,GUADALAJARA,1,1,2,88,1.0,0.0,0.0,5.0,4.0,,855,855.0,U,280,6377,Mujer,Sin escolaridad
128437,1405713.02,1405713.02.01,1405713.02.01.01,1405713,2,1,B,14,JALISCO,39,GUADALAJARA,1,1,2,52,2.0,6.0,3.0,1.0,,2.0,855,855.0,U,280,6377,Mujer,Preparatoria o bachillerato
128438,1405713.02,1405713.02.01,1405713.02.01.02,1405713,2,1,B,14,JALISCO,39,GUADALAJARA,2,5,2,54,1.0,3.0,3.0,1.0,,2.0,855,855.0,U,280,6377,Mujer,Secundaria
128439,1405713.02,1405713.02.01,1405713.02.01.03,1405713,2,1,B,14,JALISCO,39,GUADALAJARA,3,3,2,12,,2.0,6.0,,,,855,855.0,U,280,6377,Mujer,Primaria
128440,1405713.02,1405713.02.01,1405713.02.01.04,1405713,2,1,B,14,JALISCO,39,GUADALAJARA,4,3,1,11,,2.0,4.0,,,,855,855.0,U,280,6377,Hombre,Primaria
128441,1405713.03,1405713.03.01,1405713.03.01.01,1405713,3,1,A,14,JALISCO,39,GUADALAJARA,1,1,2,38,1.0,8.0,5.0,1.0,,3.0,855,855.0,U,280,6377,Mujer,Licenciatura
128442,1405713.03,1405713.03.01,1405713.03.01.02,1405713,3,1,A,14,JALISCO,39,GUADALAJARA,2,3,2,14,,3.0,1.0,,,,855,855.0,U,280,6377,Mujer,Secundaria
128443,1405713.03,1405713.03.01,1405713.03.01.03,1405713,3,1,A,14,JALISCO,39,GUADALAJARA,3,3,2,9,,2.0,2.0,,,,855,855.0,U,280,6377,Mujer,Primaria
128444,1405713.05,1405713.05.01,1405713.05.01.01,1405713,5,1,B,14,JALISCO,39,GUADALAJARA,1,1,2,59,1.0,8.0,5.0,1.0,,2.0,855,855.0,U,280,6377,Mujer,Licenciatura
128445,1405713.05,1405713.05.01,1405713.05.01.02,1405713,5,1,B,14,JALISCO,39,GUADALAJARA,2,3,1,26,2.0,8.0,5.0,1.0,,2.0,855,855.0,U,280,6377,Hombre,Licenciatura
128446,1405741.01,1405741.01.01,1405741.01.01.01,1405741,1,1,A,14,JALISCO,39,GUADALAJARA,1,1,1,51,1.0,6.0,3.0,1.0,,3.0,1017,1017.0,U,279,6229,Hombre,Preparatoria o bachillerato
128447,1405741.01,1405741.01.01,1405741.01.01.02,1405741,1,1,A,14,JALISCO,39,GUADALAJARA,2,2,2,41,2.0,3.0,3.0,1.0,,3.0,1017,1017.0,U,279,6229,Mujer,Secundaria
128448,1405741.01,1405741.01.01,1405741.01.01.03,1405741,1,1,A,14,JALISCO,39,GUADALAJARA,3,5,2,18,2.0,3.0,3.0,1.0,,2.0,1017,1017.0,U,279,6229,Mujer,Secundaria
128449,1405741.02,1405741.02.01,1405741.02.01.01,1405741,2,1,A,14,JALISCO,39,GUADALAJARA,1,1,1,23,2.0,6.0,2.0,1.0,,2.0,1017,1017.0,U,279,6229,Hombre,Preparatoria o bachillerato
128450,1405741.02,1405741.02.01,1405741.02.01.02,1405741,2,1,A,14,JALISCO,39,GUADALAJARA,2,2,2,22,1.0,3.0,3.0,5.0,4.0,,1017,1017.0,U,279,6229,Mujer,Secundaria
128451,1405741.02,1405741.02.01,1405741.02.01.03,1405741,2,1,A,14,JALISCO,39,GUADALAJARA,3,3,2,5,,1.0,2.0,,,,1017,1017.0,U,279,6229,Mujer,Preescolar
128452,1405741.02,1405741.02.01,1405741.02.01.04,1405741,2,1,A,14,JALISCO,39,GUADALAJARA,4,3,2,0,,,,,,,1017,1017.0,U,279,6229,Mujer,No especificado
128453,1405741.03,1405741.03.01,1405741.03.01.01,1405741,3,1,B,14,JALISCO,39,GUADALAJARA,1,1,2,41,1.0,9.0,5.0,1.0,,3.0,1017,1017.0,U,279,6229,Mujer,Posgrado (Maestría/Doctorado)
128454,1405741.04,1405741.04.01,1405741.04.01.01,1405741,4,1,B,14,JALISCO,39,GUADALAJARA,1,1,2,74,2.0,2.0,4.0,5.0,4.0,,1017,1017.0,U,279,6229,Mujer,Primaria
128455,1405741.04,1405741.04.01,1405741.04.01.02,1405741,4,1,B,14,JALISCO,39,GUADALAJARA,2,3,1,44,1.0,8.0,5.0,8.0,4.0,,1017,1017.0,U,279,6229,Hombre,Licenciatura
128456,1405780.01,1405780.01.01,1405780.01.01.01,1405780,1,1,A,14,JALISCO,39,GUADALAJARA,1,1,1,50,2.0,3.0,3.0,1.0,,2.0,985,985.0,U,280,6325,Hombre,Secundaria
128457,1405780.01,1405780.01.01,1405780.01.01.02,1405780,1,1,A,14,JALISCO,39,GUADALAJARA,2,2,2,48,2.0,3.0,3.0,5.0,4.0,,985,985.0,U,280,6325,Mujer,Secundaria
128458,1405780.01,1405780.01.01,1405780.01.01.03,1405780,1,1,A,14,JALISCO,39,GUADALAJARA,3,3,2,29,1.0,3.0,3.0,1.0,,2.0,985,985.0,U,280,6325,Mujer,Secundaria
128459,1405780.01,1405780.01.01,1405780.01.01.04,1405780,1,1,A,14,JALISCO,39,GUADALAJARA,4,5,2,12,,2.0,6.0,,,,985,985.0,U,280,6325,Mujer,Primaria
128460,1405780.01,1405780.01.01,1405780.01.01.05,1405780,1,1,A,14,JALISCO,39,GUADALAJARA,5,5,2,10,,2.0,3.0,,,,985,985.0,U,280,6325,Mujer,Primaria
128461,1405780.01,1405780.01.01,1405780.01.01.06,1405780,1,1,A,14,JALISCO,39,GUADALAJARA,6,5,2,3,,0.0,0.0,,,,985,985.0,U,280,6325,Mujer,Sin escolaridad
128462,1405780.02,1405780.02.01,1405780.02.01.01,1405780,2,1,A,14,JALISCO,39,GUADALAJARA,1,1,1,49,1.0,8.0,5.0,1.0,,2.0,985,985.0,U,280,6325,Hombre,Licenciatura
128463,1405780.02,1405780.02.01,1405780.02.01.02,1405780,2,1,A,14,JALISCO,39,GUADALAJARA,2,2,2,33,2.0,8.0,5.0,5.0,4.0,,985,985.0,U,280,6325,Mujer,Licenciatura
128464,1405780.02,1405780.02.01,1405780.02.01.03,1405780,2,1,A,14,JALISCO,39,GUADALAJARA,3,3,2,11,,2.0,5.0,,,,985,985.0,U,280,6325,Mujer,Primaria
128465,1405780.02,1405780.02.01,1405780.02.01.04,1405780,2,1,A,14,JALISCO,39,GUADALAJARA,4,3,1,5,,1.0,2.0,,,,985,985.0,U,280,6325,Hombre,Preescolar
128466,1405780.02,1405780.02.01,1405780.02.01.05,1405780,2,1,A,14,JALISCO,39,GUADALAJARA,5,3,2,1,,,,,,,985,985.0,U,280,6325,Mujer,No especificado
128467,1405780.03,1405780.03.01,1405780.03.01.01,1405780,3,1,B,14,JALISCO,39,GUADALAJARA,1,1,1,59,1.0,3.0,3.0,3.0,4.0,,985,985.0,U,280,6325,Hombre,Secundaria
128468,1405780.05,1405780.05.01,1405780.05.01.01,1405780,5,1,B,14,JALISCO,39,GUADALAJARA,1,1,2,64,1.0,3.0,3.0,1.0,,2.0,985,985.0,U,280,6325,Mujer,Secundaria
128469,1405780.05,1405780.05.01,1405780.05.01.02,1405780,5,1,B,14,JALISCO,39,GUADALAJARA,2,3,1,26,2.0,6.0,3.0,1.0,,2.0,985,985.0,U,280,6325,Hombre,Preparatoria o bachillerato
