ENTIDAD,NOM_ENT,MUN,NOM_MUN,LOC,NOM_LOC,AGEB,MZA,POBTOT,POBFEM,POBMAS,P_0A2,P_0A2_F,P_0A2_M,P_3YMAS,P_3YMAS_F,P_3YMAS_M,P_5YMAS,P_5YMAS_F,P_5YMAS_M,P_12YMAS,P_12YMAS_F,P_12YMAS_M,P_15YMAS,P_15YMAS_F,P_15YMAS_M,P_18YMAS,P_18YMAS_F,P_18YMAS_M,P_3A5,P_3A5_F,P_3A5_M,P_6A11,P_6A11_F,P_6A11_M,P_8A14,P_8A14_F,P_8A14_M,P_12A14,P_12A14_F,P_12A14_M,P_15A17,P_15A17_F,P_15A17_M,P_18A24,P_18A24_F,P_18A24_M,P_15A49_F,P_60YMAS,P_60YMAS_F,P_60YMAS_M,REL_H_M,POB0_14,POB15_64,POB65_MAS,PROM_HNV,PNACENT,PNACENT_F,PNACENT_M,PNACOE,PNACOE_F,PNACOE_M,PRES2015,PRES2015_F,PRES2015_M,PRESOE15,PRESOE15_F,PRESOE15_M,P3YM_HLI,P3YM_HLI_F,P3YM_HLI_M,P3HLINHE,P3HLINHE_F,P3HLINHE_M,P3HLI_HE,P3HLI_HE_F,P3HLI_HE_M,P5_HLI,P5_HLI_NHE,P5_HLI_HE,PHOG_IND,POB_AFRO,POB_AFRO_F,POB_AFRO_M,PCON_DISC,PCDISC_MOT,PCDISC_VIS,PCDISC_LENG,PCDISC_AUD,PCDISC_MOT2,PCDISC_MEN,PCON_LIMI,PCLIM_CSB,PCLIM_VIS,PCLIM_HACO,PCLIM_OAUD,PCLIM_MOT2,PCLIM_RE_CO,PCLIM_PMEN,PSIND_LIM,P3A5_NOA,P3A5_NOA_F,P3A5_NOA_M,P6A11_NOA,P6A11_NOAF,P6A11_NOAM,P12A14NOA,P12A14NOAF,P12A14NOAM,P15A17A,P15A17A_F,P15A17A_M,P18A24A,P18A24A_F,P18A24A_M,P8A14AN,P8A14AN_F,P8A14AN_M,P15YM_AN,P15YM_AN_F,P15YM_AN_M,P15YM_SE,P15YM_SE_F,P15YM_SE_M,P15PRI_IN,P15PRI_INF,P15PRI_INM,P15PRI_CO,P15PRI_COF,P15PRI_COM,P15SEC_IN,P15SEC_INF,P15SEC_INM,P15SEC_CO,P15SEC_COF,P15SEC_COM,P18YM_PB,P18YM_PB_F,P18YM_PB_M,GRAPROES,GRAPROES_F,GRAPROES_M,PEA,PEA_F,PEA_M,PE_INAC,PE_INAC_F,PE_INAC_M,POCUPADA,POCUPADA_F,POCUPADA_M,PDESOCUP,PDESOCUP_F,PDESOCUP_M,PSINDER,PDER_SS,PDER_IMSS,PDER_ISTE,PDER_ISTEE,PAFIL_PDOM,PDER_SEGP,PDER_IMSSB,PAFIL_IPRIV,PAFIL_OTRAI,P12YM_SOLT,P12YM_CASA,P12YM_SEPA,PCATOLICA,PRO_CRIEVA,POTRAS_REL,PSIN_RELIG,TOTHOG,HOGJEF_F,HOGJEF_M,POBHOG,PHOGJEF_F,PHOGJEF_M,VIVTOT,TVIVHAB,TVIVPAR,VIVPAR_HAB,VIVPARH_CV,TVIVPARHAB,VIVPAR_DES,VIVPAR_UT,OCUPVIVPAR,PROM_OCUP,PRO_OCUP_C,VPH_PISODT,VPH_PISOTI,VPH_1DOR,VPH_2YMASD,VPH_1CUART,VPH_2CUART,VPH_3YMASC,VPH_C_ELEC,VPH_S_ELEC,VPH_AGUADV,VPH_AEASP,VPH_AGUAFV,VPH_TINACO,VPH_CISTER,VPH_EXCSA,VPH_LETR,VPH_DRENAJ,VPH_NODREN,VPH_C_SERV,VPH_NDEAED,VPH_DSADMA,VPH_NDACMM,VPH_SNBIEN,VPH_REFRI,VPH_LAVAD,VPH_HMICRO,VPH_AUTOM,VPH_MOTO,VPH_BICI,VPH_RADIO,VPH_TV,VPH_PC,VPH_TELEF,VPH_CEL,VPH_INTER,VPH_STVP,VPH_SPMVPI,VPH_CVJ,VPH_SINRTV,VPH_SINLTC,VPH_SINCINT,VPH_SINTIC
14,Jalisco,39,Guadalajara,0,Total del municipio,0000,0,1385629,718632,666997,47520,23403,24117,1333729,693038,640691,1295876,674244,621632,1166391,610406,555985,1109168,582349,526819,1048048,552222,495826,56461,27996,28465,110877,54636,56241,131861,64781,67080,57223,28057,29166,61120,30127,30993,162854,80585,82269,360253,238500,136269,102231,92.81,272081,940751,168417,1.96,1208906,624889,584017,159510,85407,74103,1268225,661047,607178,21003,10403,10600,4150,2042,2108,38,24,14,4031,1974,2057,4109,35,3998,7689,28303,14337,13966,73785,41866,27846,10217,15763,15465,14465,145128,54512,85304,9681,33973,9671,32980,21869,1150697,19979,9765,10214,5281,2522,2759,4450,1979,2471,46797,23863,22934,68191,34493,33698,2217,936,1281,16888,10019,6869,25057,14609,10448,58148,33781,24367,128488,72540,55948,29411,12755,16656,228613,117769,110844,600737,308673,292064,10.96,10.8,11.15,747410,332311,415099,415764,276832,138932,736543,328801,407742,10867,3510,7357,408824,970771,814494,38275,2648,2023,70815,2441,40773,15290,471523,527464,166201,1223063,74955,2102,78500,398543,154930,243613,1379731,502681,877050,454874,398966,440276,384368,398105,398543,44990,10918,1379731,3.46,0.81,394284,2445,80655,316135,6280,29469,361045,396620,189,396574,394515,222,349242,181962,396484,77,396624,121,396299,15,396398,157971,478,388261,345498,267571,226297,39947,96888,308091,385061,224114,238504,368856,299970,205172,132481,79174,5490,9580,81273,1082
14,Jalisco,39,Guadalajara,1,Total de la localidad urbana,0000,0,1385621,718628,666993,47518,23401,24117,1333723,693036,640687,1295870,674242,621628,1166386,610404,555982,1109163,582347,526816,1048043,552220,495823,56461,27996,28465,110876,54636,56240,131860,64781,67079,57223,28057,29166,61120,30127,30993,162852,80584,82268,360251,238500,136269,102231,92.81,272078,940746,168417,1.96,1208898,624885,584013,159510,85407,74103,1268219,661045,607174,21003,10403,10600,4150,2042,2108,38,24,14,4031,1974,2057,4109,35,3998,7689,28303,14337,13966,73785,41866,27846,10217,15763,15465,14465,145128,54512,85304,9681,33973,9671,32980,21869,1150689,19979,9765,10214,5281,2522,2759,4450,1979,2471,46797,23863,22934,68191,34493,33698,2217,936,1281,16888,10019,6869,25057,14609,10448,58148,33781,24367,128488,72540,55948,29411,12755,16656,228609,117767,110842,600736,308673,292063,10.96,10.8,11.15,747406,332310,415096,415763,276831,138932,736539,328800,407739,10867,3510,7357,408823,970764,814494,38275,2648,2023,70808,2441,40773,15290,471523,527460,166200,1223063,74947,2102,78500,398542,154930,243612,1379723,502681,877042,454853,398965,440255,384367,398104,398542,44984,10904,1379723,3.46,0.81,394283,2445,80655,316134,6280,29469,361044,396619,189,396573,394515,222,349241,181962,396483,77,396623,121,396298,15,396397,157971,478,388260,345497,267571,226296,39946,96888,308090,385060,224114,238504,368855,299970,205171,132481,79174,5490,9580,81272,1082
14,Jalisco,39,Guadalajara,1,Total AGEB urbana,0026,0,1433,799,634,37,24,13,1396,775,621,1375,765,610,1315,737,578,1289,727,562,1248,707,541,34,15,19,47,23,24,56,25,31,26,10,16,41,20,21,207,135,72,439,330,181,149,79.35,144,1052,237,1.35,990,532,458,406,249,157,1237,672,565,121,87,34,30,29,*,0,0,0,30,29,*,30,0,30,5,23,13,10,20,13,*,*,4,8,*,81,46,28,*,22,8,23,18,1320,5,*,3,*,0,*,*,0,*,37,20,17,138,89,49,0,0,0,3,*,*,3,*,*,6,4,*,45,32,13,7,5,*,67,49,18,1131,617,514,14.79,14.2,15.55,853,410,443,462,327,135,841,405,436,12,5,7,258,1174,580,25,0,4,24,0,694,5,549,618,148,1206,41,19,166,496,159,337,1376,326,1050,611,497,559,445,494,496,75,39,1376,2.77,0.6,492,*,157,337,3,32,459,494,0,494,491,0,437,476,494,0,494,0,494,0,494,21,0,494,480,441,472,42,116,386,485,441,393,486,482,403,386,159,6,*,11,0
14,Jalisco,39,Guadalajara,1,Total AGEB urbana,0030,0,3440,1775,1665,103,54,49,3335,1719,1616,3246,1660,1586,3017,1549,1468,2954,1520,1434,2884,1478,1406,134,88,46,184,82,102,178,80,98,63,29,34,70,42,28,328,153,175,893,737,399,338,93.8,484,2401,553,1.28,2725,1424,1301,517,264,253,3105,1580,1525,83,52,31,15,13,*,0,0,0,13,11,*,15,0,13,8,9,*,7,74,42,35,23,20,27,24,252,103,140,14,84,29,53,32,3095,42,25,17,9,*,8,*,*,*,55,32,23,220,85,135,3,0,3,6,*,4,7,3,4,18,17,*,68,59,9,17,12,5,116,83,33,2682,1323,1359,15.06,14.36,15.8,2020,900,1120,990,648,342,2012,895,1117,8,5,3,367,3069,1658,120,4,9,30,6,1441,139,1180,1445,388,2781,76,23,548,1407,429,978,3423,856,2567,1916,1408,1640,1132,1407,1407,403,105,3423,2.43,0.52,1403,*,379,1026,6,47,1351,1405,0,1405,1404,0,1050,1237,1404,0,1405,0,1405,0,1403,95,*,1401,1362,1282,1306,200,233,1009,1373,1290,1085,1382,1346,1158,925,345,20,3,40,*
14,Jalisco,39,Guadalajara,1,Total AGEB urbana,005A,0,1538,834,704,23,14,9,1515,820,695,1494,815,679,1417,775,642,1368,752,616,1313,730,583,32,9,23,66,36,30,95,51,44,49,23,26,55,22,33,140,78,62,366,449,288,161,84.41,170,1016,352,1.7,1278,697,581,241,129,112,1469,802,667,23,12,11,3,*,*,0,0,0,3,*,*,3,0,3,0,22,10,12,34,25,14,9,13,15,11,94,45,36,5,29,17,27,21,1393,5,*,4,*,*,0,*,*,*,50,19,31,101,59,42,*,*,0,3,*,*,6,3,3,15,11,4,53,40,13,5,*,3,86,61,25,1160,615,545,14.09,13.59,14.69,839,371,468,577,404,173,829,368,461,10,3,7,296,1241,1043,52,*,3,24,4,131,12,584,579,254,1415,30,5,86,557,229,328,1535,536,999,608,558,587,537,557,557,43,7,1535,2.76,0.53,556,*,139,418,0,17,540,557,0,557,557,0,554,463,557,0,557,0,557,0,557,96,0,557,538,484,458,30,71,448,547,447,465,526,494,430,317,107,5,3,43,0
14,Jalisco,39,Guadalajara,1,Total AGEB urbana,0064,0,2647,1482,1165,45,27,18,2602,1455,1147,2558,1428,1130,2421,1357,1064,2354,1324,1030,2261,1276,985,60,37,23,121,61,60,143,70,73,67,33,34,93,48,45,293,157,136,675,718,445,273,78.61,293,1829,525,1.7,2257,1253,1004,372,217,155,2511,1412,1099,43,13,30,5,4,*,0,0,0,5,4,*,5,0,5,15,185,96,89,132,70,62,9,44,33,28,366,127,252,12,78,22,79,40,2121,10,5,5,6,*,4,5,3,*,79,41,38,162,88,74,0,0,0,10,6,4,20,12,8,57,43,14,112,81,31,19,9,10,191,118,73,1849,995,854,13.63,13.13,14.26,1417,656,761,1002,699,303,1405,650,755,12,6,6,577,2068,1691,155,11,0,126,4,85,30,1038,1030,352,2365,63,*,212,875,391,484,2647,1083,1564,987,875,943,831,875,875,97,15,2647,3.03,0.62,838,37,127,748,*,12,862,875,0,875,873,0,864,643,875,0,875,0,875,0,875,109,0,875,853,764,759,96,185,748,849,721,759,829,806,649,356,197,17,10,57,*
14,Jalisco,39,Guadalajara,1,Total AGEB urbana,0083,0,5123,2717,2406,158,79,79,4965,2638,2327,4846,2581,2265,4390,2357,2033,4203,2269,1934,3989,2167,1822,174,86,88,401,195,206,465,223,242,187,88,99,214,102,112,561,271,290,1308,1028,613,415,88.55,920,3458,745,1.98,4570,2405,2165,510,294,216,4732,2532,2200,80,36,44,17,8,9,0,0,0,17,8,9,17,0,17,29,17,9,8,467,248,198,49,117,74,100,730,253,415,39,172,42,212,85,3908,45,25,20,7,0,7,8,4,4,183,91,92,300,155,145,9,*,8,56,34,22,68,42,26,180,120,60,388,233,155,116,51,65,632,308,324,2654,1407,1247,11.57,11.34,11.84,2684,1250,1434,1701,1106,595,2649,1234,1415,35,16,19,1061,4060,3291,212,6,10,436,*,126,57,1767,1845,778,4621,191,6,302,1535,655,880,5123,2036,3087,1653,1535,1637,1519,1535,1535,88,30,5123,3.34,0.81,1531,4,311,1224,11,72,1452,1535,0,1535,1534,0,1159,521,1535,0,1535,0,1535,0,1535,661,*,1511,1394,1087,819,136,260,1119,1501,912,1011,1428,1181,835,531,354,21,22,296,*
14,Jalisco,39,Guadalajara,1,Total AGEB urbana,0115,0,3304,1774,1530,72,38,34,3232,1736,1496,3187,1719,1468,2982,1612,1370,2885,1554,1331,2779,1507,1272,78,29,49,172,95,77,219,126,93,97,58,39,106,47,59,369,172,197,803,862,511,351,86.25,419,2248,637,1.79,2905,1546,1359,365,210,155,3125,1692,1433,44,18,26,8,4,4,0,0,0,8,4,4,8,0,8,13,35,18,17,182,123,41,54,46,67,60,260,161,121,35,112,42,80,98,2804,23,12,11,13,6,7,12,*,11,85,42,43,210,98,112,*,*,*,19,9,10,22,11,11,93,58,35,209,136,73,39,19,20,348,185,163,2084,1094,990,12.78,12.59,13,1946,924,1022,1033,686,347,1919,918,1001,27,6,21,635,2669,2270,173,*,4,162,*,51,66,1303,1223,456,3015,31,5,252,1058,440,618,3304,1224,2080,1187,1058,1186,1057,1058,1058,106,23,3304,3.12,0.64,1049,9,168,890,11,37,1010,1058,0,1057,1057,*,1012,604,1058,0,1058,0,1057,0,1058,278,0,1055,980,852,767,141,187,860,1035,736,817,972,884,706,484,227,13,22,138,4
14,Jalisco,39,Guadalajara,1,Total AGEB urbana,0134,0,3236,1706,1530,90,46,44,3145,1659,1486,3065,1617,1448,2782,1483,1299,2670,1431,1239,2535,1364,1171,115,59,56,248,117,131,278,132,146,112,52,60,135,67,68,354,171,183,827,662,392,270,89.68,565,2179,491,1.95,2890,1512,1378,305,179,126,3000,1586,1414,43,25,18,*,*,*,0,0,0,*,*,*,*,0,*,4,83,50,33,166,102,52,15,54,36,29,305,95,216,11,69,17,62,56,2716,40,26,14,18,9,9,13,6,7,113,59,54,203,104,99,*,*,*,27,14,13,42,26,16,93,50,43,262,168,94,55,29,26,401,214,187,1715,894,821,11.96,11.82,12.12,1827,868,959,941,612,329,1805,859,946,22,9,13,751,2470,2043,187,10,*,121,17,74,58,1169,1155,440,2889,107,*,222,1010,419,591,3229,1245,1984,1116,1011,1102,997,1010,1010,92,13,3229,3.2,0.72,1006,4,198,812,16,47,947,1009,*,1010,1007,0,979,364,1009,0,1009,*,1009,0,1009,388,*,997,924,813,596,157,278,785,989,693,745,933,814,647,495,258,15,23,141,4
14,Jalisco,39,Guadalajara,1,Total AGEB urbana,0149,0,3170,1696,1474,55,25,30,3115,1671,1444,3070,1650,1420,2880,1557,1323,2810,1519,1291,2697,1462,1235,75,31,44,160,83,77,176,99,77,70,38,32,113,57,56,320,152,168,732,891,549,342,86.91,360,2113,697,1.68,2653,1397,1256,488,286,202,3001,1620,1381,56,23,33,10,3,7,0,0,0,10,3,7,10,0,10,16,12,8,4,193,129,52,14,44,39,33,363,138,232,16,75,22,60,50,2596,13,4,9,8,5,3,5,4,*,100,48,52,193,87,106,0,0,0,8,5,3,9,8,*,61,44,17,144,97,47,25,13,12,245,152,93,2201,1120,1081,13.75,13.25,14.35,1678,742,936,1199,814,385,1650,733,917,28,9,19,655,2514,1974,172,35,11,93,0,264,74,1220,1252,408,2870,99,3,198,1065,474,591,3170,1264,1906,1184,1065,1181,1062,1064,1065,104,15,3170,2.98,0.61,1062,*,196,868,*,30,1033,1064,0,1064,1064,0,1063,883,1064,0,1064,0,1064,0,1064,146,0,1062,1029,905,911,81,175,848,1048,830,871,1016,959,770,553,218,6,5,86,0
14,Jalisco,39,Guadalajara,1,Total AGEB urbana,0153,0,3944,2095,1849,84,41,43,3860,2054,1806,3796,2031,1765,3538,1897,1641,3394,1824,1570,3241,1743,1498,97,44,53,225,113,112,306,152,154,144,73,71,153,81,72,425,207,218,990,958,572,386,88.26,550,2680,714,1.7,3201,1666,1535,680,396,284,3651,1953,1698,108,63,45,*,*,*,0,0,0,*,*,*,*,0,*,0,26,11,15,189,102,62,21,42,24,45,417,162,211,17,99,24,130,54,3301,17,5,12,3,0,3,5,3,*,140,71,69,265,131,134,*,*,*,17,10,7,22,12,10,66,41,25,149,105,44,46,21,25,331,173,158,2634,1378,1256,13.37,13.04,13.76,2036,948,1088,1477,939,538,1991,930,1061,45,18,27,961,2963,2405,234,15,11,112,21,206,86,1490,1459,572,3469,160,12,283,1309,497,812,3941,1341,2600,1444,1310,1419,1285,1308,1309,118,16,3941,3.01,0.66,1308,0,245,1063,6,17,1285,1308,0,1308,1308,0,1287,757,1307,0,1308,0,1308,0,1307,287,0,1301,1216,1036,1008,90,150,1010,1269,964,988,1249,1126,851,641,333,18,9,144,0
14,Jalisco,39,Guadalajara,1,Total AGEB urbana,0191,0,2777,1401,1376,80,34,46,2697,1367,1330,2619,1330,1289,2357,1194,1163,2242,1130,1112,2089,1059,1030,111,57,54,229,116,113,273,144,129,115,64,51,153,71,82,322,141,181,692,493,272,221,98.22,535,1901,341,2.17,2423,1215,1208,313,168,145,2558,1298,1260,27,16,11,*,*,0,0,0,0,*,*,0,*,0,*,*,52,26,26,202,111,69,18,41,31,28,400,158,228,13,70,11,102,52,2129,48,23,25,12,8,4,9,7,*,115,52,63,143,66,77,5,3,*,39,22,17,59,31,28,162,91,71,277,152,125,82,37,45,492,254,238,1043,501,542,10.25,10.08,10.42,1469,632,837,861,551,310,1446,625,821,23,7,16,843,1907,1599,93,*,4,169,0,28,34,887,1109,341,2468,146,3,135,774,257,517,2777,895,1882,851,774,838,761,773,774,65,12,2777,3.59,0.86,766,7,191,582,22,83,668,773,0,773,772,0,721,156,772,0,773,0,773,0,772,325,0,762,668,491,420,82,112,631,755,409,447,705,589,395,190,142,5,20,156,*
14,Jalisco,39,Guadalajara,1,Total AGEB urbana,0204,0,2702,1368,1334,105,53,52,2597,1315,1282,2504,1273,1231,2222,1133,1089,2088,1059,1029,1965,1004,961,138,62,76,237,120,117,301,164,137,134,74,60,123,55,68,355,177,178,687,399,236,163,97.51,614,1818,270,2.18,2454,1234,1220,210,116,94,2449,1240,1209,22,12,10,9,5,4,0,0,0,9,5,4,9,0,9,8,40,22,18,178,112,51,13,35,48,38,213,102,100,15,41,10,51,42,2277,58,25,33,6,*,4,11,4,7,90,40,50,113,62,51,6,*,4,39,18,21,51,27,24,141,80,61,354,200,154,84,32,52,518,235,283,871,442,429,9.78,9.7,9.86,1476,624,852,734,503,231,1451,619,832,25,5,20,1062,1630,1372,39,*,*,187,0,28,9,874,1003,335,2429,100,3,160,689,307,382,2702,1187,1515,775,689,765,679,688,689,84,*,2702,3.92,0.99,678,10,163,525,18,63,607,686,*,684,684,3,623,135,684,*,686,*,684,*,686,326,0,660,570,412,326,92,178,537,660,335,403,622,519,362,181,104,13,14,146,*
14,Jalisco,39,Guadalajara,1,Total AGEB urbana,0223,0,2945,1505,1440,124,64,60,2821,1441,1380,2720,1383,1337,2403,1227,1176,2279,1166,1113,2148,1105,1043,148,79,69,270,135,135,299,147,152,124,61,63,131,61,70,355,168,187,736,463,255,208,95.68,666,1966,313,2.19,2696,1373,1323,234,126,108,2697,1366,1331,9,6,3,*,0,*,0,0,0,*,0,*,*,0,*,4,15,8,7,146,89,47,20,32,33,26,263,106,140,21,39,21,45,61,2501,58,30,28,19,10,9,12,3,9,91,47,44,129,65,64,10,7,3,33,18,15,55,32,23,121,62,59,394,219,175,73,29,44,592,295,297,971,486,485,10,9.84,10.17,1447,602,845,949,620,329,1431,596,835,16,6,10,1023,1918,1562,51,*,0,263,20,18,7,984,1070,345,2663,132,*,145,786,331,455,2945,1226,1719,903,786,869,752,784,786,111,6,2945,3.75,0.92,774,10,175,609,20,80,684,784,0,784,784,0,739,187,783,*,784,0,784,0,784,394,*,743,632,440,349,97,205,618,752,350,385,721,542,410,301,150,13,25,203,*
14,Jalisco,39,Guadalajara,1,Total AGEB urbana,0238,0,4875,2533,2342,208,106,102,4667,2427,2240,4522,2349,2173,4006,2105,1901,3739,1957,1782,3510,1844,1666,215,114,101,446,208,238,571,286,285,267,148,119,229,113,116,629,337,292,1292,711,378,333,92.46,1136,3255,484,2.15,4482,2325,2157,368,194,174,4451,2314,2137,56,27,29,4,*,*,0,0,0,4,*,*,4,0,4,4,20,6,14,209,133,53,30,43,36,40,505,212,244,31,134,21,121,66,4134,83,50,33,14,6,8,23,15,8,175,94,81,226,136,90,8,3,5,64,39,25,112,68,44,243,150,93,600,308,292,169,68,101,995,506,489,1503,787,716,9.69,9.61,9.77,2542,1110,1432,1456,988,468,2504,1095,1409,38,15,23,1522,3352,2597,74,9,*,606,11,57,34,1683,1771,551,4503,153,10,204,1231,458,773,4875,1768,3107,1384,1231,1364,1211,1229,1231,134,19,4875,3.96,0.95,1211,18,339,890,43,149,1037,1228,*,1229,1225,0,1119,325,1228,0,1229,0,1228,0,1228,588,5,1184,1016,700,563,179,325,991,1187,524,637,1127,840,600,306,251,15,44,332,6
14,Jalisco,39,Guadalajara,1,Total AGEB urbana,0261,0,5440,2727,2713,263,136,127,5177,2591,2586,4997,2503,2494,4340,2180,2160,4067,2044,2023,3799,1923,1876,281,132,149,556,279,277,641,309,332,273,136,137,268,121,147,676,325,351,1332,736,413,323,99.49,1373,3533,534,2.4,4958,2466,2492,450,247,203,4951,2483,2468,27,13,14,4,*,*,0,0,0,4,*,*,4,0,4,14,62,35,27,317,200,104,42,68,59,74,442,198,257,25,92,39,91,61,4648,119,56,63,20,10,10,26,14,12,157,72,85,196,99,97,15,7,8,132,74,58,197,113,84,393,210,183,694,366,328,171,58,113,1253,642,611,1237,594,643,8.64,8.49,8.8,2743,1101,1642,1574,1067,507,2690,1088,1602,53,13,40,2045,3376,2889,85,6,29,330,13,9,26,1652,2034,639,5088,176,3,153,1369,490,879,5436,1914,3522,1510,1370,1492,1352,1367,1369,126,14,5436,3.97,0.98,1359,7,336,1031,17,112,1238,1365,*,1364,1363,3,1212,318,1367,0,1367,0,1363,0,1367,756,3,1333,1103,740,541,149,273,1083,1326,505,677,1255,871,628,303,196,24,42,446,6
14,Jalisco,39,Guadalajara,1,Total AGEB urbana,0276,0,7097,3684,3413,306,163,143,6791,3521,3270,6549,3399,3150,5723,3001,2722,5340,2812,2528,4988,2631,2357,382,185,197,686,335,351,827,411,416,383,189,194,352,181,171,859,447,412,1924,897,507,390,92.64,1757,4710,630,2.21,6517,3392,3125,546,274,272,6493,3372,3121,37,19,18,*,0,*,0,0,0,*,0,*,*,0,*,3,83,44,39,320,163,135,38,66,42,64,423,192,221,19,116,34,78,81,6301,152,78,74,26,14,12,29,17,12,244,132,112,246,138,108,9,0,9,113,67,46,180,104,76,446,262,184,929,493,436,237,89,148,1620,846,774,1746,911,835,9.02,8.97,9.09,3592,1555,2037,2114,1441,673,3534,1538,1996,58,17,41,2614,4469,3954,64,*,6,362,15,31,74,2213,2687,813,6495,303,3,283,1791,650,1141,7097,2346,4751,1991,1791,1982,1782,1790,1791,160,40,7097,3.96,0.97,1771,17,367,1423,33,149,1608,1788,*,1788,1786,*,1606,193,1788,*,1790,0,1787,0,1789,928,6,1720,1526,1063,765,242,378,1364,1719,792,866,1668,1239,1026,510,259,41,65,457,13
14,Jalisco,39,Guadalajara,1,Total AGEB urbana,0280,0,2440,1309,1131,54,25,29,2386,1284,1102,2351,1265,1086,2239,1207,1032,2189,1186,1003,2117,1150,967,48,24,24,99,53,46,108,55,53,50,21,29,72,36,36,286,145,141,724,493,289,204,86.4,251,1819,370,1.22,1716,911,805,580,308,272,2107,1128,979,157,81,76,22,12,10,0,0,0,22,12,10,22,0,22,26,19,11,8,54,36,16,5,16,15,12,167,61,77,7,49,13,38,16,2214,8,4,4,*,*,*,3,*,*,63,34,29,185,86,99,*,0,*,*,*,0,5,4,*,12,10,*,30,20,10,15,10,5,92,67,25,1980,1043,937,15.21,14.87,15.62,1451,692,759,787,515,272,1440,685,755,11,7,4,468,1971,1107,100,*,*,44,0,869,36,1011,950,277,2024,38,16,347,972,413,559,2414,862,1552,1104,974,999,869,970,972,98,32,2414,2.48,0.54,967,3,327,643,11,42,917,970,0,970,969,0,952,929,970,0,970,0,970,0,970,108,0,969,887,815,855,70,158,697,938,859,698,943,926,719,704,310,13,5,27,0
14,Jalisco,39,Guadalajara,1,Total AGEB urbana,0295,0,2694,1481,1213,58,31,27,2636,1450,1186,2592,1430,1162,2430,1351,1079,2373,1316,1057,2300,1282,1018,72,35,37,134,64,70,151,78,73,57,35,22,73,34,39,233,121,112,668,757,473,284,81.9,321,1765,608,1.53,1981,1064,917,590,357,233,2446,1356,1090,114,59,55,18,12,6,0,0,0,18,12,6,18,0,18,16,12,8,4,74,39,15,7,20,32,18,198,120,54,12,62,31,47,21,2400,13,8,5,9,3,6,3,*,*,69,30,39,158,80,78,*,*,0,*,*,0,4,3,*,12,10,*,49,42,7,15,10,5,112,84,28,2093,1114,979,14.8,14.16,15.6,1476,679,797,941,664,277,1465,674,791,11,5,6,443,2239,1369,77,5,8,19,7,921,30,916,1095,407,2334,78,21,243,1040,419,621,2689,913,1776,1238,1041,1112,915,1039,1040,148,49,2689,2.59,0.44,1039,0,180,859,*,13,1025,1039,0,1039,1039,0,956,1006,1039,0,1039,0,1039,0,1039,69,0,1039,997,899,969,58,155,857,1021,895,838,999,948,812,654,221,7,4,69,0
14,Jalisco,39,Guadalajara,1,Total AGEB urbana,0308,0,497,263,234,10,8,*,487,255,232,475,249,226,447,234,213,434,229,205,422,224,198,20,11,9,20,10,10,28,13,15,13,5,8,12,5,7,66,30,36,136,106,59,47,88.97,63,348,86,1.36,347,183,164,124,63,61,443,233,210,25,14,11,6,3,3,0,0,0,6,3,3,6,0,6,0,15,8,7,56,50,26,38,15,43,34,40,17,18,4,10,7,5,42,396,7,3,4,6,3,3,3,*,*,9,5,4,34,15,19,7,*,5,23,9,14,23,9,14,3,3,0,13,10,3,5,*,3,16,11,5,366,188,178,14.09,13.66,14.56,253,117,136,194,117,77,246,115,131,7,*,5,102,394,224,12,*,0,45,*,140,*,199,185,63,416,6,0,67,175,68,107,455,155,300,215,176,191,152,175,175,36,3,455,2.6,0.46,175,0,38,137,*,7,167,175,0,175,175,0,174,161,175,0,175,0,175,0,175,16,0,175,164,156,159,16,21,136,171,152,134,169,170,129,125,46,*,0,4,0
14,Jalisco,39,Guadalajara,1,Total AGEB urbana,0312,0,2380,1273,1107,64,32,32,2316,1241,1075,2276,1216,1060,2125,1142,983,2037,1091,946,1958,1062,896,62,39,23,129,60,69,177,89,88,88,51,37,79,29,50,255,114,141,570,537,325,212,86.96,343,1657,380,1.62,1918,1032,886,422,222,200,2198,1179,1019,61,28,33,16,10,6,0,0,0,16,10,6,16,0,16,30,28,16,12,144,103,38,32,41,48,33,197,85,98,10,55,12,43,42,2026,12,6,6,6,3,3,11,6,5,60,27,33,143,62,81,*,0,*,18,13,5,24,17,7,37,23,14,111,73,38,26,7,19,199,119,80,1582,818,764,13.46,13.07,13.91,1289,616,673,833,524,309,1272,608,664,17,8,9,609,1769,1312,154,8,4,54,*,394,26,915,906,304,2078,97,9,194,823,339,484,2380,928,1452,915,823,846,754,823,823,92,0,2380,2.89,0.62,819,4,203,620,12,30,781,823,0,823,823,0,780,567,823,0,823,0,823,0,823,166,3,811,756,665,647,65,145,635,802,624,577,785,730,544,425,194,7,9,72,3
14,Jalisco,39,Guadalajara,1,Total AGEB urbana,0327,0,1331,708,623,27,15,12,1304,693,611,1279,680,599,1210,647,563,1172,632,540,1137,615,522,32,17,15,62,29,33,85,36,49,38,15,23,35,17,18,126,64,62,312,384,225,159,87.99,159,872,300,1.65,1103,589,514,216,115,101,1236,659,577,41,20,21,3,3,0,0,0,0,3,3,0,3,0,3,3,22,9,13,67,33,21,7,18,14,14,309,54,271,4,31,4,27,24,948,7,4,3,8,5,3,4,*,*,29,14,15,77,42,35,3,3,0,*,*,*,3,*,*,30,22,8,27,22,5,7,4,3,69,39,30,1001,516,485,14.34,13.79,14.98,739,337,402,467,306,161,733,336,397,6,*,5,247,1084,829,47,4,3,43,0,169,34,497,542,171,1178,37,6,108,457,179,278,1306,456,850,510,461,474,425,456,457,39,10,1306,2.86,0.62,446,10,98,358,*,30,425,456,0,456,456,0,450,429,456,0,456,0,456,0,456,59,0,455,436,413,397,26,87,372,451,376,389,442,416,323,271,115,3,*,29,0
14,Jalisco,39,Guadalajara,1,Total AGEB urbana,0346,0,3132,1619,1513,98,32,66,3034,1587,1447,2954,1552,1402,2710,1433,1277,2625,1390,1235,2512,1335,1177,124,60,64,200,94,106,221,107,114,85,43,42,113,55,58,326,176,150,791,668,398,270,93.45,507,2149,476,1.78,2729,1404,1325,364,193,171,2894,1526,1368,42,17,25,18,7,11,0,0,0,18,7,11,18,0,18,34,23,14,9,217,133,70,33,45,51,43,364,128,247,8,76,4,54,43,2538,41,18,23,9,5,4,6,*,5,93,48,45,134,72,62,5,*,4,32,21,11,41,26,15,130,78,52,265,149,116,73,38,35,519,284,235,1525,778,747,11.37,11.15,11.6,1696,763,933,1011,670,341,1658,749,909,38,14,24,876,2256,1952,104,*,7,110,7,36,60,1141,1127,442,2867,69,*,193,1014,453,561,3080,1266,1814,1150,1018,1086,954,1011,1014,115,17,3080,3.04,0.81,1008,3,270,741,37,166,808,1011,0,1011,1010,0,856,636,1011,0,1011,0,1011,0,1011,454,0,990,852,685,529,99,282,843,968,624,623,945,757,496,310,204,11,21,195,*
14,Jalisco,39,Guadalajara,1,Total AGEB urbana,0350,0,3820,2004,1816,99,53,46,3721,1951,1770,3626,1900,1726,3295,1733,1562,3146,1672,1474,3003,1602,1401,132,66,66,294,152,142,342,160,182,149,61,88,143,70,73,389,186,203,1032,700,405,295,90.62,674,2633,513,1.72,3304,1732,1572,472,254,218,3529,1848,1681,83,46,37,9,6,3,0,0,0,9,6,3,9,0,9,11,8,3,5,169,102,58,32,49,48,44,266,121,112,24,61,20,55,36,3374,40,19,21,14,7,7,12,*,10,117,61,56,183,77,106,4,*,*,30,19,11,32,19,13,100,57,43,280,157,123,51,20,31,439,238,201,2149,1120,1029,12.36,12.21,12.52,2083,962,1121,1207,769,438,2064,957,1107,19,5,14,768,3052,2482,203,7,3,245,0,108,69,1419,1471,405,3406,121,11,280,1257,492,765,3801,1384,2417,1443,1260,1435,1252,1256,1257,151,32,3801,3.02,0.77,1251,5,312,944,10,116,1130,1256,0,1256,1255,0,1137,787,1256,0,1256,0,1256,0,1256,420,*,1242,1126,960,803,95,312,1004,1203,866,838,1177,1030,694,589,265,19,16,177,*
14,Jalisco,39,Guadalajara,1,Total AGEB urbana,0365,0,2444,1342,1102,55,30,25,2389,1312,1077,2347,1287,1060,2203,1217,986,2131,1176,955,2058,1140,918,61,32,29,125,63,62,154,80,74,72,41,31,73,36,37,271,147,124,598,666,395,271,82.12,313,1609,522,1.63,2048,1125,923,360,199,161,2291,1261,1030,44,19,25,16,11,5,3,*,*,13,9,4,15,*,13,5,16,8,8,128,77,28,14,41,23,29,184,89,71,12,48,9,37,38,2095,22,12,10,4,4,0,5,3,*,63,28,35,175,98,77,3,*,*,8,5,3,14,7,7,40,24,16,123,89,34,26,17,9,155,91,64,1715,913,802,13.87,13.54,14.28,1211,586,625,989,629,360,1193,579,614,18,7,11,512,1930,1532,128,6,0,136,*,92,87,968,927,308,2175,70,6,193,759,296,463,2360,854,1506,838,762,831,755,759,759,64,12,2360,3.11,0.65,759,0,77,682,4,15,740,759,0,759,757,0,753,676,759,0,759,0,759,0,758,112,0,758,730,655,643,67,162,656,749,597,601,727,669,514,371,153,5,5,68,0
14,Jalisco,39,Guadalajara,1,Total AGEB urbana,037A,0,1895,993,902,26,8,18,1869,985,884,1841,969,872,1731,914,817,1681,895,786,1622,868,754,43,24,19,95,47,48,118,53,65,50,19,31,59,27,32,187,79,108,452,543,327,216,90.84,214,1263,418,1.8,1573,824,749,313,165,148,1776,936,840,60,32,28,4,*,*,0,0,0,4,*,*,4,0,4,8,48,26,22,37,20,8,7,3,10,5,213,128,96,12,62,28,55,17,1638,8,3,5,*,*,0,5,*,3,58,26,32,112,50,62,*,0,*,7,*,5,8,*,6,21,13,8,91,67,24,22,11,11,138,87,51,1346,682,664,13.66,13.33,14.03,1019,461,558,710,452,258,1007,456,551,12,5,7,408,1486,1185,134,4,*,30,*,103,88,685,755,291,1695,34,*,161,638,270,368,1895,724,1171,731,638,731,638,638,638,81,12,1895,2.97,0.64,638,0,101,537,5,26,607,638,0,638,637,0,635,547,638,0,638,0,638,0,638,103,*,637,612,544,526,75,130,511,631,482,516,610,572,423,283,118,4,6,47,*
14,Jalisco,39,Guadalajara,1,Total AGEB urbana,0384,0,2419,1279,1140,47,19,28,2372,1260,1112,2333,1237,1096,2162,1155,1007,2089,1123,966,2007,1083,924,72,37,35,138,68,70,172,84,88,73,32,41,82,40,42,252,124,128,588,616,358,258,89.13,330,1628,461,1.66,2050,1080,970,336,187,149,2297,1215,1082,27,17,10,*,*,0,0,0,0,*,*,0,*,0,*,*,37,18,19,74,48,30,13,21,28,22,160,102,64,18,53,27,46,36,2165,10,4,6,9,6,3,3,*,*,77,37,40,173,83,90,0,0,0,18,8,10,19,8,11,24,17,7,100,67,33,26,15,11,125,74,51,1719,897,822,13.79,13.34,14.31,1229,550,679,929,603,326,1202,540,662,27,10,17,679,1740,1510,146,5,3,32,0,87,13,936,933,293,2172,55,11,180,781,279,502,2411,752,1659,845,783,833,771,781,781,55,7,2411,3.09,0.57,779,*,139,642,0,*,780,781,0,781,781,0,776,632,781,0,781,0,781,0,781,111,*,779,754,674,661,44,85,601,772,613,653,751,705,578,407,201,5,4,59,3
14,Jalisco,39,Guadalajara,1,Total AGEB urbana,0399,0,3486,1817,1669,66,24,42,3420,1793,1627,3359,1765,1594,3116,1653,1463,3033,1618,1415,2932,1566,1366,100,50,50,204,90,114,216,98,118,83,35,48,101,52,49,420,206,214,892,816,466,350,91.85,453,2431,602,1.7,2901,1508,1393,553,293,260,3256,1714,1542,83,41,42,7,*,5,0,0,0,7,*,5,7,0,7,22,80,37,43,232,136,85,39,55,49,47,319,87,227,13,71,14,48,68,2908,40,17,23,28,13,15,8,3,5,86,43,43,238,113,125,3,*,*,9,6,3,17,8,9,63,39,24,174,111,63,45,27,18,229,126,103,2394,1240,1154,13.5,13.25,13.78,1977,930,1047,1132,718,414,1943,917,1026,34,13,21,793,2692,2183,201,10,11,110,6,146,81,1323,1330,462,3057,129,13,282,1159,452,707,3472,1234,2238,1295,1160,1275,1140,1158,1159,101,34,3472,3,0.68,1155,3,224,934,10,50,1098,1158,0,1158,1156,0,1148,738,1157,0,1158,0,1158,0,1157,298,*,1143,1055,942,845,102,198,856,1128,854,817,1096,991,700,552,272,16,14,140,*
14,Jalisco,39,Guadalajara,1,Total AGEB urbana,0401,0,2118,1150,968,36,16,20,2082,1134,948,2054,1119,935,1913,1051,862,1818,1006,812,1736,967,769,47,23,24,122,60,62,184,88,96,95,45,50,82,39,43,235,121,114,522,539,325,214,84.17,300,1423,395,1.74,1758,952,806,339,189,150,1991,1090,901,53,26,27,*,0,*,0,0,0,*,0,*,*,0,*,*,172,99,73,111,66,43,11,21,24,15,320,114,198,22,101,17,63,28,1669,7,6,*,3,*,*,3,*,*,75,36,39,143,82,61,*,*,0,7,5,*,10,7,3,36,28,8,109,69,40,22,11,11,173,99,74,1396,749,647,13.2,12.89,13.59,1101,512,589,808,536,272,1068,502,566,33,10,23,580,1537,1269,85,12,*,76,0,113,26,799,827,286,1928,59,3,127,653,273,380,2118,797,1321,694,653,681,640,653,653,36,5,2118,3.24,0.61,650,*,89,564,0,5,648,653,0,653,652,0,653,502,653,0,653,0,653,0,653,137,0,653,622,545,511,40,45,524,642,481,516,623,560,436,289,178,5,4,78,0
14,Jalisco,39,Guadalajara,1,Total AGEB urbana,0416,0,1597,848,749,27,16,11,1570,832,738,1553,824,729,1462,778,684,1410,758,652,1352,730,622,30,15,15,78,39,39,104,42,62,52,20,32,58,28,30,159,85,74,376,409,243,166,88.33,187,1110,300,1.78,1354,712,642,232,131,101,1538,817,721,10,5,5,0,0,0,0,0,0,0,0,0,0,0,0,0,50,27,23,52,33,17,12,13,16,14,154,75,76,54,79,58,67,45,1353,13,9,4,11,4,7,5,*,3,50,23,27,96,54,42,*,0,*,5,3,*,5,3,*,24,16,8,111,80,31,9,5,4,155,84,71,1040,532,508,13.3,12.95,13.71,962,464,498,498,313,185,954,461,493,8,3,5,322,1270,1055,88,9,4,48,10,47,20,620,614,226,1415,57,8,115,566,223,343,1597,578,1019,637,566,631,560,566,566,58,13,1597,2.82,0.63,559,7,171,395,7,31,528,566,0,566,566,0,561,364,566,0,566,0,566,0,566,134,24,536,502,448,418,77,116,401,500,400,413,472,434,307,199,105,48,57,88,34
14,Jalisco,39,Guadalajara,1,Total AGEB urbana,0435,0,7566,3988,3578,215,103,112,7351,3885,3466,7166,3792,3374,6538,3496,3042,6267,3364,2903,5939,3209,2730,285,146,139,528,243,285,626,298,328,271,132,139,328,155,173,854,449,405,1948,1565,903,662,89.72,1299,5130,1137,1.96,6733,3541,3192,753,406,347,7036,3738,3298,68,31,37,5,3,*,0,0,0,5,3,*,5,0,5,3,164,82,82,348,197,123,42,78,70,67,698,303,340,43,196,56,184,149,6385,92,43,49,32,16,16,15,6,9,258,124,134,399,223,176,5,*,3,51,34,17,86,50,36,315,188,127,683,394,289,167,68,99,1137,641,496,3633,1882,1751,11.35,11.14,11.59,4090,1903,2187,2400,1573,827,4031,1878,2153,59,25,34,2421,5104,4222,297,37,20,382,14,150,68,2613,2888,1002,6873,278,4,351,2181,875,1306,7555,2800,4755,2385,2183,2329,2127,2180,2181,153,49,7555,3.46,0.76,2169,11,426,1754,22,128,2030,2180,0,2180,2170,0,2114,1059,2178,0,2178,0,2178,0,2176,750,*,2149,1981,1655,1383,197,272,1650,2129,1388,1537,2027,1734,1284,896,478,28,47,355,7
14,Jalisco,39,Guadalajara,1,Total AGEB urbana,044A,0,7371,3831,3540,260,131,129,7111,3700,3411,6913,3599,3314,6215,3251,2964,5882,3095,2787,5502,2911,2591,303,150,153,593,299,294,740,356,384,333,156,177,380,184,196,889,477,412,1919,1262,714,548,92.4,1489,4923,959,2.18,6658,3441,3217,685,376,309,6825,3561,3264,65,29,36,5,*,3,0,0,0,5,*,3,5,0,5,14,28,13,15,364,226,118,40,83,65,57,818,335,406,69,217,82,177,139,6112,95,48,47,35,20,15,34,13,21,279,154,125,326,173,153,10,5,5,112,72,40,142,84,58,452,265,187,818,457,361,198,70,128,1495,755,740,2541,1322,1219,9.88,9.77,10,4215,1953,2262,1992,1293,699,4175,1940,2235,40,13,27,2299,5068,4181,151,25,18,655,0,46,44,2467,2760,983,6716,294,0,355,1967,706,1261,7371,2467,4904,2129,1967,2109,1947,1966,1967,135,27,7371,3.75,0.85,1962,4,443,1523,27,155,1784,1966,0,1965,1963,*,1893,1080,1966,0,1966,0,1965,0,1966,881,0,1931,1734,1316,1009,252,401,1566,1921,951,1221,1782,1412,867,510,424,26,57,456,5
14,Jalisco,39,Guadalajara,1,Total AGEB urbana,0454,0,7289,3737,3552,238,122,116,7051,3615,3436,6859,3516,3343,6204,3181,3023,5888,3032,2856,5578,2885,2693,279,145,134,568,289,279,696,350,346,316,149,167,310,147,163,854,398,456,1816,1320,731,589,95.05,1401,4907,981,2.11,6582,3366,3216,670,351,319,6775,3482,3293,55,26,29,3,*,*,0,0,0,3,*,*,3,0,3,8,44,26,18,374,232,125,53,77,82,60,807,323,445,47,209,58,199,110,6056,103,47,56,18,10,8,13,5,8,261,121,140,363,172,191,8,4,4,90,59,31,136,81,55,383,229,154,745,395,350,183,85,98,1287,640,647,2916,1481,1435,10.46,10.33,10.59,3802,1625,2177,2391,1551,840,3737,1610,2127,65,15,50,2071,5216,4409,189,12,15,539,0,47,60,2443,2729,1031,6645,280,8,352,1976,763,1213,7289,2736,4553,2129,1976,2116,1963,1975,1976,136,17,7289,3.69,0.83,1965,8,404,1571,25,140,1810,1973,*,1974,1973,*,1921,739,1971,0,1975,0,1972,0,1971,832,*,1942,1728,1305,1076,228,344,1721,1929,1021,1217,1809,1409,810,444,360,29,60,481,8
14,Jalisco,39,Guadalajara,1,Total AGEB urbana,0469,0,6148,3190,2958,196,89,107,5952,3101,2851,5781,3021,2760,5263,2770,2493,5029,2664,2365,4755,2527,2228,239,118,121,450,213,237,542,243,299,234,106,128,274,137,137,801,397,404,1598,1081,633,448,92.73,1119,4235,794,2.07,5508,2830,2678,593,330,263,5690,2977,2713,52,26,26,19,13,6,0,0,0,17,11,6,19,0,17,31,68,42,26,372,227,128,98,95,111,118,545,262,268,62,196,59,169,159,5163,91,34,57,20,10,10,13,5,8,213,113,100,334,182,152,4,*,3,63,35,28,100,59,41,338,192,146,554,287,267,134,55,79,1126,571,555,2595,1386,1209,10.75,10.75,10.74,3140,1378,1762,2112,1386,726,3089,1361,1728,51,17,34,1863,4272,3548,163,31,5,455,4,27,55,2325,2186,742,5502,272,6,357,1672,721,951,6148,2564,3584,1842,1672,1813,1643,1671,1672,151,19,6148,3.68,0.83,1662,8,298,1373,48,112,1511,1670,*,1671,1669,0,1612,415,1670,0,1671,0,1670,0,1670,771,7,1620,1372,1071,844,177,268,1167,1617,804,1011,1474,1158,731,431,293,30,68,454,10
14,Jalisco,39,Guadalajara,1,Total AGEB urbana,0473,0,5848,2998,2850,185,89,96,5663,2909,2754,5505,2838,2667,4944,2572,2372,4686,2448,2238,4412,2304,2108,234,109,125,485,228,257,565,263,302,258,124,134,274,144,130,681,322,359,1485,1041,577,464,95.06,1162,3921,765,2.15,5239,2672,2567,569,305,264,5433,2812,2621,48,21,27,77,34,43,0,0,0,77,34,43,74,0,74,119,68,35,33,434,280,148,47,110,71,79,616,241,328,26,157,23,130,80,4764,91,43,48,32,16,16,26,10,16,201,108,93,232,110,122,4,*,*,103,70,33,125,80,45,372,220,152,635,344,291,163,61,102,1092,563,529,2138,1090,1048,9.96,9.8,10.14,3143,1389,1754,1792,1179,613,3094,1372,1722,49,17,32,2145,3697,3326,156,10,3,160,21,20,37,1937,2166,836,5257,227,*,352,1671,637,1034,5847,2121,3726,1833,1672,1819,1658,1671,1671,143,18,5847,3.5,0.88,1666,5,442,1229,37,205,1429,1669,*,1670,1669,*,1601,376,1668,*,1671,0,1668,0,1669,800,4,1634,1381,1074,808,192,308,1362,1622,827,951,1507,1130,678,448,269,29,58,457,9
14,Jalisco,39,Guadalajara,1,Total AGEB urbana,0492,0,5650,2902,2748,225,115,110,5425,2787,2638,5262,2709,2553,4641,2414,2227,4387,2287,2100,4128,2145,1983,253,120,133,531,253,278,599,297,302,254,127,127,259,142,117,681,330,351,1429,909,507,402,94.69,1263,3770,617,2.16,5177,2647,2530,438,236,202,5181,2671,2510,66,33,33,13,7,6,0,0,0,13,7,6,13,0,13,36,175,91,84,395,243,157,42,96,81,63,916,321,620,55,188,51,246,139,4300,84,44,40,9,5,4,21,11,10,188,110,78,242,133,109,8,5,3,104,60,44,143,91,52,325,170,155,651,333,318,126,59,67,1089,564,525,1921,983,938,9.83,9.76,9.9,3033,1327,1706,1593,1083,510,2973,1307,1666,60,20,40,1612,4038,3386,69,4,5,529,3,16,43,1857,2144,640,5166,336,*,145,1491,565,926,5623,2130,3493,1751,1492,1731,1472,1490,1491,225,34,5623,3.77,0.95,1472,18,350,1140,61,156,1273,1489,*,1487,1485,3,1390,528,1488,*,1490,0,1486,0,1490,703,4,1416,1217,895,712,202,414,1079,1434,706,728,1367,1005,623,339,261,28,62,416,5
14,Jalisco,39,Guadalajara,1,Total AGEB urbana,0505,0,5858,3059,2799,213,114,99,5641,2943,2698,5486,2870,2616,4962,2603,2359,4711,2486,2225,4452,2357,2095,231,119,112,448,221,227,547,261,286,251,117,134,259,129,130,749,392,357,1589,916,500,416,91.5,1143,4152,559,1.94,5305,2748,2557,502,281,221,5449,2856,2593,20,7,13,3,0,3,0,0,0,3,0,3,3,0,3,10,24,13,11,237,140,75,38,44,58,43,692,195,503,33,151,47,156,57,4888,57,25,32,20,12,8,18,8,10,223,117,106,300,155,145,11,*,9,34,21,13,74,45,29,311,178,133,464,266,198,259,129,130,815,421,394,2623,1355,1268,10.99,10.88,11.11,3181,1372,1809,1777,1227,550,3156,1366,1790,25,6,19,1513,4339,3417,148,4,6,337,7,412,57,2007,2397,555,5393,264,4,193,1661,565,1096,5858,1789,4069,1890,1661,1884,1655,1661,1661,188,41,5858,3.53,0.81,1643,17,301,1360,15,85,1561,1661,0,1661,1661,0,1626,1305,1661,0,1661,0,1661,0,1661,495,*,1647,1527,1130,1121,204,536,1424,1632,975,983,1571,1279,907,481,308,12,29,300,*
14,Jalisco,39,Guadalajara,1,Total AGEB urbana,051A,0,7354,3798,3556,274,133,141,7076,3663,3413,6880,3558,3322,6186,3211,2975,5839,3038,2801,5499,2879,2620,309,163,146,581,289,292,722,351,371,347,173,174,340,159,181,853,409,444,1849,1263,719,544,93.63,1511,4913,926,2.21,6728,3458,3270,578,316,262,6797,3519,3278,49,24,25,15,9,6,0,0,0,15,9,6,15,0,15,24,103,44,59,615,347,242,80,148,122,125,1101,334,753,43,212,38,230,105,5594,115,55,60,17,6,11,31,16,15,253,119,134,294,153,141,13,6,7,139,80,59,206,116,90,474,264,210,868,494,374,175,76,99,1457,714,743,2445,1258,1187,9.68,9.54,9.83,3916,1702,2214,2252,1499,753,3854,1683,2171,62,19,43,2621,4725,3953,144,7,11,474,14,24,125,2487,2710,987,6633,354,5,354,1928,854,1074,7354,3182,4172,2182,1928,2161,1907,1927,1928,211,43,7354,3.81,0.93,1912,14,383,1543,40,160,1726,1926,0,1924,1924,*,1807,653,1925,0,1926,0,1924,0,1925,970,3,1867,1625,1145,872,217,544,1515,1871,867,1070,1754,1315,879,408,348,19,47,525,6
14,Jalisco,39,Guadalajara,1,Total AGEB urbana,0524,0,5163,2694,2469,204,99,105,4958,2594,2364,4792,2506,2286,4280,2233,2047,4050,2123,1927,3783,1985,1798,231,122,109,447,239,208,552,282,270,230,110,120,267,138,129,570,285,285,1335,864,487,377,91.65,1112,3420,630,2.28,4571,2367,2204,552,305,247,4730,2478,2252,34,14,20,3,0,3,0,0,0,3,0,3,3,0,3,9,127,66,61,312,145,145,25,59,46,40,657,217,451,38,137,34,99,71,4147,111,55,56,24,13,11,8,3,5,201,104,97,188,95,93,10,6,4,95,59,36,164,96,68,381,212,169,616,352,264,154,61,93,1036,521,515,1540,792,748,9.27,9.14,9.42,2596,1095,1501,1662,1127,535,2511,1060,1451,85,35,50,1934,3213,2733,127,8,4,310,8,32,47,1607,1995,667,4566,303,3,269,1498,612,886,5163,1947,3216,1679,1498,1657,1476,1496,1498,161,20,5163,3.45,0.81,1494,*,346,1150,22,117,1357,1495,*,1495,1494,*,1382,669,1495,0,1495,*,1495,*,1495,849,3,1449,1241,827,574,149,345,1151,1445,595,795,1344,998,708,307,238,25,36,449,4
14,Jalisco,39,Guadalajara,1,Total AGEB urbana,0539,0,4087,2092,1995,152,68,84,3935,2024,1911,3812,1960,1852,3411,1779,1632,3243,1692,1551,3050,1605,1445,170,86,84,354,159,195,400,194,206,168,87,81,193,87,106,492,242,250,1017,708,396,312,95.36,844,2744,499,2.26,3743,1914,1829,317,164,153,3773,1944,1829,28,12,16,3,*,*,0,0,0,3,*,*,3,0,3,6,41,24,17,280,185,97,22,45,56,55,627,235,341,19,145,20,174,59,3160,58,28,30,*,*,0,12,4,8,128,58,70,196,103,93,3,3,0,73,45,28,94,59,35,229,134,95,458,270,188,99,43,56,810,405,405,1458,729,729,9.88,9.66,10.11,2282,1022,1260,1117,752,365,2248,1014,1234,34,8,26,1223,2864,2460,71,3,*,261,12,27,43,1358,1494,559,3672,167,3,237,1109,445,664,4087,1501,2586,1230,1109,1209,1088,1108,1109,99,22,4087,3.69,0.88,1102,6,239,869,13,80,1015,1107,*,1106,1102,*,943,216,1107,*,1107,*,1105,0,1105,553,*,1079,930,706,508,126,172,923,1078,514,643,1008,778,574,307,229,11,19,289,*
14,Jalisco,39,Guadalajara,1,Total AGEB urbana,0543,0,3991,2028,1963,155,78,77,3836,1950,1886,3712,1893,1819,3277,1688,1589,3079,1604,1475,2882,1506,1376,169,79,90,390,183,207,467,211,256,198,84,114,197,98,99,482,238,244,1030,607,345,262,96.79,912,2629,450,2.3,3605,1819,1786,358,196,162,3667,1870,1797,31,19,12,3,0,3,0,0,0,3,0,3,3,0,3,9,32,11,21,291,141,120,46,58,54,53,519,179,299,29,107,28,153,62,3162,81,38,43,18,5,13,18,5,13,139,74,65,142,67,75,9,*,7,79,55,24,109,75,34,254,134,120,507,277,230,119,54,65,861,442,419,1120,562,558,9.3,9.13,9.48,2182,941,1241,1091,747,344,2153,930,1223,29,11,18,1378,2612,2268,83,*,0,236,3,21,22,1308,1448,520,3591,175,*,219,999,341,658,3991,1316,2675,1117,999,1107,989,999,999,101,17,3991,3.99,0.96,989,10,220,779,23,92,884,998,*,999,999,0,927,196,999,0,999,0,998,0,999,515,*,972,844,530,448,104,196,812,968,388,485,914,661,450,228,179,12,24,307,*
14,Jalisco,39,Guadalajara,1,Total AGEB urbana,0562,0,4180,2158,2022,58,23,35,2223,1185,1038,2175,1166,1009,2042,1102,940,1990,1074,916,1927,1045,882,65,24,41,116,59,57,136,69,67,52,28,24,63,29,34,362,211,151,704,413,245,168,93.7,291,1684,306,1.27,1519,796,723,563,322,241,1907,1021,886,154,90,64,24,18,6,0,0,0,24,18,6,24,0,24,11,103,49,54,44,20,18,9,7,10,8,197,65,115,23,61,21,47,15,2029,13,4,9,*,0,*,4,3,*,58,26,32,276,151,125,*,*,0,4,*,3,8,4,4,11,5,6,40,32,8,8,3,5,109,69,40,1777,935,842,14.83,14.34,15.41,1274,584,690,763,516,247,1263,576,687,11,8,3,404,1876,805,47,6,9,33,10,1075,76,928,873,239,1960,66,43,205,1412,577,835,4163,1593,2570,1684,1413,1131,860,1412,1412,155,116,4163,2.95,0.5,860,0,156,704,7,17,836,860,0,860,655,0,693,800,859,0,860,0,860,0,859,115,0,855,819,771,743,59,157,692,814,776,694,848,832,655,666,306,22,3,19,0
14,Jalisco,39,Guadalajara,1,Total AGEB urbana,0577,0,1432,771,661,29,14,15,1403,757,646,1383,744,639,1342,722,620,1325,714,611,1282,687,595,30,20,10,31,15,16,45,21,24,17,8,9,43,27,16,190,105,85,435,313,185,128,85.73,107,1083,242,1.23,1017,547,470,348,198,150,1231,671,560,115,60,55,*,*,0,0,0,0,*,*,0,*,0,*,0,42,17,25,58,48,25,17,20,28,23,69,29,33,3,19,6,26,21,1295,3,*,*,0,0,0,*,0,*,40,26,14,109,59,50,*,*,0,8,4,4,10,6,4,9,5,4,29,25,4,10,10,0,65,45,20,1158,597,561,14.67,14.21,15.2,842,396,446,488,325,163,838,395,443,4,*,3,190,1236,714,38,3,*,16,0,605,11,643,508,185,1180,37,12,146,555,236,319,1404,545,859,666,558,652,544,554,555,71,37,1404,2.53,0.54,554,0,163,391,*,29,524,554,0,554,554,0,504,515,554,0,554,0,554,0,554,63,0,552,510,497,488,34,68,426,541,494,417,533,531,435,376,142,6,5,19,0
14,Jalisco,39,Guadalajara,1,Total AGEB urbana,0596,0,1774,916,858,39,21,18,1735,895,840,1718,886,832,1639,846,793,1611,829,782,1558,797,761,28,16,12,68,33,35,77,43,34,28,17,11,53,32,21,187,91,96,448,472,266,206,93.67,163,1262,349,1.43,1316,676,640,350,192,158,1648,843,805,44,33,11,3,*,*,0,0,0,3,*,*,3,0,3,*,37,13,24,44,18,19,8,16,13,13,148,76,79,10,47,22,36,33,1547,*,*,0,6,*,4,0,0,0,50,30,20,137,62,75,0,0,0,0,0,0,0,0,0,9,8,*,43,40,3,17,8,9,87,58,29,1410,682,728,14.84,14.14,15.57,1010,446,564,620,395,225,1005,443,562,5,3,*,301,1465,1025,45,*,*,9,*,454,12,685,697,251,1536,59,3,167,671,241,430,1762,560,1202,760,672,653,565,671,671,83,5,1762,2.63,0.49,668,3,111,560,*,25,645,671,0,671,671,0,643,637,669,0,671,0,671,0,669,51,0,671,630,582,612,68,124,523,662,587,518,650,631,531,360,169,5,0,24,0
14,Jalisco,39,Guadalajara,1,Total AGEB urbana,0609,0,1844,981,863,40,17,23,1804,964,840,1779,948,831,1694,904,790,1672,889,783,1629,865,764,54,32,22,56,28,28,60,33,27,22,15,7,43,24,19,208,104,104,491,466,264,202,87.97,172,1317,355,1.47,1305,676,629,431,252,179,1686,904,782,63,29,34,17,12,5,0,0,0,17,12,5,17,0,17,25,33,14,19,44,23,12,5,9,11,14,171,83,63,13,66,15,46,15,1622,4,3,*,*,*,*,*,*,0,39,21,18,127,64,63,*,*,0,12,5,7,11,7,4,15,7,8,39,29,10,12,9,3,89,71,18,1466,740,726,14.64,14.13,15.23,1255,592,663,437,311,126,1241,586,655,14,6,8,375,1467,969,34,*,16,32,*,472,22,691,755,247,1481,73,12,274,730,291,439,1837,670,1167,832,731,760,659,729,730,81,20,1837,2.52,0.44,729,0,230,499,*,13,714,729,0,729,729,0,704,700,729,0,729,0,729,0,729,92,0,728,693,651,634,36,102,506,713,632,564,709,703,559,490,192,11,0,25,0
14,Jalisco,39,Guadalajara,1,Total AGEB urbana,0613,0,1648,951,697,30,13,17,1618,938,680,1594,926,668,1519,897,622,1493,887,606,1451,867,584,33,18,15,66,23,43,70,27,43,26,10,16,42,20,22,270,185,85,480,372,249,123,73.29,155,1207,286,1.25,1207,659,548,378,258,120,1413,805,608,143,101,42,25,21,4,0,0,0,25,21,4,25,0,25,5,41,15,26,79,41,42,13,17,25,20,193,72,113,9,41,16,41,19,1372,3,*,*,8,3,5,0,0,0,30,15,15,174,132,42,*,0,*,4,*,*,7,5,*,20,16,4,42,31,11,12,7,5,83,56,27,1300,757,543,14.32,13.92,14.91,976,509,467,543,388,155,959,506,453,17,3,14,446,1201,839,65,3,0,76,4,253,16,792,521,206,1444,54,9,138,535,226,309,1492,538,954,608,540,505,437,532,535,60,8,1492,2.79,0.57,532,0,133,399,6,25,500,531,*,532,532,0,511,452,532,0,532,0,531,0,532,93,0,529,496,445,437,31,111,400,517,443,413,504,483,360,305,136,6,10,38,0
14,Jalisco,39,Guadalajara,1,Total AGEB urbana,0632,0,3396,1794,1602,70,28,42,3324,1765,1559,3244,1725,1519,3015,1611,1404,2927,1559,1368,2807,1513,1294,116,54,62,193,100,93,220,120,100,88,52,36,120,46,74,311,148,163,836,764,448,316,89.3,467,2357,570,1.59,2898,1512,1386,460,263,197,3170,1693,1477,63,24,39,6,3,3,0,0,0,6,3,3,6,0,6,12,142,76,66,147,90,52,23,33,36,31,355,130,231,31,99,39,88,47,2869,21,11,10,5,4,*,*,0,*,104,41,63,188,91,97,*,*,0,22,10,12,33,16,17,77,48,29,167,106,61,38,13,25,312,176,136,2203,1143,1060,13.12,12.91,13.36,1930,899,1031,1081,710,371,1906,889,1017,24,10,14,757,2636,2196,134,13,3,63,0,218,75,1299,1232,483,3000,85,9,296,1186,523,663,3381,1432,1949,1347,1188,1310,1151,1185,1186,140,19,3381,2.85,0.72,1168,15,228,956,14,131,1039,1184,0,1184,1184,0,1162,904,1184,0,1184,0,1184,0,1184,302,0,1179,1102,930,870,120,273,833,1150,864,835,1114,998,738,579,267,17,11,133,0
14,Jalisco,39,Guadalajara,1,Total AGEB urbana,0647,0,3054,1620,1434,95,51,44,2959,1569,1390,2890,1534,1356,2651,1412,1239,2540,1355,1185,2431,1301,1130,103,48,55,205,109,96,259,133,126,111,57,54,109,54,55,340,176,164,790,616,361,255,88.52,514,2101,439,1.8,2663,1407,1256,361,197,164,2810,1496,1314,62,28,34,13,5,8,0,0,0,13,5,8,13,0,13,24,122,58,64,262,146,129,27,51,60,49,512,156,355,34,112,31,120,54,2255,27,7,20,4,4,0,*,*,0,92,47,45,167,95,72,*,0,*,25,13,12,40,25,15,100,61,39,235,131,104,69,24,45,424,231,193,1585,828,757,11.82,11.71,11.96,1753,816,937,890,591,299,1725,808,917,28,8,20,893,2155,1829,102,*,5,139,*,69,35,1085,1165,395,2790,87,*,168,919,438,481,3049,1393,1656,1075,920,1041,886,919,919,125,30,3049,3.32,0.81,916,3,199,720,12,65,842,919,0,919,919,0,817,582,919,0,919,0,919,0,919,323,*,901,817,664,555,113,286,709,887,567,582,861,713,453,343,224,14,15,165,*
14,Jalisco,39,Guadalajara,1,Total AGEB urbana,0651,0,3971,2019,1952,121,59,62,3847,1958,1889,3758,1908,1850,3403,1736,1667,3264,1669,1595,3087,1574,1513,137,74,63,307,148,159,359,171,188,139,67,72,177,95,82,456,212,244,996,726,403,323,96.68,704,2740,524,1.83,3607,1834,1773,342,172,170,3691,1882,1809,60,24,36,9,5,4,0,0,0,9,5,4,9,0,9,22,28,15,13,150,101,35,21,33,36,34,180,98,68,20,65,33,57,58,3609,42,23,19,20,10,10,11,3,8,126,70,56,191,82,109,14,8,6,48,31,17,60,38,22,161,88,73,354,195,159,99,43,56,639,318,321,1853,921,932,11.07,10.92,11.23,2374,1102,1272,1020,632,388,2353,1098,1255,21,4,17,1219,2747,2292,121,8,8,243,34,24,35,1504,1397,502,3559,183,3,219,1229,469,760,3971,1462,2509,1506,1229,1481,1204,1226,1229,240,37,3971,3.23,0.8,1216,9,231,994,14,97,1114,1223,*,1225,1223,0,1141,434,1224,0,1225,0,1223,0,1223,607,3,1197,1026,763,565,135,356,880,1175,662,688,1110,878,533,264,192,28,48,284,8
14,Jalisco,39,Guadalajara,1,Total AGEB urbana,0666,0,5070,2658,2412,170,94,76,4900,2564,2336,4777,2502,2275,4375,2299,2076,4210,2214,1996,4031,2126,1905,182,92,90,343,173,170,395,199,196,165,85,80,179,88,91,638,328,310,1360,900,529,371,90.74,860,3552,658,1.72,4444,2332,2112,584,307,277,4634,2431,2203,122,64,58,43,17,26,0,0,0,43,17,26,43,0,43,82,52,16,36,185,108,63,27,33,36,34,307,137,158,33,89,34,72,51,4546,52,18,34,17,7,10,9,7,*,143,74,69,301,163,138,7,3,4,51,31,20,69,44,25,189,113,76,399,234,165,108,38,70,736,377,359,2568,1311,1257,11.53,11.37,11.71,2979,1376,1603,1389,920,469,2947,1365,1582,32,11,21,1305,3763,3191,131,15,4,318,12,74,47,1923,1825,625,4371,182,12,490,1722,748,974,5047,2119,2928,1989,1724,1886,1621,1721,1722,211,54,5047,2.93,0.71,1709,12,275,1446,19,136,1566,1720,*,1721,1705,0,1588,1275,1721,0,1721,0,1720,0,1721,763,*,1690,1521,1280,890,211,633,1281,1638,1034,1020,1526,1347,865,741,388,44,49,295,6
14,Jalisco,39,Guadalajara,1,Total AGEB urbana,0670,0,689,343,346,18,10,8,671,333,338,657,326,331,612,308,304,594,300,294,576,292,284,19,9,10,40,16,24,43,18,25,18,8,10,18,8,10,100,51,49,204,105,55,50,100.87,95,538,56,1.29,541,275,266,123,57,66,588,293,295,55,29,26,4,*,*,0,0,0,4,*,*,4,0,4,9,8,*,6,17,8,9,*,4,*,*,96,28,56,6,19,3,12,9,572,3,*,*,5,*,4,*,0,*,18,8,10,63,37,26,*,0,*,0,0,0,*,*,0,6,4,*,14,10,4,17,10,7,24,11,13,517,254,263,14.32,13.75,14.89,431,187,244,181,121,60,428,186,242,3,*,*,121,568,455,41,0,0,9,*,67,19,280,281,51,589,14,0,85,251,104,147,686,292,394,345,252,344,251,251,251,67,26,686,2.73,0.56,248,3,63,188,*,*,248,251,0,251,251,0,176,209,251,0,251,0,251,0,251,47,0,250,225,209,201,19,60,179,233,220,161,250,233,151,152,73,12,0,11,0
14,Jalisco,39,Guadalajara,1,Total AGEB urbana,0685,0,1913,1015,898,29,15,14,1884,1000,884,1852,982,870,1758,939,819,1706,914,792,1639,886,753,43,22,21,83,39,44,109,52,57,52,25,27,67,28,39,210,105,105,469,494,297,197,88.47,207,1339,367,1.49,1559,805,754,332,197,135,1789,946,843,50,28,22,*,*,0,0,0,0,*,*,0,*,0,*,7,13,8,5,64,38,19,13,16,16,11,83,56,22,3,13,6,11,12,1760,13,3,10,3,*,*,3,3,0,58,27,31,129,65,64,*,0,*,4,3,*,13,11,*,19,10,9,103,71,32,11,7,4,145,75,70,1374,710,664,13.59,13.36,13.87,1070,496,574,688,443,245,1063,493,570,7,3,4,446,1467,1223,127,16,0,41,*,56,35,826,678,254,1659,53,6,193,676,277,399,1913,734,1179,762,676,695,609,676,676,74,12,1913,2.83,0.59,676,0,160,516,4,16,656,676,0,676,676,0,574,573,676,0,676,0,676,0,676,151,0,674,642,564,522,51,119,557,654,522,503,645,607,435,267,133,10,5,50,0
14,Jalisco,39,Guadalajara,1,Total AGEB urbana,069A,0,1975,1060,915,51,24,27,1924,1036,888,1885,1014,871,1754,943,811,1698,919,779,1651,894,757,53,30,23,117,63,54,135,70,65,56,24,32,47,25,22,242,122,120,521,441,264,177,86.32,277,1401,297,1.56,1762,942,820,192,107,85,1844,992,852,34,19,15,0,0,0,0,0,0,0,0,0,0,0,0,0,20,8,12,108,58,36,18,26,19,15,243,98,138,14,71,16,44,42,1604,14,7,7,7,4,3,3,*,*,38,21,17,145,71,74,4,*,3,15,9,6,39,26,13,53,32,21,88,55,33,94,51,43,152,82,70,1222,640,582,12.4,12.13,12.73,1131,535,596,619,405,214,1112,526,586,19,9,10,488,1487,1217,127,6,*,98,*,52,26,804,672,278,1764,66,*,141,628,287,341,1975,864,1111,735,628,730,623,628,628,88,19,1975,3.14,0.63,620,8,110,518,4,31,593,628,0,628,628,0,618,258,628,0,628,0,628,0,628,234,0,623,559,463,372,49,148,496,608,424,424,595,534,391,244,110,9,6,71,*
14,Jalisco,39,Guadalajara,1,Total AGEB urbana,0702,0,1836,991,845,48,18,30,1788,973,815,1753,953,800,1613,876,737,1550,836,714,1482,802,680,59,35,24,116,62,54,135,76,59,63,40,23,68,34,34,187,100,87,467,397,236,161,85.27,286,1251,299,1.67,1639,873,766,183,110,73,1705,924,781,38,23,15,8,4,4,0,0,0,8,4,4,8,0,8,16,9,4,5,111,64,33,7,27,29,17,216,91,110,11,59,17,47,31,1492,10,4,6,9,7,*,7,7,0,55,30,25,98,50,48,4,3,*,16,8,8,19,10,9,63,40,23,175,104,71,41,21,20,242,121,121,953,504,449,11.62,11.49,11.77,1011,465,546,600,411,189,968,443,525,43,22,21,483,1352,1110,68,11,4,100,24,29,29,736,632,245,1658,64,*,112,558,206,352,1836,623,1213,654,558,645,549,558,558,78,18,1836,3.29,0.76,554,4,124,434,10,45,503,558,0,558,556,0,542,124,558,0,558,0,558,0,558,245,*,553,492,392,300,55,139,443,540,365,354,522,449,292,191,103,12,7,72,*
14,Jalisco,39,Guadalajara,1,Total AGEB urbana,0717,0,2799,1461,1338,63,27,36,2736,1434,1302,2684,1409,1275,2459,1293,1166,2370,1257,1113,2274,1211,1063,80,38,42,197,103,94,229,110,119,89,36,53,96,46,50,314,159,155,704,597,359,238,91.58,429,1908,462,1.64,2403,1245,1158,370,203,167,2579,1360,1219,86,41,45,5,3,*,0,0,0,5,3,*,5,0,5,5,48,24,24,170,91,66,15,36,37,36,344,130,187,14,81,15,87,42,2269,24,7,17,*,*,0,*,0,*,82,37,45,185,92,93,0,0,0,12,5,7,11,5,6,70,44,26,155,96,59,49,21,28,228,124,104,1759,908,851,12.98,12.72,13.28,1533,695,838,924,597,327,1481,676,805,52,19,33,718,2080,1703,164,5,10,93,*,68,68,1014,1009,436,2408,96,10,282,923,371,552,2799,1039,1760,1048,923,1041,916,923,923,94,31,2799,3.03,0.66,921,*,208,715,11,35,877,923,0,922,922,*,888,485,923,0,923,0,922,0,922,289,0,914,846,689,622,62,179,725,891,633,607,872,774,548,385,237,11,11,120,0
14,Jalisco,39,Guadalajara,1,Total AGEB urbana,0721,0,2864,1480,1384,74,34,40,2790,1446,1344,2731,1416,1315,2509,1314,1195,2385,1252,1133,2272,1205,1067,92,42,50,189,90,99,256,123,133,124,62,62,113,47,66,389,194,195,740,515,295,220,93.51,479,2029,356,1.77,2570,1335,1235,271,131,140,2680,1389,1291,41,21,20,4,*,3,0,0,0,4,*,3,4,0,4,11,26,15,11,172,100,58,16,47,31,27,251,101,128,7,67,8,52,43,2411,22,14,8,3,*,*,5,4,*,90,39,51,180,99,81,*,*,0,20,9,11,25,15,10,98,64,34,252,150,102,68,27,41,384,199,185,1479,751,728,11.59,11.41,11.8,1687,765,922,821,549,272,1659,753,906,28,12,16,744,2120,1694,102,10,4,182,39,46,88,1124,1036,349,2621,94,*,146,820,307,513,2864,931,1933,945,820,936,811,820,820,102,23,2864,3.49,0.81,813,7,182,638,13,71,736,820,0,820,820,0,787,328,820,0,820,0,820,0,820,332,0,808,731,554,457,95,221,632,807,484,486,763,654,472,287,183,8,11,141,0
14,Jalisco,39,Guadalajara,1,Total AGEB urbana,0736,0,2327,1229,1098,65,31,34,2262,1198,1064,2213,1171,1042,2072,1099,973,1994,1066,928,1910,1025,885,69,34,35,121,65,56,162,80,82,78,33,45,84,41,43,269,135,134,583,492,312,180,89.34,333,1612,382,1.75,2037,1075,962,274,146,128,2172,1146,1026,36,21,15,3,0,3,0,0,0,3,0,3,3,0,3,11,24,11,13,140,80,51,15,26,26,23,215,75,86,9,64,12,65,55,1944,16,8,8,4,*,*,3,*,*,73,34,39,151,81,70,*,*,*,14,7,7,20,9,11,42,34,8,113,76,37,28,10,18,210,106,104,1501,775,726,12.95,12.66,13.27,1249,545,704,820,553,267,1240,543,697,9,*,7,478,1849,1513,131,3,3,120,0,95,38,949,858,265,2039,65,4,218,745,302,443,2324,884,1440,832,746,824,738,745,745,60,26,2324,3.12,0.65,740,5,189,556,10,44,691,745,0,745,745,0,734,428,745,0,745,0,745,0,745,223,0,741,679,541,502,77,185,578,709,535,494,705,640,461,326,158,12,7,78,0
14,Jalisco,39,Guadalajara,1,Total AGEB urbana,0740,0,2571,1390,1181,50,24,26,2521,1366,1155,2481,1343,1138,2343,1264,1079,2269,1226,1043,2203,1193,1010,60,36,24,118,66,52,147,78,69,74,38,36,66,33,33,319,167,152,626,650,385,265,84.96,302,1794,475,1.74,2114,1137,977,421,237,184,2394,1300,1094,60,30,30,4,*,*,0,0,0,4,*,*,4,0,4,6,49,29,20,131,83,37,15,26,33,32,237,98,139,10,71,13,47,29,2190,12,7,5,10,6,4,5,*,3,59,29,30,217,117,100,*,*,0,5,4,*,10,7,3,25,15,10,141,101,40,25,12,13,179,99,80,1808,939,869,13.58,13.16,14.08,1295,568,727,1041,692,349,1256,559,697,39,9,30,637,1927,1549,156,4,8,73,*,137,66,1004,958,374,2313,94,*,155,814,318,496,2571,846,1725,899,814,847,762,814,814,67,18,2571,3.16,0.6,811,3,88,726,*,13,800,814,0,813,813,*,814,595,814,0,814,0,813,0,814,168,0,811,763,671,632,68,133,700,787,608,631,780,701,505,405,211,13,7,87,*
14,Jalisco,39,Guadalajara,1,Total AGEB urbana,0755,0,2956,1553,1403,50,25,25,2906,1528,1378,2866,1513,1353,2715,1440,1275,2647,1404,1243,2554,1354,1200,56,21,35,135,67,68,160,83,77,68,36,32,93,50,43,450,225,225,753,744,438,306,90.34,309,2086,561,1.58,2558,1333,1225,374,211,163,2796,1475,1321,57,29,28,*,*,*,0,0,0,*,*,*,*,0,*,5,6,3,3,120,76,44,26,29,37,35,263,97,170,12,58,11,48,39,2553,21,7,14,14,6,8,7,3,4,83,46,37,315,160,155,3,0,3,13,7,6,24,16,8,35,23,12,139,86,53,24,12,12,243,142,101,2089,1070,1019,13.76,13.49,14.06,1548,705,843,1157,731,426,1530,702,828,18,3,15,636,2306,1989,171,6,*,64,0,76,56,1273,1063,373,2655,87,6,198,956,389,567,2916,1058,1858,1236,960,1208,932,953,956,81,195,2916,3.05,0.7,949,4,148,805,5,53,895,953,0,953,953,0,943,513,953,0,953,0,953,0,953,247,*,946,884,787,689,78,187,797,918,740,720,883,833,624,387,161,18,19,97,*
14,Jalisco,39,Guadalajara,1,Total AGEB urbana,0774,0,3189,1651,1538,99,41,58,3087,1608,1479,3018,1573,1445,2764,1453,1311,2632,1381,1251,2506,1317,1189,99,48,51,224,107,117,282,142,140,132,72,60,126,64,62,364,177,187,828,587,349,238,93.16,554,2204,428,1.88,2793,1443,1350,377,199,178,2938,1534,1404,66,32,34,12,7,5,0,0,0,11,6,5,12,0,11,25,51,21,30,148,83,42,19,38,24,22,340,138,193,24,86,23,84,50,2673,49,22,27,13,7,6,16,9,7,95,46,49,179,84,95,8,5,3,26,7,19,67,39,28,99,60,39,340,196,144,38,23,15,502,256,246,1508,764,744,11.32,11.14,11.53,1728,772,956,1019,669,350,1702,762,940,26,10,16,840,2341,2084,125,0,*,96,0,39,27,1144,1233,381,2778,125,5,269,939,367,572,3187,1178,2009,1048,940,958,850,936,939,70,38,3187,3.39,0.73,920,7,160,773,10,39,884,932,*,928,926,3,872,441,930,0,929,*,927,*,929,349,*,915,810,648,552,104,191,762,902,548,591,848,694,481,334,196,7,32,204,4
14,Jalisco,39,Guadalajara,1,Total AGEB urbana,0789,0,4767,2470,2297,162,73,89,4605,2397,2208,4484,2342,2142,4078,2164,1914,3907,2076,1831,3702,1979,1723,188,84,104,339,149,190,394,183,211,171,88,83,205,97,108,568,281,287,1225,846,506,340,93,860,3293,614,2.14,4292,2216,2076,444,240,204,4408,2308,2100,58,29,29,9,6,3,0,0,0,8,6,*,9,0,8,28,18,8,10,401,192,167,41,98,75,73,634,195,394,22,150,22,146,79,3701,46,21,25,12,3,9,14,6,8,144,73,71,207,118,89,8,*,6,60,36,24,94,56,38,211,139,72,489,285,204,116,56,60,822,403,419,2055,1068,987,10.63,10.4,10.9,2590,1134,1456,1481,1026,455,2561,1121,1440,29,13,16,1575,3185,2668,106,15,0,311,18,80,35,1660,1755,660,4254,156,8,346,1426,600,826,4762,1863,2899,1603,1427,1546,1370,1424,1426,156,20,4762,3.34,0.82,1420,4,366,1058,29,144,1251,1424,0,1419,1417,5,1288,570,1424,0,1424,0,1419,0,1420,640,*,1388,1210,951,712,164,380,1226,1361,708,804,1310,979,677,425,294,24,33,384,3
14,Jalisco,39,Guadalajara,1,Total AGEB urbana,0793,0,5805,2965,2840,226,106,120,5577,2858,2719,5419,2788,2631,4856,2527,2329,4591,2402,2189,4348,2295,2053,245,111,134,476,220,256,606,277,329,265,125,140,243,107,136,672,340,332,1437,1022,590,432,95.78,1212,3859,732,2.08,5305,2691,2614,453,250,203,5353,2756,2597,40,23,17,6,3,3,0,0,0,6,3,3,6,0,6,8,124,55,69,450,244,174,51,99,65,96,754,293,442,43,168,36,184,105,4550,87,37,50,26,12,14,24,7,17,182,85,97,249,128,121,13,4,9,77,47,30,115,67,48,339,205,134,648,367,281,182,69,113,1051,515,536,2081,1086,995,10.06,9.96,10.18,3098,1373,1725,1737,1146,591,3061,1361,1700,37,12,25,1947,3841,3271,152,4,4,388,7,45,13,2051,2101,693,5323,141,8,313,1587,633,954,5805,2259,3546,1810,1587,1754,1531,1584,1587,210,13,5805,3.66,0.85,1571,10,369,1212,53,117,1413,1581,*,1583,1580,0,1515,578,1582,0,1583,0,1581,0,1582,771,*,1521,1312,1006,744,187,494,1244,1533,782,903,1428,1137,748,425,339,32,44,373,10
14,Jalisco,39,Guadalajara,1,Total AGEB urbana,0806,0,5315,2736,2579,177,75,102,5131,2657,2474,4986,2583,2403,4495,2332,2163,4268,2223,2045,4037,2121,1916,211,107,104,425,218,207,532,267,265,227,109,118,231,102,129,628,319,309,1340,998,551,447,94.26,1040,3558,710,2.14,4901,2513,2388,379,202,177,4946,2566,2380,33,13,20,4,*,3,0,0,0,4,*,3,4,0,4,8,44,19,25,352,208,132,34,68,71,55,601,216,378,17,128,19,130,60,4323,101,52,49,11,6,5,16,8,8,177,81,96,253,140,113,7,4,3,65,43,22,94,55,39,292,179,113,586,341,245,154,62,92,968,468,500,2020,1029,991,10.29,10.1,10.49,2900,1277,1623,1586,1050,536,2861,1269,1592,39,8,31,1864,3443,3012,126,13,8,234,14,41,37,1801,1991,701,4962,143,6,191,1516,641,875,5315,2275,3040,1673,1516,1657,1500,1514,1516,135,22,5315,3.51,0.82,1510,4,366,1148,27,128,1359,1514,0,1514,1514,0,1447,531,1514,0,1514,0,1514,0,1514,724,*,1469,1265,970,735,159,400,1248,1477,731,861,1368,1066,711,404,315,12,58,395,6
14,Jalisco,39,Guadalajara,1,Total AGEB urbana,0810,0,5299,2776,2523,189,103,86,5110,2673,2437,4946,2594,2352,4433,2327,2106,4211,2224,1987,3978,2112,1866,243,127,116,434,219,215,506,245,261,222,103,119,233,112,121,650,338,312,1405,871,488,383,90.89,1088,3588,623,2.04,4950,2590,2360,326,173,153,4879,2562,2317,50,25,25,29,14,15,*,*,0,27,13,14,28,*,26,46,34,16,18,322,187,102,44,69,71,46,432,200,258,56,131,65,95,88,4506,81,37,44,16,9,7,14,6,8,178,87,91,238,129,109,5,*,4,83,52,31,131,85,46,265,161,104,581,332,249,154,63,91,1015,514,501,1922,986,936,10,9.77,10.26,2821,1252,1569,1608,1073,535,2777,1236,1541,44,16,28,1605,3693,3048,115,15,4,440,*,59,47,1826,1962,645,4878,206,4,210,1444,724,720,5299,2764,2535,1625,1444,1618,1437,1444,1444,170,11,5299,3.67,0.86,1434,9,363,1081,21,154,1269,1441,3,1442,1438,*,1339,575,1442,0,1443,*,1441,*,1442,719,*,1406,1202,917,684,134,333,1236,1411,718,818,1306,1011,704,388,286,16,66,365,4
14,Jalisco,39,Guadalajara,1,Total AGEB urbana,0825,0,3680,1918,1762,117,53,64,3563,1865,1698,3477,1822,1655,3151,1665,1486,2982,1579,1403,2806,1489,1317,142,73,69,270,127,143,347,172,175,169,86,83,176,90,86,485,234,251,1012,511,292,219,91.87,698,2637,345,1.98,3349,1754,1595,314,158,156,3445,1804,1641,21,14,7,6,5,*,0,0,0,6,5,*,6,0,6,12,24,13,11,190,123,70,33,35,49,39,233,88,125,17,42,6,29,60,3231,41,23,18,8,4,4,*,*,0,156,82,74,220,107,113,4,3,*,36,24,12,50,31,19,200,125,75,298,167,131,82,33,49,617,330,287,1619,828,791,10.82,10.69,10.97,1898,811,1087,1238,850,388,1872,803,1069,26,8,18,1255,2425,2094,161,6,4,141,3,46,11,1322,1368,461,3233,178,4,264,1060,424,636,3680,1407,2273,1177,1060,1169,1052,1058,1060,105,12,3680,3.47,0.87,1048,10,205,853,33,110,915,1057,*,1058,1058,0,1021,416,1057,0,1057,*,1056,0,1057,431,*,1026,899,693,600,96,199,772,1022,552,584,984,786,504,309,218,17,24,236,*
14,Jalisco,39,Guadalajara,1,Total AGEB urbana,083A,0,5450,2767,2683,190,93,97,5260,2674,2586,5121,2606,2515,4579,2336,2243,4349,2217,2132,4087,2097,1990,217,111,106,464,227,237,535,269,266,230,119,111,262,120,142,656,323,333,1423,813,427,386,96.96,1101,3825,524,1.91,4844,2464,2380,544,271,273,5006,2558,2448,87,41,46,15,6,9,0,0,0,15,6,9,15,0,15,28,81,38,43,219,98,78,28,61,28,27,549,194,331,24,115,23,96,60,4653,72,38,34,11,5,6,13,8,5,216,101,115,284,143,141,3,*,*,51,34,17,96,61,35,216,127,89,457,247,210,133,59,74,933,481,452,2357,1157,1200,11.02,10.81,11.24,3068,1348,1720,1500,983,517,3032,1334,1698,36,14,22,1860,3589,3092,145,6,3,277,0,51,45,1848,2136,595,4916,254,13,265,1526,484,1042,5450,1539,3911,1694,1526,1685,1517,1523,1526,153,15,5450,3.57,0.84,1516,7,334,1189,27,121,1375,1523,0,1522,1519,*,1462,799,1522,0,1523,0,1522,0,1522,508,3,1479,1317,1008,969,169,469,1147,1483,847,874,1409,1160,775,514,348,20,49,303,6
14,Jalisco,39,Guadalajara,1,Total AGEB urbana,0844,0,3105,1608,1497,111,52,59,2994,1556,1438,2906,1513,1393,2616,1379,1237,2477,1311,1166,2322,1229,1093,129,63,66,249,114,135,307,144,163,139,68,71,155,82,73,354,173,181,820,518,302,216,93.1,628,2101,376,2.14,2854,1481,1373,223,117,106,2876,1499,1377,21,12,9,3,*,*,0,0,0,3,*,*,3,0,3,3,4,*,*,166,111,46,22,23,37,20,220,117,86,9,50,18,25,62,2690,37,17,20,5,*,3,8,6,*,111,65,46,139,71,68,*,*,0,29,15,14,69,40,29,154,94,60,374,203,171,73,32,41,619,308,311,1102,575,527,9.96,9.85,10.08,1650,726,924,963,652,311,1635,719,916,15,7,8,1074,2030,1583,96,8,*,321,*,11,19,1071,1147,398,2862,85,7,151,838,329,509,3105,1128,1977,931,838,927,834,837,838,86,7,3105,3.71,0.88,836,*,169,668,16,50,771,837,0,837,837,0,808,231,836,0,836,*,836,0,835,366,*,815,714,489,440,79,265,676,817,369,472,762,581,384,188,119,11,18,217,*
14,Jalisco,39,Guadalajara,1,Total AGEB urbana,0859,0,4308,2217,2091,174,93,81,4134,2124,2010,4008,2069,1939,3574,1873,1701,3381,1768,1613,3189,1672,1517,179,87,92,381,164,217,435,214,221,193,105,88,192,96,96,533,268,265,1142,697,379,318,94.32,927,2874,507,2.22,3954,2033,1921,331,175,156,3977,2053,1924,21,11,10,6,*,5,0,0,0,6,*,5,6,0,6,10,17,8,9,206,119,87,20,35,34,25,431,191,252,34,114,30,99,62,3637,68,33,35,8,4,4,7,3,4,144,75,69,181,93,88,*,0,*,67,47,20,125,74,51,255,143,112,528,293,235,86,35,51,956,473,483,1338,700,638,9.5,9.42,9.6,2317,1040,1277,1247,831,416,2278,1029,1249,39,11,28,1408,2900,2403,103,12,5,336,12,38,13,1426,1566,582,3945,178,5,180,1141,442,699,4299,1564,2735,1248,1142,1240,1134,1141,1141,94,12,4299,3.77,0.91,1134,7,308,833,16,122,1003,1141,0,1141,1141,0,1039,136,1140,0,1141,0,1141,0,1140,588,0,1102,933,688,508,101,166,853,1113,518,575,1070,795,568,295,212,11,32,305,3
14,Jalisco,39,Guadalajara,1,Total AGEB urbana,0863,0,4771,2340,2431,180,78,102,4591,2262,2329,4438,2202,2236,3939,1968,1971,3727,1860,1867,3483,1741,1742,233,95,138,419,199,220,485,233,252,212,108,104,244,119,125,601,295,306,1208,715,375,340,103.89,1044,3211,516,2.11,4414,2159,2255,336,172,164,4415,2190,2225,15,10,5,*,*,*,0,0,0,*,*,*,*,0,*,3,85,38,47,309,169,114,59,71,82,53,470,136,313,45,111,37,90,72,3953,99,36,63,30,14,16,23,12,11,173,91,82,187,99,88,13,4,9,82,51,31,163,84,79,265,137,128,560,300,260,118,45,73,976,482,494,1511,739,772,9.51,9.44,9.58,2550,1057,1493,1376,907,469,2513,1049,1464,37,8,29,1998,2772,2415,97,4,*,207,8,30,26,1561,1823,555,4381,149,4,232,1223,416,807,4752,1533,3219,1380,1224,1368,1212,1221,1223,132,24,4752,3.89,0.95,1213,8,248,972,30,123,1067,1219,*,1219,1217,*,1128,330,1217,*,1220,0,1218,0,1217,561,4,1182,1032,727,618,132,333,820,1176,499,610,1077,817,489,267,202,25,89,361,13
14,Jalisco,39,Guadalajara,1,Total AGEB urbana,0878,0,3822,1998,1824,155,80,75,3667,1918,1749,3541,1858,1683,3150,1651,1499,2952,1546,1406,2724,1426,1298,171,82,89,346,185,161,440,232,208,198,105,93,228,120,108,465,230,235,1046,539,313,226,91.29,870,2554,398,2.26,3508,1837,1671,294,151,143,3529,1853,1676,9,5,4,6,*,5,0,0,0,6,*,5,6,0,6,18,22,15,7,265,156,115,28,58,67,39,335,126,205,20,76,36,57,66,3186,72,31,41,13,6,7,20,7,13,163,93,70,159,88,71,9,6,3,64,34,30,83,50,33,260,149,111,471,254,217,135,60,75,834,432,402,1084,549,535,9.32,9.14,9.5,1981,845,1136,1165,804,361,1947,833,1114,34,12,22,1430,2392,2074,25,0,4,243,14,13,23,1289,1428,433,3547,105,7,157,983,324,659,3822,1142,2680,1094,983,1092,981,982,983,87,24,3822,3.89,1.07,978,4,228,754,37,173,772,982,0,982,982,0,893,138,982,0,982,0,982,0,982,494,*,952,766,526,436,118,123,602,951,371,460,914,630,443,173,118,19,28,321,*
14,Jalisco,39,Guadalajara,1,Total AGEB urbana,0882,0,4771,2409,2362,184,85,99,4587,2324,2263,4448,2262,2186,3972,2036,1936,3771,1931,1840,3530,1820,1710,215,97,118,400,191,209,476,234,242,201,105,96,241,111,130,616,298,318,1253,724,400,324,98.05,1000,3241,530,2.17,4349,2178,2171,401,224,177,4387,2235,2152,55,24,31,*,*,*,0,0,0,*,*,*,*,0,*,4,38,15,23,272,137,121,49,66,54,66,388,132,230,26,93,22,88,94,4064,87,40,47,26,10,16,19,6,13,172,90,82,216,105,111,7,0,7,102,54,48,135,68,67,298,163,135,525,279,246,173,71,102,969,489,480,1521,771,750,9.45,9.39,9.5,2494,1048,1446,1473,986,487,2482,1046,1436,12,*,10,1799,2971,2597,82,9,3,263,0,18,11,1541,1842,589,4167,163,*,435,1268,462,806,4771,1628,3143,1426,1268,1417,1259,1267,1268,152,6,4771,3.76,0.93,1258,9,273,994,34,128,1105,1266,*,1266,1266,*,1183,331,1266,*,1267,0,1265,0,1267,636,6,1219,1048,720,577,124,212,855,1228,502,612,1169,793,512,231,163,24,45,409,9
14,Jalisco,39,Guadalajara,1,Total AGEB urbana,0897,0,7285,3718,3567,324,151,173,6961,3567,3394,6728,3455,3273,5962,3090,2872,5594,2905,2689,5229,2714,2515,349,168,181,650,309,341,803,391,412,368,185,183,365,191,174,918,460,458,1953,1044,590,454,95.94,1691,4875,719,2.15,6522,3328,3194,707,362,345,6627,3409,3218,74,36,38,8,5,3,0,0,0,8,5,3,8,0,8,23,38,18,20,449,235,160,59,86,79,75,845,261,526,40,171,25,160,105,5953,135,64,71,10,7,3,22,7,15,272,138,134,286,146,140,15,8,7,88,54,34,174,104,70,354,207,147,737,384,353,184,80,104,1508,774,734,2477,1275,1202,10.02,9.94,10.11,3904,1711,2193,2052,1377,675,3841,1690,2151,63,21,42,2490,4793,3929,257,24,10,457,0,51,110,2260,2840,860,6673,279,8,311,1945,639,1306,7285,2231,5054,2083,1945,1997,1859,1944,1945,118,20,7285,3.75,0.89,1932,12,375,1569,16,134,1794,1941,3,1944,1944,0,1738,383,1944,0,1944,0,1941,0,1944,818,*,1887,1693,1164,1043,244,323,1436,1885,953,1014,1815,1399,993,501,390,23,52,456,*
14,Jalisco,39,Guadalajara,1,Total AGEB urbana,090A,0,6708,3335,3373,318,148,170,6390,3187,3203,6137,3062,3075,5341,2663,2678,4992,2495,2497,4654,2333,2321,377,200,177,672,324,348,790,375,415,349,168,181,338,162,176,810,391,419,1720,831,460,371,101.14,1716,4385,607,2.33,6235,3078,3157,449,246,203,6095,3043,3052,34,16,18,4,*,*,0,0,0,4,*,*,4,0,4,21,31,19,12,251,165,76,51,59,67,53,643,290,371,82,192,80,177,97,5773,153,71,82,43,17,26,44,15,29,212,112,100,187,97,90,17,11,6,155,86,69,208,107,101,496,264,232,861,436,425,196,74,122,1415,703,712,1654,824,830,8.89,8.86,8.91,3376,1358,2018,1955,1301,654,3344,1353,1991,32,5,27,2551,4157,3478,87,16,6,568,*,12,4,2025,2578,738,6175,240,4,286,1676,531,1145,6708,1965,4743,1889,1676,1866,1653,1674,1676,199,14,6708,4,1.08,1651,23,396,1278,39,216,1419,1674,0,1673,1671,*,1340,202,1673,0,1674,0,1673,0,1673,857,6,1606,1371,906,730,199,320,1199,1598,680,687,1504,1049,738,368,257,54,98,535,19
14,Jalisco,39,Guadalajara,1,Total AGEB urbana,0929,0,2565,1408,1157,68,40,28,2497,1368,1129,2469,1353,1116,2387,1319,1068,2348,1300,1048,2305,1271,1034,33,18,15,77,31,46,92,39,53,39,19,20,43,29,14,356,193,163,772,627,378,249,82.17,217,1858,490,1.27,1818,980,838,627,371,256,2276,1232,1044,142,92,50,15,9,6,0,0,0,15,9,6,15,0,15,11,52,30,22,72,48,15,13,16,24,22,230,85,134,25,59,30,46,8,2252,5,*,3,4,*,*,3,0,3,40,26,14,235,123,112,3,*,*,0,0,0,*,0,*,11,5,6,64,51,13,10,9,*,91,67,24,2124,1135,989,15.17,14.74,15.71,1635,824,811,744,491,253,1620,815,805,15,9,6,635,1926,1397,70,6,6,27,4,588,8,1093,954,336,2222,44,27,263,996,420,576,2556,917,1639,1171,997,995,821,995,996,119,55,2556,2.57,0.52,995,0,193,802,4,27,964,995,0,995,995,0,948,939,995,0,995,0,995,0,995,141,0,990,913,884,849,43,152,673,969,837,679,970,940,753,681,211,15,4,45,0
14,Jalisco,39,Guadalajara,1,Total AGEB urbana,0933,0,2127,1182,945,38,21,17,2089,1161,928,2069,1154,915,1990,1118,872,1942,1090,852,1879,1069,810,31,12,19,68,31,37,96,51,45,48,28,20,63,21,42,235,127,108,556,603,377,226,79.95,185,1465,477,1.38,1532,842,690,530,306,224,1913,1065,848,129,72,57,18,10,8,0,0,0,18,10,8,18,0,18,25,27,12,15,89,61,23,9,18,37,22,205,83,129,15,62,26,34,25,1820,6,5,*,*,0,*,7,5,*,55,16,39,159,83,76,0,0,0,5,*,3,6,3,3,24,14,10,63,48,15,16,8,8,114,80,34,1670,915,755,14.56,14.21,15,1253,614,639,736,503,233,1233,609,624,20,5,15,332,1795,1141,47,*,6,15,*,614,115,840,855,295,1843,50,9,224,811,327,484,2101,731,1370,904,812,783,691,810,811,77,15,2101,2.59,0.52,805,3,174,635,5,18,786,809,0,809,805,0,785,782,806,0,809,0,809,0,806,84,0,808,770,685,720,47,134,652,797,683,647,783,760,572,519,202,5,3,40,0
14,Jalisco,39,Guadalajara,1,Total AGEB urbana,0948,0,959,538,421,13,3,10,946,535,411,928,524,404,873,502,371,851,490,361,828,477,351,28,12,16,45,21,24,51,22,29,22,12,10,23,13,10,93,53,40,237,281,177,104,78.25,108,632,219,1.54,790,438,352,129,79,50,912,517,395,9,*,7,4,4,0,0,0,0,4,4,0,4,0,4,7,19,12,7,80,53,17,*,20,11,4,153,60,125,4,45,8,20,7,716,6,*,4,*,*,*,*,*,0,20,10,10,59,32,27,0,0,0,*,0,*,*,0,*,21,18,3,29,23,6,9,7,*,48,37,11,714,388,326,13.82,13.35,14.46,738,401,337,135,101,34,734,399,335,4,*,*,154,797,540,34,*,4,7,*,110,138,356,351,166,850,11,8,81,342,144,198,959,360,599,371,342,291,262,342,342,28,*,959,2.8,0.58,338,4,67,275,*,16,325,342,0,342,342,0,342,316,342,0,342,0,342,0,342,52,0,341,316,273,289,25,75,296,337,267,292,321,310,247,199,69,*,4,23,0
14,Jalisco,39,Guadalajara,1,Total AGEB urbana,0952,0,3251,1786,1465,77,55,22,3174,1731,1443,3106,1699,1407,2886,1578,1308,2776,1531,1245,2667,1477,1190,91,50,41,197,103,94,240,111,129,110,47,63,109,54,55,381,192,189,842,728,474,254,82.03,475,2255,521,1.63,2804,1541,1263,413,232,181,3025,1663,1362,56,24,32,9,5,4,0,0,0,9,5,4,9,0,9,23,22,8,14,205,145,71,53,68,69,67,332,144,191,28,99,25,78,39,2694,24,9,15,6,*,4,6,3,3,93,45,48,193,95,98,6,5,*,26,18,8,36,22,14,92,64,28,266,179,87,40,20,20,462,250,212,1803,950,853,11.92,11.61,12.29,1865,882,983,1017,696,321,1836,867,969,29,15,14,975,2271,1930,105,*,4,98,27,64,69,1375,1124,383,2854,92,11,286,1097,494,603,3251,1323,1928,1289,1097,1238,1046,1096,1097,166,26,3251,2.96,0.78,1092,4,269,827,34,184,878,1096,0,1096,1096,0,1059,724,1096,0,1096,0,1096,0,1096,481,*,1081,966,746,581,90,304,817,1059,694,723,1014,871,573,418,217,24,17,196,*
14,Jalisco,39,Guadalajara,1,Total AGEB urbana,0967,0,3438,1838,1600,110,57,53,3328,1781,1547,3233,1733,1500,2956,1574,1382,2831,1512,1319,2701,1445,1256,127,63,64,245,144,101,280,156,124,125,62,63,130,67,63,339,159,180,855,693,419,274,87.05,607,2356,475,1.76,2994,1596,1398,420,232,188,3168,1705,1463,49,20,29,17,8,9,0,0,0,16,8,8,17,0,16,31,60,27,33,157,118,37,12,31,48,26,424,187,178,37,124,38,112,39,2835,30,18,12,12,6,6,*,0,*,107,58,49,167,77,90,0,0,0,18,13,5,25,19,6,107,62,45,262,169,93,68,30,38,485,251,234,1800,926,874,11.91,11.61,12.25,2003,938,1065,947,633,314,1977,928,1049,26,10,16,994,2443,2119,141,6,*,87,*,119,25,1324,1186,444,2996,101,12,327,1085,491,594,3434,1492,1942,1306,1087,1271,1052,1084,1085,182,37,3434,3.16,0.69,1072,12,225,859,12,49,1023,1084,0,1084,1084,0,959,626,1083,0,1084,0,1084,0,1083,471,*,1065,938,734,576,99,326,860,1041,686,688,1004,832,556,440,223,16,24,203,4
14,Jalisco,39,Guadalajara,1,Total AGEB urbana,0971,0,2335,1239,1096,67,25,42,2267,1214,1053,2222,1194,1028,2050,1104,946,1967,1058,909,1879,1019,860,71,38,33,146,72,74,173,91,82,83,46,37,88,39,49,220,109,111,620,454,269,185,88.46,367,1651,316,1.6,2020,1074,946,295,157,138,2158,1164,994,58,26,32,45,25,20,0,0,0,45,25,20,44,0,44,76,26,7,19,94,56,29,8,20,14,14,219,97,133,15,71,17,45,28,1998,16,8,8,8,0,8,9,3,6,66,30,36,99,51,48,0,0,0,17,12,5,36,23,13,63,36,27,198,117,81,15,5,10,393,206,187,1211,641,570,11.86,11.75,11.98,1356,641,715,691,462,229,1341,634,707,15,7,8,698,1634,1406,77,8,0,68,11,69,12,883,848,319,2010,72,*,249,780,317,463,2335,863,1472,938,780,928,770,780,780,149,9,2335,2.99,0.75,778,*,252,528,15,115,650,780,0,780,780,0,747,428,780,0,780,0,780,0,780,387,0,758,633,473,361,78,242,496,731,433,430,712,547,345,213,137,29,19,200,*
14,Jalisco,39,Guadalajara,1,Total AGEB urbana,0986,0,2000,1062,938,44,24,20,1956,1038,918,1912,1013,899,1760,947,813,1703,919,784,1639,892,747,58,33,25,138,58,80,149,66,83,57,28,29,64,27,37,215,102,113,502,418,251,167,88.32,297,1396,307,1.63,1787,949,838,201,106,95,1870,990,880,37,21,16,*,*,*,0,0,0,*,*,*,*,0,*,3,15,6,9,115,81,44,23,28,43,29,221,93,137,16,65,20,46,26,1655,14,10,4,8,*,6,11,6,5,51,22,29,102,50,52,7,4,3,16,10,6,37,24,13,23,19,4,162,103,59,10,6,4,316,161,155,1130,587,543,12.06,11.79,12.37,1229,590,639,521,351,170,1222,586,636,7,4,3,468,1531,1388,74,*,4,57,0,23,7,794,711,255,1783,45,7,154,646,261,385,1994,750,1244,779,647,764,632,646,646,111,21,1994,3.09,0.68,644,*,144,502,4,33,609,646,0,646,646,0,636,245,645,0,646,0,646,0,645,295,0,640,588,437,330,54,217,520,613,430,482,599,519,320,232,113,9,5,94,0
14,Jalisco,39,Guadalajara,1,Total AGEB urbana,0990,0,2212,1149,1063,67,27,40,2145,1122,1023,2092,1095,997,1910,1012,898,1833,979,854,1764,945,819,83,46,37,152,64,88,169,64,105,77,33,44,69,34,35,268,149,119,601,391,224,167,92.52,379,1548,285,1.5,1888,978,910,293,154,139,1955,1023,932,106,58,48,15,11,4,0,0,0,15,11,4,15,0,15,16,89,48,41,118,61,25,16,21,20,26,205,85,58,20,45,8,72,52,1871,20,10,10,4,*,*,*,*,0,57,31,26,116,64,52,3,*,*,16,10,6,22,11,11,65,40,25,110,64,46,49,16,33,264,137,127,1268,668,600,12.35,12.19,12.53,1284,611,673,601,397,204,1270,606,664,14,5,9,647,1561,1289,86,*,*,115,0,58,36,919,718,269,1864,86,13,245,748,327,421,2174,886,1288,911,750,860,699,744,748,144,17,2174,2.91,0.67,743,*,240,504,25,51,668,744,0,744,742,0,691,471,743,0,744,0,744,0,743,353,0,724,604,489,364,69,217,558,678,462,422,712,580,370,328,153,37,11,126,*
14,Jalisco,39,Guadalajara,1,Total AGEB urbana,1005,0,1664,875,789,60,26,34,1604,849,755,1566,834,732,1461,784,677,1404,755,649,1347,725,622,52,21,31,91,44,47,125,62,63,57,29,28,57,30,27,203,110,93,454,326,194,132,90.17,260,1172,232,1.63,1417,741,676,218,115,103,1496,794,702,53,31,22,17,8,9,0,0,0,17,8,9,17,0,17,40,74,35,39,58,34,15,5,6,8,5,79,33,36,4,10,5,10,22,1514,18,6,12,*,*,0,6,5,*,50,26,24,98,51,47,*,0,*,*,0,*,11,6,5,37,22,15,111,69,42,34,21,13,212,109,103,933,488,445,12.33,12.15,12.53,925,440,485,530,341,189,905,436,469,20,4,16,459,1204,966,65,11,*,91,*,30,59,668,572,220,1414,59,*,183,507,206,301,1626,599,1027,663,512,649,498,506,507,132,19,1626,3.21,0.68,505,*,118,388,6,26,474,506,0,506,506,0,486,373,506,0,506,0,506,0,506,236,*,493,429,342,251,38,164,390,470,328,310,478,395,246,185,84,21,12,89,4
14,Jalisco,39,Guadalajara,1,Total AGEB urbana,101A,0,1340,705,635,26,15,11,1314,690,624,1283,673,610,1178,616,562,1132,592,540,1071,557,514,43,23,20,93,51,42,115,60,55,46,24,22,61,35,26,151,69,82,333,274,173,101,90.07,208,933,199,1.56,1219,642,577,111,62,49,1277,671,606,5,*,3,9,5,4,0,0,0,9,5,4,9,0,9,11,10,6,4,33,24,9,5,8,9,3,71,27,34,8,29,6,6,27,1213,23,14,9,29,20,9,11,6,5,39,22,17,68,30,38,5,3,*,11,5,6,16,8,8,32,21,11,69,44,25,38,20,18,133,63,70,797,404,393,12.66,12.48,12.86,917,450,467,261,166,95,907,448,459,10,*,8,356,983,812,78,5,*,55,4,14,26,555,458,165,1177,29,9,123,430,173,257,1332,503,829,576,431,550,405,430,430,133,12,1332,3.1,0.59,426,4,100,330,0,14,416,430,0,430,430,0,424,234,430,0,430,0,430,0,430,194,0,426,372,295,221,46,149,400,412,298,286,408,354,256,167,61,*,4,68,0
14,Jalisco,39,Guadalajara,1,Total AGEB urbana,1024,0,2230,1159,1071,61,34,27,2169,1125,1044,2108,1089,1019,1902,980,922,1816,945,871,1734,907,827,85,48,37,182,97,85,205,105,100,86,35,51,82,38,44,307,146,161,574,402,235,167,92.41,414,1533,283,1.8,2011,1049,962,190,94,96,2027,1048,979,55,27,28,14,5,9,0,0,0,14,5,9,14,0,14,22,29,9,20,115,62,32,9,31,29,17,195,85,107,15,50,19,35,29,1905,26,15,11,11,*,9,5,3,*,72,37,35,139,68,71,3,*,*,27,16,11,24,13,11,97,52,45,197,116,81,55,25,30,330,158,172,1055,544,511,11.24,11.1,11.4,1184,523,661,715,455,260,1163,516,647,21,7,14,577,1653,1263,87,*,0,132,13,49,138,831,784,287,2059,67,*,98,679,268,411,2218,813,1405,831,681,813,663,678,679,114,36,2218,3.27,0.8,673,5,190,488,32,77,569,678,0,677,676,*,621,324,677,0,678,0,677,0,677,331,*,659,544,470,321,77,168,542,648,363,337,625,493,323,210,123,13,27,152,3
14,Jalisco,39,Guadalajara,1,Total AGEB urbana,1039,0,2707,1404,1303,99,45,54,2608,1359,1249,2516,1312,1204,2283,1202,1081,2179,1143,1036,2071,1077,994,132,64,68,193,93,100,242,124,118,104,59,45,108,66,42,369,191,178,715,437,235,202,92.81,528,1872,307,1.73,2412,1253,1159,281,141,140,2433,1274,1159,73,34,39,10,3,7,0,0,0,10,3,7,10,0,10,24,30,14,16,140,79,43,30,28,44,30,312,108,176,26,60,18,55,39,2236,42,25,17,15,9,6,10,8,*,85,55,30,167,90,77,3,*,*,46,25,21,37,21,16,133,74,59,280,152,128,66,28,38,403,215,188,1184,604,580,10.86,10.7,11.04,1509,689,820,770,511,259,1483,682,801,26,7,19,691,2015,1484,72,3,3,291,0,35,141,994,958,331,2488,80,4,129,785,276,509,2684,934,1750,937,786,916,765,785,785,124,27,2684,3.42,0.85,783,*,198,587,70,101,614,784,*,784,783,*,752,400,785,0,785,0,783,0,785,416,0,730,630,499,328,79,228,577,749,362,376,727,534,372,222,140,14,24,210,*
14,Jalisco,39,Guadalajara,1,Total AGEB urbana,1043,0,2187,1176,1011,51,25,26,2136,1151,985,2100,1133,967,1982,1085,897,1925,1053,872,1848,1017,831,56,24,32,98,42,56,124,62,62,57,32,25,77,36,41,249,123,126,586,531,308,223,85.97,262,1513,412,1.41,1562,825,737,549,309,240,1906,1040,866,140,69,71,22,16,6,0,0,0,22,16,6,22,0,22,9,20,15,5,77,47,20,15,21,26,20,173,74,95,12,44,12,38,26,1926,10,3,7,*,*,0,*,0,*,74,36,38,164,76,88,5,*,3,4,4,0,7,6,*,10,9,*,42,36,6,15,8,7,122,85,37,1677,881,796,14.64,14.13,15.26,1168,544,624,811,541,270,1165,544,621,3,0,3,365,1821,898,45,14,10,34,*,975,38,863,856,262,1939,48,10,187,818,314,504,2179,708,1471,953,819,846,712,817,818,104,30,2179,2.66,0.5,815,*,204,613,7,25,785,817,0,817,696,0,746,780,816,0,817,0,817,0,816,65,0,816,786,720,749,69,112,570,800,703,648,801,780,624,550,267,10,*,34,0
14,Jalisco,39,Guadalajara,1,Total AGEB urbana,1062,0,1023,582,441,12,6,6,1011,576,435,1000,569,431,960,553,407,945,546,399,925,533,392,18,13,5,33,10,23,38,14,24,15,7,8,20,13,7,89,36,53,239,368,230,138,75.77,78,658,287,1.44,847,464,383,159,107,52,971,547,424,19,16,3,*,*,0,0,0,0,*,*,0,*,0,*,*,22,11,11,84,49,15,12,12,39,29,149,78,79,4,38,9,35,21,786,4,*,*,*,0,*,0,0,0,18,12,6,56,29,27,0,0,0,5,*,3,10,7,3,12,5,7,36,29,7,8,6,*,60,35,25,794,448,346,14.26,14.01,14.58,569,282,287,391,271,120,565,279,286,4,3,*,166,857,631,49,3,6,7,0,163,60,430,340,190,912,21,5,80,364,197,167,1002,496,506,411,366,365,320,364,364,38,7,1002,2.75,0.51,363,*,67,297,4,11,349,364,0,364,364,0,354,324,364,0,364,0,364,0,364,38,0,364,349,294,324,34,69,288,352,291,320,353,326,251,203,75,7,0,32,0
14,Jalisco,39,Guadalajara,1,Total AGEB urbana,1077,0,847,442,405,10,6,4,837,436,401,831,432,399,780,413,367,762,408,354,741,402,339,17,10,7,40,13,27,46,13,33,18,5,13,21,6,15,89,53,36,196,269,153,116,91.63,85,555,207,1.47,673,353,320,153,80,73,784,414,370,34,13,21,10,5,5,0,0,0,10,5,5,10,0,10,5,5,4,*,68,38,27,14,23,26,17,142,58,92,3,37,4,17,13,626,*,0,*,4,*,3,*,*,0,20,6,14,57,37,20,0,0,0,8,6,*,8,6,*,6,5,*,33,24,9,3,*,*,46,31,15,638,328,310,14.47,13.79,15.26,495,215,280,281,196,85,494,215,279,*,0,*,183,659,462,22,*,3,15,0,141,64,360,302,114,761,15,*,63,273,96,177,839,243,596,329,274,256,201,273,273,42,13,839,3.07,0.57,273,0,27,246,0,4,269,273,0,273,273,0,256,252,273,0,273,0,273,0,273,33,0,272,265,236,238,17,67,222,261,221,242,256,241,184,151,69,10,0,27,0
14,Jalisco,39,Guadalajara,1,Total AGEB urbana,1081,0,2681,1401,1280,52,19,33,2629,1382,1247,2566,1344,1222,2382,1261,1121,2321,1231,1090,2246,1196,1050,87,48,39,160,73,87,171,76,95,61,30,31,75,35,40,296,148,148,671,604,382,222,91.36,360,1855,466,1.46,2313,1222,1091,332,165,167,2475,1303,1172,71,30,41,11,5,6,0,0,0,11,5,6,11,0,11,25,47,23,24,138,92,55,14,30,34,27,266,101,144,39,63,39,65,30,2260,30,16,14,14,8,6,9,4,5,65,33,32,130,63,67,*,*,*,13,8,5,21,13,8,80,62,18,204,128,76,46,24,22,333,177,156,1550,774,776,12.07,11.61,12.59,1735,818,917,642,440,202,1712,811,901,23,7,16,892,1785,1561,75,5,*,53,7,133,24,1211,861,306,2238,77,14,346,901,427,474,2670,1247,1423,1063,902,1025,864,900,901,129,32,2670,2.96,0.66,891,9,171,729,10,61,829,900,0,900,899,0,875,622,900,0,900,0,900,0,900,451,*,884,713,565,427,75,235,593,831,546,565,795,710,456,350,208,46,42,162,7
14,Jalisco,39,Guadalajara,1,Total AGEB urbana,1096,0,2001,1031,970,38,14,24,1963,1017,946,1923,996,927,1790,932,858,1748,903,845,1690,884,806,55,28,27,118,57,61,126,65,61,42,29,13,58,19,39,184,83,101,481,476,284,192,94.08,253,1394,354,1.64,1676,848,828,295,170,125,1869,966,903,41,22,19,18,10,8,0,0,0,18,10,8,18,0,18,29,26,16,10,118,64,46,13,31,35,9,314,114,184,11,80,21,67,35,1556,9,3,6,6,*,5,0,0,0,45,16,29,111,47,64,*,0,*,8,5,3,12,8,4,62,37,25,136,83,53,27,12,15,253,131,122,1207,610,597,12.44,12.23,12.67,1164,524,640,617,404,213,1131,508,623,33,16,17,545,1455,1220,44,3,12,145,4,43,5,811,683,295,1761,47,10,181,668,329,339,1978,986,992,835,670,782,617,666,668,147,18,1978,2.96,0.61,662,4,115,551,9,40,617,666,0,666,666,0,624,246,666,0,666,0,666,0,666,299,0,657,562,459,348,57,161,592,640,407,421,636,524,384,258,91,8,5,119,0
14,Jalisco,39,Guadalajara,1,Total AGEB urbana,1109,0,2210,1185,1025,65,33,32,2144,1151,993,2101,1128,973,1980,1070,910,1907,1031,876,1837,990,847,54,29,25,110,52,58,141,70,71,73,39,34,70,41,29,237,120,117,586,466,282,184,86.5,302,1562,345,1.51,1882,1005,877,295,168,127,2018,1084,934,70,40,30,27,20,7,0,0,0,27,20,7,27,0,27,51,31,14,17,107,62,32,10,24,17,24,226,89,96,8,72,5,52,39,1856,13,6,7,*,*,0,5,3,*,60,36,24,124,62,62,*,*,0,14,9,5,14,8,6,48,35,13,145,92,53,51,24,27,231,128,103,1342,695,647,12.63,12.36,12.96,1295,630,665,675,436,239,1276,623,653,19,7,12,641,1562,1338,94,13,*,70,6,46,22,961,759,256,1867,56,12,270,751,378,373,2210,1071,1139,936,751,917,732,751,751,142,43,2210,2.94,0.63,750,*,238,513,30,33,688,751,0,751,751,0,728,416,751,0,751,0,751,0,751,342,0,737,633,515,380,61,194,578,712,483,480,709,614,366,279,145,20,7,116,0
14,Jalisco,39,Guadalajara,1,Total AGEB urbana,1113,0,1954,1183,771,42,25,17,1912,1158,754,1882,1140,742,1515,836,679,1463,807,656,1400,772,628,58,41,17,339,281,58,281,222,59,52,29,23,63,35,28,199,104,95,467,364,210,154,65.17,491,1205,258,1.4,1648,1013,635,277,155,122,1817,1102,715,52,31,21,24,14,10,0,0,0,24,14,10,23,0,23,45,26,12,14,166,82,62,15,41,29,32,255,86,165,5,42,6,57,31,1517,10,6,4,6,*,4,*,0,*,55,32,23,103,54,49,*,0,*,17,9,8,21,11,10,53,34,19,111,69,42,31,8,23,215,117,98,989,537,452,12.15,11.98,12.35,1054,524,530,459,312,147,1032,515,517,22,9,13,674,1280,1059,66,11,3,83,*,25,52,709,557,249,1600,48,12,226,584,270,314,1668,715,953,769,591,738,560,577,584,137,41,1668,2.86,0.65,577,0,172,405,18,52,507,576,*,577,577,0,562,456,577,0,577,0,576,0,577,295,*,563,473,371,262,50,158,506,544,362,341,549,454,280,208,117,7,15,100,*
14,Jalisco,39,Guadalajara,1,Total AGEB urbana,1128,0,1632,822,810,31,21,10,1601,801,800,1578,790,788,1483,737,746,1426,713,713,1360,684,676,44,25,19,74,39,35,105,50,55,57,24,33,66,29,37,186,80,106,406,329,199,130,98.54,206,1193,233,1.49,1309,672,637,285,142,143,1490,761,729,58,25,33,10,4,6,0,0,0,10,4,6,9,0,9,13,6,3,3,98,52,47,11,17,21,21,303,80,226,13,62,15,56,33,1202,13,5,8,*,*,*,*,0,*,55,23,32,106,44,62,*,0,*,7,5,*,14,9,5,31,19,12,92,55,37,34,10,24,195,103,92,1007,490,517,12.61,12.52,12.71,1102,526,576,358,211,147,1085,525,560,17,*,16,514,1104,909,97,11,*,59,*,30,20,743,511,215,1308,53,3,247,543,244,299,1566,672,894,694,549,633,488,543,543,123,22,1566,2.88,0.62,533,10,170,373,12,37,494,543,0,543,542,0,529,447,543,0,543,0,543,0,543,257,0,540,461,365,268,60,195,425,504,368,362,508,431,254,213,122,19,5,88,0
14,Jalisco,39,Guadalajara,1,Total AGEB urbana,1132,0,1680,868,812,28,10,18,1652,858,794,1628,847,781,1533,796,737,1489,772,717,1423,741,682,32,13,19,87,49,38,98,53,45,44,24,20,66,31,35,265,143,122,467,337,199,138,93.55,191,1245,244,1.34,1347,702,645,279,145,134,1544,809,735,54,26,28,14,6,8,0,0,0,14,6,8,14,0,14,19,0,0,0,47,30,10,5,13,11,6,104,40,37,6,37,6,20,15,1517,11,4,7,*,*,0,0,0,0,53,27,26,167,91,76,*,*,0,10,4,6,12,8,4,31,19,12,100,58,42,18,5,13,149,80,69,1134,575,559,13.17,13,13.35,1021,456,565,509,340,169,996,446,550,25,10,15,476,1200,953,100,13,0,113,*,29,11,780,535,215,1331,32,15,298,565,242,323,1619,648,971,723,568,692,537,564,565,142,13,1619,2.87,0.63,564,0,169,395,11,25,528,564,0,564,563,0,548,372,563,0,562,0,562,0,562,276,*,550,451,361,281,31,169,496,517,394,364,528,464,261,214,101,9,9,82,*
14,Jalisco,39,Guadalajara,1,Total AGEB urbana,1147,0,3002,1516,1486,96,47,49,2906,1469,1437,2844,1435,1409,2637,1331,1306,2563,1302,1261,2463,1257,1206,84,41,43,185,97,88,196,98,98,74,29,45,100,45,55,372,171,201,772,606,358,248,98.02,439,2132,431,1.71,2453,1239,1214,493,256,237,2713,1378,1335,96,43,53,13,8,5,0,0,0,13,8,5,13,0,13,9,59,32,27,231,130,81,34,41,41,43,378,178,223,29,100,42,70,68,2350,19,8,11,3,*,*,4,3,*,87,40,47,183,82,101,*,0,*,25,18,7,35,22,13,79,47,32,259,165,94,47,27,20,392,201,191,1654,794,860,12.07,11.75,12.4,1734,761,973,879,563,316,1713,754,959,21,7,14,897,2084,1499,157,8,*,220,15,75,171,1229,970,417,2565,70,7,320,990,427,563,2896,1169,1727,1256,998,1150,892,986,990,207,51,2896,2.93,0.7,984,*,292,694,29,124,833,986,0,986,985,0,938,433,986,0,986,0,986,0,986,536,*,965,793,641,417,74,246,772,927,590,529,920,744,483,369,196,22,25,203,3
14,Jalisco,39,Guadalajara,1,Total AGEB urbana,1151,0,2172,1148,1024,60,34,26,2112,1114,998,2064,1086,978,1887,1002,885,1796,960,836,1695,917,778,79,44,35,146,68,78,187,88,99,91,42,49,101,43,58,275,143,132,588,360,226,134,89.2,376,1513,283,1.62,1869,977,892,288,165,123,1987,1041,946,66,40,26,5,*,3,0,0,0,5,*,3,5,0,5,7,32,14,18,154,96,52,22,28,31,28,344,113,210,15,77,19,91,46,1656,12,5,7,3,*,*,13,6,7,82,36,46,131,69,62,5,3,*,21,11,10,24,12,12,67,40,27,163,113,50,54,25,29,287,136,151,1135,599,536,11.84,11.66,12.05,1201,562,639,679,438,241,1180,552,628,21,10,11,719,1453,1176,101,4,3,90,0,40,72,855,741,290,1898,65,0,201,661,268,393,2154,803,1351,783,663,751,631,660,661,101,19,2154,3.26,0.77,658,*,147,513,17,54,589,660,0,660,660,0,618,215,659,0,660,0,660,0,659,320,*,646,554,424,317,73,180,495,628,395,384,626,511,333,264,162,16,10,128,*
14,Jalisco,39,Guadalajara,1,Total AGEB urbana,1166,0,2417,1248,1169,61,30,31,2351,1216,1135,2293,1189,1104,2108,1104,1004,2011,1057,954,1905,1019,886,80,36,44,163,76,87,219,103,116,97,47,50,106,38,68,299,150,149,624,460,270,190,93.67,401,1697,314,1.73,2152,1097,1055,247,139,108,2240,1159,1081,36,20,16,*,*,*,0,0,0,*,*,*,*,0,*,*,23,14,9,154,77,58,15,39,18,33,399,148,277,26,75,22,86,35,1845,22,8,14,9,3,6,8,6,*,83,32,51,137,76,61,*,0,*,19,11,8,26,15,11,82,44,38,199,113,86,52,26,26,418,206,212,1138,606,532,11.12,11.2,11.04,1431,672,759,669,427,242,1424,668,756,7,4,3,660,1745,1371,109,11,0,219,*,33,13,936,842,326,2128,112,3,157,747,300,447,2398,887,1511,1022,751,973,702,747,747,153,118,2398,3.21,0.77,742,3,175,570,17,78,650,745,0,745,744,0,727,187,745,0,745,0,745,0,745,389,*,725,615,502,320,72,168,611,711,413,373,683,534,321,168,128,14,28,163,*
14,Jalisco,39,Guadalajara,1,Total AGEB urbana,1170,0,4531,2297,2234,129,62,67,4402,2235,2167,4307,2191,2116,3945,2016,1929,3790,1943,1847,3600,1857,1743,158,75,83,299,144,155,352,171,181,155,73,82,190,86,104,543,257,286,1172,846,483,363,97.26,741,3209,581,1.78,4004,2005,1999,485,269,216,4208,2141,2067,77,42,35,5,4,*,0,0,0,4,3,*,5,0,4,12,135,72,63,223,121,86,46,50,66,43,442,176,257,35,106,31,75,71,3815,50,23,27,14,7,7,8,5,3,142,67,75,255,137,118,3,*,*,55,31,24,72,43,29,142,87,55,406,246,160,101,45,56,814,390,424,2128,1067,1061,11.15,10.97,11.34,2424,1124,1300,1496,887,609,2409,1120,1289,15,4,11,1174,3341,2791,164,11,5,298,3,51,43,1689,1618,624,4059,152,7,251,1393,540,853,4394,1595,2799,1922,1397,1769,1244,1391,1393,363,162,4394,3.15,0.75,1382,9,323,1068,22,71,1298,1391,0,1391,1390,0,1210,465,1389,*,1391,0,1391,0,1390,661,0,1358,1200,946,657,168,299,1232,1348,792,846,1296,1032,750,440,229,18,43,289,4
14,Jalisco,39,Guadalajara,1,Total AGEB urbana,1185,0,5210,2680,2530,160,89,71,5050,2591,2459,4920,2531,2389,4475,2327,2148,4273,2236,2037,4077,2146,1931,200,92,108,375,172,203,442,196,246,202,91,111,196,90,106,571,256,315,1317,969,556,413,94.4,937,3586,687,1.86,4645,2378,2267,527,287,240,4793,2466,2327,103,53,50,13,5,8,0,0,0,13,5,8,13,0,13,37,70,34,36,450,252,194,40,100,91,90,794,229,517,39,169,37,196,104,3918,56,19,37,28,11,17,7,*,5,158,80,78,246,115,131,4,*,*,50,29,21,83,51,32,177,114,63,465,283,182,115,37,78,817,403,414,2466,1260,1206,11.3,11.09,11.54,2902,1312,1590,1558,1007,551,2860,1297,1563,42,15,27,1447,3760,3181,185,8,7,311,0,105,24,1845,1945,684,4725,226,*,255,1581,643,938,5187,1985,3202,1927,1584,1812,1469,1580,1581,317,26,5187,3.28,0.77,1574,6,418,1162,36,171,1373,1577,3,1580,1577,0,1480,467,1578,0,1580,0,1577,0,1578,695,*,1537,1308,1058,810,180,489,1218,1518,892,917,1458,1208,815,542,328,22,33,322,4
14,Jalisco,39,Guadalajara,1,Total AGEB urbana,119A,0,2055,1022,1033,64,31,33,1991,991,1000,1949,968,981,1787,898,889,1718,863,855,1638,834,804,62,33,29,142,60,82,157,67,90,69,35,34,80,29,51,202,89,113,426,501,287,214,101.08,337,1327,391,1.97,1785,883,902,250,127,123,1927,958,969,14,9,5,*,*,0,0,0,0,*,*,0,*,0,*,0,80,45,35,301,151,80,63,41,62,117,423,140,251,31,72,27,134,151,1307,9,3,6,5,*,3,*,0,*,69,24,45,98,42,56,*,0,*,172,54,118,164,54,110,92,48,44,237,153,84,49,13,36,277,125,152,852,449,403,10.04,10.35,9.73,918,406,512,864,487,377,900,402,498,18,4,14,723,1332,1070,79,3,7,129,0,36,22,871,638,278,1918,55,5,76,493,196,297,1751,635,1116,559,496,550,487,493,493,57,6,1751,3.55,0.74,488,3,89,402,3,12,476,491,0,491,491,0,481,114,491,0,491,0,491,0,491,174,0,480,444,364,304,73,174,391,481,286,352,442,399,280,168,108,5,9,82,0
14,Jalisco,39,Guadalajara,1,Total AGEB urbana,1202,0,2008,1074,934,65,33,32,1943,1041,902,1880,1002,878,1691,902,789,1614,869,745,1510,811,699,91,60,31,161,79,82,191,92,99,77,33,44,104,58,46,243,121,122,533,352,215,137,86.96,394,1363,251,2.01,1829,959,870,169,110,59,1853,989,864,23,11,12,0,0,0,0,0,0,0,0,0,0,0,0,0,53,29,24,131,80,50,12,22,29,23,304,111,183,15,49,8,63,54,1548,34,20,14,4,0,4,8,3,5,81,49,32,114,61,53,*,*,0,21,15,6,31,20,11,89,50,39,179,110,69,52,23,29,303,154,149,869,446,423,10.74,10.51,11.01,1064,480,584,627,422,205,1046,474,572,18,6,12,594,1413,1174,58,11,*,151,0,29,24,693,755,243,1754,101,6,147,560,209,351,2008,647,1361,617,560,610,553,559,560,52,5,2008,3.59,0.82,558,*,104,454,5,45,508,558,0,558,556,0,537,181,558,0,558,0,558,0,558,267,0,546,472,373,267,59,182,447,542,311,343,516,407,277,155,126,6,11,121,0
14,Jalisco,39,Guadalajara,1,Total AGEB urbana,1217,0,5444,2823,2621,193,83,110,5251,2740,2511,5093,2660,2433,4564,2402,2162,4356,2299,2057,4103,2178,1925,234,116,118,453,222,231,507,243,264,208,103,105,253,121,132,654,326,328,1385,951,562,389,92.84,1088,3712,644,1.96,5032,2577,2455,390,231,159,5056,2644,2412,29,13,16,5,*,3,0,0,0,5,*,3,5,0,5,12,59,22,37,259,125,102,31,55,51,39,825,320,490,51,215,61,231,82,4318,90,43,47,14,6,8,21,13,8,195,97,98,232,130,102,5,*,4,69,41,28,108,65,43,204,140,64,611,320,291,122,50,72,1016,533,483,2133,1102,1031,10.38,10.2,10.58,2957,1284,1673,1600,1113,487,2925,1274,1651,32,10,22,1797,3646,2954,109,24,*,489,4,45,46,1892,2006,666,4998,155,7,282,1566,717,849,5426,2384,3042,1764,1567,1756,1559,1561,1566,186,11,5426,3.46,0.92,1548,13,358,1203,68,179,1314,1561,0,1560,1556,*,1495,579,1561,0,1561,0,1560,0,1560,769,4,1503,1279,1026,730,158,367,1209,1527,704,833,1446,1086,732,414,253,15,47,427,4
14,Jalisco,39,Guadalajara,1,Total AGEB urbana,1221,0,3057,1622,1435,132,63,69,2925,1559,1366,2837,1506,1331,2563,1361,1202,2439,1288,1151,2297,1210,1087,128,71,57,234,127,107,282,161,121,124,73,51,142,78,64,369,182,187,786,543,309,234,88.47,618,2068,371,1.99,2797,1473,1324,248,141,107,2790,1485,1305,31,16,15,6,6,0,0,0,0,6,6,0,6,0,6,0,48,18,30,186,121,47,24,25,41,41,264,98,153,16,55,10,50,48,2581,38,20,18,13,6,7,7,4,3,120,66,54,132,71,61,4,*,*,40,23,17,44,20,24,182,97,85,297,184,113,68,25,43,559,286,273,1205,621,584,10.36,10.28,10.45,1733,793,940,826,567,259,1715,785,930,18,8,10,1116,1938,1705,100,*,0,91,3,43,33,1035,1162,363,2703,134,4,215,867,281,586,3049,887,2162,996,868,986,858,866,867,114,14,3049,3.52,0.83,864,*,225,641,14,69,783,863,3,865,862,*,811,392,864,*,866,0,862,0,865,371,*,832,696,553,459,92,278,706,840,441,485,799,641,389,222,163,12,26,188,*
14,Jalisco,39,Guadalajara,1,Total AGEB urbana,1236,0,3834,1956,1878,146,57,89,3688,1899,1789,3561,1847,1714,3151,1643,1508,2989,1562,1427,2806,1480,1326,182,79,103,355,177,178,397,196,201,162,81,81,183,82,101,451,221,230,1008,606,343,263,96.01,845,2571,418,2.14,3562,1805,1757,263,146,117,3542,1839,1703,11,5,6,*,*,*,0,0,0,*,*,*,*,0,*,8,22,11,11,143,67,58,9,23,44,22,238,116,123,11,55,23,39,37,3436,59,19,40,14,7,7,11,4,7,140,67,73,160,86,74,8,4,4,34,15,19,57,28,29,170,99,71,448,271,177,78,28,50,748,371,377,1399,712,687,10.25,10.17,10.33,1982,832,1150,1159,807,352,1961,829,1132,21,3,18,1716,2118,1950,80,0,4,60,4,11,24,1253,1473,425,3514,199,0,120,1080,477,603,3834,1737,2097,1206,1080,1185,1059,1079,1080,110,16,3834,3.55,0.97,1073,6,223,856,7,172,900,1078,*,1078,1078,*,1021,289,1078,0,1078,*,1077,0,1078,501,0,1045,890,674,536,111,297,833,1055,525,557,986,737,486,287,204,11,29,287,3
14,Jalisco,39,Guadalajara,1,Total AGEB urbana,1274,0,2716,1434,1282,22,11,11,1547,849,698,1520,837,683,1451,800,651,1412,779,633,1366,757,609,39,21,18,57,28,29,81,44,37,39,21,18,46,22,24,142,66,76,351,482,304,178,89.4,157,1051,361,1.58,1254,688,566,282,157,125,1456,814,642,51,20,31,4,3,*,0,0,0,4,3,*,4,0,4,4,9,7,*,79,53,19,13,17,24,20,117,52,36,6,32,5,28,26,1361,*,*,*,*,0,*,3,*,*,43,19,24,92,41,51,0,0,0,8,6,*,7,6,*,22,16,6,38,30,8,13,8,5,98,66,32,1192,627,565,13.94,13.38,14.63,875,404,471,576,396,180,860,400,460,15,4,11,363,1206,789,51,3,3,56,7,303,28,601,581,269,1384,34,3,148,900,419,481,2716,1173,1543,993,900,668,575,899,900,67,26,2716,3.02,0.54,570,4,59,515,0,9,565,574,0,574,574,0,570,424,574,0,574,0,574,0,572,93,0,574,540,478,479,35,90,442,559,452,479,535,511,376,282,138,7,3,51,0
14,Jalisco,39,Guadalajara,1,Total AGEB urbana,1289,0,1719,885,834,53,26,27,1666,859,807,1637,843,794,1557,798,759,1537,787,750,1505,771,734,41,21,20,68,40,28,68,37,31,20,11,9,32,16,16,183,93,90,476,400,228,172,94.24,182,1238,299,1.33,1153,590,563,485,262,223,1441,743,698,160,85,75,10,*,8,0,0,0,10,*,8,10,0,10,9,14,6,8,64,39,17,8,7,15,22,143,56,55,12,36,24,38,23,1506,12,7,5,*,*,0,*,*,*,29,16,13,123,62,61,0,0,0,4,*,*,6,3,3,7,7,0,43,35,8,5,3,*,83,48,35,1372,676,696,14.67,14.27,15.1,1127,525,602,430,273,157,1120,521,599,7,4,3,366,1353,797,38,3,4,29,9,621,8,654,678,225,1408,59,12,230,680,244,436,1696,545,1151,893,681,865,653,679,680,121,91,1696,2.49,0.54,679,0,117,562,*,19,658,679,0,679,679,0,565,652,679,0,679,0,679,0,679,64,0,679,640,601,615,25,149,526,669,600,493,660,650,479,465,189,3,4,18,0
14,Jalisco,39,Guadalajara,1,Total AGEB urbana,1293,0,886,473,413,15,9,6,871,464,407,860,454,406,811,433,378,799,429,370,788,424,364,21,14,7,39,17,22,41,15,26,12,4,8,11,5,6,69,32,37,219,236,147,89,87.32,87,616,183,1.31,670,352,318,197,112,85,808,431,377,39,18,21,6,3,3,0,0,0,6,3,3,6,0,6,4,7,4,3,43,29,10,9,12,17,15,74,34,28,6,21,10,17,9,763,5,4,*,3,0,3,4,0,4,11,5,6,35,12,23,0,0,0,*,0,*,*,0,*,6,4,*,38,25,13,3,3,0,58,35,23,672,346,326,14.49,13.97,15.1,558,259,299,253,174,79,554,258,296,4,*,3,255,631,435,19,3,*,15,3,207,7,386,312,113,712,47,*,123,352,152,200,853,341,512,656,355,627,326,352,352,144,157,853,2.42,0.5,352,0,62,290,7,19,326,352,0,352,352,0,333,342,352,0,352,0,352,0,352,59,0,351,326,301,291,24,75,293,338,279,251,329,310,217,175,81,3,0,35,0
14,Jalisco,39,Guadalajara,1,Total AGEB urbana,1306,0,617,332,285,21,9,12,596,323,273,591,321,270,568,309,259,557,304,253,546,303,243,8,5,3,20,9,11,25,11,14,11,5,6,11,*,10,65,41,24,172,162,99,63,85.84,60,426,131,1.37,451,261,190,129,62,67,536,289,247,31,22,9,14,9,5,0,0,0,14,9,5,14,0,14,24,8,*,6,33,20,9,*,17,11,14,71,37,28,8,29,10,21,13,500,0,0,0,0,0,0,0,0,0,8,*,7,34,23,11,0,0,0,*,0,*,10,5,5,17,13,4,16,6,10,3,*,*,28,15,13,471,258,213,13.95,13.68,14.26,377,177,200,186,131,55,375,176,199,*,*,*,128,480,280,51,0,*,26,*,155,11,248,208,108,462,19,3,123,256,84,172,594,167,427,298,258,223,183,255,256,29,11,594,2.32,0.49,253,*,62,192,6,10,239,255,0,255,255,0,225,194,255,0,255,0,255,0,255,27,0,254,239,215,224,21,63,193,248,213,212,240,229,176,129,52,*,0,22,0
14,Jalisco,39,Guadalajara,1,Total AGEB urbana,1310,0,981,535,446,10,10,0,971,525,446,967,524,443,938,508,430,919,503,416,899,495,404,6,*,5,27,16,11,42,17,25,19,5,14,20,8,12,74,43,31,284,206,155,51,83.36,62,755,164,0.75,697,376,321,261,148,113,838,461,377,106,53,53,7,3,4,0,0,0,7,3,4,7,0,7,6,18,13,5,45,29,12,11,8,13,17,121,45,60,9,25,7,37,40,794,0,0,0,*,0,*,0,0,0,19,7,12,54,29,25,0,0,0,22,17,5,44,39,5,17,11,6,20,17,3,9,3,6,63,40,23,751,385,366,13.74,12.84,14.83,678,319,359,258,187,71,671,314,357,7,5,*,195,785,579,34,4,5,71,0,124,7,561,285,92,709,20,5,246,359,117,242,842,248,594,501,364,436,299,356,359,86,51,842,2.35,0.51,355,*,109,247,9,23,324,356,0,356,356,0,294,278,356,0,356,0,356,0,356,89,0,355,300,262,254,39,74,263,328,310,221,353,337,194,251,118,8,0,18,0
14,Jalisco,39,Guadalajara,1,Total AGEB urbana,1325,0,2359,1180,1179,51,23,28,2308,1157,1151,2261,1136,1125,2159,1089,1070,2109,1064,1045,2051,1036,1015,68,30,38,81,38,43,116,52,64,50,25,25,58,28,30,229,115,114,651,462,275,187,99.92,250,1766,343,1.22,1790,912,878,462,217,245,2165,1079,1086,69,44,25,9,4,5,0,0,0,9,4,5,7,0,7,12,48,23,25,150,89,54,17,38,31,35,239,78,125,10,52,8,58,39,1945,22,15,7,8,5,3,3,*,*,46,22,24,110,50,60,*,*,0,11,6,5,12,6,6,44,23,21,103,68,35,25,10,15,185,100,85,1695,834,861,13.77,13.47,14.07,1491,670,821,647,415,232,1467,657,810,24,13,11,659,1695,1324,65,6,15,91,31,197,21,1078,751,326,1764,82,22,485,914,429,485,2295,1128,1167,1267,925,1135,793,912,914,253,89,2295,2.51,0.52,911,*,207,705,25,53,834,912,0,912,905,0,824,580,911,0,912,0,912,0,910,394,*,890,766,643,497,57,244,747,844,687,574,861,787,455,377,194,20,17,107,3
14,Jalisco,39,Guadalajara,1,Total AGEB urbana,133A,0,1300,660,640,34,19,15,1266,641,625,1238,627,611,1150,582,568,1122,571,551,1074,539,535,41,21,20,75,38,37,86,42,44,28,11,17,48,32,16,141,62,79,360,257,132,125,96.97,178,944,178,1.46,1043,548,495,227,97,130,1166,598,568,54,19,35,13,8,5,0,0,0,13,8,5,13,0,13,25,37,17,20,56,40,22,4,8,14,12,112,39,45,7,32,9,42,22,1120,14,7,7,*,*,*,*,*,*,40,27,13,65,30,35,*,0,*,11,10,*,5,4,*,30,18,12,49,29,20,12,9,3,167,85,82,814,396,418,12.94,12.53,13.36,840,386,454,307,194,113,831,385,446,9,*,8,373,924,798,31,*,0,67,0,24,6,493,484,171,1027,64,*,199,445,169,276,1283,462,821,573,447,533,407,445,445,109,17,1283,2.88,0.6,444,*,133,312,6,32,407,445,0,444,444,*,433,276,444,0,444,*,444,0,444,233,*,434,384,307,193,35,136,364,404,292,284,417,360,196,170,95,16,12,74,*
14,Jalisco,39,Guadalajara,1,Total AGEB urbana,1344,0,1167,547,620,25,12,13,1142,535,607,1117,525,592,1046,493,553,1015,477,538,986,459,527,33,16,17,63,26,37,70,34,36,31,16,15,29,18,11,137,73,64,307,200,109,91,113.35,152,882,133,1.19,865,416,449,259,116,143,1020,493,527,64,22,42,9,5,4,0,0,0,9,5,4,9,0,9,24,28,12,16,53,29,22,*,10,12,7,95,36,48,4,18,*,22,14,992,5,3,*,*,*,0,4,*,*,21,14,7,67,42,25,3,*,*,4,3,*,12,5,7,29,17,12,39,20,19,16,5,11,142,72,70,733,331,402,12.85,12.49,13.18,786,327,459,243,162,81,775,327,448,11,0,11,367,783,650,35,10,*,69,*,15,16,539,362,135,843,39,5,258,374,136,238,1087,371,716,557,384,476,303,373,374,122,51,1087,2.91,0.57,365,8,83,290,16,18,339,372,*,373,373,0,356,231,373,0,373,0,372,0,373,198,4,360,285,239,155,42,114,275,324,261,212,352,297,168,165,87,26,10,64,5
14,Jalisco,39,Guadalajara,1,Total AGEB urbana,1359,0,754,362,392,15,8,7,739,354,385,725,351,374,691,332,359,676,326,350,647,317,330,23,5,18,25,17,8,33,17,16,15,6,9,29,9,20,84,44,40,174,176,110,66,108.29,78,540,136,1.37,555,276,279,142,70,72,636,317,319,49,23,26,16,7,9,0,0,0,16,7,9,16,0,16,30,7,3,4,65,34,22,5,10,22,15,62,32,23,3,22,3,23,15,601,13,*,11,*,0,*,3,*,*,26,7,19,37,21,16,0,0,0,9,5,4,5,5,0,28,17,11,61,32,29,12,5,7,106,58,48,418,196,222,12.12,11.66,12.57,458,188,270,202,143,59,452,188,264,6,0,6,229,502,354,29,0,*,70,7,30,18,336,241,91,575,28,7,119,253,103,150,675,287,388,391,260,324,193,250,253,99,32,675,2.67,0.59,247,3,76,174,17,21,212,250,0,250,249,0,238,184,250,0,250,0,250,0,250,162,0,237,182,150,78,32,75,195,223,151,150,229,203,111,104,60,12,4,43,*
14,Jalisco,39,Guadalajara,1,Total AGEB urbana,1363,0,1226,625,601,39,16,23,1187,609,578,1157,591,566,1055,536,519,1015,512,503,974,491,483,44,25,19,88,48,40,93,58,35,40,24,16,41,21,20,134,72,62,328,216,113,103,96.16,211,862,153,1.7,1051,536,515,127,68,59,1117,577,540,19,10,9,4,3,*,0,0,0,4,3,*,4,0,4,*,17,9,8,37,25,8,6,11,13,9,81,38,38,10,36,19,17,10,1088,21,11,10,22,9,13,7,4,3,21,12,9,58,36,22,4,3,*,25,13,12,19,11,8,42,24,18,71,41,30,22,9,13,173,93,80,642,311,331,11.77,11.36,12.18,780,373,407,263,161,102,774,370,404,6,3,3,408,806,624,71,0,3,66,4,32,15,446,454,143,1028,48,3,130,418,165,253,1210,482,728,651,420,631,400,415,418,152,79,1210,2.89,0.65,411,4,101,314,3,31,381,415,0,415,415,0,394,176,415,0,415,0,415,0,415,242,0,411,359,283,156,67,120,276,382,302,294,383,341,198,147,84,19,15,45,4
14,Jalisco,39,Guadalajara,1,Total AGEB urbana,1378,0,1543,739,804,45,25,20,1495,712,783,1465,698,767,1351,646,705,1309,622,687,1239,589,650,49,27,22,95,39,56,105,49,56,42,24,18,70,33,37,168,85,83,365,324,155,169,108.8,231,1073,236,1.69,1320,641,679,191,91,100,1412,685,727,30,11,19,21,9,12,0,0,0,21,9,12,20,0,20,30,24,13,11,69,48,18,10,17,16,9,158,87,85,18,49,24,40,12,1288,19,10,9,5,0,5,*,*,*,55,25,30,76,42,34,*,0,*,23,14,9,28,13,15,84,50,34,155,81,74,43,22,21,258,113,145,681,319,362,10.72,10.45,10.96,895,375,520,435,269,166,882,369,513,13,6,7,427,1096,781,52,*,4,176,5,72,13,576,531,227,1308,79,3,132,478,165,313,1458,464,994,756,481,727,452,477,478,197,78,1458,3.05,0.78,476,0,124,352,9,69,398,476,0,475,473,*,453,175,475,0,476,0,475,0,475,316,*,456,353,280,140,40,103,361,458,196,255,420,325,224,115,62,8,35,130,3
14,Jalisco,39,Guadalajara,1,Total AGEB urbana,1382,0,2849,1449,1400,84,47,37,2759,1399,1360,2685,1362,1323,2434,1253,1181,2329,1220,1109,2224,1172,1052,121,58,63,204,88,116,246,87,159,105,33,72,105,48,57,375,192,183,754,442,268,174,96.62,514,1997,332,1.66,2411,1229,1182,413,210,203,2560,1297,1263,111,60,51,19,10,9,0,0,0,18,9,9,17,0,17,36,22,8,14,122,68,29,26,22,30,38,220,89,107,11,62,20,48,43,2479,44,26,18,12,4,8,9,*,7,84,43,41,167,91,76,6,*,5,29,15,14,36,18,18,90,54,36,251,168,83,50,16,34,455,228,227,1377,692,685,11.58,11.33,11.86,1595,716,879,820,536,284,1572,714,858,23,*,21,826,2015,1609,79,4,11,205,0,76,51,1121,999,314,2452,150,*,234,906,364,542,2786,1034,1752,1319,911,1234,826,906,906,307,101,2786,3.08,0.77,902,*,269,635,9,44,851,904,0,904,901,0,805,375,904,0,904,0,904,0,903,457,0,890,749,626,418,80,190,739,868,538,520,862,695,410,325,192,11,15,180,0
14,Jalisco,39,Guadalajara,1,Total AGEB urbana,1397,0,5120,2702,2418,146,72,74,4973,2629,2344,4855,2573,2282,4402,2332,2070,4199,2230,1969,3994,2125,1869,189,97,92,382,200,182,442,224,218,203,102,101,205,105,100,560,284,276,1289,977,562,415,89.49,920,3495,704,1.87,4669,2460,2209,426,231,195,4791,2545,2246,59,27,32,6,3,3,0,0,0,6,3,3,6,0,6,22,387,211,176,295,164,110,33,63,59,53,599,206,373,46,129,37,154,111,4183,57,29,28,14,7,7,23,6,17,160,84,76,262,131,131,5,*,3,40,21,19,72,43,29,192,114,78,504,288,216,79,36,43,866,460,406,2346,1198,1148,11.03,10.81,11.28,2857,1294,1563,1536,1034,502,2795,1270,1525,62,24,38,1520,3598,2878,136,21,34,214,6,77,263,1881,1869,652,4661,198,15,242,1547,569,978,5084,1693,3391,1886,1551,1875,1540,1545,1547,295,40,5084,3.29,0.77,1535,9,364,1180,27,125,1392,1543,*,1543,1535,*,1493,686,1544,0,1541,*,1540,0,1541,792,*,1505,1252,973,683,157,491,1132,1490,800,879,1410,1066,671,390,241,21,47,401,4
14,Jalisco,39,Guadalajara,1,Total AGEB urbana,140A,0,4485,2348,2137,154,73,81,4323,2271,2052,4216,2217,1999,3801,1981,1820,3637,1900,1737,3458,1812,1646,170,84,86,352,206,146,390,214,176,164,81,83,179,88,91,526,256,270,1094,859,479,380,91.01,840,3017,620,1.92,3995,2090,1905,447,239,208,4108,2161,1947,88,48,40,11,7,4,0,0,0,11,7,4,11,0,11,16,45,20,25,319,211,102,33,59,78,59,531,233,277,25,139,29,126,62,3608,44,20,24,16,10,6,9,4,5,142,72,70,202,101,101,6,4,*,38,19,19,53,28,25,185,101,84,466,273,193,136,60,76,754,370,384,1914,977,937,10.76,10.65,10.88,2521,1107,1414,1275,872,403,2497,1098,1399,24,9,15,1420,3057,2444,150,17,4,407,0,48,33,1628,1561,612,4069,188,4,215,1302,508,794,4469,1716,2753,1572,1303,1566,1297,1300,1302,240,29,4469,3.43,0.83,1292,8,315,985,45,151,1104,1300,0,1299,1298,*,1238,572,1300,0,1300,0,1299,0,1300,659,0,1245,1025,789,586,129,359,1040,1252,646,704,1195,938,620,338,220,18,29,313,*
14,Jalisco,39,Guadalajara,1,Total AGEB urbana,1414,0,3951,2055,1896,137,65,72,3814,1990,1824,3724,1939,1785,3349,1765,1584,3198,1690,1508,3032,1614,1418,138,75,63,327,150,177,376,182,194,151,75,76,166,76,90,439,215,224,1009,715,410,305,92.26,753,2683,515,1.9,3647,1889,1758,290,159,131,3683,1926,1757,36,11,25,5,*,3,0,0,0,5,*,3,5,0,5,4,1173,592,581,168,86,74,19,35,17,24,422,170,264,27,107,31,61,42,3340,45,23,22,17,7,10,12,3,9,123,54,69,182,86,96,8,4,4,25,16,9,50,31,19,171,102,69,428,243,185,64,25,39,739,360,379,1655,878,777,10.7,10.6,10.81,2178,984,1194,1158,777,381,2149,981,1168,29,3,26,1462,2489,2122,115,15,5,173,5,42,41,1379,1483,487,3646,131,5,168,1143,477,666,3917,1536,2381,1386,1145,1379,1138,1143,1143,208,33,3917,3.43,0.82,1141,*,280,863,13,90,1040,1142,*,1143,1142,0,1094,536,1143,0,1143,0,1142,0,1143,543,3,1115,942,731,546,133,395,956,1110,579,661,1064,799,532,283,205,12,34,289,6
14,Jalisco,39,Guadalajara,1,Total AGEB urbana,1429,0,1902,973,929,68,29,39,1834,944,890,1787,922,865,1626,838,788,1539,797,742,1450,746,704,76,37,39,132,69,63,172,82,90,87,41,46,89,51,38,231,121,110,495,310,163,147,95.48,363,1316,223,1.91,1723,880,843,171,89,82,1759,910,849,23,10,13,15,6,9,0,0,0,15,6,9,14,0,14,27,13,11,*,79,47,36,16,24,24,17,269,103,147,36,88,37,79,44,1526,28,14,14,5,*,3,12,4,8,59,38,21,69,37,32,3,0,3,20,10,10,29,18,11,113,54,59,216,121,95,48,21,27,333,180,153,734,360,374,10.19,10.04,10.34,1115,499,616,511,339,172,1099,497,602,16,*,14,577,1325,986,46,5,*,260,*,13,27,699,673,254,1687,70,11,133,563,264,299,1902,888,1014,680,563,680,563,560,563,107,10,1902,3.38,0.88,560,0,148,412,26,92,442,560,0,560,558,0,521,206,558,*,560,0,560,0,560,358,0,517,411,305,180,46,205,455,541,248,236,517,345,214,131,99,9,23,192,*
14,Jalisco,39,Guadalajara,1,Total AGEB urbana,1433,0,5008,2582,2426,159,75,84,4849,2507,2342,4721,2444,2277,4251,2217,2034,4036,2107,1929,3802,1982,1820,212,103,109,386,187,199,485,239,246,215,110,105,234,125,109,598,279,319,1271,901,514,387,93.96,972,3386,650,1.97,4609,2367,2242,380,205,175,4670,2421,2249,42,21,21,*,*,*,0,0,0,*,*,*,*,0,*,9,75,31,44,290,146,127,30,69,52,48,685,214,477,36,151,42,129,74,3991,66,35,31,26,15,11,17,5,12,187,99,88,251,124,127,5,*,4,49,30,19,80,42,38,218,141,77,508,291,217,142,70,72,1046,547,499,1895,929,966,10.47,10.28,10.68,2744,1217,1527,1507,1000,507,2709,1202,1507,35,15,20,1796,3212,2641,163,5,5,286,54,53,29,1737,1848,666,4631,155,5,216,1442,598,844,5008,2010,2998,1640,1442,1618,1420,1442,1442,167,31,5008,3.47,0.82,1439,3,293,1149,30,129,1283,1441,*,1442,1440,0,1410,363,1441,*,1440,*,1440,0,1440,731,*,1409,1215,947,658,163,535,1092,1410,722,864,1305,1015,670,394,300,13,54,375,4
14,Jalisco,39,Guadalajara,1,Total AGEB urbana,1448,0,2753,1450,1303,102,47,55,2651,1403,1248,2551,1348,1203,2288,1218,1070,2159,1155,1004,2031,1085,946,140,77,63,223,108,115,272,137,135,129,63,66,128,70,58,342,171,171,732,442,255,187,89.86,594,1856,303,2.02,2490,1317,1173,248,128,120,2531,1343,1188,14,3,11,51,19,32,0,0,0,51,19,32,49,0,49,70,36,16,20,69,43,7,15,14,24,18,112,65,37,21,21,24,35,74,2515,59,31,28,10,5,5,13,9,4,94,53,41,125,65,60,6,*,5,40,27,13,41,29,12,133,76,57,288,175,113,74,33,41,528,256,272,1015,536,479,10.18,10.07,10.3,1619,757,862,663,458,205,1611,757,854,8,0,8,966,1787,1446,95,*,*,249,0,9,11,943,1005,340,2444,128,3,178,777,310,467,2753,1075,1678,879,777,875,773,764,777,91,11,2753,3.54,0.86,760,4,143,621,11,49,704,764,0,764,764,0,743,411,764,0,764,0,764,0,764,387,0,745,631,463,347,78,219,584,726,358,408,700,523,286,132,89,18,25,198,*
14,Jalisco,39,Guadalajara,1,Total AGEB urbana,1452,0,4217,2195,2022,175,87,88,4042,2108,1934,3921,2048,1873,3483,1823,1660,3295,1736,1559,3093,1637,1456,188,92,96,371,193,178,437,216,221,188,87,101,202,99,103,509,258,251,1095,648,374,274,92.12,922,2830,465,2.15,3807,1965,1842,388,220,168,3873,2025,1848,32,19,13,8,*,6,0,0,0,8,*,6,8,0,8,14,18,8,10,157,102,48,26,34,37,29,448,195,265,30,103,28,107,40,3587,70,33,37,11,6,5,15,7,8,143,74,69,176,99,77,3,0,3,49,31,18,72,50,22,244,140,104,518,288,230,108,39,69,807,413,394,1426,737,689,9.87,9.76,9.98,2341,1032,1309,1128,785,343,2279,1013,1266,62,19,43,1740,2473,2010,90,8,5,339,3,25,23,1416,1536,530,3784,222,6,203,1120,431,689,4217,1524,2693,1282,1120,1271,1109,1120,1120,133,29,4217,3.77,0.92,1112,8,290,830,20,121,979,1119,*,1117,1110,3,1045,189,1120,0,1119,*,1116,0,1119,619,4,1070,909,652,468,96,289,861,1090,495,560,1035,727,459,256,158,15,38,340,6
14,Jalisco,39,Guadalajara,1,Total AGEB urbana,1467,0,4745,2405,2340,160,79,81,4585,2326,2259,4427,2250,2177,3889,1974,1915,3644,1868,1776,3423,1764,1659,221,111,110,475,241,234,568,274,294,245,106,139,221,104,117,572,269,303,1201,749,412,337,97.3,1101,3103,541,2.11,4252,2154,2098,474,242,232,4363,2221,2142,54,25,29,6,3,3,0,0,0,6,3,3,6,0,6,29,17,6,11,287,151,126,39,44,46,54,463,107,315,27,76,14,79,62,3961,87,33,54,33,19,14,22,9,13,166,79,87,212,101,111,16,9,7,70,43,27,91,47,44,286,151,135,563,299,264,149,75,74,915,454,461,1510,770,740,9.69,9.67,9.72,2576,1107,1469,1300,860,440,2545,1102,1443,31,5,26,1669,3072,2342,87,17,*,589,5,34,24,1569,1774,546,4367,196,*,181,1288,523,765,4745,1938,2807,1422,1288,1334,1200,1285,1288,118,16,4745,3.68,0.88,1280,5,231,1054,20,112,1153,1284,*,1285,1284,0,1219,498,1285,0,1285,0,1284,0,1284,649,4,1248,1103,776,582,128,483,1026,1256,563,706,1194,864,588,306,239,12,33,356,5
14,Jalisco,39,Guadalajara,1,Total AGEB urbana,1471,0,4458,2311,2147,164,73,91,4270,2226,2044,4111,2145,1966,3656,1922,1734,3461,1830,1631,3243,1696,1547,228,119,109,386,185,201,451,206,245,195,92,103,218,134,84,539,255,284,1205,679,375,304,92.9,973,2989,472,2.16,3865,1987,1878,544,300,244,4001,2100,1901,95,40,55,11,*,9,0,0,0,11,*,9,11,0,11,38,789,419,370,282,157,73,78,39,70,57,412,138,260,32,61,31,90,101,3688,98,55,43,14,6,8,17,9,8,160,101,59,170,91,79,12,3,9,93,52,41,129,66,63,234,130,104,518,282,236,81,45,36,984,516,468,1407,718,689,9.58,9.49,9.67,2312,1006,1306,1339,916,423,2267,995,1272,45,11,34,1771,2662,2342,79,0,4,203,0,14,28,1485,1624,547,3596,677,*,155,1138,426,712,4458,1513,2945,1316,1138,1234,1056,1137,1138,123,55,4458,3.92,0.93,1121,10,274,857,12,96,1023,1131,0,1130,1130,*,1054,380,1129,*,1130,*,1129,0,1130,552,0,1105,916,630,522,135,399,849,1103,502,583,1030,795,473,258,228,14,37,291,*
14,Jalisco,39,Guadalajara,1,Total AGEB urbana,1490,0,5529,2797,2732,244,108,136,5285,2689,2596,5114,2609,2505,4510,2320,2190,4225,2188,2037,3947,2054,1893,253,121,132,522,248,274,633,306,327,285,132,153,278,134,144,663,327,336,1448,796,449,347,97.68,1304,3620,605,2.29,4416,2224,2192,1024,527,497,4899,2494,2405,203,110,93,9,6,3,0,0,0,9,6,3,9,0,9,15,28,13,15,379,210,166,50,73,75,75,1023,211,898,30,127,26,88,89,4077,108,50,58,70,31,39,42,15,27,187,94,93,213,111,102,13,6,7,80,51,29,142,92,50,302,188,114,656,355,301,111,38,73,1060,541,519,1769,881,888,9.76,9.52,10.01,2912,1259,1653,1573,1044,529,2885,1252,1633,27,7,20,1913,3615,2800,59,15,13,707,4,16,16,1728,2179,603,2973,2451,0,105,1367,518,849,5529,1973,3556,1551,1367,1535,1351,1367,1367,110,74,5529,4.04,1.01,1357,10,276,1091,22,166,1179,1365,*,1367,1365,0,1285,391,1366,0,1367,0,1365,0,1366,650,3,1329,1140,763,657,183,611,1001,1319,659,738,1237,980,598,406,226,26,40,327,6
14,Jalisco,39,Guadalajara,1,Total AGEB urbana,1518,0,2605,1355,1250,100,47,53,2505,1308,1197,2423,1267,1156,2121,1107,1014,2008,1052,956,1874,991,883,117,59,58,267,142,125,295,151,144,113,55,58,134,61,73,323,151,172,679,400,227,173,92.25,597,1704,304,2.29,2084,1077,1007,504,270,234,2288,1202,1086,121,60,61,20,8,12,0,0,0,20,8,12,20,0,20,72,15,8,7,176,96,81,16,34,25,32,369,128,219,26,53,15,88,52,2029,57,28,29,19,14,5,12,6,6,91,44,47,103,41,62,6,3,3,50,30,20,66,41,25,169,87,82,326,187,139,92,37,55,512,266,246,770,395,375,9.26,9.16,9.38,1339,577,762,779,528,251,1317,576,741,22,*,21,962,1641,1311,46,5,18,239,25,5,10,797,1019,303,1699,841,*,61,620,247,373,2602,999,1603,696,621,692,617,620,620,53,22,2602,4.2,1.05,613,7,126,494,13,82,525,620,0,620,619,0,568,136,620,0,620,0,620,0,620,354,*,604,493,311,230,77,208,420,598,249,320,561,424,255,136,91,15,23,165,4
14,Jalisco,39,Guadalajara,1,Total AGEB urbana,1537,0,7726,3933,3793,319,171,148,7407,3762,3645,7140,3626,3514,6255,3191,3064,5856,2984,2872,5439,2784,2655,393,188,205,759,383,376,909,466,443,399,207,192,417,200,217,982,495,487,2112,845,432,413,96.44,1870,5299,557,2.06,7128,3617,3511,568,296,272,7082,3601,3481,45,23,22,53,26,27,0,0,0,53,26,27,52,0,52,65,60,26,34,243,140,74,45,58,67,62,377,143,217,27,102,43,74,96,7059,183,94,89,47,18,29,51,28,23,289,145,144,343,180,163,15,6,9,128,70,58,148,81,67,367,196,171,969,492,477,173,79,94,1597,793,804,2369,1218,1151,9.8,9.76,9.84,4143,1746,2397,2091,1432,659,4098,1735,2363,45,11,34,3025,4696,4120,107,5,5,422,5,14,29,2470,3054,731,7210,253,5,250,1979,606,1373,7714,2154,5560,2149,1980,2114,1945,1974,1979,150,19,7714,3.9,1,1942,32,372,1602,27,199,1748,1971,3,1964,1948,10,1540,635,1962,0,1961,13,1958,*,1961,932,5,1906,1635,1115,947,227,769,1585,1915,882,907,1836,1307,882,468,343,29,85,564,5
14,Jalisco,39,Guadalajara,1,Total AGEB urbana,1556,0,1636,869,767,19,12,7,1617,857,760,1600,845,755,1535,810,725,1504,793,711,1455,773,682,23,15,8,59,32,27,71,37,34,31,17,14,49,20,29,231,115,116,439,384,233,151,88.26,132,1231,273,1.36,1225,655,570,375,198,177,1506,800,706,71,35,36,5,4,*,0,0,0,5,4,*,5,0,5,12,3,*,*,68,59,17,12,10,30,15,121,58,54,*,29,5,18,22,1436,5,*,4,*,*,0,*,*,*,43,19,24,158,77,81,0,0,0,7,4,3,8,5,3,17,12,5,43,34,9,17,10,7,88,50,38,1284,651,633,14.11,13.71,14.54,999,449,550,536,361,175,979,443,536,20,6,14,411,1225,851,71,3,0,56,5,301,14,789,531,215,1354,50,9,216,607,233,374,1625,585,1040,755,608,740,593,607,607,82,65,1625,2.68,0.56,601,6,147,460,25,39,543,607,0,607,515,0,597,577,606,0,607,0,607,0,606,138,0,605,567,503,462,68,165,433,577,508,477,578,563,387,343,147,13,4,37,0
14,Jalisco,39,Guadalajara,1,Total AGEB urbana,1560,0,822,411,411,18,12,6,804,399,405,796,394,402,773,381,392,769,377,392,748,369,379,10,6,4,21,12,9,18,10,8,4,4,0,21,8,13,82,35,47,201,199,124,75,100,53,612,157,1.14,558,286,272,193,103,90,692,352,340,54,30,24,4,*,*,0,0,0,4,*,*,4,0,4,6,29,12,17,42,27,17,3,10,10,7,109,41,66,3,24,3,20,10,665,*,*,*,*,*,*,0,0,0,16,6,10,44,16,28,*,0,*,*,*,0,*,*,0,9,5,4,30,19,11,13,4,9,56,37,19,647,304,343,14.33,13.96,14.69,564,232,332,209,149,60,557,229,328,7,3,4,249,573,434,28,3,*,12,*,131,*,365,309,99,610,40,13,159,306,102,204,770,253,517,408,308,375,275,306,306,57,43,770,2.52,0.54,303,3,93,213,*,18,287,306,0,306,305,0,297,294,306,0,306,0,306,0,306,42,0,306,282,231,262,22,90,198,292,266,217,290,285,178,152,66,12,*,14,0
14,Jalisco,39,Guadalajara,1,Total AGEB urbana,1575,0,449,232,217,9,5,4,440,227,213,436,225,211,412,209,203,407,208,199,402,206,196,7,3,4,21,15,6,22,14,8,5,*,4,5,*,3,47,23,24,127,89,54,35,93.53,42,346,61,1.1,311,161,150,115,58,57,391,202,189,30,15,15,3,*,*,0,0,0,3,*,*,3,0,3,*,5,*,3,19,13,6,5,6,9,4,26,14,5,*,8,*,7,*,404,0,0,0,0,0,0,0,0,0,5,*,3,32,15,17,0,0,0,0,0,0,*,*,0,*,*,0,10,9,*,*,*,0,29,17,12,354,173,181,14.66,14.03,15.33,312,140,172,99,69,30,309,139,170,3,*,*,107,342,196,9,*,0,17,0,152,9,195,167,50,290,8,5,146,199,92,107,417,187,230,314,201,305,192,198,199,77,36,417,2.1,0.49,198,0,70,128,7,15,176,198,0,198,198,0,185,186,198,0,198,0,198,0,198,28,0,196,177,147,166,21,49,156,183,172,144,192,186,136,119,42,*,0,9,0
14,Jalisco,39,Guadalajara,1,Total AGEB urbana,158A,0,270,123,147,8,*,6,262,121,141,260,121,139,258,119,139,257,119,138,253,116,137,3,*,*,*,*,0,*,*,*,*,0,*,4,3,*,38,25,13,85,35,20,15,119.51,13,235,22,0.88,168,80,88,69,27,42,212,102,110,32,12,20,*,*,*,0,0,0,*,*,*,*,0,*,3,10,6,4,6,3,3,*,*,3,3,43,11,27,*,8,*,6,3,218,0,0,0,*,*,0,0,0,0,*,0,*,22,16,6,0,0,0,0,0,0,*,0,*,6,*,4,3,*,*,*,0,*,14,6,8,228,107,121,14.43,14.34,14.51,215,87,128,43,32,11,215,87,128,0,0,0,74,196,133,7,*,0,8,*,52,0,158,76,24,175,7,10,78,104,25,79,250,61,189,172,106,161,95,103,104,36,30,250,2.4,0.52,103,0,36,67,*,4,97,103,0,103,103,0,80,93,103,0,103,0,103,0,103,25,0,100,82,76,75,18,43,84,94,90,65,103,95,59,76,47,*,0,7,0
14,Jalisco,39,Guadalajara,1,Total AGEB urbana,1594,0,227,99,128,*,0,*,225,99,126,221,98,123,214,94,120,212,94,118,207,92,115,5,*,4,6,4,*,6,3,3,*,0,*,5,*,3,23,14,9,55,46,23,23,129.29,15,181,31,1.44,170,75,95,52,23,29,202,89,113,17,8,9,*,0,*,0,0,0,*,0,*,*,0,*,0,6,*,4,3,*,*,0,*,3,*,42,12,26,3,13,*,13,3,180,0,0,0,0,0,0,0,0,0,4,*,3,10,7,3,0,0,0,*,*,0,*,*,*,7,6,*,*,*,*,3,*,*,13,6,7,182,79,103,14.37,13.65,14.94,166,65,101,42,29,13,166,65,101,0,0,0,71,155,101,6,0,0,5,0,80,*,105,77,32,150,12,*,62,108,34,74,220,71,149,129,109,116,96,107,108,11,9,220,2.04,0.47,107,0,41,66,6,8,93,107,0,107,105,0,103,100,107,0,107,0,107,0,107,33,0,105,87,78,72,14,32,85,100,88,70,104,96,58,72,27,0,*,9,0
14,Jalisco,39,Guadalajara,1,Total AGEB urbana,1607,0,688,373,315,14,4,10,674,369,305,666,363,303,633,340,293,625,337,288,619,335,284,11,7,4,30,22,8,30,20,10,8,3,5,6,*,4,52,30,22,218,116,82,34,84.45,63,546,79,0.89,517,290,227,129,67,62,630,345,285,26,12,14,3,*,*,0,0,0,3,*,*,3,0,3,*,15,8,7,28,14,11,3,4,3,7,55,21,32,*,28,9,18,4,602,4,4,0,*,*,*,0,0,0,6,*,4,34,17,17,0,0,0,*,0,*,*,*,*,4,3,*,6,5,*,6,*,5,43,30,13,559,294,265,15.01,14.83,15.22,504,248,256,127,90,37,497,243,254,7,5,*,197,491,320,20,*,*,11,28,113,16,325,246,62,477,19,*,187,287,142,145,677,332,345,377,288,318,229,287,287,54,35,677,2.36,0.53,286,*,87,200,14,18,255,287,0,287,287,0,270,197,287,0,287,0,287,0,287,80,0,287,247,195,203,18,110,252,263,253,175,278,266,171,178,78,4,0,15,0
14,Jalisco,39,Guadalajara,1,Total AGEB urbana,1626,0,513,269,244,7,3,4,505,266,239,491,257,234,450,234,216,435,227,208,421,219,202,21,12,9,34,20,14,42,24,18,15,7,8,14,8,6,30,11,19,142,109,61,48,90.71,77,358,77,1.69,384,211,173,103,46,57,460,242,218,14,7,7,6,*,4,0,0,0,6,*,4,6,0,6,10,25,16,9,21,13,9,0,*,5,*,46,21,28,5,17,6,17,10,427,6,5,*,3,*,*,*,*,0,10,5,5,12,6,6,*,0,*,4,3,*,5,5,0,7,*,5,24,12,12,6,*,5,80,47,33,293,151,142,12.63,12.49,12.79,327,160,167,113,72,41,321,159,162,6,*,5,138,363,290,14,0,*,23,33,7,*,180,170,93,397,17,3,84,197,87,110,498,216,282,231,198,151,118,197,197,26,7,498,2.53,0.6,195,*,70,126,7,19,170,196,0,196,195,0,193,78,196,0,196,0,196,0,196,129,0,193,158,129,58,17,52,127,180,118,102,184,158,80,97,31,6,6,31,0
14,Jalisco,39,Guadalajara,1,Total AGEB urbana,1630,0,386,199,187,15,9,6,371,190,181,363,185,178,346,178,168,329,170,159,321,169,152,12,8,4,13,4,9,28,11,17,17,8,9,8,*,7,52,28,24,96,77,49,28,93.97,57,284,45,1.42,278,149,129,96,47,49,351,179,172,6,3,3,3,*,*,0,0,0,3,*,*,3,0,3,11,*,*,0,24,12,7,*,8,8,4,45,10,36,*,4,3,7,*,315,6,4,*,0,0,0,*,0,*,3,0,3,14,7,7,0,0,0,4,4,0,3,3,0,16,14,*,50,21,29,5,4,*,85,46,39,162,79,83,10.75,10.27,11.26,247,107,140,99,71,28,242,105,137,5,*,3,151,235,180,10,0,0,29,3,11,*,172,110,64,325,16,0,45,141,56,85,372,158,214,277,142,241,106,141,141,96,39,372,2.64,0.75,141,0,44,97,3,14,124,141,0,141,141,0,128,66,141,0,141,0,141,0,141,99,0,135,96,94,37,9,37,119,136,78,58,134,97,56,37,12,0,3,38,0
14,Jalisco,39,Guadalajara,1,Total AGEB urbana,1645,0,1828,947,881,53,27,26,1775,920,855,1737,904,833,1600,842,758,1523,806,717,1448,770,678,63,28,35,112,50,62,148,67,81,77,36,41,75,36,39,181,87,94,466,361,212,149,93.03,305,1274,249,1.65,1626,841,785,186,98,88,1699,888,811,30,15,15,30,14,16,0,0,0,30,14,16,29,0,29,37,42,19,23,151,76,62,10,22,25,27,250,79,169,7,49,8,33,8,1425,20,7,13,10,*,8,7,*,5,62,33,29,84,44,40,4,3,*,18,13,5,14,7,7,90,55,35,234,133,101,38,18,20,380,201,179,698,351,347,10.4,10.23,10.6,1140,541,599,459,301,158,1137,539,598,3,*,*,654,1172,956,61,3,4,127,*,23,12,704,611,285,1652,65,3,107,651,287,364,1828,734,1094,861,651,857,647,651,651,199,11,1828,2.81,0.78,651,0,143,508,46,87,518,651,0,651,651,0,632,170,650,0,650,*,650,0,650,391,*,602,501,367,212,99,245,508,604,317,339,578,393,278,169,80,22,40,206,6
14,Jalisco,39,Guadalajara,1,Total AGEB urbana,165A,0,5944,3166,2778,193,84,109,5751,3082,2669,5562,2991,2571,5048,2730,2318,4815,2616,2199,4551,2465,2086,260,123,137,443,229,214,511,260,251,233,114,119,264,151,113,691,349,342,1549,1154,684,470,87.74,1129,3983,832,1.81,5296,2826,2470,601,320,281,5451,2931,2520,95,53,42,25,12,13,0,0,0,25,12,13,25,0,25,58,51,28,23,349,231,131,38,96,88,78,589,268,321,72,190,70,164,116,4936,100,49,51,15,8,7,6,*,5,212,120,92,311,154,157,3,*,*,69,44,25,114,70,44,175,119,56,565,337,228,122,62,60,1050,566,484,2634,1366,1268,10.93,10.68,11.23,3239,1490,1749,1790,1228,562,3180,1473,1707,59,17,42,1713,4227,3500,164,40,31,438,18,49,37,2153,2068,827,5307,300,12,318,1734,734,1000,5872,2338,3534,2132,1744,2071,1683,1728,1734,325,63,5872,3.39,0.81,1723,5,386,1342,25,174,1529,1728,0,1726,1721,*,1656,822,1721,0,1728,0,1726,0,1721,894,*,1691,1430,1140,775,168,419,1389,1681,933,1037,1590,1223,848,519,322,22,38,429,4
14,Jalisco,39,Guadalajara,1,Total AGEB urbana,1664,0,2178,1205,973,71,39,32,2107,1166,941,2055,1141,914,1859,1043,816,1782,1008,774,1682,949,733,80,42,38,168,81,87,180,87,93,77,35,42,100,59,41,256,133,123,584,418,257,161,80.75,396,1480,302,1.83,1985,1106,879,173,90,83,2010,1116,894,41,22,19,3,*,*,0,0,0,3,*,*,3,0,3,6,66,36,30,96,65,31,16,29,24,23,199,80,109,30,58,29,45,41,1851,23,11,12,6,3,3,5,4,*,89,56,33,106,55,51,*,*,0,12,5,7,12,7,5,58,39,19,208,128,80,51,24,27,362,198,164,1033,575,458,11.25,11.13,11.41,1235,598,637,623,444,179,1227,594,633,8,4,4,638,1539,1349,55,5,10,100,4,18,14,796,789,274,1972,54,4,147,653,282,371,2143,861,1282,793,657,788,652,652,653,94,42,2143,3.28,0.76,648,4,126,526,6,74,572,652,0,652,646,0,637,431,652,0,651,0,651,0,651,335,*,640,548,428,291,83,213,514,632,347,402,596,439,298,168,139,14,25,168,5
14,Jalisco,39,Guadalajara,1,Total AGEB urbana,1679,0,1848,957,891,68,31,37,1780,926,854,1734,905,829,1580,828,752,1510,799,711,1429,745,684,64,29,35,136,69,67,162,73,89,70,29,41,81,54,27,223,105,118,476,340,196,144,93.1,338,1274,236,1.87,1697,868,829,144,85,59,1716,898,818,11,5,6,0,0,0,0,0,0,0,0,0,0,0,0,0,6,3,3,73,38,26,9,13,10,15,282,114,221,34,77,35,70,14,1488,21,9,12,5,3,*,4,3,*,70,48,22,110,44,66,*,0,*,12,8,4,23,14,9,77,48,29,192,118,74,41,20,21,321,167,154,796,389,407,10.67,10.28,11.1,989,405,584,591,423,168,981,399,582,8,6,*,588,1260,1012,62,0,4,162,3,13,15,659,660,261,1690,64,5,88,560,241,319,1848,790,1058,706,560,701,555,560,560,129,17,1848,3.3,0.77,557,3,101,459,12,50,498,559,*,560,558,0,533,255,560,0,560,0,559,0,560,283,0,536,434,341,248,70,119,431,546,276,334,514,373,245,63,61,7,20,160,*
14,Jalisco,39,Guadalajara,1,Total AGEB urbana,1683,0,3329,1689,1640,113,39,74,3216,1650,1566,3129,1607,1522,2787,1435,1352,2641,1364,1277,2462,1278,1184,145,73,72,284,142,142,343,178,165,146,71,75,179,86,93,383,184,199,877,497,284,213,97.1,688,2294,347,1.84,2990,1544,1446,308,143,165,3065,1593,1472,43,13,30,3,0,3,0,0,0,3,0,3,3,0,3,0,191,108,83,195,119,83,28,44,37,34,505,186,332,41,94,34,102,66,2592,57,33,24,25,10,15,19,9,10,136,71,65,135,73,62,9,3,6,39,26,13,49,30,19,141,80,61,309,178,131,106,46,60,574,310,264,1358,661,697,10.71,10.47,10.96,1952,869,1083,815,565,250,1914,857,1057,38,12,26,1009,2308,1777,68,*,*,412,*,30,25,1116,1167,492,3036,112,8,149,969,397,572,3230,1344,1886,1174,973,1153,952,967,969,159,42,3230,3.33,0.86,961,6,164,803,14,100,853,965,*,967,965,0,914,340,967,0,967,0,965,0,967,504,*,939,779,618,427,105,292,725,936,518,507,884,703,449,248,137,15,39,209,3
14,Jalisco,39,Guadalajara,1,Total AGEB urbana,1698,0,2957,1571,1386,104,51,53,2853,1520,1333,2772,1481,1291,2500,1347,1153,2382,1289,1093,2248,1215,1033,123,55,68,230,118,112,278,142,136,118,58,60,134,74,60,380,201,179,803,500,286,214,88.22,575,2030,352,1.83,2666,1410,1256,269,148,121,2701,1443,1258,53,30,23,7,5,*,0,0,0,6,4,*,7,0,6,12,62,37,25,231,105,115,23,59,34,41,448,154,284,22,87,15,98,50,2255,30,12,18,4,3,*,7,3,4,113,64,49,156,90,66,6,4,*,28,21,7,44,30,14,121,73,48,299,170,129,95,47,48,505,277,228,1239,645,594,10.67,10.47,10.92,1667,776,891,823,571,252,1640,768,872,27,8,19,1023,1930,1588,89,*,6,210,11,30,11,1010,1029,458,2684,84,*,184,864,326,538,2949,1071,1878,992,866,985,859,864,864,113,13,2949,3.41,0.78,858,6,194,669,12,49,802,862,*,862,860,*,818,187,863,0,863,0,862,0,862,452,*,839,704,537,382,76,288,651,839,421,462,797,616,376,232,171,14,20,214,*
14,Jalisco,39,Guadalajara,1,Total AGEB urbana,1700,0,4300,2233,2067,158,74,84,4142,2159,1983,4010,2100,1910,3568,1880,1688,3375,1793,1582,3172,1692,1480,189,85,104,385,194,191,462,228,234,193,87,106,203,101,102,537,267,270,1142,678,382,296,92.57,925,2901,474,2.11,3873,1992,1881,396,228,168,3951,2076,1875,48,20,28,4,*,3,0,0,0,3,*,*,4,0,3,8,75,32,43,216,135,82,32,39,41,43,466,203,235,18,89,14,92,85,3568,77,34,43,11,6,5,11,4,7,157,81,76,199,90,109,3,*,*,53,29,24,60,37,23,211,116,95,447,249,198,106,48,58,827,434,393,1592,830,762,10.24,10.17,10.32,2329,1077,1252,1229,797,432,2294,1068,1226,35,9,26,1229,3071,2500,167,11,8,191,0,195,25,1398,1664,506,3990,173,*,134,1201,505,696,4300,1695,2605,1374,1201,1365,1192,1201,1201,137,36,4300,3.58,0.86,1198,3,162,1039,14,57,1130,1201,0,1201,1180,0,1156,535,1201,0,1201,0,1201,0,1201,607,*,1173,1029,772,541,133,408,866,1177,602,645,1095,866,536,337,232,15,30,283,5
14,Jalisco,39,Guadalajara,1,Total AGEB urbana,1715,0,4773,2470,2303,135,73,62,4636,2396,2240,4493,2322,2171,4026,2098,1928,3812,1990,1822,3561,1872,1689,206,104,102,404,194,210,499,247,252,214,108,106,251,118,133,557,279,278,1298,674,384,290,93.24,959,3323,489,1.86,4399,2278,2121,356,186,170,4471,2312,2159,16,8,8,*,*,*,0,0,0,*,0,*,*,0,*,8,46,26,20,214,141,64,26,41,38,43,402,162,209,26,104,23,87,65,4111,64,33,31,15,7,8,11,4,7,212,100,112,249,129,120,9,3,6,27,19,8,84,43,41,156,88,68,364,215,149,96,42,54,757,379,378,2181,1133,1048,11.2,11.16,11.24,2537,1152,1385,1481,942,539,2497,1140,1357,40,12,28,1539,3228,2762,107,51,14,243,*,56,30,1663,1799,561,4361,199,5,202,1386,536,850,4752,1707,3045,1558,1387,1551,1380,1386,1386,150,21,4752,3.43,0.83,1384,*,194,1192,17,73,1296,1386,0,1385,1380,*,1368,829,1385,0,1386,0,1385,0,1385,577,0,1367,1256,1003,761,136,455,1065,1365,820,855,1306,1090,708,459,284,11,20,231,0
14,Jalisco,39,Guadalajara,1,Total AGEB urbana,172A,0,4658,2422,2236,165,80,85,4493,2342,2151,4340,2261,2079,3891,2046,1845,3708,1957,1751,3481,1844,1637,218,110,108,384,186,198,437,200,237,183,89,94,227,113,114,589,297,292,1254,753,417,336,92.32,950,3201,507,1.97,4266,2207,2059,371,203,168,4297,2235,2062,38,23,15,9,3,6,0,0,0,9,3,6,9,0,9,19,32,12,20,160,88,48,29,32,35,30,362,126,215,13,109,19,56,53,4112,88,44,44,28,18,10,17,11,6,177,93,84,262,140,122,11,4,7,47,27,20,74,42,32,216,123,93,417,247,170,98,45,53,810,392,418,1955,1023,932,10.77,10.71,10.84,2443,1079,1364,1442,964,478,2392,1066,1326,51,13,38,1674,2984,2683,106,4,4,124,*,26,60,1513,1788,590,4242,169,*,243,1269,504,765,4658,1805,2853,1423,1269,1413,1259,1267,1269,116,38,4658,3.67,0.88,1259,8,267,1000,20,90,1156,1266,*,1267,1266,0,1205,306,1267,0,1267,0,1266,0,1267,532,*,1234,1088,820,704,111,434,947,1241,668,737,1171,940,632,420,240,16,28,289,*
14,Jalisco,39,Guadalajara,1,Total AGEB urbana,1734,0,5234,2669,2565,189,101,88,5045,2568,2477,4891,2487,2404,4325,2212,2113,4081,2090,1991,3817,1965,1852,246,130,116,474,226,248,566,277,289,244,122,122,264,125,139,615,303,312,1369,702,377,325,96.1,1153,3602,479,2.06,4806,2459,2347,404,196,208,4844,2465,2379,39,21,18,7,3,4,0,0,0,6,*,4,7,0,6,14,23,12,11,196,118,82,28,53,44,44,462,206,229,27,103,27,106,60,4552,79,44,35,11,4,7,12,4,8,206,104,102,269,137,132,14,6,8,43,24,19,104,53,51,208,112,96,526,283,243,108,46,62,1024,518,506,1982,1003,979,10.41,10.37,10.45,2701,1132,1569,1620,1078,542,2664,1123,1541,37,9,28,1974,3259,2816,128,4,12,252,0,41,42,1709,2023,593,4728,256,6,240,1379,451,928,5234,1609,3625,1551,1379,1480,1308,1378,1379,146,26,5234,3.8,0.93,1372,4,325,1053,22,126,1230,1378,0,1376,1376,*,1281,416,1378,0,1378,0,1376,0,1378,591,*,1340,1169,907,726,166,499,1051,1347,706,751,1278,989,650,402,314,20,39,332,3
14,Jalisco,39,Guadalajara,1,Total AGEB urbana,1753,0,2171,1137,1034,45,19,26,2126,1118,1008,2096,1102,994,1998,1055,943,1961,1038,923,1911,1011,900,38,20,18,90,43,47,102,51,51,37,17,20,50,27,23,198,92,106,520,544,323,221,90.94,210,1565,396,1.44,1591,827,764,532,287,245,2003,1048,955,69,40,29,14,9,5,0,0,0,14,9,5,14,0,14,25,32,19,13,74,54,28,18,26,36,22,150,83,55,7,36,13,35,44,1931,10,3,7,7,4,3,3,*,*,46,24,22,124,59,65,*,0,*,11,5,6,16,10,6,9,7,*,52,40,12,7,5,*,99,63,36,1734,885,849,14.88,14.42,15.39,1313,584,729,683,471,212,1300,577,723,13,7,6,639,1532,1165,54,5,*,13,0,310,24,885,818,295,1817,64,5,283,834,295,539,2122,647,1475,1039,838,1031,830,834,834,139,62,2122,2.54,0.49,833,0,99,734,5,34,794,833,0,833,374,0,818,792,833,0,833,0,833,0,833,148,0,832,772,701,679,46,151,598,812,708,655,802,773,590,464,208,13,5,49,0
14,Jalisco,39,Guadalajara,1,Total AGEB urbana,1768,0,2337,1250,1087,45,22,23,2292,1228,1064,2252,1212,1040,2158,1154,1004,2105,1135,970,2053,1104,949,53,23,30,81,51,30,106,50,56,53,19,34,52,31,21,244,115,129,604,556,345,211,86.96,232,1706,399,1.43,1833,979,854,431,239,192,2115,1151,964,97,40,57,16,10,6,0,0,0,16,10,6,16,0,16,27,51,30,21,87,68,20,17,14,47,24,218,81,108,12,46,28,58,68,1990,11,4,7,10,8,*,4,*,3,42,26,16,155,76,79,*,*,0,8,6,*,11,9,*,10,8,*,79,63,16,22,11,11,126,84,42,1789,913,876,14.36,13.75,15.06,1381,629,752,761,517,244,1375,627,748,6,*,4,508,1821,1324,58,9,*,43,8,485,19,910,895,345,1904,56,10,351,876,327,549,2276,761,1515,1030,880,871,721,876,876,131,19,2276,2.6,0.51,871,4,204,672,*,30,844,876,0,876,876,0,819,801,876,0,876,0,876,0,876,130,0,872,817,748,742,68,171,680,845,770,688,855,821,633,548,210,14,*,42,0
14,Jalisco,39,Guadalajara,1,Total AGEB urbana,1787,0,507,244,263,9,3,6,498,241,257,493,240,253,472,231,241,465,229,236,456,226,230,8,*,6,18,8,10,19,8,11,7,*,5,9,3,6,43,20,23,122,128,72,56,107.79,42,378,87,1.48,385,184,201,103,50,53,457,225,232,29,12,17,7,*,5,0,0,0,7,*,5,7,0,7,7,24,11,13,22,18,7,4,6,12,9,22,9,14,*,10,0,4,0,462,*,0,*,0,0,0,0,0,0,7,*,5,29,14,15,0,0,0,0,0,0,*,*,*,6,4,*,24,16,8,3,0,3,30,16,14,391,185,206,14.39,13.79,14.96,340,145,195,132,86,46,332,145,187,8,0,8,119,387,293,20,0,*,9,0,79,3,219,176,77,371,28,6,101,201,83,118,507,199,308,249,201,248,200,200,201,30,18,507,2.52,0.49,199,*,55,145,0,6,194,200,0,200,200,0,184,189,200,0,200,0,200,0,200,27,0,199,181,161,167,14,62,161,192,163,150,193,177,121,107,45,4,*,20,0
14,Jalisco,39,Guadalajara,1,Total AGEB urbana,1791,0,408,197,211,13,6,7,395,191,204,388,186,202,373,180,193,364,175,189,359,171,188,9,5,4,13,6,7,16,8,8,9,5,4,5,4,*,36,17,19,118,79,38,41,107.11,44,314,50,0.97,306,151,155,82,39,43,354,174,180,24,9,15,*,*,*,0,0,0,*,*,*,*,0,*,0,44,27,17,13,10,5,0,*,3,*,29,10,16,*,6,*,9,6,362,4,*,*,0,0,0,*,*,*,4,4,0,18,10,8,0,0,0,0,0,0,0,0,0,3,3,0,5,4,*,*,0,*,19,14,5,332,151,181,15.12,14.56,15.62,299,129,170,74,51,23,296,127,169,3,*,*,94,314,207,10,3,0,*,*,122,*,190,150,33,261,18,4,125,177,57,120,401,130,271,296,178,284,166,177,177,107,11,401,2.27,0.59,176,*,80,97,18,20,139,177,0,177,177,0,115,155,177,0,177,0,177,0,177,32,0,177,147,141,144,13,52,134,166,154,129,171,164,106,105,51,4,0,9,0
14,Jalisco,39,Guadalajara,1,Total AGEB urbana,1804,0,424,218,206,7,5,*,417,213,204,414,213,201,392,204,188,387,200,187,380,196,184,6,0,6,19,9,10,14,10,4,5,4,*,7,4,3,44,28,16,122,86,49,37,94.5,37,339,48,1.15,308,168,140,106,46,60,380,201,179,33,11,22,*,*,0,0,0,0,*,*,0,*,0,*,*,12,6,6,18,7,8,3,3,6,4,77,26,48,6,16,3,26,6,327,0,0,0,*,0,*,*,0,*,3,*,*,23,14,9,0,0,0,4,*,*,3,3,0,6,4,*,7,*,5,*,*,0,19,10,9,345,176,169,14.7,14.21,15.22,293,136,157,99,68,31,289,134,155,4,*,*,127,297,231,7,*,0,7,0,67,6,198,158,36,308,8,*,107,154,51,103,424,137,287,197,154,172,129,154,154,36,7,424,2.75,0.56,154,0,32,122,5,3,146,154,0,154,154,0,148,145,154,0,154,0,154,0,154,24,0,152,141,115,121,20,43,111,150,130,117,153,144,96,94,36,0,0,6,0
14,Jalisco,39,Guadalajara,1,Total AGEB urbana,1819,0,469,229,240,4,0,4,465,229,236,460,228,232,445,221,224,437,218,219,432,216,216,10,6,4,10,*,8,16,5,11,8,3,5,5,*,3,29,19,10,124,104,56,48,104.8,32,365,72,1.14,366,184,182,71,34,37,412,213,199,25,9,16,*,*,0,0,0,0,*,*,0,*,0,*,0,3,*,*,17,11,*,4,5,3,6,32,15,20,0,9,*,9,*,420,*,0,*,3,*,*,*,0,*,5,*,3,21,15,6,0,0,0,*,0,*,*,0,*,*,*,0,10,7,3,0,0,0,13,9,4,407,198,209,15.55,15.05,16.06,333,147,186,105,73,32,331,146,185,*,*,*,96,373,202,18,0,0,0,0,172,4,173,220,52,351,21,0,95,202,99,103,458,247,211,281,206,264,189,202,202,52,23,458,2.27,0.49,202,0,57,145,3,8,191,202,0,202,200,0,196,127,202,0,202,0,202,0,202,35,0,201,183,136,160,23,77,187,197,183,131,195,186,150,128,46,*,*,13,0
14,Jalisco,39,Guadalajara,1,Total AGEB urbana,1823,0,486,252,234,7,3,4,479,249,230,471,247,224,450,240,210,437,232,205,422,224,198,11,3,8,18,6,12,24,11,13,13,8,5,15,8,7,38,21,17,115,140,83,57,92.86,49,334,103,1.53,373,184,189,101,60,41,463,244,219,6,*,4,*,0,*,0,0,0,*,0,*,*,0,*,5,6,*,4,21,15,9,3,6,7,3,69,29,39,6,30,12,16,4,392,5,*,4,0,0,0,0,0,0,11,5,6,21,13,8,0,0,0,*,*,0,8,5,3,0,0,0,31,21,10,0,0,0,55,34,21,342,171,171,13.48,13.04,13.97,318,147,171,132,93,39,317,147,170,*,0,*,136,350,272,16,*,0,10,*,49,6,192,180,78,378,20,4,84,208,88,120,486,204,282,258,208,254,204,206,208,30,20,486,2.34,0.5,206,0,58,148,*,12,192,206,0,206,206,0,205,122,206,0,206,0,206,0,206,61,*,203,189,136,143,14,86,122,192,155,145,182,182,102,89,39,11,7,21,*
14,Jalisco,39,Guadalajara,1,Total AGEB urbana,1838,0,533,300,233,9,7,*,524,293,231,516,291,225,494,279,215,485,276,209,475,268,207,13,6,7,17,8,9,22,8,14,9,3,6,10,8,*,48,32,16,167,113,76,37,77.67,48,405,80,1.08,416,230,186,98,56,42,488,273,215,23,15,8,4,3,*,0,0,0,4,3,*,4,0,4,6,18,6,12,31,12,15,*,7,4,*,94,20,69,6,18,6,15,34,385,6,4,*,3,*,*,*,0,*,10,8,*,19,17,*,*,0,*,0,0,0,*,0,*,9,7,*,26,21,5,3,*,*,62,35,27,377,205,172,13.31,12.83,13.95,388,201,187,106,78,28,387,200,187,*,*,0,157,373,328,10,0,0,17,*,26,*,243,163,88,350,21,3,156,220,108,112,524,250,274,286,222,277,213,220,220,50,14,524,2.38,0.58,219,*,112,108,22,25,173,219,*,220,220,0,219,152,220,0,220,0,219,0,220,110,0,216,187,162,105,11,70,151,190,161,147,205,189,103,111,47,15,3,25,*
14,Jalisco,39,Guadalajara,1,Total AGEB urbana,1842,0,1147,563,584,17,7,10,1130,556,574,1116,547,569,1049,519,530,1012,504,508,977,490,487,19,11,8,62,26,36,81,36,45,37,15,22,35,14,21,134,70,64,306,220,121,99,103.73,135,859,153,1.33,890,444,446,214,98,116,1058,520,538,37,17,20,5,*,3,0,0,0,4,*,*,5,0,4,20,13,7,6,70,41,25,7,12,14,12,106,31,56,3,17,3,26,15,958,4,*,3,0,0,0,*,0,*,32,13,19,69,34,35,*,0,*,*,*,*,5,4,*,20,11,9,38,25,13,23,14,9,98,48,50,804,390,414,13.77,13.5,14.03,733,329,404,299,188,111,720,324,396,13,5,8,380,763,609,55,*,*,31,*,56,23,531,374,139,872,24,*,243,415,187,228,1103,495,608,530,423,498,391,413,415,87,20,1103,2.66,0.55,412,*,99,314,5,35,373,413,0,413,413,0,408,232,413,0,413,0,413,0,413,188,0,410,343,277,214,33,130,337,379,312,265,390,369,203,198,91,8,4,35,0
14,Jalisco,39,Guadalajara,1,Total AGEB urbana,1857,0,3322,1757,1565,84,44,40,3238,1713,1525,3186,1684,1502,2969,1594,1375,2880,1550,1330,2787,1505,1282,81,48,33,188,71,117,220,96,124,89,44,45,93,45,48,370,186,184,921,670,422,248,89.07,442,2382,498,1.45,2724,1421,1303,551,316,235,3063,1627,1436,94,45,49,19,11,8,*,*,0,18,10,8,18,*,17,14,101,47,54,177,106,57,30,31,52,45,374,149,192,19,91,25,86,83,2744,26,15,11,23,7,16,6,3,3,77,34,43,191,102,89,*,*,*,59,47,12,53,44,9,89,58,31,170,104,66,66,35,31,362,189,173,2053,1070,983,12.67,12.4,12.98,2071,998,1073,897,595,302,2053,993,1060,18,5,13,876,2446,2132,135,5,*,115,10,51,42,1360,1103,506,2616,80,16,607,1161,519,642,3214,1370,1844,1358,1164,1254,1060,1159,1161,149,45,3214,2.77,0.67,1155,4,284,875,49,101,1009,1156,3,1157,1156,*,1072,523,1158,0,1159,0,1154,0,1158,590,*,1144,957,790,550,74,322,944,1076,830,770,1087,983,572,531,240,33,23,131,5
14,Jalisco,39,Guadalajara,1,Total AGEB urbana,1861,0,1324,631,693,40,23,17,1282,607,675,1258,597,661,1163,549,614,1103,521,582,1048,495,553,44,23,21,75,35,40,109,51,58,60,28,32,55,26,29,140,67,73,331,213,118,95,109.83,219,953,150,1.52,1040,525,515,259,101,158,1204,577,627,41,18,23,9,*,7,0,0,0,9,*,7,9,0,9,25,35,20,15,57,25,24,10,13,14,7,134,58,71,11,38,3,30,22,1121,15,4,11,0,0,0,*,0,*,47,24,23,59,23,36,0,0,0,9,6,3,9,7,*,31,19,12,93,56,37,30,13,17,175,80,95,732,326,406,12.23,11.8,12.61,871,368,503,288,181,107,863,367,496,8,*,7,363,959,784,67,*,5,46,*,44,22,587,425,151,1021,62,*,237,471,215,256,1304,600,704,597,475,533,411,469,471,115,7,1304,2.77,0.69,468,*,139,330,22,53,394,467,*,469,469,0,420,226,469,0,469,0,467,0,469,248,0,453,365,315,211,36,109,402,434,306,280,439,381,218,227,129,11,10,72,*
14,Jalisco,39,Guadalajara,1,Total AGEB urbana,1876,0,911,451,460,33,15,18,878,436,442,846,418,428,762,376,386,732,364,368,697,343,354,46,26,20,70,34,36,75,34,41,30,12,18,35,21,14,103,54,49,233,172,83,89,102,179,614,118,1.79,770,386,384,134,60,74,840,416,424,5,*,3,11,*,9,*,0,*,8,*,7,11,*,8,27,255,133,122,50,22,24,5,18,8,7,218,65,154,44,81,42,58,8,641,27,14,13,11,5,6,9,3,6,19,8,11,24,11,13,3,*,*,27,19,8,32,20,12,37,24,13,144,67,77,31,17,14,166,90,76,293,130,163,9.46,9.09,9.83,527,216,311,235,160,75,523,216,307,4,0,4,148,762,411,8,*,0,58,0,5,284,314,326,122,835,30,0,46,294,147,147,911,515,396,462,294,449,281,290,294,127,41,911,3.1,0.84,290,0,38,251,8,52,229,289,0,289,289,0,281,65,289,0,289,0,289,0,289,207,*,263,190,158,70,18,101,171,277,115,105,254,162,115,24,48,7,16,116,3
14,Jalisco,39,Guadalajara,1,Total AGEB urbana,1880,0,1826,934,892,61,36,25,1765,898,867,1711,879,832,1536,805,731,1469,762,707,1395,724,671,78,29,49,151,64,87,165,86,79,67,43,24,74,38,36,194,96,98,461,333,187,146,95.5,357,1235,234,1.72,1497,775,722,313,156,157,1662,867,795,34,11,23,33,18,15,0,0,0,33,18,15,31,0,31,63,36,21,15,83,53,19,12,16,13,16,203,82,143,26,62,31,45,54,1497,35,10,25,10,6,4,16,13,3,50,29,21,65,34,31,6,3,3,39,23,16,32,21,11,78,40,38,196,113,83,40,18,22,309,152,157,753,387,366,10.67,10.49,10.87,1000,466,534,512,339,173,989,462,527,11,4,7,560,1255,941,47,0,3,213,3,30,23,629,617,279,1635,83,4,90,540,218,322,1735,677,1058,771,551,738,518,540,540,189,31,1735,3.21,0.84,537,3,136,404,16,53,471,540,0,540,539,0,528,344,540,0,540,0,540,0,540,296,*,506,411,326,210,63,155,407,518,254,296,488,359,223,159,94,11,28,157,3
14,Jalisco,39,Guadalajara,1,Total AGEB urbana,1895,0,1933,974,959,68,33,35,1865,941,924,1821,921,900,1620,831,789,1543,794,749,1447,748,699,66,33,33,179,77,102,199,93,106,77,37,40,96,46,50,234,100,134,479,338,200,138,98.46,390,1300,243,1.8,1556,778,778,363,187,176,1735,876,859,77,40,37,63,17,46,0,0,0,62,17,45,63,0,62,97,44,24,20,90,59,35,15,21,31,26,150,65,86,4,39,11,30,31,1678,20,12,8,4,*,3,9,3,6,58,27,31,80,36,44,5,*,4,28,22,6,34,25,9,68,38,30,250,135,115,60,27,33,365,169,196,713,367,346,10.33,10.22,10.43,1094,481,613,524,349,175,1085,477,608,9,4,5,778,1154,933,24,9,0,146,0,12,32,758,636,226,1615,170,3,145,576,244,332,1867,764,1103,814,580,809,575,574,576,195,39,1867,3.24,0.83,571,3,169,405,30,89,455,574,0,572,569,*,537,334,574,0,574,0,572,0,574,367,3,517,411,323,173,62,181,460,538,251,273,519,359,255,85,88,18,27,183,5
14,Jalisco,39,Guadalajara,1,Total AGEB urbana,1908,0,3317,1730,1587,101,61,40,3216,1669,1547,3116,1617,1499,2796,1460,1336,2677,1404,1273,2540,1349,1191,145,77,68,275,132,143,313,148,165,119,56,63,137,55,82,413,197,216,861,602,361,241,91.73,640,2244,433,1.77,2934,1547,1387,362,173,189,3049,1590,1459,50,22,28,16,8,8,0,0,0,16,8,8,15,0,15,23,209,110,99,131,85,32,22,38,44,27,170,76,73,15,55,18,42,52,2987,40,21,19,11,4,7,9,4,5,102,41,61,157,83,74,*,0,*,38,22,16,38,24,14,121,65,56,274,164,110,110,45,65,517,272,245,1523,784,739,11.05,10.9,11.21,1988,903,1085,804,556,248,1968,895,1073,20,8,12,861,2452,1959,49,3,11,318,4,87,40,1267,1069,460,3012,74,6,224,1041,442,599,3280,1340,1940,1329,1044,1322,1037,1035,1041,208,77,3280,3.15,0.79,1034,*,302,733,36,119,880,1034,*,1035,1035,0,1003,652,1035,0,1035,0,1034,0,1035,527,0,1000,800,660,444,143,310,820,1002,579,596,963,741,536,362,198,19,25,253,3
14,Jalisco,39,Guadalajara,1,Total AGEB urbana,1912,0,2808,1395,1413,119,53,66,2689,1342,1347,2594,1301,1293,2322,1169,1153,2211,1112,1099,2085,1059,1026,127,55,72,240,118,122,273,135,138,111,57,54,126,53,73,303,154,149,676,491,262,229,101.29,597,1854,357,1.93,2443,1205,1238,347,183,164,2542,1281,1261,44,18,26,11,5,6,0,0,0,11,5,6,11,0,11,23,133,64,69,165,89,78,11,32,20,17,339,113,229,18,71,25,51,41,2277,47,22,25,10,4,6,5,*,3,104,44,60,109,50,59,8,3,5,47,24,23,50,26,24,120,73,47,309,157,152,82,39,43,499,228,271,1071,540,531,10.41,10.29,10.53,1512,656,856,810,513,297,1481,649,832,31,7,24,967,1841,1404,89,*,19,288,19,15,29,1005,965,352,2496,139,9,160,797,356,441,2744,1250,1494,1115,801,1109,795,793,797,259,55,2744,3.44,0.85,793,0,245,548,21,105,667,793,0,792,791,*,746,419,792,0,792,*,791,0,792,495,*,755,578,472,271,58,181,645,766,363,389,724,510,341,159,128,11,34,241,3
14,Jalisco,39,Guadalajara,1,Total AGEB urbana,1927,0,2553,1361,1192,96,47,49,2457,1314,1143,2396,1278,1118,2155,1145,1010,2054,1095,959,1949,1049,900,94,56,38,208,113,95,237,127,110,101,50,51,105,46,59,323,159,164,649,454,276,178,87.58,499,1734,320,1.87,2280,1217,1063,263,140,123,2349,1261,1088,43,15,28,3,*,*,0,0,0,3,*,*,3,0,3,6,16,10,6,121,74,48,13,19,25,14,269,128,141,18,70,13,61,49,2132,22,11,11,*,0,*,*,*,*,86,39,47,142,67,75,*,0,*,27,20,7,26,19,7,97,59,38,192,121,71,66,26,40,396,203,193,1190,616,574,11.3,11.05,11.58,1394,635,759,757,507,250,1384,633,751,10,*,8,698,1853,1584,89,0,3,143,*,17,34,936,877,342,2306,74,6,163,754,327,427,2550,1051,1499,924,755,912,743,754,754,141,28,2550,3.38,0.81,754,0,117,637,20,75,659,754,0,753,753,*,702,365,748,0,754,0,753,0,748,369,0,727,613,503,356,85,271,606,729,411,432,697,532,330,233,147,9,17,185,0
14,Jalisco,39,Guadalajara,1,Total AGEB urbana,1931,0,1639,890,749,44,20,24,1595,870,725,1567,856,711,1462,795,667,1407,763,644,1328,723,605,50,27,23,83,48,35,115,67,48,55,32,23,79,40,39,215,99,116,409,374,234,140,84.16,232,1140,267,1.68,1450,789,661,172,93,79,1505,833,672,55,22,33,*,*,0,0,0,0,*,*,0,*,0,*,*,9,7,*,80,47,30,27,23,29,29,146,61,92,13,57,18,35,20,1402,12,7,5,5,5,0,4,3,*,63,33,30,103,43,60,0,0,0,16,10,6,18,12,6,44,31,13,165,97,68,24,12,12,236,132,104,865,445,420,11.6,11.24,12.02,878,407,471,572,381,191,865,401,464,13,6,7,465,1174,1044,60,4,0,37,*,23,12,660,557,245,1512,50,0,77,515,297,218,1616,931,685,578,516,563,501,515,515,56,6,1616,3.14,0.72,514,*,109,406,7,38,470,515,0,515,515,0,506,127,515,0,515,0,515,0,515,210,0,503,450,376,287,60,155,488,494,290,374,468,397,273,176,106,*,9,100,0
14,Jalisco,39,Guadalajara,1,Total AGEB urbana,1946,0,2222,1122,1100,85,48,37,2136,1074,1062,2086,1046,1040,1920,969,951,1841,940,901,1749,900,849,74,39,35,142,66,76,174,74,100,79,29,50,92,40,52,290,137,153,542,476,262,214,98.04,380,1482,359,2,2064,1038,1026,143,78,65,2059,1032,1027,21,11,10,5,*,3,0,0,0,5,*,3,5,0,5,12,31,14,17,86,70,30,25,28,41,34,229,152,103,45,66,48,94,43,1891,23,13,10,8,3,5,6,*,4,69,34,35,137,61,76,0,0,0,21,11,10,37,20,17,78,47,31,278,163,115,35,15,20,353,156,197,989,497,492,10.73,10.61,10.85,1266,551,715,653,417,236,1238,545,693,28,6,22,667,1554,1432,35,9,0,56,*,*,22,765,765,390,2034,68,4,113,663,259,404,2203,839,1364,832,664,826,658,662,663,100,68,2203,3.32,0.75,656,6,147,515,21,53,588,662,0,662,662,0,643,206,662,0,662,0,662,0,662,293,0,648,546,418,326,102,202,554,636,336,391,607,437,303,238,136,13,19,191,*
14,Jalisco,39,Guadalajara,1,Total AGEB urbana,1950,0,2286,1189,1097,50,24,26,2236,1165,1071,2190,1142,1048,2002,1053,949,1921,1016,905,1823,958,865,71,36,35,163,76,87,190,83,107,81,37,44,98,58,40,315,147,168,587,469,273,196,92.26,365,1577,344,1.68,2040,1061,979,230,121,109,2107,1109,998,71,27,44,6,3,3,0,0,0,6,3,3,6,0,6,7,49,25,24,124,71,47,25,23,33,25,314,142,171,15,81,23,97,41,1825,31,15,16,4,0,4,*,0,*,84,50,34,173,76,97,*,0,*,16,8,8,19,10,9,73,47,26,186,108,78,55,28,27,315,179,136,1189,589,600,11.63,11.4,11.89,1181,530,651,819,523,296,1169,527,642,12,3,9,663,1622,1451,66,5,0,81,3,11,8,861,806,335,2110,54,*,120,689,285,404,2252,848,1404,814,692,798,676,684,689,92,30,2252,3.27,0.69,681,3,89,595,5,20,659,684,0,683,683,*,674,111,684,0,683,*,683,0,683,258,*,677,596,474,400,63,191,552,662,443,442,645,520,386,227,140,8,16,134,*
14,Jalisco,39,Guadalajara,1,Total AGEB urbana,1965,0,2593,1374,1219,74,39,35,2519,1335,1184,2448,1300,1148,2236,1183,1053,2137,1136,1001,2010,1071,939,102,49,53,181,103,78,228,117,111,99,47,52,127,65,62,260,121,139,662,474,286,188,88.72,456,1822,315,1.85,2433,1283,1150,154,89,65,2424,1288,1136,22,11,11,*,0,*,0,0,0,*,0,*,*,0,*,*,10,3,7,151,94,53,19,27,33,23,205,101,101,13,50,15,53,35,2227,45,22,23,7,6,*,7,*,5,98,55,43,121,60,61,*,*,0,42,28,14,37,27,10,113,75,38,295,167,128,71,33,38,485,263,222,1070,533,537,10.46,10.2,10.75,1509,693,816,727,490,237,1495,690,805,14,3,11,723,1870,1683,43,0,6,125,17,7,4,995,955,286,2374,99,*,119,851,415,436,2593,1308,1285,1002,851,994,843,851,851,146,5,2593,3.05,0.79,847,4,235,615,19,141,690,849,*,850,849,0,827,94,848,0,849,*,848,0,846,479,*,818,634,482,313,97,184,653,831,379,416,772,514,306,126,109,6,41,289,*
14,Jalisco,39,Guadalajara,1,Total AGEB urbana,197A,0,2728,1432,1296,87,45,42,2641,1387,1254,2587,1358,1229,2377,1257,1120,2282,1211,1071,2179,1150,1029,80,39,41,184,91,93,219,106,113,95,46,49,103,61,42,383,160,223,667,590,361,229,90.5,446,1839,443,1.9,2446,1296,1150,267,130,137,2523,1343,1180,51,14,37,9,3,6,0,0,0,9,3,6,9,0,9,18,42,20,22,197,100,80,33,44,52,38,541,180,369,28,118,29,136,67,1963,29,15,14,3,*,*,4,*,3,87,52,35,209,85,124,4,*,3,22,14,8,38,25,13,120,77,43,251,151,100,54,26,28,376,211,165,1360,664,696,11.37,10.93,11.87,1414,634,780,962,622,340,1384,624,760,30,10,20,856,1872,1638,69,3,15,106,*,21,33,1057,945,375,2425,150,*,152,790,308,482,2728,1024,1704,914,790,904,780,789,790,90,34,2728,3.45,0.75,785,4,169,620,3,32,754,788,*,788,786,*,771,110,789,0,788,*,786,0,788,344,*,776,691,555,422,85,174,578,765,447,515,703,586,407,232,165,15,15,179,3
14,Jalisco,39,Guadalajara,1,Total AGEB urbana,1984,0,2146,1149,997,80,36,44,2066,1113,953,2008,1086,922,1785,960,825,1683,907,776,1593,856,737,85,43,42,196,110,86,228,121,107,102,53,49,90,51,39,225,109,116,553,388,227,161,86.77,463,1401,282,2.02,1939,1043,896,196,100,96,1989,1079,910,19,7,12,*,*,*,0,0,0,*,*,*,*,0,*,*,8,5,3,162,92,59,30,47,42,36,252,94,145,16,51,14,49,42,1719,30,15,15,14,6,8,10,4,6,69,40,29,83,39,44,3,*,*,24,12,12,41,20,21,84,49,35,233,143,90,59,28,31,372,203,169,818,414,404,10.41,10.25,10.61,1126,514,612,656,444,212,1118,514,604,8,0,8,642,1503,1222,36,3,3,190,0,40,24,714,771,300,1989,68,4,84,651,312,339,2146,1023,1123,756,651,738,633,648,651,99,6,2146,3.3,0.77,645,3,115,533,11,45,591,648,0,648,646,0,616,88,648,0,648,0,648,0,648,338,*,633,532,380,287,63,166,449,638,315,330,591,432,273,148,115,6,26,183,*
14,Jalisco,39,Guadalajara,1,Total AGEB urbana,1999,0,1739,890,849,61,27,34,1678,863,815,1641,853,788,1522,798,724,1468,769,699,1387,720,667,56,17,39,100,48,52,120,63,57,54,29,25,81,49,32,205,96,109,428,357,206,151,95.39,271,1210,258,1.8,1520,779,741,206,106,100,1612,840,772,28,13,15,11,4,7,0,0,0,11,4,7,11,0,11,25,9,*,7,128,75,39,15,23,23,28,262,100,165,7,62,5,48,36,1338,15,5,10,*,*,*,*,0,*,69,46,23,107,55,52,*,0,*,14,8,6,25,15,10,46,27,19,158,88,70,33,16,17,255,134,121,881,435,446,11.47,11.17,11.79,914,377,537,607,421,186,902,375,527,12,*,10,540,1199,996,61,6,*,88,0,20,36,619,657,246,1580,68,14,77,523,183,340,1739,572,1167,646,523,623,500,522,523,98,25,1739,3.33,0.74,520,*,98,424,5,29,488,522,0,522,522,0,501,132,522,0,522,0,522,0,522,236,0,511,448,347,269,53,130,396,515,314,333,491,403,244,139,102,*,9,99,0
14,Jalisco,39,Guadalajara,1,Total AGEB urbana,2003,0,2235,1188,1047,72,40,32,2163,1148,1015,2104,1117,987,1871,1001,870,1779,957,822,1686,907,779,91,50,41,201,97,104,218,99,119,92,44,48,93,50,43,256,123,133,552,391,241,150,88.13,456,1500,279,2.08,2023,1065,958,202,118,84,2064,1097,967,35,18,17,3,*,*,0,0,0,3,*,*,3,0,3,9,767,407,360,139,77,57,22,34,30,32,289,77,215,14,49,12,51,42,1784,29,21,8,9,4,5,6,5,*,67,38,29,92,46,46,3,0,3,31,20,11,47,28,19,117,73,44,227,142,85,40,20,20,414,200,214,868,456,412,10.35,10.19,10.53,1235,571,664,636,430,206,1220,567,653,15,4,11,794,1440,1129,52,*,7,206,0,40,16,798,768,305,2056,105,4,70,649,317,332,2229,1097,1132,806,650,799,643,649,649,129,27,2229,3.43,0.86,646,3,139,510,11,68,570,649,0,649,648,0,614,124,649,0,649,0,649,0,649,314,0,631,532,407,299,81,199,509,634,333,379,599,468,335,190,146,7,16,152,*
14,Jalisco,39,Guadalajara,1,Total AGEB urbana,2018,0,2060,1089,971,50,30,20,2010,1059,951,1957,1029,928,1772,937,835,1701,903,798,1618,862,756,82,46,36,156,76,80,184,88,96,71,34,37,83,41,42,262,134,128,509,392,238,154,89.16,359,1418,283,1.93,1815,954,861,231,129,102,1920,1013,907,33,16,17,5,*,3,0,0,0,5,*,3,5,0,5,6,16,7,9,181,94,82,26,45,29,33,300,82,218,12,65,16,62,43,1557,31,21,10,36,18,18,15,7,8,50,25,25,97,49,48,*,*,*,28,17,11,33,19,14,93,49,44,177,110,67,39,15,24,286,147,139,1012,529,483,11.11,10.95,11.29,1096,470,626,670,465,205,1074,467,607,22,3,19,706,1353,1138,47,4,15,123,0,14,19,751,769,252,1851,89,3,115,605,234,371,2056,722,1334,710,606,695,591,605,605,92,12,2056,3.4,0.78,584,21,140,465,6,45,554,605,0,604,604,*,578,225,605,0,604,*,603,0,604,265,4,589,504,393,315,73,199,476,587,349,387,556,453,299,163,115,8,13,121,5
14,Jalisco,39,Guadalajara,1,Total AGEB urbana,2022,0,4065,2079,1986,136,65,71,3929,2014,1915,3806,1955,1851,3422,1779,1643,3239,1692,1547,3043,1607,1436,188,78,110,319,157,162,400,185,215,183,87,96,196,85,111,476,223,253,1017,728,418,310,95.53,826,2732,507,2.02,3676,1877,1799,369,191,178,3730,1921,1809,64,30,34,14,5,9,0,0,0,14,5,9,14,0,14,31,100,45,55,332,194,150,45,69,50,66,523,204,293,39,106,28,163,76,3177,80,38,42,30,14,16,22,13,9,155,68,87,190,92,98,10,5,5,56,31,25,77,40,37,190,117,73,453,260,193,93,42,51,714,350,364,1576,810,766,10.33,10.25,10.41,2258,992,1266,1160,785,375,2221,977,1244,37,15,22,1214,2850,2235,82,18,0,345,0,17,178,1448,1480,494,3619,284,0,159,1164,445,719,4065,1479,2586,1396,1164,1384,1152,1153,1164,191,41,4065,3.49,0.89,1145,8,312,841,14,122,1017,1153,0,1151,1151,*,1078,249,1150,0,1152,*,1151,0,1150,620,*,1109,939,675,488,112,421,881,1118,538,652,1054,778,470,290,209,15,32,318,4
14,Jalisco,39,Guadalajara,1,Total AGEB urbana,2037,0,2760,1462,1298,105,50,55,2654,1411,1243,2569,1368,1201,2299,1224,1075,2151,1138,1013,2024,1070,954,123,63,60,232,124,108,297,167,130,148,86,62,127,68,59,317,158,159,695,481,272,209,88.78,608,1808,343,2.04,2506,1305,1201,234,146,88,2526,1342,1184,33,22,11,3,*,*,0,0,0,3,*,*,3,0,3,3,13,8,5,136,78,40,29,23,37,28,160,73,76,8,39,6,25,48,2440,59,32,27,19,9,10,11,5,6,90,46,44,105,52,53,5,3,*,42,25,17,57,34,23,113,64,49,342,198,144,49,18,31,565,303,262,956,480,476,10.05,9.85,10.28,1429,632,797,863,590,273,1417,628,789,12,4,8,820,1939,1604,60,*,*,254,17,5,7,949,999,351,2460,145,0,154,773,331,442,2757,1118,1639,910,774,892,756,773,773,120,16,2757,3.57,0.96,767,6,189,584,29,113,631,773,0,773,772,0,604,248,773,0,773,0,773,0,773,442,6,740,618,458,298,64,278,622,742,296,403,690,508,309,134,106,14,40,239,6
14,Jalisco,39,Guadalajara,1,Total AGEB urbana,2041,0,1670,884,786,56,30,26,1614,854,760,1564,836,728,1415,761,654,1361,736,625,1306,706,600,71,32,39,128,61,67,137,68,69,54,25,29,55,30,25,205,113,92,431,364,212,152,88.91,309,1111,250,2.15,1529,806,723,135,74,61,1550,827,723,14,9,5,*,*,*,0,0,0,*,*,*,*,0,*,7,15,7,8,109,64,39,10,20,23,16,65,22,35,3,10,6,8,30,1472,26,12,14,10,6,4,5,3,*,39,21,18,86,52,34,0,0,0,30,19,11,42,28,14,86,55,31,230,127,103,45,22,23,244,134,110,678,349,329,10.18,9.96,10.45,895,396,499,514,362,152,887,394,493,8,*,6,522,1148,999,29,5,*,103,7,16,4,585,612,218,1483,65,4,118,479,211,268,1670,733,937,572,479,570,477,478,479,83,10,1670,3.49,0.8,475,3,85,393,15,44,419,477,*,478,478,0,474,41,478,0,478,0,477,0,478,243,*,459,386,291,217,42,207,361,460,195,260,405,327,188,106,65,6,31,130,*
14,Jalisco,39,Guadalajara,1,Total AGEB urbana,2056,0,3305,1735,1570,108,54,54,3197,1681,1516,3101,1631,1470,2793,1487,1306,2646,1408,1238,2477,1330,1147,146,70,76,258,124,134,325,170,155,147,79,68,169,78,91,391,192,199,899,507,296,211,90.49,659,2296,350,1.87,3013,1580,1433,277,146,131,3062,1615,1447,37,16,21,4,*,3,0,0,0,4,*,3,4,0,4,7,39,20,19,160,97,66,20,24,30,21,357,134,209,19,72,23,87,49,2766,56,27,29,21,12,9,20,11,9,131,61,70,152,81,71,6,5,*,36,23,13,43,29,14,145,77,68,248,157,91,81,27,54,536,277,259,1489,781,708,11.05,10.9,11.23,1753,767,986,1035,718,317,1732,761,971,21,6,15,1090,2212,1824,117,8,3,201,0,63,36,1216,1200,376,3111,79,*,110,925,331,594,3284,1073,2211,1059,928,1045,914,925,925,115,16,3284,3.55,0.83,924,*,185,740,18,68,839,925,0,925,923,0,892,285,925,0,925,0,925,0,922,386,0,911,816,652,508,97,354,703,905,548,562,873,704,470,345,230,13,23,170,*
14,Jalisco,39,Guadalajara,1,Total AGEB urbana,2107,0,614,304,310,21,10,11,593,294,299,582,291,291,537,266,271,510,252,258,489,243,246,17,4,13,39,24,15,53,31,22,27,14,13,21,9,12,64,35,29,146,129,67,62,101.97,104,414,96,2.05,506,248,258,102,55,47,576,288,288,6,3,3,6,3,3,0,0,0,6,3,3,6,0,6,9,11,4,7,54,24,37,11,14,8,11,147,33,132,12,27,11,20,28,399,7,*,6,*,0,*,*,*,0,17,8,9,24,13,11,0,0,0,9,5,4,8,4,4,32,17,15,65,31,34,12,5,7,85,37,48,295,149,146,11.3,11.25,11.34,333,138,195,189,128,61,327,136,191,6,*,4,214,400,368,6,7,0,13,0,6,0,211,212,114,505,39,*,66,179,63,116,595,177,418,199,182,185,168,178,179,13,4,595,3.32,0.79,177,*,51,127,7,13,158,178,0,178,175,0,168,117,178,0,178,0,178,0,178,71,0,174,152,126,102,15,42,147,171,115,108,165,136,90,69,51,*,6,36,0
14,Jalisco,39,Guadalajara,1,Total AGEB urbana,2111,0,2316,1224,1092,70,43,27,2246,1181,1065,2194,1157,1037,1994,1060,934,1898,1012,886,1783,961,822,84,37,47,168,84,84,221,109,112,96,48,48,115,51,64,284,138,146,603,423,243,180,89.22,418,1595,303,2.02,1961,1036,925,333,172,161,2116,1126,990,58,23,35,29,16,13,0,0,0,29,16,13,29,0,29,55,94,53,41,189,106,89,21,47,31,41,474,146,345,36,70,27,106,68,1622,22,11,11,*,0,*,8,5,3,89,41,48,139,69,70,*,0,*,37,20,17,49,26,23,107,71,36,259,140,119,52,23,29,393,196,197,955,507,448,10.51,10.48,10.55,1279,598,681,708,460,248,1258,595,663,21,3,18,681,1627,1509,46,14,*,52,0,17,4,824,824,341,2032,123,6,147,658,331,327,2316,1171,1145,732,658,715,641,658,658,59,15,2316,3.52,0.85,658,0,158,500,30,52,575,657,*,655,655,3,602,310,657,0,658,0,654,0,656,336,3,631,529,408,300,59,240,478,637,336,379,588,479,294,181,139,9,24,160,4
14,Jalisco,39,Guadalajara,1,Total AGEB urbana,2126,0,1229,641,588,47,20,27,1182,621,561,1153,607,546,1042,557,485,995,529,466,944,507,437,52,29,23,88,35,53,110,51,59,47,28,19,51,22,29,154,81,73,336,201,121,80,91.73,234,859,136,1.86,1048,543,505,174,96,78,1130,595,535,22,11,11,0,0,0,0,0,0,0,0,0,0,0,0,0,47,25,22,59,34,25,4,5,11,12,141,68,74,12,42,15,40,36,1013,12,7,5,*,*,0,3,*,*,41,19,22,61,31,30,4,*,3,10,7,3,73,50,23,18,13,5,124,60,64,7,6,*,285,143,142,484,255,229,10.12,9.95,10.32,693,322,371,349,235,114,673,313,360,20,9,11,357,872,810,17,*,0,37,3,5,0,445,454,143,1123,51,3,52,339,140,199,1229,486,743,393,339,391,337,339,339,54,0,1229,3.63,0.87,338,*,71,268,*,34,303,339,0,338,336,*,317,122,339,0,339,0,338,0,339,157,0,330,285,227,169,39,97,276,326,166,205,311,240,144,46,64,5,12,79,0
14,Jalisco,39,Guadalajara,1,Total AGEB urbana,2130,0,1943,914,1029,22,7,15,826,361,465,809,351,458,774,334,440,753,324,429,733,318,415,21,10,11,31,17,14,40,19,21,21,10,11,20,6,14,62,26,36,212,140,76,64,112.58,95,659,94,1.1,625,279,346,173,75,98,727,318,409,42,20,22,5,3,*,0,0,0,5,3,*,5,0,5,5,54,18,36,26,14,6,5,4,11,7,109,37,65,10,21,10,25,18,696,8,*,6,*,0,*,*,0,*,15,4,11,23,12,11,*,0,*,*,0,*,3,*,*,13,5,8,17,8,9,4,*,3,36,19,17,650,279,371,14.98,14.67,15.23,599,234,365,161,99,62,596,234,362,3,0,3,164,675,444,21,0,0,17,4,278,19,358,307,96,573,14,13,238,680,285,395,1932,856,1076,824,681,511,368,680,680,103,40,1932,2.84,0.51,367,0,125,242,5,26,336,367,0,367,366,0,233,280,367,0,366,0,366,0,364,51,0,367,322,329,315,42,76,276,353,326,258,358,354,254,235,131,7,*,10,*
14,Jalisco,39,Guadalajara,1,Total AGEB urbana,2145,0,1224,659,565,18,12,6,1206,647,559,1191,638,553,1126,603,523,1088,586,502,1059,574,485,23,15,8,57,29,28,82,38,44,38,17,21,29,12,17,119,54,65,304,338,202,136,85.74,136,834,254,1.32,1029,567,462,156,72,84,1148,618,530,33,14,19,5,3,*,0,0,0,4,3,*,5,0,4,9,257,138,119,57,32,25,21,25,29,25,141,56,81,23,40,26,48,61,980,6,*,4,12,*,10,5,4,*,18,6,12,65,33,32,*,0,*,6,*,4,4,*,3,25,18,7,68,41,27,10,5,5,143,87,56,801,413,388,13.41,13.1,13.77,823,407,416,295,192,103,814,403,411,9,4,5,242,972,849,35,3,0,12,0,101,10,500,434,189,982,16,*,216,408,173,235,1191,460,731,525,412,494,381,407,408,88,25,1191,2.92,0.59,386,19,101,305,4,18,384,406,0,406,406,0,403,320,406,0,406,0,406,0,406,109,0,405,370,327,290,50,130,322,381,297,300,378,352,243,170,97,14,6,38,3
14,Jalisco,39,Guadalajara,1,Total AGEB urbana,215A,0,799,429,370,13,8,5,786,421,365,768,414,354,724,395,329,709,389,320,692,375,317,24,11,13,38,15,23,39,14,25,15,6,9,17,14,3,98,58,40,231,161,92,69,86.25,90,604,105,1.3,574,319,255,199,100,99,703,382,321,51,26,25,*,0,*,0,0,0,*,0,*,*,0,*,*,17,7,10,45,24,18,*,10,8,3,58,25,33,*,6,4,16,3,694,4,3,*,*,*,*,0,0,0,16,13,3,54,30,24,0,0,0,*,*,0,4,3,*,7,5,*,45,31,14,4,*,*,61,38,23,572,297,275,13.82,13.3,14.45,508,244,264,212,151,61,502,242,260,6,*,4,196,601,486,28,0,0,39,0,39,10,320,298,106,611,33,*,151,289,100,189,796,260,536,361,290,355,284,287,289,67,4,796,2.75,0.6,286,*,80,207,4,45,238,287,0,287,287,0,284,124,287,0,287,0,287,0,287,114,0,282,235,190,168,25,86,219,264,215,185,276,258,149,142,59,10,*,25,0
14,Jalisco,39,Guadalajara,1,Total AGEB urbana,2164,0,844,426,418,22,7,15,822,419,403,802,408,394,740,378,362,714,364,350,687,350,337,26,13,13,56,28,28,70,37,33,26,14,12,27,14,13,83,44,39,225,154,93,61,98.12,130,598,116,1.44,712,368,344,118,50,68,770,396,374,21,7,14,3,*,*,0,0,0,3,*,*,3,0,3,3,9,5,4,48,37,16,4,7,14,4,55,26,29,3,10,3,7,16,730,11,6,5,*,0,*,*,*,0,23,11,12,36,19,17,*,*,*,9,4,5,6,*,4,18,13,5,46,31,15,13,7,6,108,59,49,494,234,260,12.3,11.9,12.72,488,228,260,238,150,88,483,225,258,5,3,*,195,649,542,30,*,12,50,0,14,3,333,297,110,712,19,3,110,284,108,176,819,284,535,376,287,369,280,282,284,85,4,819,2.88,0.68,282,0,73,209,8,27,247,282,0,282,282,0,280,98,282,0,282,0,282,0,282,127,0,280,230,193,143,26,94,234,269,182,187,266,222,150,116,73,4,*,51,0
14,Jalisco,39,Guadalajara,1,Total AGEB urbana,2179,0,762,373,389,24,14,10,735,357,378,720,351,369,674,327,347,654,317,337,640,310,330,21,7,14,40,23,17,48,23,25,20,10,10,14,7,7,83,39,44,181,161,95,66,104.29,105,529,125,1.69,618,317,301,125,48,77,671,335,336,33,12,21,8,3,5,0,0,0,8,3,5,8,0,8,12,12,7,5,48,24,19,*,10,7,15,121,39,83,4,16,6,24,15,578,6,*,4,3,0,3,*,0,*,12,7,5,41,19,22,*,0,*,8,4,4,12,8,4,40,17,23,87,46,41,16,7,9,110,48,62,365,177,188,11.17,10.96,11.36,441,180,261,223,143,80,434,177,257,7,3,4,151,596,502,24,0,0,63,7,18,10,287,270,108,621,33,*,94,284,115,169,734,284,450,373,285,358,270,283,284,76,12,734,2.58,0.69,282,0,130,152,39,20,223,282,0,282,279,0,257,126,279,0,279,3,279,0,279,154,0,275,210,167,118,20,83,248,264,163,153,257,198,130,108,48,4,10,68,0
14,Jalisco,39,Guadalajara,1,Total AGEB urbana,2183,0,931,407,524,36,17,19,895,390,505,874,378,496,828,356,472,815,348,467,803,345,458,31,20,11,36,14,22,31,15,16,13,8,5,12,3,9,165,75,90,304,37,13,24,128.75,116,796,19,0.71,477,208,269,370,171,199,650,288,362,174,79,95,*,*,0,0,0,0,0,0,0,*,0,0,4,5,*,3,23,5,16,4,*,4,5,62,*,49,*,21,*,5,16,796,12,8,4,*,0,*,*,*,0,11,3,8,105,39,66,*,*,*,3,0,3,7,*,6,18,6,12,22,8,14,7,*,6,50,25,25,664,299,365,13.99,13.98,13.99,612,243,369,179,110,69,605,238,367,7,5,*,161,733,647,29,*,0,*,0,101,4,365,362,64,650,57,6,181,364,105,259,841,220,621,471,365,450,344,363,364,55,51,841,2.31,0.56,361,*,124,239,*,17,345,363,0,363,362,0,316,81,363,0,363,0,363,0,363,104,0,362,315,239,258,11,41,183,355,334,130,355,342,227,153,58,5,7,11,0
14,Jalisco,39,Guadalajara,1,Total AGEB urbana,2200,0,1191,613,578,31,15,16,1160,598,562,1134,587,547,1021,534,487,982,510,472,925,473,452,38,18,20,101,46,55,110,61,49,39,24,15,57,37,20,131,52,79,309,227,134,93,94.29,209,831,151,1.68,1060,547,513,120,61,59,1099,572,527,30,13,17,*,*,*,0,0,0,*,*,*,*,0,*,11,31,15,16,51,35,11,8,10,18,15,106,55,62,6,30,10,31,14,1028,8,6,*,*,0,*,4,3,*,51,34,17,75,24,51,0,0,0,5,3,*,20,11,9,16,13,3,123,63,60,13,8,5,176,89,87,601,304,297,11.52,11.25,11.81,662,304,358,335,229,106,645,295,350,17,9,8,347,844,748,59,*,*,31,0,12,5,418,419,184,1068,39,4,80,363,139,224,1154,396,758,460,364,445,349,363,363,74,22,1154,3.18,0.76,360,3,54,309,5,19,339,363,0,363,362,0,355,180,363,0,363,0,363,0,363,135,0,359,322,279,222,46,136,299,354,226,223,337,275,182,146,82,4,8,68,0
14,Jalisco,39,Guadalajara,1,Total AGEB urbana,2215,0,2270,1221,1049,66,28,38,2204,1193,1011,2159,1168,991,1979,1078,901,1900,1036,864,1803,988,815,68,35,33,157,80,77,186,95,91,79,42,37,97,48,49,304,166,138,575,445,267,178,85.91,370,1604,296,1.75,2068,1106,962,194,110,84,2135,1152,983,20,15,5,7,0,7,0,0,0,7,0,7,7,0,7,11,17,8,9,139,82,64,15,30,42,15,448,107,389,21,79,32,55,31,1673,15,9,6,*,*,0,5,0,5,80,37,43,153,93,60,5,*,3,10,5,5,25,19,6,74,55,19,168,101,67,39,18,21,302,168,134,1200,626,574,11.55,11.26,11.9,1201,531,670,772,544,228,1167,520,647,34,11,23,522,1746,1601,55,6,3,73,3,20,11,859,809,309,2111,55,0,102,678,267,411,2270,829,1441,796,678,772,654,676,678,102,16,2270,3.35,0.72,674,*,91,585,5,35,636,676,0,676,676,0,645,201,675,0,676,0,676,0,675,268,*,671,602,486,388,61,231,549,660,409,423,612,501,384,196,93,10,13,140,*
14,Jalisco,39,Guadalajara,1,Total AGEB urbana,2249,0,3183,1669,1514,82,39,43,3101,1630,1471,3054,1602,1452,2827,1497,1330,2732,1449,1283,2617,1399,1218,68,38,30,206,95,111,241,114,127,95,48,47,115,50,65,468,204,264,799,651,403,248,90.71,451,2270,462,1.69,2818,1484,1334,330,173,157,2966,1567,1399,70,29,41,*,0,*,0,0,0,*,0,*,*,0,*,*,31,16,15,138,89,39,15,29,21,24,322,183,181,65,138,67,106,23,2700,20,16,4,8,5,3,4,*,*,100,43,57,293,132,161,*,*,0,15,8,7,22,15,7,75,53,22,231,144,87,41,18,23,344,180,164,1935,995,940,12.39,12.13,12.67,1658,745,913,1159,748,411,1636,738,898,22,7,15,459,2717,2354,113,10,3,78,0,101,95,1307,1124,390,2780,123,6,265,993,390,603,3131,1104,2027,1268,996,1234,962,993,993,210,62,3131,3.15,0.69,993,0,140,853,0,39,954,993,0,993,992,0,979,283,993,0,993,0,993,0,993,343,*,989,906,776,626,83,266,782,973,701,720,925,811,484,372,203,8,14,137,*
14,Jalisco,39,Guadalajara,1,Total AGEB urbana,2253,0,3334,1763,1571,102,45,57,3232,1718,1514,3158,1680,1478,2911,1555,1356,2818,1515,1303,2682,1445,1237,116,57,59,205,106,99,233,116,117,93,40,53,136,70,66,417,178,239,779,775,480,295,89.11,516,2267,551,2.03,2951,1551,1400,362,202,160,3124,1667,1457,24,9,15,*,*,0,0,0,0,*,*,0,*,0,*,4,*,*,*,165,112,42,18,42,44,29,316,144,180,9,83,11,48,38,2840,28,17,11,6,*,5,5,0,5,120,61,59,218,87,131,6,*,4,20,10,10,44,20,24,86,51,35,320,215,105,45,16,29,522,265,257,1700,876,824,11.49,11.23,11.78,1692,748,944,1214,804,410,1675,744,931,17,4,13,821,2512,2226,110,4,6,106,*,37,44,1289,1156,465,3017,146,10,160,988,435,553,3322,1348,1974,1147,989,1111,953,988,988,128,30,3322,3.36,0.69,984,4,142,846,3,30,955,987,*,988,988,0,973,307,987,0,987,*,986,0,987,375,*,974,883,690,590,88,265,732,970,544,670,894,748,470,271,173,11,19,207,*
14,Jalisco,39,Guadalajara,1,Total AGEB urbana,2268,0,3930,2100,1830,98,61,37,3830,2038,1792,3744,1996,1748,3425,1830,1595,3297,1767,1530,3120,1681,1439,130,64,66,275,144,131,322,167,155,128,63,65,177,86,91,421,208,213,978,854,510,344,87.14,631,2680,617,1.96,3615,1923,1692,288,167,121,3725,1987,1738,17,9,8,4,*,*,0,0,0,4,*,*,4,0,4,*,48,23,25,163,97,58,31,44,48,38,253,98,158,28,88,36,54,34,3493,37,24,13,11,3,8,7,5,*,156,78,78,220,114,106,3,*,*,46,26,20,70,45,25,146,84,62,337,223,114,72,24,48,532,260,272,1993,1046,947,11.32,11.16,11.52,2056,928,1128,1365,900,465,2009,912,1097,47,16,31,1046,2879,2531,126,*,3,164,14,32,27,1463,1473,489,3595,102,*,218,1191,500,691,3928,1493,2435,1372,1192,1355,1175,1190,1191,161,19,3928,3.3,0.76,1189,*,249,940,19,84,1086,1189,*,1189,1189,*,1169,461,1185,*,1190,0,1188,0,1185,444,*,1167,1049,832,707,115,399,912,1161,695,775,1098,905,651,459,179,21,37,229,8
14,Jalisco,39,Guadalajara,1,Total AGEB urbana,2272,0,2353,1264,1089,67,35,32,2286,1229,1057,2233,1205,1028,2039,1098,941,1951,1052,899,1849,1000,849,76,38,38,171,93,78,201,105,96,88,46,42,102,52,50,266,141,125,599,489,288,201,86.16,402,1589,362,1.93,2139,1148,991,210,116,94,2210,1192,1018,20,13,7,*,*,*,0,0,0,*,*,*,*,0,*,*,46,25,21,131,76,52,26,35,29,32,256,101,148,29,70,37,60,29,1953,25,9,16,6,*,4,5,*,4,87,44,43,130,70,60,5,*,4,30,21,9,38,25,13,124,80,44,206,120,86,33,16,17,382,209,173,1089,560,529,11.13,10.82,11.5,1289,600,689,748,497,251,1269,592,677,20,8,12,798,1555,1384,95,3,10,33,11,21,13,837,894,308,2161,104,0,84,705,299,406,2353,953,1400,797,705,790,698,702,705,78,14,2353,3.34,0.77,702,0,149,553,6,28,668,702,0,702,702,0,686,293,702,0,702,0,702,0,702,252,0,690,617,494,433,61,242,532,678,378,431,606,495,304,184,126,6,39,170,*
14,Jalisco,39,Guadalajara,1,Total AGEB urbana,2287,0,3086,1627,1459,107,56,51,2979,1571,1408,2892,1531,1361,2610,1380,1230,2482,1310,1172,2347,1250,1097,135,62,73,234,129,105,285,152,133,128,70,58,135,60,75,343,163,180,765,538,305,233,89.67,604,2128,354,1.93,2855,1501,1354,219,121,98,2876,1525,1351,11,5,6,9,4,5,0,0,0,9,4,5,9,0,9,9,25,12,13,140,75,51,21,25,23,22,422,158,284,57,85,68,79,58,2488,44,19,25,16,8,8,6,5,*,107,52,55,157,76,81,*,*,0,34,21,13,57,37,20,156,87,69,275,167,108,50,16,34,506,251,255,1346,698,648,10.81,10.63,11.01,1722,789,933,882,588,294,1703,784,919,19,5,14,1037,2044,1861,65,*,0,91,0,22,32,1071,1139,400,2838,114,14,117,907,338,569,3086,1040,2046,1048,907,1017,876,907,907,116,25,3086,3.4,0.83,902,5,225,682,20,86,801,906,*,905,900,*,873,463,906,0,905,*,904,0,905,360,0,882,768,596,514,85,269,705,890,513,525,839,699,414,247,162,9,26,175,*
14,Jalisco,39,Guadalajara,1,Total AGEB urbana,2291,0,3561,1863,1698,114,62,52,3447,1801,1646,3354,1760,1594,3028,1599,1429,2883,1527,1356,2717,1442,1275,142,64,78,277,138,139,326,160,166,145,72,73,166,85,81,406,215,191,946,619,346,273,91.14,678,2436,447,1.87,3271,1714,1557,272,141,131,3301,1735,1566,44,22,22,*,0,*,0,0,0,*,0,*,*,0,*,4,44,23,21,228,123,77,32,51,55,53,297,122,151,12,67,16,84,49,3017,46,21,25,16,8,8,9,6,3,137,72,65,186,101,85,6,4,*,43,27,16,97,56,41,121,74,47,328,189,139,41,13,28,590,287,303,1643,866,777,11.08,10.98,11.19,1948,883,1065,1077,714,363,1920,876,1044,28,7,21,992,2568,2235,140,4,6,138,4,70,49,1274,1301,453,3215,125,5,213,1065,420,645,3538,1324,2214,1216,1069,1211,1064,1063,1065,137,10,3538,3.32,0.79,1055,8,241,822,8,52,1003,1063,0,1062,1062,*,1018,473,1063,0,1063,0,1062,0,1063,417,0,1041,934,722,621,91,254,766,1037,612,650,983,809,526,344,203,14,23,206,3
14,Jalisco,39,Guadalajara,1,Total AGEB urbana,2304,0,4087,2122,1965,160,77,83,3927,2045,1882,3827,1999,1828,3544,1857,1687,3424,1801,1623,3298,1738,1560,154,77,77,229,111,118,285,132,153,120,56,64,126,63,63,354,182,172,1082,877,463,414,92.6,663,2772,652,1.72,3922,2026,1896,153,91,62,3796,1981,1815,30,18,12,4,*,*,0,0,0,4,*,*,4,0,4,7,86,46,40,130,74,23,11,29,26,29,383,148,218,19,85,25,79,61,3535,50,30,20,20,6,14,11,4,7,106,55,51,187,93,94,4,0,4,13,10,3,28,19,9,181,100,81,357,203,154,47,18,29,519,273,246,2183,1126,1057,11.66,11.51,11.82,2329,1078,1251,1215,779,436,2323,1077,1246,6,*,5,645,3441,2904,184,3,9,135,*,85,157,1299,1618,625,3708,170,*,205,1631,595,1036,4087,1359,2728,1792,1631,1767,1606,1630,1631,152,9,4087,2.51,0.65,1617,13,277,1353,29,95,1506,1630,0,1630,1630,0,1587,725,1630,0,1630,0,1630,0,1630,454,0,1621,1554,1316,1127,146,260,1256,1574,1096,1107,1508,1343,1031,385,211,27,34,224,*
14,Jalisco,39,Guadalajara,1,Total AGEB urbana,2319,0,4397,2336,2061,101,41,60,4296,2295,2001,4212,2253,1959,3895,2099,1796,3741,2028,1713,3558,1945,1613,130,64,66,271,132,139,341,161,180,154,71,83,183,83,100,486,245,241,1132,1034,615,419,88.23,656,2969,772,1.85,3939,2073,1866,440,256,184,4165,2232,1933,41,20,21,8,5,3,0,0,0,8,5,3,8,0,8,23,22,7,15,189,114,64,35,48,49,52,520,215,332,79,152,94,151,73,3646,46,22,24,40,15,25,29,16,13,151,71,80,232,125,107,6,4,*,30,21,9,50,32,18,67,38,29,355,221,134,51,24,27,554,320,234,2497,1310,1187,12.45,12.16,12.79,2656,1286,1370,1238,813,425,2637,1284,1353,19,*,17,1237,3158,2798,179,6,4,70,*,70,56,1648,1750,497,4110,92,4,191,1339,519,820,4397,1480,2917,1487,1339,1468,1320,1338,1339,126,22,4397,3.28,0.74,1312,26,204,1134,8,41,1289,1337,*,1337,1336,*,1316,514,1338,0,1338,0,1337,0,1338,360,*,1324,1241,993,952,97,338,863,1304,820,895,1228,1051,761,411,255,15,29,233,*
14,Jalisco,39,Guadalajara,1,Total AGEB urbana,2342,0,2027,1085,942,77,38,39,1950,1047,903,1887,1010,877,1707,929,778,1632,894,738,1555,852,703,91,52,39,152,66,86,172,75,97,75,35,40,77,42,35,236,115,121,504,380,238,142,86.82,395,1351,281,2.09,1683,899,784,328,177,151,1799,973,826,70,28,42,33,20,13,0,0,0,33,20,13,33,0,33,64,11,6,5,111,65,43,8,20,19,16,257,108,138,17,58,12,50,18,1647,30,16,14,10,3,7,12,6,6,52,29,23,76,42,34,5,*,3,31,13,18,46,23,23,112,68,44,238,136,102,51,22,29,377,199,178,747,406,341,10.11,10.09,10.14,1116,522,594,583,402,181,1094,517,577,22,5,17,603,1422,1300,41,0,*,79,0,13,5,698,718,288,1821,101,*,98,616,286,330,2027,922,1105,670,616,632,578,612,616,51,3,2027,3.29,0.82,610,0,179,433,22,65,525,612,0,610,609,*,568,287,611,0,611,*,609,0,611,333,0,573,483,368,260,45,160,499,586,283,362,549,404,257,113,66,11,19,179,4
14,Jalisco,39,Guadalajara,1,Total AGEB urbana,2357,0,2874,1522,1352,122,66,56,2752,1456,1296,2660,1412,1248,2407,1282,1125,2289,1216,1073,2174,1166,1008,132,62,70,213,112,101,269,149,120,118,66,52,115,50,65,343,183,160,721,487,286,201,88.83,585,1947,342,1.9,2494,1329,1165,354,185,169,2591,1383,1208,49,24,25,18,11,7,0,0,0,18,11,7,18,0,18,34,143,74,69,255,113,142,25,38,36,28,567,142,438,38,87,19,96,49,2034,55,27,28,7,3,4,8,3,5,99,45,54,155,84,71,4,3,*,44,33,11,44,27,17,159,104,55,274,148,126,68,26,42,453,234,219,1193,618,575,10.5,10.28,10.74,1612,721,891,788,557,231,1578,711,867,34,10,24,798,2072,1867,41,*,10,96,24,28,8,1012,1032,359,2620,138,16,95,825,401,424,2874,1377,1497,947,825,901,779,823,825,112,10,2874,3.48,0.84,820,3,202,621,24,83,716,822,*,819,811,4,763,370,823,0,823,0,818,0,823,430,*,790,650,524,366,55,221,619,793,415,461,739,564,350,174,133,11,32,219,3
14,Jalisco,39,Guadalajara,1,Total AGEB urbana,2361,0,1590,823,767,49,24,25,1541,799,742,1497,782,715,1353,708,645,1282,676,606,1214,643,571,70,26,44,118,65,53,154,78,76,71,32,39,68,33,35,198,87,111,387,287,178,109,93.2,308,1075,207,1.97,1420,741,679,157,79,78,1482,775,707,14,7,7,4,*,3,0,0,0,4,*,3,4,0,4,17,127,61,66,53,35,10,6,14,6,6,261,91,165,13,67,11,41,26,1265,31,8,23,14,9,5,13,7,6,46,23,23,58,31,27,3,*,*,21,14,7,27,18,9,32,21,11,157,101,56,35,16,19,303,158,145,684,338,346,10.84,10.52,11.19,854,374,480,499,334,165,845,372,473,9,*,7,388,1202,1115,30,3,*,55,0,9,5,584,552,217,1364,102,5,118,417,195,222,1579,740,839,464,418,452,406,417,417,42,4,1579,3.79,0.85,412,4,103,313,5,32,379,416,0,416,416,0,385,169,416,0,416,0,416,0,416,177,0,413,363,293,218,54,159,305,408,247,261,373,325,207,137,91,5,11,78,*
14,Jalisco,39,Guadalajara,1,Total AGEB urbana,2376,0,1750,927,823,54,28,26,1696,899,797,1634,867,767,1485,804,681,1424,774,650,1365,743,622,82,42,40,129,53,76,140,61,79,61,30,31,59,31,28,196,100,96,443,349,218,131,88.78,326,1189,235,1.89,1533,816,717,209,105,104,1596,850,746,31,13,18,8,3,5,0,0,0,8,3,5,8,0,8,17,9,4,5,146,71,79,11,29,26,19,322,83,263,5,48,7,43,61,1246,36,19,17,7,3,4,3,*,*,47,28,19,83,48,35,3,0,3,18,11,7,25,15,10,77,46,31,168,99,69,43,17,26,290,144,146,777,422,355,10.8,10.72,10.9,961,441,520,521,361,160,937,429,508,24,12,12,472,1278,1147,40,*,5,78,4,11,*,584,648,253,1539,98,6,105,487,240,247,1750,881,869,602,487,577,462,487,487,114,*,1750,3.59,0.9,481,6,72,415,8,46,433,486,*,486,485,*,440,195,486,*,486,*,486,*,486,249,*,466,375,286,227,49,160,365,469,246,284,450,343,232,151,81,9,10,120,3
14,Jalisco,39,Guadalajara,1,Total AGEB urbana,2380,0,1603,848,755,53,26,27,1550,822,728,1500,788,712,1360,723,637,1289,689,600,1217,656,561,61,38,23,129,61,68,154,74,80,71,34,37,72,33,39,213,116,97,424,270,147,123,89.03,314,1106,183,1.89,1426,754,672,167,88,79,1470,773,697,25,14,11,8,5,3,0,0,0,8,5,3,8,0,8,19,19,8,11,117,68,53,20,21,23,24,235,83,134,24,35,10,65,24,1245,26,16,10,7,*,5,11,4,7,59,27,32,89,47,42,*,0,*,16,8,8,21,13,8,74,52,22,180,95,85,52,28,24,265,127,138,661,355,306,10.53,10.45,10.63,860,415,445,499,308,191,849,410,439,11,5,6,390,1213,1086,26,*,3,78,0,13,10,596,558,206,1404,92,12,94,440,216,224,1603,803,800,500,440,484,424,440,440,48,12,1603,3.64,0.85,439,*,108,332,7,45,388,439,*,439,438,*,398,181,440,0,440,0,439,0,440,202,0,424,347,295,228,31,132,335,428,225,227,400,321,212,129,92,*,12,100,0
14,Jalisco,39,Guadalajara,1,Total AGEB urbana,2395,0,2027,1098,929,56,27,29,1971,1071,900,1931,1051,880,1764,946,818,1685,908,777,1601,866,735,64,36,28,143,89,54,172,96,76,79,38,41,84,42,42,221,110,111,508,427,260,167,84.61,342,1392,293,1.83,1789,966,823,230,130,100,1905,1046,859,22,5,17,7,4,3,0,0,0,7,4,3,7,0,7,14,161,84,77,160,87,56,17,46,21,30,346,128,208,14,68,14,71,55,1499,11,6,5,5,3,*,7,4,3,69,36,33,96,54,42,5,*,3,30,15,15,25,9,16,79,52,27,188,121,67,44,14,30,305,168,137,964,492,472,11.13,10.85,11.47,1169,542,627,590,401,189,1153,532,621,16,10,6,502,1524,1356,55,14,4,71,7,40,16,728,717,317,1814,119,3,88,638,294,344,2027,886,1141,745,638,704,597,636,638,98,9,2027,3.18,0.72,630,4,164,470,11,58,565,634,0,634,634,0,607,204,634,0,634,0,634,0,634,271,0,626,542,443,344,53,160,521,604,371,419,592,488,317,211,118,9,7,123,3
14,Jalisco,39,Guadalajara,1,Total AGEB urbana,2408,0,1913,1018,895,51,24,27,1862,994,868,1820,976,844,1654,891,763,1586,849,737,1505,810,695,63,28,35,145,75,70,158,82,76,68,42,26,81,39,42,212,102,110,489,358,216,142,87.92,327,1337,249,1.95,1691,898,793,218,118,100,1790,964,826,25,11,14,5,*,3,0,0,0,5,*,3,5,0,5,16,3,*,*,144,94,73,44,48,55,48,188,76,108,18,55,25,27,27,1572,26,11,15,9,4,5,3,0,3,59,27,32,96,43,53,5,*,4,20,14,6,31,21,10,71,39,32,204,142,62,43,17,26,302,162,140,873,438,435,11.05,10.73,11.42,1046,472,574,604,417,187,1032,468,564,14,4,10,458,1454,1330,28,0,4,81,0,10,6,666,707,280,1719,92,0,100,572,254,318,1913,824,1089,662,572,644,554,569,572,72,18,1913,3.34,0.71,563,6,136,433,14,33,522,569,0,567,565,*,545,256,568,*,569,0,567,0,569,251,0,562,488,382,310,37,170,430,553,290,337,525,417,215,116,80,7,9,129,0
14,Jalisco,39,Guadalajara,1,Total AGEB urbana,2427,0,1837,970,867,50,23,27,1787,947,840,1744,923,821,1631,853,778,1568,823,745,1513,802,711,54,32,22,102,62,40,128,68,60,63,30,33,55,21,34,174,88,86,419,421,264,157,89.38,269,1249,319,1.72,1612,844,768,211,120,91,1701,905,796,35,16,19,6,*,4,0,0,0,5,*,4,6,0,5,10,56,29,27,146,92,54,15,37,32,27,283,115,153,10,70,22,73,40,1385,20,15,5,*,*,*,4,*,*,48,20,28,102,54,48,*,0,*,13,6,7,40,26,14,25,15,10,170,100,70,15,*,13,219,103,116,1053,547,506,12.02,11.8,12.26,1019,473,546,604,378,226,1007,469,538,12,4,8,381,1452,1265,61,5,11,55,0,56,25,734,644,251,1648,75,0,104,558,231,327,1825,722,1103,610,561,521,472,558,558,49,0,1825,3.27,0.69,553,5,83,475,5,12,541,558,0,558,558,0,546,438,558,0,558,0,558,0,558,214,0,554,503,418,333,35,123,435,547,341,394,514,444,283,215,125,8,6,102,0
14,Jalisco,39,Guadalajara,1,Total AGEB urbana,2431,0,1033,563,470,27,13,14,1006,550,456,993,545,448,918,502,416,879,479,400,822,448,374,28,14,14,60,34,26,79,44,35,39,23,16,57,31,26,104,49,55,266,242,143,99,83.48,154,726,153,1.85,898,493,405,130,66,64,980,537,443,6,3,3,3,*,*,0,0,0,3,*,*,3,0,3,7,57,25,32,53,27,27,7,6,12,7,235,71,160,6,46,6,28,13,735,4,4,0,*,*,0,3,*,*,49,26,23,38,18,20,0,0,0,8,6,*,12,11,*,35,22,13,120,70,50,25,11,14,163,79,84,476,257,219,11.1,10.96,11.27,574,262,312,340,236,104,565,260,305,9,*,7,208,820,740,32,*,0,54,0,7,7,378,401,136,924,42,*,61,324,123,201,1033,354,679,401,324,385,308,324,324,72,5,1033,3.19,0.82,324,0,95,229,*,37,285,324,0,324,324,0,302,114,323,0,324,0,324,0,323,142,*,314,280,221,176,16,108,292,317,180,209,301,241,145,90,45,3,9,69,*
14,Jalisco,39,Guadalajara,1,Total AGEB urbana,2446,0,2051,1078,973,65,34,31,1986,1044,942,1936,1012,924,1768,933,835,1699,899,800,1620,856,764,70,40,30,148,71,77,159,82,77,69,34,35,79,43,36,217,109,108,510,431,240,191,90.26,352,1415,284,2.03,1842,966,876,198,106,92,1899,997,902,30,12,18,5,*,4,0,0,0,5,*,4,5,0,5,10,191,112,79,140,92,57,14,30,32,28,192,76,98,12,36,16,45,31,1707,15,7,8,7,4,3,5,3,*,67,39,28,97,51,46,3,*,*,17,11,6,23,13,10,94,54,40,193,111,82,55,19,36,315,169,146,957,496,461,10.96,10.82,11.11,1093,480,613,670,450,220,1071,475,596,22,5,17,491,1560,1457,43,6,4,48,*,26,6,722,787,259,1867,102,0,82,588,209,379,2051,668,1383,659,588,610,539,588,588,60,11,2051,3.49,0.77,585,3,126,461,6,60,522,588,0,588,587,0,568,218,588,0,588,0,588,0,588,245,0,575,535,407,326,56,159,539,576,335,356,549,470,263,173,119,*,11,95,0
14,Jalisco,39,Guadalajara,1,Total AGEB urbana,2501,0,3267,1718,1549,79,28,51,3188,1690,1498,3117,1652,1465,2844,1512,1332,2717,1444,1273,2574,1375,1199,120,65,55,224,113,111,282,142,140,127,68,59,143,69,74,392,175,217,803,655,393,262,90.16,550,2238,479,2.05,2892,1516,1376,355,188,167,3071,1633,1438,44,19,25,9,4,5,0,0,0,9,4,5,9,0,9,15,27,15,12,181,114,59,26,37,46,46,474,159,346,26,131,23,91,72,2586,47,24,23,23,11,12,21,9,12,108,50,58,147,66,81,5,*,3,35,24,11,45,27,18,175,119,56,307,170,137,63,24,39,491,240,251,1528,798,730,10.87,10.67,11.11,1930,906,1024,908,606,302,1903,894,1009,27,12,15,1147,2119,1952,50,4,0,70,*,23,26,1224,1154,466,2991,98,*,175,931,434,497,3256,1481,1775,1012,932,984,904,931,931,62,18,3256,3.5,0.86,929,*,160,771,11,74,846,931,0,931,930,0,902,347,930,0,931,0,931,0,930,389,*,919,833,658,532,70,278,666,905,539,648,829,714,447,237,138,17,29,183,3
14,Jalisco,39,Guadalajara,1,Total AGEB urbana,2516,0,1807,945,862,58,31,27,1749,914,835,1708,893,815,1542,812,730,1480,781,699,1428,756,672,61,34,27,146,68,78,167,81,86,62,31,31,52,25,27,232,115,117,445,350,206,144,91.22,327,1244,236,2,1615,848,767,183,95,88,1676,880,796,24,10,14,5,*,3,0,0,0,5,*,3,5,0,5,13,48,22,26,100,65,32,11,19,21,11,151,67,72,7,48,12,35,50,1529,33,16,17,32,14,18,12,7,5,42,21,21,81,45,36,5,*,4,20,15,5,26,19,7,92,68,24,190,95,95,32,14,18,296,148,148,806,416,390,10.67,10.39,10.98,1017,454,563,524,357,167,1006,452,554,11,*,9,499,1308,1105,43,*,4,44,10,16,90,627,690,225,1673,59,*,74,524,190,334,1804,584,1220,608,525,574,491,524,524,70,13,1804,3.44,0.82,522,*,81,443,15,41,468,524,0,523,521,*,502,241,524,0,523,*,523,0,523,235,0,516,446,363,264,57,155,406,506,304,323,487,385,248,155,104,10,8,108,0
14,Jalisco,39,Guadalajara,1,Total AGEB urbana,2520,0,1593,827,766,57,27,30,1536,800,736,1497,777,720,1367,723,644,1302,691,611,1222,654,568,64,36,28,105,41,64,133,63,70,65,32,33,80,37,43,178,94,84,405,305,174,131,92.62,291,1103,199,1.9,1436,750,686,144,67,77,1478,770,708,14,4,10,21,8,13,0,0,0,21,8,13,21,0,21,41,10,6,4,131,86,55,17,27,33,23,159,62,76,15,50,16,40,68,1272,23,12,11,8,*,6,6,4,*,66,33,33,64,36,28,*,0,*,31,23,8,45,28,17,69,47,22,130,70,60,45,12,33,270,132,138,703,379,324,10.76,10.71,10.81,934,431,503,433,292,141,927,429,498,7,*,5,419,1173,1005,44,3,3,52,*,21,48,549,594,224,1454,56,4,79,448,168,280,1593,558,1035,513,448,496,431,448,448,53,12,1593,3.56,0.8,441,7,112,336,8,43,397,448,0,448,447,0,411,94,448,0,446,*,446,0,446,194,0,437,376,283,243,49,133,360,431,246,281,415,345,214,161,80,8,9,85,*
14,Jalisco,39,Guadalajara,1,Total AGEB urbana,2535,0,3821,2034,1787,89,45,44,3732,1989,1743,3653,1944,1709,3393,1808,1585,3249,1740,1509,3082,1648,1434,113,61,52,226,120,106,301,148,153,144,68,76,167,92,75,424,206,218,951,823,488,335,87.86,572,2650,599,1.94,3329,1758,1571,466,266,200,3589,1910,1679,52,29,23,13,6,7,0,0,0,13,6,7,13,0,13,34,31,13,18,386,220,152,62,97,102,82,466,150,261,30,82,22,124,92,2944,34,18,16,7,3,4,4,0,4,142,84,58,210,107,103,6,3,3,36,25,11,49,33,16,148,102,46,265,169,96,83,39,44,492,232,260,2103,1096,1007,11.74,11.46,12.06,2444,1182,1262,944,624,320,2417,1172,1245,27,10,17,924,2896,2537,116,5,12,162,0,82,36,1400,1444,549,3393,140,4,280,1126,517,609,3821,1676,2145,1244,1126,1218,1100,1125,1126,96,22,3821,3.39,0.73,1118,7,176,949,5,24,1096,1124,*,1124,1124,*,1104,569,1125,0,1125,0,1123,0,1125,310,*,1120,1045,824,804,90,266,851,1101,726,847,1024,933,651,478,255,9,12,165,3
14,Jalisco,39,Guadalajara,1,Total AGEB urbana,254A,0,5415,2857,2558,102,45,57,5313,2812,2501,5203,2761,2442,4864,2584,2280,4694,2498,2196,4499,2411,2088,164,83,81,285,145,140,359,191,168,170,86,84,195,87,108,571,269,302,1328,1339,787,552,89.53,721,3637,1057,1.88,4506,2340,2166,875,500,375,5131,2734,2397,59,25,34,4,3,*,0,0,0,4,3,*,4,0,4,15,48,27,21,401,221,166,51,103,80,73,790,287,419,47,196,38,233,105,4180,40,22,18,8,*,6,9,5,4,182,85,97,306,146,160,6,3,3,37,22,15,58,40,18,185,116,69,384,250,134,92,39,53,593,305,288,3180,1630,1550,12.12,11.81,12.47,2924,1340,1584,1928,1234,694,2875,1326,1549,49,14,35,1341,4073,3570,192,10,5,191,4,123,32,2022,2083,759,4893,210,12,299,1776,727,1049,5408,1987,3421,1931,1777,1884,1730,1773,1776,124,30,5408,3.05,0.66,1770,3,259,1514,5,37,1731,1772,*,1773,1771,0,1756,1461,1772,0,1772,*,1772,0,1772,505,0,1763,1643,1372,1239,115,393,1427,1750,1168,1317,1638,1456,995,694,398,10,15,264,0
14,Jalisco,39,Guadalajara,1,Total AGEB urbana,2554,0,11,3,8,0,0,0,11,3,8,11,3,8,11,3,8,11,3,8,11,3,8,0,0,0,0,0,0,0,0,0,0,0,0,0,0,0,*,0,*,*,*,*,*,266.67,0,10,*,2.67,5,*,4,6,*,4,11,3,8,0,0,0,4,*,*,0,0,0,4,*,*,4,0,4,8,*,0,*,*,0,0,0,0,0,*,5,0,5,0,0,0,0,0,5,0,0,0,0,0,0,0,0,0,0,0,0,0,0,0,0,0,0,0,0,0,0,0,0,0,0,0,*,*,0,*,*,0,*,0,*,7,0,7,11.55,7.33,13.13,7,*,5,4,*,3,7,*,5,0,0,0,3,8,8,0,0,0,0,0,0,0,5,6,0,*,8,0,*,4,0,4,11,0,11,5,4,4,3,3,4,*,0,11,2.75,1.13,3,0,*,*,0,*,*,3,0,3,3,0,3,*,3,0,3,0,3,0,3,0,0,3,3,*,3,0,*,*,3,3,3,3,3,*,*,*,0,0,0,0
14,Jalisco,39,Guadalajara,1,Total AGEB urbana,2569,0,3196,1716,1480,86,47,39,3100,1663,1437,3034,1628,1406,2830,1524,1306,2710,1463,1247,2595,1410,1185,95,51,44,175,88,87,238,108,130,120,61,59,115,53,62,324,158,166,792,726,432,294,86.25,476,2160,550,1.84,2751,1492,1259,415,210,205,2926,1575,1351,85,42,43,5,3,*,0,0,0,5,3,*,5,0,5,15,127,61,66,235,153,74,20,39,44,45,398,180,175,32,82,32,134,45,2530,17,10,7,11,4,7,8,3,5,97,48,49,162,76,86,*,*,0,29,18,11,33,18,15,161,105,56,219,119,100,41,18,23,417,212,205,1740,921,819,11.79,11.65,11.95,1893,903,990,929,617,312,1870,894,976,23,9,14,730,2451,2196,81,6,10,86,7,79,43,1135,1223,469,2866,90,*,197,1025,406,619,3189,1147,2042,1124,1026,1030,932,1024,1025,92,6,3189,3.11,0.72,1005,9,239,775,8,53,953,1014,0,1013,1012,*,980,485,1014,0,1013,*,1012,0,1013,340,*,1010,915,751,651,151,258,861,972,671,733,943,820,579,449,280,25,21,162,5
14,Jalisco,39,Guadalajara,1,Total AGEB urbana,2573,0,0,0,0,0,0,0,0,0,0,0,0,0,0,0,0,0,0,0,0,0,0,0,0,0,0,0,0,0,0,0,0,0,0,0,0,0,0,0,0,0,0,0,0,0.0,0,0,0,0.00,0,0,0,0,0,0,0,0,0,0,0,0,0,0,0,0,0,0,0,0,0,0,0,0,0,0,0,0,0,0,0,0,0,0,0,0,0,0,0,0,0,0,0,0,0,0,0,0,0,0,0,0,0,0,0,0,0,0,0,0,0,0,0,0,0,0,0,0,0,0,0,0,0,0,0,0,0,0,0,0,0,0,0,0.00,0.00,0.00,0,0,0,0,0,0,0,0,0,0,0,0,0,0,0,0,0,0,0,0,0,0,0,0,0,0,0,0,0,0,0,0,0,0,0,1,*,*,*,*,*,*,*,0,0.00,0.00,0,0,0,0,0,0,0,0,0,0,0,0,0,0,0,0,0,0,0,0,0,0,0,0,0,0,0,0,0,0,0,0,0,0,0,0,0,0,0,0,0,0
14,Jalisco,39,Guadalajara,1,Total AGEB urbana,2588,0,3636,1899,1737,105,49,56,3531,1850,1681,3431,1794,1637,3122,1634,1488,2958,1545,1413,2802,1453,1349,147,82,65,262,134,128,348,183,165,164,89,75,156,92,64,453,216,237,929,656,367,289,91.47,678,2480,478,2.02,3400,1779,1621,225,117,108,3392,1779,1613,33,13,20,9,4,5,0,0,0,9,4,5,9,0,9,25,657,327,330,233,132,91,42,63,62,50,389,183,233,39,112,49,88,66,2982,59,34,25,23,14,9,18,10,8,125,77,48,143,76,67,*,*,*,71,41,30,82,44,38,202,125,77,465,253,212,100,51,49,688,347,341,1290,645,645,9.81,9.61,10.03,2066,906,1160,1051,725,326,2032,894,1138,34,12,22,1026,2610,2482,28,6,0,86,*,3,7,1326,1351,445,3366,139,3,128,962,430,532,3616,1670,1946,1095,963,1049,917,962,962,114,18,3616,3.76,0.92,958,4,194,768,20,103,839,962,0,962,962,0,890,162,962,0,962,0,962,0,961,481,*,940,807,588,426,102,289,697,928,372,516,854,597,408,168,142,18,36,331,3
14,Jalisco,39,Guadalajara,1,Total AGEB urbana,2592,0,3696,1896,1800,106,55,51,3590,1841,1749,3481,1800,1681,3156,1634,1522,3012,1568,1444,2866,1510,1356,156,61,95,278,146,132,330,169,161,144,66,78,146,58,88,423,193,230,894,762,432,330,94.94,684,2422,590,2.18,3137,1597,1540,536,287,249,3430,1774,1656,44,23,21,*,*,*,0,0,0,*,*,*,*,0,*,8,12,7,5,256,156,103,55,95,76,86,553,207,358,58,123,49,136,56,2861,55,23,32,11,7,4,8,3,5,119,48,71,172,76,96,*,*,*,64,30,34,93,49,44,230,136,94,375,198,177,67,23,44,548,279,269,1583,818,765,10.61,10.44,10.8,1961,883,1078,1188,749,439,1926,874,1052,35,9,26,862,2834,2588,70,8,5,128,4,33,17,1207,1454,495,3389,120,8,170,1073,428,645,3696,1382,2314,1166,1073,1155,1062,1072,1073,77,16,3696,3.44,0.77,1049,23,208,864,41,83,948,1061,11,1069,1020,3,937,447,1048,23,1061,11,1055,*,1048,445,3,1022,906,683,599,92,345,846,1041,555,660,958,762,529,339,211,14,66,267,4
14,Jalisco,39,Guadalajara,1,Total AGEB urbana,2605,0,444,222,222,13,5,8,431,217,214,425,213,212,389,195,194,369,184,185,345,176,169,10,7,3,32,15,17,42,22,20,20,11,9,24,8,16,42,15,27,104,90,49,41,100,75,301,68,2.11,401,200,201,42,21,21,421,211,210,4,*,*,9,5,4,0,0,0,9,5,4,9,0,9,10,9,4,5,38,20,18,0,9,*,7,39,20,25,3,10,3,9,*,365,*,*,0,0,0,0,*,*,0,21,7,14,19,6,13,0,0,0,5,3,*,11,7,4,25,15,10,68,37,31,9,*,7,80,39,41,160,78,82,9.87,9.57,10.16,243,107,136,145,87,58,237,105,132,6,*,4,95,348,324,8,0,*,10,0,0,5,163,167,59,414,13,3,13,136,43,93,444,135,309,152,136,151,135,135,136,15,*,444,3.26,0.87,133,*,32,102,4,19,111,134,0,134,134,0,116,12,134,0,134,0,134,0,134,56,0,129,120,83,74,11,37,110,132,56,75,122,86,48,16,19,*,7,40,*
14,Jalisco,39,Guadalajara,1,Total AGEB urbana,261A,0,1880,988,892,52,22,30,1828,966,862,1794,948,846,1682,889,793,1625,863,762,1568,829,739,48,23,25,98,54,44,127,65,62,57,26,31,57,34,23,232,102,130,469,385,238,147,90.28,255,1359,266,1.87,1675,875,800,189,102,87,1751,922,829,28,17,11,0,0,0,0,0,0,0,0,0,0,0,0,0,19,9,10,104,64,41,13,17,12,14,278,85,193,7,63,23,42,31,1483,17,11,6,*,0,*,6,*,5,47,31,16,112,54,58,5,*,3,14,10,4,20,15,5,58,41,17,143,81,62,26,10,16,262,137,125,1056,533,523,11.8,11.53,12.1,1061,461,600,619,428,191,1055,459,596,6,*,4,438,1442,1324,45,20,4,39,*,16,3,703,751,228,1714,62,*,103,621,258,363,1880,720,1160,718,621,706,609,621,621,88,9,1880,3.03,0.69,618,3,120,501,*,35,584,620,*,621,621,0,610,145,621,0,621,0,620,0,621,250,0,616,564,451,352,69,228,483,609,380,393,571,457,320,181,121,4,17,132,0
14,Jalisco,39,Guadalajara,1,Total AGEB urbana,2624,0,4749,2476,2273,120,65,55,4628,2410,2218,4519,2359,2160,4117,2151,1966,3955,2069,1886,3755,1971,1784,161,77,84,350,182,168,395,202,193,162,82,80,200,98,102,528,241,287,1240,868,508,360,91.8,793,3364,591,1.8,4230,2214,2016,496,249,247,4435,2324,2111,73,33,40,0,0,0,0,0,0,0,0,0,0,0,0,0,37,22,15,201,142,63,40,59,46,31,357,157,168,20,123,9,38,44,4170,47,23,24,14,7,7,12,7,5,180,89,91,262,110,152,13,6,7,24,14,10,38,24,14,134,85,49,408,256,152,51,18,33,665,335,330,2483,1245,1238,11.69,11.42,11.99,2467,1095,1372,1648,1056,592,2443,1084,1359,24,11,13,1005,3743,3514,102,9,*,83,0,64,20,1659,1886,572,4417,140,8,182,1560,533,1027,4749,1529,3220,1714,1560,1546,1392,1560,1560,144,10,4749,3.04,0.71,1559,*,348,1212,7,80,1473,1560,0,1560,1560,0,1531,699,1556,0,1560,0,1560,0,1554,666,0,1534,1363,1155,850,153,464,1122,1533,914,859,1452,1212,733,408,235,15,42,291,*
14,Jalisco,39,Guadalajara,1,Total AGEB urbana,2639,0,4945,2573,2372,154,69,85,4791,2504,2287,4695,2453,2242,4297,2264,2033,4095,2172,1923,3885,2055,1830,157,78,79,337,162,175,440,210,230,202,92,110,210,117,93,599,263,336,1279,1001,566,435,92.19,850,3381,714,1.89,4382,2273,2109,548,296,252,4623,2417,2206,67,33,34,16,7,9,0,0,0,16,7,9,16,0,16,22,30,15,15,287,169,97,33,52,49,52,496,245,253,22,134,26,116,78,4135,28,15,13,*,*,*,16,5,11,184,103,81,312,132,180,*,*,*,35,25,10,58,38,20,167,102,65,466,279,187,86,34,52,740,372,368,2397,1222,1175,11.31,11.04,11.61,2652,1208,1444,1634,1053,581,2615,1200,1415,37,8,29,1238,3707,3197,132,22,13,274,4,59,41,1862,1829,606,4583,131,*,229,1517,571,946,4945,1690,3255,1746,1517,1731,1502,1516,1517,210,19,4945,3.26,0.79,1508,8,322,1194,16,111,1389,1514,*,1513,1511,3,1420,557,1513,0,1516,0,1511,0,1512,679,*,1480,1323,1022,797,124,352,1129,1478,804,910,1374,1096,658,364,279,21,41,355,3
14,Jalisco,39,Guadalajara,1,Total AGEB urbana,2662,0,2011,1066,945,61,39,22,1950,1027,923,1908,1010,898,1742,929,813,1669,889,780,1587,842,745,61,27,34,147,71,76,177,89,88,73,40,33,82,47,35,239,108,131,520,404,238,166,88.65,342,1358,311,2.06,1795,952,843,199,105,94,1884,997,887,18,9,9,*,0,*,0,0,0,*,0,*,*,0,*,*,20,5,15,121,80,36,14,20,33,25,289,127,144,7,84,13,90,29,1592,18,5,13,*,*,0,*,*,*,68,39,29,134,56,78,4,*,*,41,24,17,38,25,13,124,74,50,214,124,90,24,11,13,324,167,157,878,447,431,10.71,10.42,11.04,1076,480,596,664,449,215,1057,468,589,19,12,7,574,1436,1237,68,8,*,103,0,16,19,715,770,257,1831,68,*,110,581,230,351,2011,715,1296,640,581,639,580,581,581,49,10,2011,3.46,0.76,579,*,112,469,3,34,544,581,0,581,581,0,567,232,581,0,581,0,581,0,581,225,*,577,511,390,341,66,171,415,563,319,371,530,421,256,165,118,11,11,131,*
14,Jalisco,39,Guadalajara,1,Total AGEB urbana,2677,0,1696,916,780,56,29,27,1639,887,752,1607,873,734,1457,792,665,1399,767,632,1340,739,601,55,31,24,127,64,63,144,62,82,58,25,33,59,28,31,191,102,89,471,291,183,108,85.15,296,1177,222,1.81,1393,748,645,292,164,128,1549,843,706,55,29,26,4,*,*,0,0,0,4,*,*,4,0,4,20,8,5,3,83,46,30,7,17,12,21,186,68,82,9,34,5,58,39,1414,11,*,9,3,*,*,0,0,0,49,23,26,95,49,46,*,0,*,16,11,5,21,15,6,70,46,24,119,70,49,28,18,10,200,115,85,923,484,439,12.07,11.75,12.46,1016,491,525,438,299,139,999,482,517,17,9,8,509,1186,962,50,*,*,93,0,94,11,604,655,198,1426,114,4,151,521,242,279,1689,763,926,618,522,603,507,518,521,91,5,1689,3.24,0.73,516,*,85,432,3,19,495,517,0,517,517,0,499,343,517,0,517,0,517,0,517,157,0,516,458,366,349,30,106,349,508,347,305,489,418,256,222,99,7,8,76,0
14,Jalisco,39,Guadalajara,1,Total AGEB urbana,2681,0,4038,2103,1935,108,51,57,3930,2052,1878,3852,2016,1836,3560,1857,1703,3443,1806,1637,3310,1736,1574,126,62,64,244,133,111,275,136,139,117,51,66,133,70,63,371,170,201,939,1093,617,476,92.01,595,2648,795,1.93,3255,1686,1569,691,376,315,3768,1976,1792,62,26,36,4,*,3,0,0,0,4,*,3,4,0,4,*,122,63,59,245,133,90,31,54,40,55,395,166,177,20,92,17,112,74,3353,28,7,21,15,5,10,3,*,*,112,58,54,202,95,107,3,*,*,19,12,7,21,15,6,99,65,34,257,158,99,54,24,30,383,203,180,2478,1243,1235,12.81,12.37,13.29,2045,878,1167,1512,976,536,1996,863,1133,49,15,34,701,3330,2811,175,16,14,58,3,160,172,1380,1770,408,3651,197,5,181,1267,443,824,4038,1268,2770,1384,1267,1361,1244,1266,1267,95,22,4038,3.19,0.65,1266,0,143,1123,5,25,1236,1266,0,1266,1265,0,1260,1080,1266,0,1266,0,1266,0,1266,245,0,1261,1200,1021,1008,86,246,786,1240,902,1035,1203,1097,737,418,268,13,10,131,0
14,Jalisco,39,Guadalajara,1,Total AGEB urbana,2696,0,6406,3439,2967,121,63,58,6285,3376,2909,6177,3313,2864,5739,3106,2633,5543,3006,2537,5298,2884,2414,159,87,72,387,183,204,467,230,237,196,100,96,245,122,123,694,338,356,1623,1617,959,658,86.28,863,4264,1279,1.86,5248,2816,2432,1084,586,498,6019,3242,2777,127,64,63,8,3,5,0,0,0,8,3,5,8,0,8,20,58,27,31,369,210,116,50,92,79,72,855,343,451,30,262,38,156,118,5129,39,20,19,10,5,5,14,4,10,224,111,113,417,205,212,*,0,*,49,27,22,57,31,26,183,116,67,452,278,174,76,40,36,611,345,266,3896,2028,1868,12.57,12.29,12.9,3381,1552,1829,2353,1553,800,3317,1523,1794,64,29,35,1576,4828,4155,263,7,10,128,4,346,54,2305,2557,875,5638,373,6,386,2016,806,1210,6406,2294,4112,2161,2016,2113,1968,2016,2016,121,24,6406,3.18,0.65,2012,3,287,1728,4,33,1978,2015,0,2015,2014,0,1998,1689,2015,0,2015,0,2015,0,2015,455,0,2009,1880,1567,1542,132,373,1566,1985,1380,1596,1892,1735,1161,778,464,16,17,238,0
14,Jalisco,39,Guadalajara,1,Total AGEB urbana,2709,0,5623,2977,2646,147,66,81,5476,2911,2565,5368,2856,2512,5026,2684,2342,4850,2596,2254,4666,2519,2147,150,74,76,300,153,147,376,191,185,176,88,88,184,77,107,563,282,281,1358,1513,873,640,88.88,773,3719,1131,1.86,4593,2416,2177,971,539,432,5252,2808,2444,77,34,43,7,4,3,0,0,0,7,4,3,7,0,7,17,63,28,35,323,218,107,45,81,59,68,620,244,307,17,153,26,141,88,4639,36,23,13,21,10,11,7,*,5,161,69,92,326,164,162,3,3,0,27,18,9,45,28,17,121,73,48,309,210,99,76,35,41,504,278,226,3577,1844,1733,12.92,12.54,13.37,2783,1206,1577,2236,1474,762,2754,1198,1556,29,8,21,1459,4153,3581,244,20,9,117,3,182,74,2032,2291,692,5142,197,*,274,1769,692,1077,5623,1969,3654,1917,1769,1873,1725,1769,1769,91,57,5623,3.18,0.62,1764,3,304,1463,8,15,1745,1768,0,1768,1768,0,1755,1361,1768,0,1768,0,1768,0,1768,343,*,1760,1680,1426,1409,127,327,1358,1745,1262,1418,1663,1531,1044,758,423,14,10,192,*
14,Jalisco,39,Guadalajara,1,Total AGEB urbana,2713,0,3393,1822,1571,68,31,37,3325,1791,1534,3262,1764,1498,3067,1668,1399,2945,1602,1343,2797,1535,1262,91,45,46,167,78,89,240,126,114,122,66,56,148,67,81,403,210,193,843,790,466,324,86.22,448,2328,617,1.88,2924,1571,1353,453,241,212,3206,1737,1469,50,26,24,*,*,0,0,0,0,*,*,0,*,0,*,0,58,32,26,214,126,82,20,55,39,40,447,208,218,27,131,35,136,96,2681,22,12,10,9,3,6,8,5,3,132,60,72,246,124,122,0,0,0,20,10,10,48,24,24,97,68,29,251,145,106,26,12,14,385,201,184,2013,1075,938,12.15,11.98,12.36,1858,879,979,1207,787,420,1843,870,973,15,9,6,809,2583,2286,117,0,3,131,*,74,26,1295,1281,491,3049,159,*,184,1056,483,573,3393,1461,1932,1136,1056,1105,1025,1056,1056,75,5,3393,3.21,0.65,1052,4,184,872,*,18,1036,1056,0,1056,1056,0,1046,453,1055,*,1056,0,1056,0,1056,270,0,1052,1000,826,765,93,297,824,1039,742,811,969,905,642,473,250,10,9,117,0
14,Jalisco,39,Guadalajara,1,Total AGEB urbana,2728,0,3828,2030,1798,109,52,57,3719,1978,1741,3637,1941,1696,3336,1797,1539,3192,1724,1468,3052,1648,1404,137,62,75,246,119,127,310,156,154,144,73,71,140,76,64,391,191,200,948,897,536,361,88.57,636,2480,712,1.94,3339,1742,1597,464,272,192,3582,1917,1665,44,18,26,6,3,3,0,0,0,6,3,3,6,0,6,12,60,28,32,217,139,83,33,62,47,52,523,169,376,42,126,57,106,69,3042,47,19,28,12,5,7,7,*,6,121,68,53,196,97,99,8,4,4,36,25,11,43,29,14,170,110,60,273,175,98,78,32,46,446,259,187,2054,1049,1005,11.82,11.44,12.26,1914,855,1059,1412,935,477,1882,845,1037,32,10,22,862,2960,2709,91,15,6,95,4,38,25,1345,1508,479,3410,136,5,271,1154,464,690,3828,1385,2443,1236,1154,1210,1128,1153,1154,60,22,3828,3.32,0.73,1144,9,212,941,*,42,1109,1153,0,1153,1151,0,1140,755,1153,0,1153,0,1153,0,1153,331,*,1147,1063,871,808,83,277,934,1135,771,870,1073,954,637,367,228,12,14,164,*
14,Jalisco,39,Guadalajara,1,Total AGEB urbana,2785,0,5136,2650,2486,171,90,81,4965,2560,2405,4807,2485,2322,4301,2247,2054,4077,2138,1939,3819,2006,1813,227,109,118,437,204,233,524,253,271,224,109,115,258,132,126,594,288,306,1344,836,457,379,93.81,1059,3476,601,2.15,4528,2310,2218,565,315,250,4759,2465,2294,28,9,19,12,3,9,0,0,0,9,*,7,12,0,9,28,59,30,29,320,178,101,40,59,68,58,723,266,437,29,155,25,140,88,4044,84,44,40,29,16,13,20,8,12,184,93,91,203,104,99,9,4,5,83,46,37,128,69,59,342,210,132,556,288,268,124,50,74,1108,555,553,1675,886,789,9.63,9.59,9.68,2720,1183,1537,1563,1052,511,2653,1158,1495,67,25,42,1527,3600,3127,94,5,3,343,11,28,15,1789,1906,595,4616,227,6,266,1314,443,871,5136,1645,3491,1482,1314,1453,1285,1314,1314,152,16,5136,3.91,0.91,1303,9,259,1055,13,111,1190,1312,*,1310,1308,4,1199,438,1311,0,1313,0,1308,0,1308,652,*,1275,1077,832,610,143,476,1046,1272,629,751,1206,920,533,364,267,26,41,334,5
14,Jalisco,39,Guadalajara,1,Total AGEB urbana,279A,0,4961,2514,2447,215,106,109,4746,2408,2338,4601,2338,2263,4058,2073,1985,3844,1978,1866,3608,1865,1743,204,97,107,484,238,246,537,264,273,214,95,119,236,113,123,574,279,295,1284,800,436,364,97.33,1117,3241,603,2.31,4316,2180,2136,627,325,302,4500,2301,2199,84,35,49,22,8,14,0,0,0,21,8,13,22,0,21,49,56,27,29,377,221,131,57,71,74,87,616,242,295,41,166,25,192,87,3935,88,42,46,14,7,7,13,6,7,171,85,86,213,103,110,9,4,5,75,47,28,138,82,56,303,174,129,519,282,237,162,60,102,1051,512,539,1554,807,747,9.59,9.49,9.69,2604,1122,1482,1446,948,498,2547,1096,1451,57,26,31,1748,3213,2861,92,14,4,224,*,28,40,1556,1896,606,4405,268,4,282,1282,488,794,4961,1852,3109,1389,1282,1385,1278,1280,1282,94,13,4961,3.87,0.92,1268,12,296,984,48,118,1114,1279,*,1278,1276,*,1116,415,1279,0,1280,0,1278,0,1279,554,*,1233,1069,763,666,151,481,967,1229,590,679,1195,840,491,299,234,22,32,373,5
14,Jalisco,39,Guadalajara,1,Total AGEB urbana,2802,0,8937,4635,4302,316,158,158,8621,4477,4144,8351,4327,4024,7489,3895,3594,7094,3715,3379,6652,3510,3142,371,207,164,761,375,386,898,422,476,395,180,215,442,205,237,1043,523,520,2302,1515,865,650,92.82,1843,5986,1108,2.18,7850,4057,3793,1022,546,476,8247,4289,3958,85,35,50,14,8,6,0,0,0,14,8,6,14,0,14,26,155,85,70,615,372,216,134,177,177,163,1185,462,744,134,292,130,316,146,7082,142,70,72,53,23,30,32,15,17,337,160,177,360,194,166,20,7,13,152,106,46,271,164,107,473,283,190,965,540,425,214,99,115,1800,890,910,3134,1611,1523,9.86,9.69,10.04,4569,1972,2597,2907,1915,992,4485,1943,2542,84,29,55,2837,6098,5524,155,8,4,340,8,49,39,2935,3424,1130,8208,345,13,367,2356,855,1501,8929,3098,5831,2565,2357,2483,2275,2355,2356,177,31,8929,3.79,0.92,2343,11,466,1889,34,224,2097,2355,0,2354,2353,*,2157,663,2355,0,2355,0,2354,0,2354,1069,*,2292,1924,1465,1209,221,768,1812,2285,1133,1398,2173,1723,1036,593,409,32,66,545,*
14,Jalisco,39,Guadalajara,1,Total AGEB urbana,286A,0,2400,1242,1158,101,58,43,2299,1184,1115,2214,1144,1070,1936,1008,928,1826,949,877,1697,886,811,127,61,66,236,115,121,274,137,137,110,59,51,129,63,66,309,150,159,652,301,163,138,93.24,574,1618,208,1.95,2227,1159,1068,162,79,83,2182,1124,1058,20,12,8,3,*,*,0,0,0,3,*,*,3,0,3,7,5,0,5,71,33,25,14,19,17,17,287,81,203,27,72,20,36,30,2023,43,18,25,15,7,8,7,4,3,92,47,45,101,55,46,4,*,*,46,25,21,64,30,34,104,52,52,268,150,118,68,31,37,408,203,205,838,445,393,10.22,10.29,10.15,1222,529,693,712,479,233,1211,525,686,11,4,7,857,1542,1267,57,*,0,154,*,30,59,761,918,256,2228,86,*,84,649,218,431,2400,727,1673,881,649,876,644,646,649,187,45,2400,3.7,0.95,638,8,111,535,13,59,574,646,0,646,644,0,595,353,644,0,645,0,645,0,643,256,*,629,578,404,371,78,175,483,623,349,366,608,474,329,241,133,13,14,141,3
14,Jalisco,39,Guadalajara,1,Total AGEB urbana,3001,0,2282,1169,1113,109,52,57,2172,1117,1055,2101,1075,1026,1822,935,887,1687,867,820,1564,808,756,103,57,46,247,125,122,305,151,154,135,68,67,123,59,64,305,143,162,669,149,78,71,95.21,594,1590,97,1.8,2100,1073,1027,162,85,77,2076,1064,1012,21,10,11,0,0,0,0,0,0,0,0,0,0,0,0,0,10,*,8,83,25,52,4,18,6,10,110,35,63,3,24,4,18,27,2064,31,23,8,19,12,7,9,*,7,98,49,49,97,50,47,3,0,3,23,13,10,38,19,19,74,42,32,214,102,112,51,20,31,424,214,210,819,435,384,10.64,10.72,10.55,1363,635,728,457,299,158,1355,631,724,8,4,4,557,1724,1231,111,*,5,209,21,148,27,696,947,178,2131,66,0,81,620,325,295,2282,1209,1073,1016,620,1012,616,620,620,209,187,2282,3.68,1.03,612,8,173,447,22,135,463,620,0,620,620,0,554,244,620,0,620,0,620,0,620,165,0,611,563,429,438,121,205,455,603,388,345,589,491,399,284,157,12,15,92,*
14,Jalisco,39,Guadalajara,1,Total AGEB urbana,3016,0,5380,2697,2683,240,113,127,5109,2568,2541,4941,2499,2442,4326,2187,2139,4045,2043,2002,3738,1897,1841,256,108,148,527,273,254,630,328,302,281,144,137,307,146,161,726,335,391,1465,530,267,263,99.48,1304,3698,347,1.99,4825,2404,2421,500,264,236,4906,2485,2421,26,10,16,5,*,4,0,0,0,5,*,4,5,0,5,7,89,41,48,163,96,56,38,39,61,43,449,130,289,46,91,21,57,71,4698,107,37,70,75,40,35,38,18,20,201,103,98,247,124,123,8,*,6,86,45,41,132,79,53,277,122,155,543,273,270,122,43,79,1079,548,531,1708,875,833,9.9,9.96,9.84,2888,1242,1646,1432,942,490,2860,1234,1626,28,8,20,1471,3877,3147,153,9,5,249,28,286,40,1659,2220,447,5030,135,0,179,1349,517,832,5378,2052,3326,1516,1350,1487,1321,1349,1349,145,21,5378,3.99,1.05,1326,10,198,1140,24,123,1191,1337,*,1334,1331,4,1170,446,1334,*,1332,6,1330,0,1331,526,*,1311,1195,823,754,193,329,1053,1297,653,697,1245,939,727,318,269,16,41,349,5
14,Jalisco,39,Guadalajara,1,Total AGEB urbana,3020,0,4278,2193,2085,176,94,82,4102,2099,2003,3948,2015,1933,3440,1768,1672,3245,1665,1580,3022,1551,1471,239,130,109,423,201,222,475,234,241,195,103,92,223,114,109,521,262,259,1178,442,239,203,95.08,1033,2983,262,1.81,3856,1967,1889,393,210,183,3895,1988,1907,45,23,22,5,*,3,0,0,0,5,*,3,5,0,5,15,219,97,122,218,112,107,43,46,39,41,490,121,359,34,94,29,80,75,3540,76,39,37,17,8,9,15,7,8,164,86,78,211,110,101,4,0,4,56,22,34,81,30,51,167,94,73,396,213,183,93,32,61,718,377,341,1661,840,821,10.78,10.79,10.77,2271,999,1272,1164,768,396,2248,990,1258,23,9,14,1264,3009,2673,157,8,*,110,6,58,39,1344,1707,385,3895,133,*,243,1216,472,744,4278,1633,2645,1496,1216,1438,1158,1211,1216,272,8,4278,3.52,0.96,1193,18,201,1010,6,104,1101,1211,0,1204,1201,7,781,682,1206,*,1208,3,1202,0,1206,490,0,1191,1090,811,682,117,347,913,1172,680,659,1136,911,594,410,300,16,32,238,*
14,Jalisco,39,Guadalajara,1,Total AGEB urbana,3088,0,7760,3965,3795,295,141,154,7465,3824,3641,7253,3705,3548,6502,3339,3163,6176,3179,2997,5818,3000,2818,314,168,146,649,317,332,773,383,390,326,160,166,358,179,179,923,464,459,2006,1354,722,632,95.71,1584,5272,904,2.04,7154,3611,3543,582,344,238,7152,3657,3495,75,42,33,6,3,3,0,0,0,6,3,3,6,0,6,18,317,171,146,267,159,118,32,68,57,50,410,165,236,44,117,40,100,77,7019,101,52,49,34,7,27,31,14,17,275,148,127,368,188,180,9,3,6,87,60,27,173,104,69,425,256,169,671,375,296,136,52,84,1523,775,748,3011,1483,1528,10.23,10.02,10.45,4430,1967,2463,2044,1361,683,4379,1952,2427,51,15,36,1708,6035,4904,155,10,10,200,16,124,685,2431,3155,896,7114,387,3,229,2126,680,1446,7760,2279,5481,2284,2126,1719,1561,2125,2126,138,20,7760,3.65,0.85,2101,24,431,1694,50,195,1880,2124,*,2124,2124,*,1952,942,2123,0,2123,*,2121,0,2123,718,4,2087,1912,1468,1343,240,558,1463,2058,1205,1301,1984,1616,1226,832,327,31,51,446,5
14,Jalisco,39,Guadalajara,1,Total AGEB urbana,3143,0,2655,1410,1245,63,36,27,2592,1374,1218,2544,1349,1195,2384,1268,1116,2296,1238,1058,2183,1177,1006,72,40,32,136,66,70,180,75,105,88,30,58,113,61,52,289,155,134,706,643,345,298,88.3,359,1812,484,1.65,2098,1094,1004,481,276,205,2458,1301,1157,66,39,27,38,28,10,0,0,0,38,28,10,38,0,38,14,65,31,34,44,27,21,10,12,16,14,188,58,130,9,54,25,30,29,2398,17,15,*,5,4,*,4,*,3,104,54,50,199,101,98,0,0,0,*,0,*,4,4,0,25,22,3,51,33,18,25,18,7,148,109,39,1976,1020,956,14.76,14.1,15.53,1477,670,807,894,592,302,1464,661,803,13,9,4,406,2249,718,26,*,*,25,31,1562,28,963,1138,283,2427,47,8,147,888,264,624,2646,640,2006,1072,889,961,778,888,888,103,80,2646,2.98,0.55,887,*,112,776,*,18,868,888,0,888,690,0,762,818,888,0,888,0,888,0,888,51,0,888,855,838,833,72,119,774,880,834,786,879,871,769,516,216,*,*,9,0
14,Jalisco,39,Guadalajara,1,Total AGEB urbana,3177,0,7661,3867,3794,376,176,200,7285,3691,3594,6970,3526,3444,5950,3049,2901,5532,2836,2696,5119,2639,2480,470,237,233,865,405,460,991,483,508,418,213,205,413,197,216,1017,497,520,2047,747,408,339,98.11,2129,5047,485,2.26,5503,2762,2741,2098,1064,1034,6434,3242,3192,493,261,232,81,36,45,*,0,*,80,36,44,81,*,80,246,38,14,24,343,228,102,33,66,54,67,483,203,217,24,103,16,139,125,6745,212,108,104,36,17,19,39,19,20,271,140,131,254,126,128,21,11,10,117,71,46,159,93,66,382,221,161,999,520,479,212,85,127,1717,893,824,1874,916,958,9.09,8.94,9.26,3891,1578,2313,2038,1460,578,3855,1572,2283,36,6,30,3045,4613,3192,93,9,15,1205,26,30,63,2143,3150,656,1883,5578,*,198,1722,524,1198,7655,2206,5449,1912,1723,1853,1664,1721,1722,124,65,7655,4.45,1.15,1703,18,482,1239,110,264,1347,1716,5,1719,1718,*,1324,459,1720,0,1721,0,1714,0,1720,958,4,1631,1374,778,672,229,305,1140,1653,661,657,1638,1221,835,345,231,29,45,435,6
14,Jalisco,39,Guadalajara,1,Total AGEB urbana,3209,0,5999,3112,2887,202,100,102,5797,3012,2785,5627,2930,2697,5020,2623,2397,4705,2465,2240,4376,2306,2070,254,122,132,523,267,256,650,334,316,315,158,157,329,159,170,756,389,367,1647,834,439,395,92.77,1294,4162,543,1.93,5219,2704,2515,710,373,337,5553,2888,2665,56,31,25,20,7,13,0,0,0,20,7,13,20,0,20,37,134,64,70,318,169,132,47,61,79,60,641,227,397,26,128,38,174,89,5000,94,47,47,5,3,*,11,*,9,296,148,148,368,202,166,12,5,7,45,27,18,57,30,27,154,94,60,476,294,182,92,38,54,977,479,498,2726,1406,1320,11.28,11.18,11.39,3094,1402,1692,1911,1214,697,3071,1395,1676,23,7,16,1883,4109,3679,197,11,7,111,4,81,85,1963,2496,555,4541,1155,*,289,1578,548,1030,5999,1910,4089,1733,1578,1712,1557,1577,1578,115,40,5999,3.8,0.84,1574,3,170,1407,15,56,1506,1577,0,1577,1575,0,1337,931,1577,0,1577,0,1577,0,1577,436,0,1564,1449,1108,1090,179,493,1219,1558,966,1004,1506,1287,886,607,415,10,14,220,0
14,Jalisco,39,Guadalajara,1,Total AGEB urbana,3317,0,2911,1408,1503,46,24,22,2865,1384,1481,2831,1369,1462,2699,1294,1405,2647,1276,1371,2585,1241,1344,58,27,31,108,63,45,115,56,59,52,18,34,62,35,27,420,135,285,600,772,470,302,106.75,264,2075,572,1.62,2326,1085,1241,521,290,231,2733,1324,1409,72,31,41,10,7,3,*,*,0,9,6,3,10,*,9,4,35,17,18,143,88,36,31,32,54,36,355,110,215,14,73,22,58,55,2387,7,*,5,0,0,0,3,*,*,58,33,25,324,86,238,0,0,0,10,4,6,16,7,9,15,9,6,90,69,21,7,4,3,139,92,47,2311,1051,1260,14.66,14.26,15.04,1371,622,749,1297,664,633,1362,616,746,9,6,3,650,2244,1493,93,*,21,12,*,314,358,1273,1013,400,2596,100,5,193,884,402,482,2509,1068,1441,1074,890,1059,875,884,884,133,51,2509,2.84,0.53,884,0,145,739,3,19,861,884,0,884,616,0,873,793,884,0,884,0,884,0,884,110,0,880,842,754,771,44,102,744,855,703,715,849,803,653,501,186,13,*,67,*
14,Jalisco,39,Guadalajara,1,Total AGEB urbana,3321,0,923,501,422,27,17,10,896,484,412,878,475,403,836,455,381,819,448,371,796,433,363,24,11,13,36,18,18,35,17,18,17,7,10,23,15,8,102,55,47,272,202,116,86,84.23,104,675,144,1.34,603,323,280,261,144,117,752,402,350,85,49,36,13,10,3,0,0,0,13,10,3,13,0,13,9,44,21,23,33,18,7,3,7,6,5,71,29,25,*,17,*,22,13,810,8,4,4,0,0,0,*,0,*,21,13,8,54,32,22,*,*,0,*,0,*,3,*,*,6,6,0,17,15,*,3,*,*,36,25,11,743,392,351,14.89,14.29,15.61,605,290,315,231,165,66,602,288,314,3,*,*,180,743,510,29,0,0,13,0,248,3,338,397,101,789,36,11,87,346,123,223,909,293,616,429,349,418,338,346,346,38,42,909,2.63,0.55,346,0,85,261,0,9,337,346,0,346,332,0,286,327,346,0,346,0,346,0,346,57,0,346,321,297,287,18,39,268,334,302,240,337,328,241,244,98,4,0,10,0
14,Jalisco,39,Guadalajara,1,Total AGEB urbana,3336,0,6612,3505,3107,235,121,114,6377,3384,2993,6195,3295,2900,5633,3011,2622,5409,2893,2516,5191,2773,2418,256,137,119,488,236,252,536,262,274,224,118,106,218,120,98,735,369,366,1884,1015,587,428,88.64,1203,4781,628,1.67,5294,2809,2485,1258,667,591,5970,3183,2787,186,96,90,17,9,8,0,0,0,17,9,8,17,0,17,34,81,41,40,240,109,93,34,48,39,37,672,228,423,46,133,33,152,195,5611,65,37,28,22,12,10,10,5,5,191,106,85,327,168,159,*,*,*,53,31,22,90,50,40,179,114,65,443,259,184,92,33,59,809,412,397,3648,1920,1728,12.04,11.87,12.24,3942,1863,2079,1687,1147,540,3894,1846,2048,48,17,31,1487,5118,4448,217,7,15,311,*,196,30,2232,2707,694,5734,384,27,458,2246,866,1380,6608,2238,4370,2466,2247,2374,2155,2244,2246,204,15,6608,2.94,0.78,2236,6,528,1715,10,179,2054,2242,*,2243,2242,0,2135,1781,2242,0,2243,0,2242,0,2242,787,0,2219,2011,1704,1418,145,433,1618,2182,1466,1279,2135,1831,1096,790,432,26,32,324,3
14,Jalisco,39,Guadalajara,1,Total AGEB urbana,3340,0,7256,3778,3478,232,107,125,7017,3667,3350,6843,3583,3260,6202,3265,2937,5927,3129,2798,5655,3003,2652,271,133,138,544,269,275,643,323,320,275,136,139,272,126,146,769,370,399,1964,1213,679,534,92.06,1322,5164,763,1.82,6046,3146,2900,1144,596,548,6701,3520,3181,101,44,57,30,13,17,0,0,0,19,8,11,30,0,19,54,118,51,67,285,156,107,55,59,60,58,812,289,522,41,200,52,180,121,6078,78,34,44,24,10,14,21,13,8,229,104,125,360,181,179,10,6,4,61,33,28,91,55,36,261,141,120,466,257,209,131,60,71,893,472,421,3865,2025,1840,11.85,11.74,11.97,4104,1893,2211,2091,1370,721,4059,1880,2179,45,13,32,1697,5542,4738,204,16,12,373,16,216,52,2464,2933,800,6418,314,13,465,2316,872,1444,7256,2378,4878,2544,2316,2453,2225,2316,2316,175,53,7256,3.13,0.76,2288,15,441,1873,18,90,2206,2315,0,2314,2309,0,2213,1650,2310,0,2303,0,2303,0,2301,721,*,2288,2106,1688,1541,213,523,1697,2242,1549,1529,2160,1889,1176,903,539,25,37,330,*
14,Jalisco,39,Guadalajara,1,Total AGEB urbana,3374,0,6111,3086,3025,266,133,133,5845,2953,2892,5642,2863,2779,4955,2548,2407,4674,2418,2256,4371,2258,2113,292,133,159,598,272,326,677,317,360,281,130,151,303,160,143,842,445,397,1648,861,458,403,98.02,1437,4064,610,2.3,5463,2756,2707,616,318,298,5591,2843,2748,42,19,23,17,7,10,0,0,0,17,7,10,15,0,15,24,195,102,93,436,207,190,48,91,54,80,809,282,512,37,161,28,173,91,4828,118,53,65,25,16,9,24,8,16,198,101,97,265,154,111,12,6,6,134,82,52,196,108,88,398,211,187,822,451,371,191,80,111,1317,674,643,1611,816,795,9.04,8.94,9.14,3207,1352,1855,1740,1195,545,3147,1339,1808,60,13,47,2061,4050,3637,67,7,0,329,0,8,20,1792,2473,690,5565,278,4,257,1444,454,990,6111,1847,4264,1586,1444,1580,1438,1444,1444,113,29,6111,4.23,1.06,1424,20,390,1054,63,202,1179,1442,*,1443,1436,*,1231,380,1443,*,1443,*,1440,0,1442,705,5,1355,1164,791,669,166,553,1111,1394,569,678,1309,878,569,283,256,21,56,497,9
14,Jalisco,39,Guadalajara,1,Total AGEB urbana,3406,0,4762,2386,2376,200,95,105,4562,2291,2271,4414,2217,2197,3853,1956,1897,3626,1836,1790,3402,1720,1682,227,109,118,482,226,256,559,260,299,227,120,107,224,116,108,571,270,301,1237,630,314,316,99.58,1136,3246,380,2.07,4166,2071,2095,564,303,261,4379,2200,2179,25,13,12,20,14,6,*,0,*,18,13,5,19,0,18,28,15,4,11,451,225,249,57,87,62,88,629,172,458,29,133,12,122,107,3613,69,36,33,20,11,9,15,8,7,158,83,75,215,113,102,11,4,7,83,49,34,115,64,51,206,118,88,569,296,273,67,32,35,1023,498,525,1529,766,763,9.83,9.73,9.92,2439,1007,1432,1408,946,462,2409,1002,1407,30,5,25,1597,3160,2996,60,5,0,65,31,4,8,1456,1952,444,4319,217,10,215,1206,477,729,4762,1855,2907,1343,1206,1337,1200,1205,1206,118,19,4762,3.95,0.88,1192,13,222,983,20,79,1106,1205,0,1204,1204,*,1088,455,1205,0,1205,0,1204,0,1205,438,0,1169,1043,730,719,142,473,939,1178,562,671,1117,833,447,298,266,13,28,315,*
14,Jalisco,39,Guadalajara,1,Total AGEB urbana,3482,0,4455,2296,2159,220,117,103,4235,2179,2056,4049,2088,1961,3394,1775,1619,3146,1659,1487,2883,1524,1359,289,147,142,552,257,295,621,293,328,248,116,132,263,135,128,573,310,263,1251,441,238,203,94.03,1309,2852,294,2.33,3960,2024,1936,467,258,209,3972,2050,1922,59,29,30,5,*,4,0,0,0,5,*,4,5,0,5,17,43,20,23,317,145,155,42,46,42,62,655,159,422,39,97,16,189,70,3462,91,42,49,13,5,8,24,6,18,160,83,77,142,86,56,13,4,9,95,57,38,125,69,56,277,133,144,532,278,254,201,91,110,972,534,438,941,502,439,8.74,8.8,8.67,2147,904,1243,1247,871,376,2112,895,1217,35,9,26,1595,2860,2144,70,3,7,607,4,11,30,1270,1682,437,4020,248,3,184,1048,424,624,4455,1785,2670,1207,1048,1197,1038,1047,1048,147,12,4455,4.25,1.18,1014,33,325,722,60,191,796,1046,*,1045,1040,*,764,255,1039,*,1043,4,1042,*,1039,613,6,977,824,500,393,109,107,838,1008,312,379,976,603,560,164,146,19,44,402,11
14,Jalisco,39,Guadalajara,1,Total AGEB urbana,350A,0,2929,1502,1427,98,51,47,2831,1451,1380,2757,1410,1347,2448,1270,1178,2301,1197,1104,2170,1144,1026,113,54,59,270,127,143,322,151,171,147,73,74,131,53,78,335,158,177,736,533,315,218,95.01,628,1919,382,2.33,2641,1360,1281,270,132,138,2735,1402,1333,16,6,10,3,0,3,0,0,0,3,0,3,3,0,3,6,34,17,17,192,108,79,20,38,38,31,270,109,123,3,68,7,67,33,2448,51,30,21,10,5,5,10,3,7,90,38,52,128,61,67,9,4,5,59,27,32,77,36,41,189,115,74,354,213,141,71,21,50,571,280,291,955,493,462,9.61,9.47,9.77,1561,676,885,882,591,291,1513,661,852,48,15,33,660,2265,2074,19,0,11,122,*,29,17,968,1075,404,2654,157,7,110,747,291,456,2929,1100,1829,817,747,747,677,747,747,65,5,2929,3.92,0.9,739,8,144,603,17,66,664,747,0,746,745,*,661,136,747,0,747,0,746,0,747,364,0,723,629,457,359,63,250,552,731,334,429,692,527,339,201,122,4,19,200,0
14,Jalisco,39,Guadalajara,1,Total AGEB urbana,3514,0,2921,1522,1399,98,47,51,2820,1474,1346,2727,1425,1302,2414,1290,1124,2289,1238,1051,2173,1183,990,135,64,71,271,120,151,303,136,167,125,52,73,116,55,61,299,153,146,729,531,317,214,91.92,629,1924,365,2.3,2558,1318,1240,345,198,147,2687,1410,1277,30,10,20,7,5,*,0,0,0,5,3,*,7,0,5,20,40,21,19,180,124,65,26,38,35,46,316,130,176,30,87,32,93,35,2412,35,17,18,*,0,*,3,0,3,91,47,44,128,64,64,3,0,3,45,31,14,54,36,18,147,98,49,297,179,118,59,28,31,599,291,308,1064,564,500,10.23,9.97,10.54,1544,701,843,868,589,279,1531,698,833,13,3,10,658,2260,2091,69,5,0,107,*,9,9,887,1118,407,2632,173,*,105,780,377,403,2921,1320,1601,826,780,805,759,778,780,42,4,2921,3.74,0.85,775,*,130,646,15,43,718,774,*,776,772,0,709,205,776,0,776,0,774,0,776,343,0,754,677,512,414,59,267,610,754,388,474,711,559,397,220,146,9,15,185,*
14,Jalisco,39,Guadalajara,1,Total AGEB urbana,3529,0,3016,1535,1481,121,63,58,2895,1472,1423,2832,1439,1393,2554,1303,1251,2425,1244,1181,2307,1188,1119,96,51,45,245,118,127,302,143,159,129,59,70,118,56,62,346,165,181,761,553,293,260,96.48,591,2044,381,2.22,2665,1346,1319,329,176,153,2792,1417,1375,20,12,8,8,4,4,0,0,0,6,*,4,8,0,6,31,49,19,30,126,71,57,20,27,23,27,406,131,268,23,80,21,88,28,2466,30,17,13,8,3,5,17,8,9,92,46,46,140,73,67,11,3,8,34,23,11,52,26,26,155,99,56,341,187,154,79,38,41,577,277,300,1119,560,559,10.15,9.96,10.35,1581,685,896,960,609,351,1565,679,886,16,6,10,583,2420,2028,43,0,*,164,117,22,62,901,1307,336,2810,74,0,118,816,240,576,3016,835,2181,872,816,845,789,816,816,50,6,3016,3.7,0.85,813,3,148,668,5,35,776,815,*,816,815,0,776,212,816,0,816,0,815,0,816,309,0,807,730,546,485,83,216,646,800,401,515,742,585,315,197,108,5,22,186,0
14,Jalisco,39,Guadalajara,1,Total AGEB urbana,3533,0,1844,968,876,43,19,24,1801,949,852,1755,926,829,1607,850,757,1544,815,729,1469,781,688,63,35,28,131,64,67,150,77,73,63,35,28,75,34,41,230,106,124,421,414,260,154,90.5,300,1246,298,2.14,1640,846,794,203,121,82,1739,921,818,14,4,10,0,0,0,0,0,0,0,0,0,0,0,0,0,*,0,*,140,89,48,13,27,30,25,243,112,107,13,69,14,70,27,1453,26,15,11,*,*,*,5,3,*,63,31,32,113,59,54,3,*,*,10,7,3,18,8,10,78,51,27,152,91,61,43,20,23,262,128,134,930,478,452,11.16,11.02,11.33,967,410,557,637,439,198,932,398,534,35,12,23,473,1371,1241,62,*,0,55,*,10,20,662,627,318,1690,61,6,87,548,232,316,1844,724,1120,604,548,604,548,548,548,50,6,1844,3.36,0.77,548,0,78,470,0,7,541,548,0,548,548,0,370,54,548,0,548,0,548,0,548,249,0,544,505,395,291,28,59,439,539,318,400,500,414,251,177,108,*,8,115,*
14,Jalisco,39,Guadalajara,1,Total AGEB urbana,3548,0,1383,716,667,72,40,32,1311,676,635,1257,648,609,1069,555,514,993,520,473,911,481,430,91,48,43,151,73,78,177,86,91,76,35,41,82,39,43,161,79,82,377,146,77,69,93.16,390,908,85,2.06,1240,635,605,141,81,60,1237,636,601,18,11,7,3,*,*,0,0,0,3,*,*,3,0,3,4,26,14,12,71,37,20,13,6,13,11,147,56,62,6,27,5,46,20,1153,29,15,14,4,*,3,7,*,5,56,26,30,45,21,24,4,*,*,13,12,*,13,10,3,48,36,12,127,68,59,45,20,25,320,184,136,399,181,218,9.73,9.31,10.19,684,313,371,382,242,140,669,312,357,15,*,14,270,1113,1056,5,*,0,40,*,7,4,396,483,190,1272,75,*,35,403,157,246,1383,502,881,510,403,509,402,403,403,94,13,1383,3.43,1.08,403,0,34,369,0,*,402,403,0,403,403,0,6,*,403,0,403,0,403,0,403,275,0,385,330,242,106,27,48,319,394,158,199,388,276,178,123,103,3,5,103,0
14,Jalisco,39,Guadalajara,1,Total AGEB urbana,3552,0,1826,980,846,69,32,37,1757,948,809,1688,908,780,1518,819,699,1417,766,651,1322,714,608,97,54,43,142,75,67,192,98,94,101,53,48,95,52,43,242,124,118,510,284,163,121,86.33,409,1215,202,2.1,1590,845,745,226,129,97,1636,882,754,51,25,26,3,0,3,0,0,0,3,0,3,3,0,3,6,14,5,9,93,44,23,15,14,14,30,182,83,65,5,38,10,53,30,1534,47,27,20,4,0,4,*,*,*,68,36,32,70,38,32,0,0,0,24,11,13,33,14,19,63,40,23,207,128,79,57,27,30,415,225,190,598,309,289,9.88,9.72,10.06,919,428,491,593,385,208,913,426,487,6,*,4,340,1486,1381,29,3,*,62,0,14,4,601,662,255,1637,86,0,103,506,185,321,1826,661,1165,557,506,557,506,506,506,36,15,1826,3.61,1.02,506,0,86,420,*,8,497,506,0,506,506,0,50,14,505,0,505,*,505,0,505,320,*,495,428,313,167,36,108,405,493,237,281,474,361,235,113,78,9,11,116,3
14,Jalisco,39,Guadalajara,1,Total AGEB urbana,3567,0,2867,1471,1396,115,65,50,2752,1406,1346,2672,1370,1302,2362,1215,1147,2213,1131,1082,2080,1078,1002,122,58,64,268,133,135,328,174,154,149,84,65,133,53,80,354,164,190,729,428,242,186,94.9,654,1926,287,2.15,2572,1306,1266,284,161,123,2644,1358,1286,26,12,14,4,*,3,0,0,0,4,*,3,4,0,4,6,32,14,18,228,104,106,22,37,27,24,578,151,430,39,87,19,103,40,2040,39,16,23,5,3,*,6,5,*,92,40,52,128,67,61,*,*,*,33,23,10,44,29,15,153,98,55,267,152,115,75,29,46,596,281,315,1006,505,501,9.9,9.71,10.09,1496,665,831,861,548,313,1469,656,813,27,9,18,566,2298,2140,39,3,0,96,8,15,15,867,1116,378,2615,149,*,99,774,367,407,2867,1353,1514,862,774,860,772,773,774,60,28,2867,3.7,0.94,768,5,89,684,4,14,755,773,0,773,772,0,252,72,772,0,772,*,772,0,771,411,0,752,680,501,326,57,157,552,762,366,434,729,533,314,239,187,7,15,192,0
14,Jalisco,39,Guadalajara,1,Total AGEB urbana,3586,0,4397,2285,2112,130,65,65,4267,2220,2047,4126,2141,1985,3697,1917,1780,3493,1808,1685,3295,1704,1591,193,105,88,377,198,179,451,240,211,204,109,95,198,104,94,512,243,269,1146,673,360,313,92.43,904,3091,402,1.82,3832,1994,1838,535,279,256,4053,2105,1948,58,32,26,7,*,5,0,0,0,7,*,5,7,0,7,19,93,50,43,188,104,77,26,33,35,38,371,161,197,22,99,19,93,38,3812,60,38,22,44,29,15,16,7,9,161,89,72,216,115,101,8,5,3,39,22,17,48,29,19,115,59,56,326,185,141,84,49,35,624,321,303,2151,1081,1070,11.84,11.66,12.03,2340,1007,1333,1341,902,439,2293,992,1301,47,15,32,1153,3236,2749,188,13,11,227,11,46,44,1425,1849,415,3928,186,5,268,1211,412,799,4378,1324,3054,1353,1212,1297,1156,1210,1211,112,29,4378,3.62,0.89,1202,7,209,1000,20,93,1096,1209,0,1209,1209,0,1160,794,1209,0,1209,0,1209,0,1209,354,0,1194,1120,902,826,139,274,994,1191,789,799,1137,1000,747,480,327,5,25,164,0
14,Jalisco,39,Guadalajara,1,Total AGEB urbana,3590,0,3233,1668,1565,140,75,65,3093,1593,1500,2998,1544,1454,2602,1356,1246,2428,1268,1160,2240,1176,1064,150,79,71,341,158,183,396,190,206,174,88,86,188,92,96,392,210,182,855,444,240,204,93.82,805,2126,302,2.27,2899,1500,1399,323,162,161,2971,1532,1439,22,12,10,*,0,*,0,0,0,*,0,*,*,0,*,4,20,13,7,156,77,60,25,24,25,26,343,98,229,12,63,8,52,41,2712,69,37,32,17,6,11,18,13,5,121,66,55,112,61,51,9,*,7,46,37,9,158,90,68,126,63,63,490,254,236,76,30,46,745,387,358,772,405,367,8.86,8.88,8.85,1476,586,890,1124,769,355,1463,585,878,13,*,12,1441,1788,1581,53,*,7,94,0,10,46,1026,1264,311,2916,150,0,164,759,286,473,3233,1255,1978,816,759,788,731,758,759,53,4,3233,4.26,1.06,743,15,125,633,24,92,642,758,0,757,756,*,663,58,757,0,758,0,757,0,757,335,3,729,652,410,377,116,127,546,728,269,313,696,498,385,141,93,17,44,234,11
14,Jalisco,39,Guadalajara,1,Total AGEB urbana,3603,0,4489,2348,2141,144,75,69,4345,2273,2072,4213,2211,2002,3787,2008,1779,3586,1896,1690,3355,1775,1580,186,89,97,372,176,196,466,237,229,201,112,89,231,121,110,598,297,301,1316,481,266,215,91.18,903,3292,294,1.61,3983,2078,1905,454,245,209,4134,2173,1961,47,26,21,4,*,3,0,0,0,4,*,3,4,0,4,8,10,7,3,159,66,81,13,25,22,25,481,133,341,13,90,13,74,41,3823,58,24,34,9,8,*,*,*,*,204,105,99,314,154,160,5,*,4,19,9,10,30,19,11,77,49,28,203,114,89,62,33,29,628,341,287,2459,1280,1179,12.21,12.09,12.36,2464,1142,1322,1309,860,449,2441,1134,1307,23,8,15,1023,3451,2969,225,5,10,178,*,90,65,1508,1856,411,3916,210,4,343,1370,511,859,4489,1456,3033,1473,1370,1459,1356,1370,1370,76,27,4489,3.28,0.77,1367,3,216,1154,4,44,1322,1370,0,1370,1370,0,923,875,1370,0,1370,0,1370,0,1370,400,0,1365,1245,1024,949,108,164,1109,1334,918,809,1337,1177,981,565,388,18,15,151,0
14,Jalisco,39,Guadalajara,1,Total AGEB urbana,3618,0,2845,1443,1402,117,58,59,2728,1385,1343,2638,1334,1304,2311,1180,1131,2167,1109,1058,2037,1053,984,128,69,59,289,136,153,348,172,176,144,71,73,130,56,74,358,177,181,747,409,223,186,97.16,678,1885,282,2.23,2519,1264,1255,304,167,137,2622,1325,1297,11,7,4,5,*,4,0,0,0,5,*,4,5,0,5,11,6,4,*,142,42,86,7,20,10,17,300,73,214,13,70,14,37,29,2388,43,18,25,10,5,5,14,6,8,89,42,47,109,53,56,5,4,*,56,30,26,83,43,40,181,106,75,353,188,165,86,41,45,596,295,301,797,402,395,9.22,9.07,9.37,1508,626,882,802,553,249,1485,620,865,23,6,17,1020,1825,1578,52,0,3,179,0,10,9,870,1155,286,2533,175,*,135,709,257,452,2845,989,1856,765,709,750,694,709,709,54,*,2845,4.01,1.03,702,7,197,512,20,100,589,709,0,709,709,0,632,310,709,0,709,0,709,0,709,359,4,689,599,396,323,101,97,534,678,290,328,626,445,298,123,136,20,51,235,7
14,Jalisco,39,Guadalajara,1,Total AGEB urbana,3637,0,932,482,450,28,12,16,904,470,434,866,449,417,777,418,359,747,407,340,712,392,320,53,27,26,74,25,49,80,30,50,30,11,19,35,15,20,136,73,63,243,166,108,58,93.36,185,630,117,1.94,801,415,386,131,67,64,827,429,398,38,20,18,*,*,0,0,0,0,*,*,0,*,0,*,3,7,6,*,57,27,22,5,13,7,6,144,39,93,0,25,5,29,12,725,9,4,5,*,0,*,*,0,*,31,15,16,70,40,30,0,0,0,5,*,4,12,6,6,14,12,*,51,27,24,15,6,9,117,64,53,500,267,233,11.86,11.66,12.09,519,250,269,258,168,90,515,250,265,4,0,4,253,679,527,127,9,5,23,*,9,*,337,303,137,855,26,*,49,295,130,165,932,346,586,338,295,322,279,295,295,25,18,932,3.16,0.74,295,0,32,263,*,7,287,295,0,295,295,0,244,134,295,0,295,0,295,0,295,136,0,290,256,200,148,33,60,223,278,186,197,270,230,149,103,74,9,3,51,0
14,Jalisco,39,Guadalajara,1,Total AGEB urbana,3641,0,870,457,413,27,13,14,843,444,399,824,434,390,757,398,359,724,381,343,691,367,324,34,18,16,52,28,24,70,40,30,33,17,16,33,14,19,122,61,61,208,186,113,73,90.37,146,583,141,1.85,750,393,357,115,61,54,799,416,383,24,17,7,3,0,3,0,0,0,3,0,3,3,0,3,4,16,10,6,98,52,52,7,19,10,15,229,58,156,9,33,5,64,20,535,11,5,6,*,*,0,*,0,*,32,14,18,76,39,37,3,*,*,*,*,0,4,*,*,11,9,*,53,30,23,7,*,5,88,50,38,528,268,260,12.88,12.52,13.28,413,186,227,343,212,131,410,184,226,3,*,*,167,703,498,156,8,*,41,0,4,13,331,320,106,808,20,0,42,264,115,149,870,358,512,295,264,293,262,263,264,25,6,870,3.3,0.78,263,0,60,203,0,12,251,263,0,263,263,0,209,54,263,0,263,0,263,0,263,102,0,260,239,192,153,29,53,212,260,190,191,240,218,161,119,67,0,*,35,0
14,Jalisco,39,Guadalajara,1,Total AGEB urbana,3656,0,3096,1629,1467,73,31,42,3023,1598,1425,2965,1567,1398,2742,1452,1290,2650,1412,1238,2545,1356,1189,85,45,40,196,101,95,230,110,120,92,40,52,105,56,49,354,161,193,763,775,463,312,90.06,446,2048,602,1.9,2592,1345,1247,474,268,206,2903,1537,1366,37,20,17,7,5,*,0,0,0,7,5,*,7,0,7,18,49,22,27,176,106,66,29,50,40,36,323,140,175,18,111,19,64,79,2534,16,10,6,13,7,6,8,3,5,87,44,43,200,97,103,*,0,*,16,12,4,32,23,9,66,46,20,191,118,73,41,21,20,319,176,143,1918,978,940,12.61,12.21,13.07,1698,778,920,1032,667,365,1682,771,911,16,7,9,590,2492,2102,157,*,9,107,3,139,67,1114,1180,440,2795,120,4,163,1003,371,632,3096,1037,2059,1086,1003,1071,988,1003,1003,72,11,3096,3.09,0.63,997,6,156,847,*,11,990,1003,0,1003,1001,0,813,628,1003,0,1003,0,1003,0,1002,249,0,1001,948,820,733,77,115,852,980,709,753,963,885,674,462,256,5,5,100,*
14,Jalisco,39,Guadalajara,1,Total AGEB urbana,3660,0,5426,2814,2612,213,103,110,5213,2711,2502,5072,2646,2426,4476,2341,2135,4232,2228,2004,3977,2100,1877,210,95,115,527,275,252,613,301,312,244,113,131,255,128,127,587,295,292,1393,990,540,450,92.82,1194,3626,606,2.34,4988,2578,2410,425,229,196,5033,2626,2407,24,12,12,3,*,*,0,0,0,3,*,*,3,0,3,9,39,17,22,339,204,108,38,68,62,64,527,218,276,22,136,20,131,91,4531,84,34,50,19,8,11,11,3,8,185,93,92,199,112,87,10,4,6,75,45,30,114,65,49,266,165,101,657,383,274,112,43,69,1202,589,613,1772,922,850,9.68,9.54,9.84,2639,1132,1507,1835,1208,627,2557,1102,1455,82,30,52,1274,4152,3840,77,7,3,204,9,59,21,1712,2191,573,5034,224,5,159,1424,497,927,5426,1775,3651,1514,1424,1500,1410,1424,1424,79,11,5426,3.81,0.96,1420,4,173,1251,6,35,1383,1424,0,1424,1424,0,766,376,1424,0,1424,0,1424,0,1424,721,0,1402,1268,898,652,132,215,1138,1398,607,827,1299,976,740,285,237,12,24,376,*
14,Jalisco,39,Guadalajara,1,Total AGEB urbana,368A,0,1946,1012,934,61,25,36,1885,987,898,1837,961,876,1670,892,778,1602,856,746,1525,824,701,64,32,32,151,63,88,172,81,91,68,36,32,77,32,45,187,101,86,498,415,228,187,92.29,344,1327,275,1.97,1672,861,811,265,148,117,1810,947,863,21,11,10,0,0,0,0,0,0,0,0,0,0,0,0,0,14,7,7,101,51,47,13,22,31,17,414,101,282,33,77,49,73,35,1413,27,17,10,13,5,8,4,*,3,70,29,41,90,46,44,*,0,*,5,4,*,7,6,*,29,22,7,131,84,47,21,6,15,247,131,116,1101,578,523,12.27,12.1,12.48,1052,498,554,618,394,224,1024,483,541,28,15,13,330,1616,1475,49,4,0,64,0,17,19,603,838,229,1778,89,*,77,608,196,412,1946,532,1414,649,608,647,606,605,608,33,8,1946,3.2,0.69,604,*,93,512,*,4,600,605,0,605,605,0,471,282,605,0,605,0,605,0,605,176,0,604,560,464,424,23,146,390,596,412,436,577,509,332,322,110,5,5,74,*
14,Jalisco,39,Guadalajara,1,Total AGEB urbana,3694,0,1439,747,692,29,12,17,1410,735,675,1364,712,652,1245,654,591,1189,627,562,1148,602,546,67,32,35,98,49,49,118,54,64,56,27,29,41,25,16,165,70,95,359,311,186,125,92.64,250,965,224,2.03,1221,632,589,209,110,99,1324,697,627,38,14,24,3,0,3,0,0,0,3,0,3,3,0,3,6,61,39,22,47,36,14,5,10,7,8,106,52,42,5,15,5,34,12,1278,12,9,3,*,0,*,3,*,*,41,25,16,92,38,54,3,*,*,9,8,*,7,5,*,55,41,14,100,62,38,19,10,9,180,93,87,799,398,401,12.04,11.63,12.5,727,315,412,517,338,179,721,313,408,6,*,4,397,1041,930,59,*,3,27,6,19,11,474,588,183,1278,61,6,89,454,195,259,1439,572,867,509,454,509,454,454,454,45,10,1439,3.17,0.78,454,0,71,383,*,21,431,454,0,454,453,0,445,265,454,0,454,0,454,0,454,136,*,448,421,340,313,20,83,349,441,286,281,427,375,206,163,127,7,4,63,*
14,Jalisco,39,Guadalajara,1,Total AGEB urbana,3707,0,3663,1879,1784,96,49,47,3566,1830,1736,3477,1793,1684,3134,1618,1516,2966,1543,1423,2800,1457,1343,128,54,74,304,158,146,376,184,192,168,75,93,166,86,80,401,178,223,979,711,390,321,94.94,696,2466,500,1.9,3161,1616,1545,473,247,226,3453,1785,1668,23,8,15,*,*,0,0,0,0,*,*,0,*,0,*,0,15,6,9,132,90,54,15,40,35,25,161,89,59,8,63,7,23,14,3361,39,9,30,8,4,4,5,0,5,154,80,74,237,119,118,0,0,0,9,6,3,33,23,10,83,53,30,216,126,90,57,29,28,341,162,179,2095,1071,1024,12.46,12.17,12.77,1849,810,1039,1280,808,472,1839,808,1031,10,*,8,778,2884,2681,75,*,17,16,5,62,60,1177,1582,375,3361,164,6,130,1071,388,683,3663,1264,2399,1174,1071,1169,1066,1068,1071,86,17,3663,3.42,0.7,1064,4,126,942,*,15,1052,1068,0,1068,1063,0,973,727,1068,0,1068,0,1068,0,1068,190,0,1063,1027,871,866,136,260,937,1054,773,784,1045,946,646,611,284,8,12,97,*
14,Jalisco,39,Guadalajara,1,Total AGEB urbana,3711,0,3070,1626,1444,101,63,38,2968,1563,1405,2886,1517,1369,2625,1389,1236,2495,1323,1172,2351,1249,1102,113,65,48,230,109,121,286,141,145,130,66,64,144,74,70,334,166,168,766,644,365,279,88.81,574,2040,455,1.99,2698,1426,1272,358,198,160,2867,1507,1360,15,8,7,*,*,*,0,0,0,*,*,*,*,0,*,4,6,*,4,106,59,27,19,30,14,20,267,119,173,31,97,35,80,46,2680,42,25,17,9,5,4,3,0,3,126,67,59,151,73,78,4,*,*,19,13,6,35,21,14,94,56,38,310,177,133,49,21,28,474,228,246,1423,756,667,11.22,11.09,11.37,1522,665,857,1100,723,377,1519,665,854,3,0,3,746,2323,2097,84,10,0,90,*,36,12,1021,1255,349,2877,112,*,79,857,327,530,3069,1097,1972,916,858,915,857,857,857,46,12,3069,3.58,0.71,856,*,107,750,4,17,835,855,*,855,855,*,840,377,856,0,855,*,854,*,855,265,*,848,816,611,580,59,241,706,848,519,602,792,688,552,259,175,6,14,136,*
14,Jalisco,39,Guadalajara,1,Total AGEB urbana,3726,0,2382,1190,1192,89,47,42,2293,1143,1150,2215,1105,1110,2009,1011,998,1922,973,949,1831,921,910,114,54,60,170,78,92,202,90,112,87,38,49,91,52,39,314,148,166,629,372,204,168,100.17,460,1657,265,2.31,2046,1017,1029,331,171,160,2157,1091,1066,56,13,43,*,*,*,0,0,0,*,*,*,*,0,*,*,42,21,21,153,80,59,20,32,30,33,281,104,168,17,60,12,74,31,1933,52,23,29,7,5,*,7,4,3,58,36,22,94,39,55,4,*,*,49,29,20,66,36,30,166,87,79,317,166,151,62,25,37,458,234,224,802,394,408,9.56,9.4,9.72,1334,582,752,644,429,215,1304,573,731,30,9,21,568,1813,1638,18,4,*,104,14,43,9,728,983,298,2200,112,*,67,611,181,430,2349,710,1639,685,613,673,601,606,611,64,8,2349,3.84,0.93,599,7,114,492,26,64,516,605,*,606,604,0,521,113,605,*,606,0,605,0,606,283,*,572,488,350,298,58,231,446,587,268,328,542,404,247,156,94,8,27,175,*
14,Jalisco,39,Guadalajara,1,Total AGEB urbana,3730,0,1089,575,514,41,23,18,1048,552,496,1015,536,479,913,487,426,861,459,402,814,433,381,45,20,25,90,45,45,119,62,57,52,28,24,47,26,21,150,73,77,308,167,85,82,89.39,228,739,122,2.24,968,514,454,116,58,58,1000,531,469,13,5,8,*,*,*,0,0,0,*,*,*,*,0,*,*,24,10,14,62,27,19,16,19,20,14,135,54,69,3,28,5,31,17,889,21,9,12,8,5,3,4,*,3,30,18,12,46,22,24,*,0,*,21,15,6,41,26,15,81,42,39,109,56,53,23,7,16,225,119,106,352,193,159,9.34,9.4,9.26,598,283,315,314,204,110,585,277,308,13,6,7,301,788,718,14,*,*,54,0,5,*,349,423,141,973,60,*,53,260,92,168,1086,390,696,304,261,296,253,257,260,38,5,1086,4.18,1.02,250,7,60,197,6,33,218,257,0,256,256,*,210,37,256,*,256,*,255,0,256,126,0,253,218,144,123,19,103,200,244,109,157,226,171,108,71,38,4,13,78,*
14,Jalisco,39,Guadalajara,1,Total AGEB urbana,3745,0,3343,1698,1645,132,61,71,3211,1637,1574,3110,1580,1530,2705,1388,1317,2512,1299,1213,2354,1227,1127,158,87,71,348,162,186,434,197,237,193,89,104,158,72,86,388,194,194,867,503,260,243,96.88,831,2271,241,1.99,3031,1527,1504,295,164,131,3084,1569,1515,24,11,13,5,3,*,0,0,0,5,3,*,5,0,5,14,20,13,7,155,90,51,43,36,47,37,473,136,245,40,80,28,172,87,2672,63,30,33,21,9,12,17,6,11,131,60,71,137,71,66,9,*,8,30,19,11,29,18,11,157,100,57,363,210,153,97,39,58,607,316,291,1159,567,592,10.08,9.83,10.35,1650,729,921,1048,657,391,1616,720,896,34,9,25,671,2671,2437,28,3,3,172,21,10,8,1052,1317,336,2963,120,0,259,913,292,621,3233,964,2269,991,915,980,904,912,913,68,8,3233,3.54,1.03,908,3,132,779,8,66,837,911,*,911,909,0,276,125,910,0,910,*,910,0,910,476,*,892,790,591,405,68,137,740,894,410,517,848,645,379,225,173,6,20,224,*
14,Jalisco,39,Guadalajara,1,Total AGEB urbana,3764,0,2516,1299,1217,98,53,45,2418,1246,1172,2332,1205,1127,2033,1044,989,1905,988,917,1762,918,844,118,56,62,267,146,121,307,148,159,128,56,72,143,70,73,296,151,145,700,262,143,119,93.69,611,1742,163,1.99,2266,1166,1100,234,128,106,2297,1187,1110,31,18,13,6,3,3,0,0,0,6,3,3,6,0,6,8,26,9,17,75,44,32,15,15,16,10,201,56,134,6,38,10,31,21,2236,32,17,15,9,7,*,5,*,3,118,58,60,123,56,67,5,*,3,23,13,10,31,14,17,109,55,54,205,107,98,69,31,38,406,206,200,992,528,464,10.88,10.94,10.83,1307,550,757,721,491,230,1289,549,740,18,*,17,647,1869,1363,93,*,8,367,5,44,17,739,1071,223,2253,175,5,83,694,228,466,2516,698,1818,786,694,784,692,690,694,68,24,2516,3.63,0.93,683,6,163,526,7,41,641,689,0,687,685,*,612,292,688,0,688,*,687,0,688,179,0,679,618,448,490,73,135,524,671,383,406,659,505,314,278,170,6,8,147,*
14,Jalisco,39,Guadalajara,1,Total AGEB urbana,3783,0,5133,2628,2505,199,112,87,4934,2516,2418,4771,2439,2332,4221,2188,2033,3985,2079,1906,3776,1973,1803,263,128,135,450,200,250,536,238,298,236,109,127,209,106,103,555,256,299,1338,726,403,323,95.32,1148,3591,394,1.97,4576,2353,2223,520,253,267,4705,2409,2296,45,19,26,*,0,*,*,0,*,*,0,*,*,*,*,*,56,29,27,292,165,114,21,61,46,30,387,149,227,17,86,21,82,37,4434,79,40,39,16,11,5,18,5,13,166,92,74,226,104,122,10,*,8,44,28,16,59,39,20,173,125,48,441,248,193,114,50,64,996,498,498,2090,1061,1029,10.65,10.43,10.89,2854,1279,1575,1360,906,454,2829,1271,1558,25,8,17,802,4330,4024,81,*,*,133,7,99,17,1619,2028,574,4590,252,*,287,1535,597,938,5133,1857,3276,1661,1535,1645,1519,1535,1535,95,31,5133,3.34,0.83,1534,*,241,1294,0,38,1497,1535,0,1535,1533,0,171,169,1535,0,1535,0,1535,0,1535,758,0,1516,1381,1127,742,106,257,1114,1507,901,920,1470,1230,748,500,388,11,21,235,0
14,Jalisco,39,Guadalajara,1,Total AGEB urbana,3798,0,5737,2905,2832,232,116,116,5503,2789,2714,5342,2719,2623,4671,2402,2269,4391,2272,2119,4091,2127,1964,256,116,140,576,271,305,685,315,370,280,130,150,300,145,155,649,340,309,1552,774,416,358,97.49,1344,3875,516,2.14,5213,2647,2566,473,231,242,5253,2674,2579,43,22,21,8,3,5,0,0,0,8,3,5,8,0,8,12,40,24,16,328,181,134,41,66,71,60,525,182,316,24,115,36,98,80,4843,91,41,50,17,3,14,24,10,14,237,127,110,236,108,128,11,*,10,107,66,41,157,89,68,265,149,116,703,368,335,138,60,78,1050,549,501,1886,957,929,9.88,9.84,9.92,3025,1305,1720,1626,1086,540,2979,1289,1690,46,16,30,1869,3850,3043,165,6,9,539,34,68,30,1759,2314,584,5241,237,*,236,1512,494,1018,5737,1775,3962,1681,1512,1626,1457,1512,1512,103,66,5737,3.79,0.9,1501,11,315,1197,22,109,1381,1510,*,1510,1506,*,1326,505,1508,3,1511,*,1507,0,1511,571,3,1480,1314,953,883,183,364,1170,1469,707,852,1383,1058,722,372,314,23,46,385,8
14,Jalisco,39,Guadalajara,1,Total AGEB urbana,3800,0,5229,2753,2476,152,80,72,5074,2672,2402,4915,2595,2320,4451,2343,2108,4217,2222,1995,3991,2108,1883,225,116,109,398,213,185,504,273,231,234,121,113,226,114,112,557,283,274,1324,1007,574,433,89.94,1009,3442,775,2.34,4842,2546,2296,358,193,165,4860,2560,2300,33,18,15,0,0,0,0,0,0,0,0,0,0,0,0,0,503,258,245,447,274,185,57,93,140,78,655,230,434,39,166,54,141,112,4075,102,49,53,28,13,15,23,11,12,168,84,84,212,104,108,10,7,3,67,48,19,74,49,25,283,175,108,787,451,336,126,49,77,1065,531,534,1709,875,834,9.72,9.53,9.92,2710,1239,1471,1735,1103,632,2650,1215,1435,60,24,36,1420,3805,3602,106,9,*,53,*,35,26,1677,1931,843,4921,183,5,114,1498,666,832,5229,2266,2963,1593,1498,1581,1486,1498,1498,74,21,5229,3.49,0.94,1491,6,134,1363,6,93,1398,1497,0,1497,1496,0,676,589,1495,0,1496,0,1496,0,1495,742,*,1480,1335,1007,671,138,404,1111,1465,605,775,1297,969,579,311,241,22,88,457,6
14,Jalisco,39,Guadalajara,1,Total AGEB urbana,3815,0,5972,3053,2919,225,111,114,5747,2942,2805,5562,2856,2706,4885,2517,2368,4593,2383,2210,4273,2239,2034,288,139,149,574,286,288,687,326,361,292,134,158,320,144,176,677,336,341,1546,899,514,385,95.61,1379,3945,648,2.35,5468,2784,2684,446,240,206,5504,2822,2682,20,12,8,4,*,3,0,0,0,*,*,*,4,0,*,6,40,18,22,240,151,75,28,54,51,39,359,191,197,24,111,42,92,54,5303,125,63,62,41,24,17,22,9,13,225,103,122,218,112,106,23,12,11,113,76,37,171,107,64,384,208,176,772,425,347,182,77,105,1268,632,636,1649,858,791,9.2,9.07,9.34,2995,1263,1732,1859,1234,625,2965,1251,1714,30,12,18,2480,3460,3013,97,10,5,224,51,43,38,1929,2303,629,5539,264,0,135,1544,666,878,5968,2465,3503,1757,1545,1740,1528,1544,1544,141,71,5968,3.87,0.99,1539,5,349,1195,15,167,1362,1543,*,1544,1544,0,1437,639,1544,0,1544,0,1543,0,1544,854,*,1506,1290,869,620,171,341,1147,1493,585,730,1363,991,706,294,240,30,67,490,11
14,Jalisco,39,Guadalajara,1,Total AGEB urbana,382A,0,4065,2118,1947,123,62,61,3942,2056,1886,3852,1996,1856,3555,1848,1707,3398,1762,1636,3224,1673,1551,127,77,50,260,131,129,336,175,161,157,86,71,174,89,85,448,213,235,1019,825,462,363,91.93,667,2789,609,1.94,3580,1868,1712,427,222,205,3759,1954,1805,56,24,32,17,11,6,0,0,0,17,11,6,16,0,16,31,67,37,30,185,125,55,25,35,55,42,339,153,163,38,75,39,85,92,3470,38,19,19,6,4,*,9,6,3,144,74,70,201,97,104,4,*,*,30,17,13,55,30,25,134,85,49,378,210,168,72,33,39,584,300,284,2026,1018,1008,11.48,11.32,11.65,2238,988,1250,1293,849,444,2207,973,1234,31,15,16,1048,2994,2537,182,17,6,180,*,60,45,1373,1623,538,3612,229,*,200,1211,470,741,4065,1515,2550,1343,1211,1322,1190,1211,1211,116,16,4065,3.36,0.75,1184,27,247,964,15,67,1129,1211,0,1211,1210,0,1180,496,1211,0,1211,0,1211,0,1210,366,*,1191,1095,903,808,151,224,973,1181,775,816,1143,958,704,500,287,15,24,220,5
14,Jalisco,39,Guadalajara,1,Total AGEB urbana,3834,0,3120,1657,1463,60,31,29,3060,1626,1434,3007,1594,1413,2788,1493,1295,2685,1443,1242,2564,1389,1175,87,48,39,185,85,100,236,108,128,103,50,53,121,54,67,331,149,182,728,815,488,327,88.29,435,2074,611,1.84,2679,1409,1270,400,229,171,2927,1551,1376,37,25,12,4,*,*,0,0,0,4,*,*,4,0,4,3,91,46,45,162,86,52,21,32,34,28,234,111,92,6,70,13,65,45,2689,8,6,*,6,4,*,7,3,4,115,52,63,218,98,120,*,0,*,10,7,3,16,10,6,72,52,20,153,105,48,51,26,25,257,140,117,2015,1043,972,13.05,12.76,13.38,1636,737,899,1127,748,379,1618,729,889,18,8,10,728,2374,1932,160,15,4,99,*,166,58,1143,1218,411,2805,100,4,191,956,346,610,3087,980,2107,1083,962,1044,923,955,956,88,33,3087,3.23,0.62,954,*,136,819,*,21,933,955,0,955,955,0,952,769,955,0,955,0,955,0,955,179,*,952,913,765,771,63,158,784,938,692,753,902,844,636,441,253,7,5,89,*
14,Jalisco,39,Guadalajara,1,Total AGEB urbana,3849,0,1656,871,785,32,17,15,1624,854,770,1596,843,753,1468,786,682,1412,760,652,1351,724,627,40,13,27,116,55,61,137,65,72,56,26,30,61,36,25,191,89,102,406,394,229,165,90.13,244,1134,278,1.78,1485,793,692,165,75,90,1575,832,743,9,4,5,7,3,4,0,0,0,7,3,4,7,0,7,15,9,4,5,99,46,39,11,20,22,14,241,80,175,16,72,30,48,23,1309,7,3,4,4,3,*,3,*,*,57,34,23,117,53,64,3,0,3,7,4,3,18,12,6,17,11,6,121,72,49,6,*,5,198,116,82,980,490,490,12.34,11.81,12.97,877,413,464,591,373,218,846,403,443,31,10,21,383,1273,1116,103,*,0,25,*,41,15,639,646,183,1533,70,*,49,526,190,336,1649,500,1149,620,527,612,519,526,526,65,28,1649,3.13,0.7,523,3,77,448,5,41,480,526,0,526,526,0,523,233,526,0,526,0,526,0,526,181,0,520,477,391,338,36,157,399,502,358,395,474,430,297,122,110,15,16,74,*
14,Jalisco,39,Guadalajara,1,Total AGEB urbana,3853,0,1911,1015,896,42,18,24,1869,997,872,1832,979,853,1671,894,777,1625,870,755,1562,837,725,61,28,33,137,75,62,148,78,70,46,24,22,63,33,30,297,141,156,454,465,283,182,88.28,286,1278,347,1.69,1652,882,770,244,124,120,1766,940,826,55,32,23,3,*,*,0,0,0,3,*,*,3,0,3,*,11,6,5,99,69,30,20,22,31,26,156,68,76,13,44,13,35,55,1635,10,5,5,7,6,*,*,0,*,58,30,28,191,88,103,*,*,0,6,*,5,9,4,5,28,18,10,81,58,23,13,3,10,163,92,71,1259,649,610,13.17,12.87,13.52,911,403,508,758,491,267,899,401,498,12,*,10,332,1579,1416,105,0,5,35,0,23,27,778,661,232,1747,41,*,117,573,227,346,1855,637,1218,648,576,638,566,572,573,64,8,1855,3.24,0.68,572,0,78,494,*,10,560,572,0,572,571,0,563,379,572,0,572,0,572,0,572,158,0,568,535,456,407,51,185,499,554,393,441,518,478,355,257,124,7,8,78,3
14,Jalisco,39,Guadalajara,1,Total AGEB urbana,3868,0,4200,2142,2058,152,80,72,4048,2062,1986,3916,2000,1916,3465,1769,1696,3261,1664,1597,3055,1559,1496,202,97,105,381,196,185,471,250,221,204,105,99,206,105,101,527,235,292,1087,573,320,253,96.08,939,2853,408,2.14,3793,1931,1862,372,194,178,3840,1961,1879,54,26,28,8,*,6,0,0,0,8,*,6,8,0,8,16,225,122,103,201,119,66,31,48,39,50,528,205,310,37,140,37,143,59,3442,84,50,34,17,7,10,13,4,9,154,78,76,219,98,121,10,5,5,47,30,17,101,65,36,156,81,75,466,266,200,96,34,62,890,456,434,1437,696,741,10,9.79,10.22,2292,983,1309,1171,785,386,2263,975,1288,29,8,21,1810,2389,2219,79,11,3,59,*,17,13,1372,1617,476,3545,494,0,160,1071,342,729,4200,1262,2938,1232,1071,1220,1059,1071,1071,114,47,4200,3.92,0.95,1060,11,217,854,19,96,956,1071,0,1071,1071,0,1006,286,1071,0,1070,*,1070,0,1070,504,*,1041,884,636,519,128,383,865,1036,513,592,982,718,471,305,198,12,42,294,3
14,Jalisco,39,Guadalajara,1,Total AGEB urbana,3872,0,6219,3230,2989,270,123,147,5949,3107,2842,5744,2998,2746,5105,2683,2422,4825,2554,2271,4546,2424,2122,311,163,148,533,261,272,624,292,332,280,129,151,279,130,149,711,339,372,1672,827,449,378,92.54,1394,4389,436,1.82,5662,2931,2731,541,291,250,5690,2979,2711,38,14,24,8,3,5,0,0,0,8,3,5,8,0,8,13,80,36,44,253,134,92,68,54,73,69,398,146,216,34,82,23,82,77,5531,106,55,51,19,6,13,12,6,6,218,106,112,264,125,139,9,*,8,36,19,17,57,36,21,108,61,47,492,292,200,111,54,57,1145,614,531,2763,1422,1341,11.14,11.02,11.29,3258,1462,1796,1834,1217,617,3204,1442,1762,54,20,34,1902,4311,3957,186,8,3,82,0,37,72,1914,2549,637,5524,377,4,308,1850,739,1111,6219,2319,3900,2010,1850,2005,1845,1847,1850,140,20,6219,3.36,0.9,1844,3,250,1597,3,112,1732,1847,0,1847,1845,0,1827,1161,1847,0,1847,0,1847,0,1847,704,*,1825,1643,1274,1074,199,369,1449,1810,1052,1030,1758,1445,992,692,385,21,36,323,*
14,Jalisco,39,Guadalajara,1,Total AGEB urbana,3891,0,3644,1833,1811,159,79,80,3485,1754,1731,3356,1681,1675,2976,1504,1472,2808,1423,1385,2628,1334,1294,177,93,84,332,157,175,395,189,206,168,81,87,180,89,91,486,240,246,947,527,271,256,98.8,836,2462,346,2.23,3204,1607,1597,414,211,203,3298,1654,1644,48,24,24,10,4,6,0,0,0,10,4,6,10,0,10,16,113,63,50,197,93,81,25,42,31,38,405,142,244,24,90,10,94,41,3026,70,40,30,7,4,3,19,6,13,127,63,64,190,84,106,*,*,0,51,27,24,78,44,34,223,118,105,408,214,194,124,51,73,757,388,369,1148,569,579,9.72,9.59,9.85,1910,820,1090,1058,681,377,1903,817,1086,7,3,4,1364,2280,1893,67,3,8,281,*,26,17,1103,1444,429,3224,198,*,221,927,365,562,3644,1425,2219,1076,927,1060,911,925,927,131,18,3644,3.93,1.01,914,11,232,693,50,124,751,924,*,924,921,*,807,316,924,0,925,0,923,0,924,406,*,898,790,577,486,110,193,737,896,428,481,870,669,413,237,169,8,20,221,*
14,Jalisco,39,Guadalajara,1,Total AGEB urbana,3904,0,3454,1756,1698,123,52,71,3331,1704,1627,3205,1644,1561,2881,1486,1395,2727,1414,1313,2565,1333,1232,171,82,89,279,136,143,340,160,180,154,72,82,162,81,81,410,193,217,913,553,302,251,96.7,727,2346,381,2.06,3015,1513,1502,409,226,183,3167,1624,1543,28,16,12,10,7,3,*,*,0,9,6,3,10,*,9,25,63,30,33,118,68,43,24,25,28,27,261,142,114,22,61,29,68,60,3043,64,29,35,21,12,9,14,7,7,123,59,64,171,83,88,9,3,6,64,41,23,77,45,32,172,88,84,358,215,143,73,21,52,591,292,299,1355,692,663,10.48,10.33,10.64,1885,840,1045,987,641,346,1862,832,1030,23,8,15,995,2458,2063,95,3,*,222,*,56,34,1128,1384,369,3105,172,*,172,932,337,595,3454,1152,2302,1043,932,1036,925,932,932,90,21,3454,3.71,0.86,927,5,238,694,18,94,820,932,0,932,932,0,883,549,931,0,931,*,931,0,931,364,*,915,837,636,547,95,244,649,903,523,569,879,696,462,278,164,21,20,191,3
14,Jalisco,39,Guadalajara,1,Total AGEB urbana,3919,0,3541,1783,1758,124,55,69,3417,1728,1689,3321,1686,1635,3012,1545,1467,2848,1460,1388,2676,1385,1291,153,67,86,252,116,136,326,154,172,164,85,79,172,75,97,476,243,233,911,603,322,281,98.6,693,2464,384,2.13,3138,1577,1561,377,197,180,3270,1661,1609,27,16,11,3,*,*,0,0,0,3,*,*,3,0,3,3,240,120,120,187,110,80,16,27,33,23,361,127,207,20,68,16,76,51,2952,53,13,40,12,6,6,9,4,5,130,55,75,209,105,104,7,*,5,39,25,14,56,34,22,195,110,85,353,174,179,75,29,46,669,336,333,1390,719,671,10.43,10.35,10.51,1997,885,1112,1003,656,347,1983,878,1105,14,7,7,1064,2469,2026,77,13,12,122,0,206,40,1169,1463,373,3124,197,3,208,959,358,601,3541,1300,2241,1094,959,1060,925,957,959,101,34,3541,3.69,0.87,944,13,203,754,29,102,826,957,0,957,956,0,895,450,957,0,957,0,957,0,957,349,0,942,862,624,582,110,238,765,919,541,581,896,730,568,336,205,15,20,192,*
14,Jalisco,39,Guadalajara,1,Total AGEB urbana,3923,0,4286,2211,2075,160,93,67,4126,2118,2008,4001,2067,1934,3510,1822,1688,3292,1716,1576,3096,1615,1481,202,83,119,414,213,201,482,242,240,218,106,112,196,101,95,513,250,263,1174,454,247,207,93.85,994,3032,260,1.88,3794,1952,1842,443,243,200,3903,2025,1878,68,31,37,*,*,*,0,0,0,*,*,*,*,0,*,7,330,166,164,218,96,112,23,46,30,37,399,94,268,17,58,14,99,64,3628,57,29,28,18,10,8,9,3,6,170,91,79,249,111,138,7,4,3,25,16,9,49,28,21,120,62,58,260,146,114,79,32,47,663,343,320,1984,1030,954,11.43,11.4,11.45,2405,1092,1313,1096,728,368,2353,1074,1279,52,18,34,1171,3105,2701,128,11,7,180,4,87,42,1371,1737,393,3760,267,4,244,1252,430,822,4286,1339,2947,1390,1252,1361,1223,1249,1252,108,30,4286,3.42,0.83,1240,8,224,1025,13,91,1145,1247,*,1247,1243,*,563,392,1249,0,1249,0,1246,0,1249,461,3,1238,1145,892,756,130,200,944,1222,738,711,1207,1002,852,521,373,13,14,199,3
14,Jalisco,39,Guadalajara,1,Total AGEB urbana,3938,0,2667,1358,1309,122,55,67,2544,1302,1242,2446,1257,1189,2107,1087,1020,1949,1026,923,1791,933,858,151,70,81,286,145,141,345,149,196,158,61,97,158,93,65,334,175,159,725,318,166,152,96.39,717,1745,204,2.32,2429,1230,1199,231,125,106,2438,1254,1184,8,3,5,*,*,0,0,0,0,*,*,0,*,0,*,0,24,13,11,113,63,40,21,17,23,22,122,37,53,16,26,11,15,31,2416,55,25,30,11,5,6,9,3,6,108,67,41,76,45,31,16,4,12,59,26,33,77,41,36,187,96,91,360,180,180,90,39,51,646,346,300,547,297,250,8.59,8.69,8.48,1255,510,745,843,576,267,1244,510,734,11,0,11,1102,1564,1372,25,0,0,164,4,0,*,743,1066,298,2388,137,7,135,618,203,415,2667,880,1787,693,618,684,609,618,618,54,21,2667,4.32,1.06,610,7,160,457,14,52,551,617,0,617,616,0,486,132,616,*,617,0,617,0,617,344,*,592,498,327,244,67,53,505,605,225,257,578,407,389,117,85,9,21,189,3
14,Jalisco,39,Guadalajara,1,Total AGEB urbana,3942,0,3436,1741,1695,158,82,76,3277,1658,1619,3146,1586,1560,2698,1370,1328,2501,1290,1211,2321,1188,1133,193,95,98,386,193,193,462,222,240,197,80,117,180,102,78,416,198,218,897,400,219,181,97.36,934,2234,267,2.28,3108,1568,1540,310,162,148,3126,1575,1551,16,11,5,*,0,*,0,0,0,*,0,*,*,0,*,4,206,93,113,152,100,59,32,25,43,24,229,75,129,24,51,17,49,55,3028,79,40,39,10,6,4,23,5,18,120,66,54,108,63,45,13,7,6,97,52,45,108,57,51,268,136,132,459,240,219,112,56,56,727,379,348,768,386,382,8.65,8.64,8.66,1719,713,1006,974,655,319,1695,710,985,24,3,21,1263,2172,1818,16,4,3,311,18,5,*,1018,1320,360,3174,151,3,107,813,261,552,3436,1142,2294,866,813,861,808,812,813,46,7,3436,4.23,1.09,793,18,224,587,18,107,686,811,0,810,808,*,631,187,811,0,811,0,810,0,811,454,4,776,673,385,323,87,89,637,793,297,327,748,545,451,196,118,11,40,238,6
14,Jalisco,39,Guadalajara,1,Total AGEB urbana,3957,0,1171,620,551,30,14,16,1141,606,535,1118,594,524,1037,564,473,1002,549,453,976,534,442,35,15,20,69,27,42,75,33,42,35,15,20,26,15,11,132,75,57,348,199,127,72,88.87,169,875,127,1.33,855,449,406,282,155,127,1058,568,490,48,22,26,6,3,3,0,0,0,6,3,3,6,0,6,6,31,13,18,47,24,24,5,15,13,10,161,26,130,7,24,5,18,14,955,9,6,3,4,*,3,*,0,*,23,14,9,67,37,30,*,0,*,0,0,0,*,*,0,13,10,3,33,23,10,8,5,3,73,43,30,845,449,396,14.25,14,14.56,721,341,380,314,222,92,711,339,372,10,*,8,304,867,739,27,0,*,13,0,149,5,406,504,127,947,55,9,160,437,210,227,1164,515,649,662,438,639,415,437,437,96,128,1164,2.66,0.57,437,0,84,353,0,26,411,437,0,437,437,0,405,379,437,0,437,0,437,0,437,91,0,435,387,335,341,26,56,369,428,352,310,426,404,288,302,127,*,*,26,0
14,Jalisco,39,Guadalajara,1,Total AGEB urbana,3961,0,2017,1088,929,35,12,23,1982,1076,906,1950,1054,896,1822,981,841,1771,963,808,1705,932,773,51,30,21,109,65,44,120,60,60,51,18,33,66,31,35,206,103,103,508,509,297,212,85.39,246,1398,373,1.67,1589,847,742,398,223,175,1865,1003,862,71,40,31,6,4,*,0,0,0,6,4,*,6,0,6,15,56,37,19,111,47,63,7,26,13,16,180,43,113,10,36,8,30,44,1695,10,5,5,12,8,4,*,0,*,54,25,29,119,59,60,0,0,0,5,3,*,12,8,4,36,27,9,68,42,26,27,13,14,128,79,49,1432,758,674,14.04,13.63,14.53,1199,558,641,620,423,197,1190,556,634,9,*,7,407,1610,1269,65,3,0,23,*,264,51,738,828,256,1835,84,9,89,745,360,385,2017,894,1123,884,745,859,720,745,745,77,62,2017,2.71,0.47,744,*,155,590,*,4,739,744,*,745,745,0,702,712,745,0,745,0,744,0,745,96,*,742,694,624,647,56,142,535,735,623,598,717,681,532,442,217,9,4,44,*
14,Jalisco,39,Guadalajara,1,Total AGEB urbana,3976,0,2378,1215,1163,84,38,46,2294,1177,1117,2240,1150,1090,2011,1038,973,1909,994,915,1821,944,877,89,43,46,194,96,98,225,101,124,102,44,58,88,50,38,303,139,164,663,339,190,149,95.72,469,1679,230,1.82,2029,1044,985,325,160,165,2188,1129,1059,43,18,25,24,11,13,0,0,0,24,11,13,23,0,23,36,39,16,23,143,73,63,14,27,21,35,205,80,119,25,53,27,59,43,2000,21,7,14,9,5,4,11,*,9,81,47,34,127,66,61,4,*,*,28,17,11,55,32,23,93,46,47,215,124,91,45,22,23,298,148,150,1130,582,548,11.14,11.06,11.23,1376,642,734,618,396,222,1349,629,720,27,13,14,672,1704,1458,59,6,7,74,60,56,18,835,880,294,2127,79,*,167,746,296,450,2360,900,1460,910,748,871,709,741,746,137,25,2360,3.16,0.78,734,5,182,559,36,62,643,741,0,740,735,0,678,393,739,0,740,0,740,0,739,318,13,695,626,485,388,87,213,554,690,434,428,665,548,333,277,144,34,39,173,17
14,Jalisco,39,Guadalajara,1,Total AGEB urbana,3980,0,1286,636,650,37,16,21,1249,620,629,1214,603,611,1111,564,547,1049,539,510,999,514,485,50,20,30,88,36,52,121,50,71,62,25,37,50,25,25,172,82,90,325,244,137,107,102.2,237,871,178,1.96,1128,554,574,152,79,73,1196,598,598,13,4,9,0,0,0,0,0,0,0,0,0,0,0,0,0,5,5,0,95,68,64,37,40,38,39,159,60,97,15,56,16,33,8,1029,17,8,9,0,0,0,*,0,*,43,22,21,74,34,40,3,*,*,22,12,10,28,15,13,70,40,30,140,69,71,27,10,17,228,116,112,525,269,256,10.26,10.22,10.3,670,300,370,438,263,175,657,300,357,13,0,13,461,824,693,33,0,0,84,0,3,15,437,474,199,1187,36,0,61,369,126,243,1248,377,871,437,370,422,355,369,369,56,11,1248,3.38,0.78,369,0,92,277,5,20,344,369,0,368,368,*,329,72,369,0,369,0,368,0,369,161,0,359,306,246,194,36,124,285,359,186,187,344,254,165,90,25,3,13,98,*
14,Jalisco,39,Guadalajara,1,Total AGEB urbana,3995,0,4225,2209,2016,103,48,55,4122,2161,1961,4025,2112,1913,3673,1933,1740,3508,1854,1654,3335,1762,1573,148,75,73,301,153,148,368,184,184,165,79,86,173,92,81,495,208,287,1037,896,513,383,91.26,717,2842,666,1.93,3670,1925,1745,522,270,252,3956,2086,1870,54,18,36,6,4,*,0,0,0,6,4,*,6,0,6,20,38,16,22,238,141,101,46,57,58,53,391,168,223,13,84,16,97,75,3556,40,23,17,7,5,*,6,4,*,157,85,72,258,108,150,6,*,5,38,24,14,54,29,25,111,76,35,381,220,161,52,20,32,537,284,253,2230,1130,1100,11.82,11.58,12.09,2195,972,1223,1469,955,514,2154,955,1199,41,17,24,959,3264,2908,143,6,15,150,3,63,35,1480,1650,541,3901,120,9,192,1312,533,779,4225,1551,2674,1475,1312,1469,1306,1312,1312,131,32,4225,3.22,0.69,1304,8,302,1010,8,58,1246,1311,*,1312,1312,0,1221,736,1311,0,1312,0,1311,0,1311,435,0,1291,1179,960,841,140,341,1001,1287,794,850,1210,1016,631,501,264,10,13,248,*
14,Jalisco,39,Guadalajara,1,Total AGEB urbana,400A,0,2960,1549,1411,91,47,44,2869,1502,1367,2793,1475,1318,2546,1344,1202,2440,1297,1143,2337,1248,1089,114,46,68,209,112,97,247,121,126,106,47,59,103,49,54,348,166,182,761,580,336,244,91.09,520,2039,401,1.82,2625,1377,1248,310,163,147,2727,1445,1282,53,26,27,3,*,*,0,0,0,3,*,*,3,0,3,3,30,14,16,169,100,60,21,31,41,32,294,128,161,9,68,15,69,44,2468,25,11,14,10,3,7,10,4,6,84,37,47,176,84,92,*,0,*,27,16,11,43,25,18,113,73,40,208,131,77,51,24,27,335,168,167,1601,829,772,12.02,11.75,12.33,1599,721,878,936,620,316,1574,712,862,25,9,16,818,2133,1878,90,4,9,68,0,61,49,1032,1118,388,2627,103,*,218,934,375,559,2958,1057,1901,1052,934,1043,925,933,934,80,38,2958,3.17,0.74,928,4,112,820,5,35,892,931,*,932,931,0,881,469,931,*,932,0,931,0,932,368,3,922,788,635,538,80,288,689,911,528,559,867,713,400,350,182,14,18,185,3
14,Jalisco,39,Guadalajara,1,Total AGEB urbana,4014,0,3969,2065,1904,148,70,78,3821,1995,1826,3687,1934,1753,3216,1687,1529,2989,1565,1424,2804,1483,1321,204,97,107,401,211,190,488,263,225,227,122,105,185,82,103,386,189,197,1024,603,316,287,92.2,980,2601,388,2.26,3490,1826,1664,468,232,236,3646,1916,1730,36,17,19,8,*,6,0,0,0,8,*,6,8,0,8,23,37,17,20,230,136,81,29,47,52,43,392,163,227,25,85,13,91,70,3316,75,32,43,12,4,8,25,15,10,139,67,72,121,63,58,19,12,7,70,47,23,111,64,47,298,175,123,491,264,227,105,43,62,840,417,423,1055,552,503,9.12,8.99,9.25,2009,861,1148,1202,824,378,1976,850,1126,33,11,22,1112,2857,2505,41,0,*,232,3,42,45,1155,1669,392,3553,209,4,201,985,295,690,3969,1118,2851,1052,985,1007,940,983,985,59,8,3969,4.03,0.97,981,*,237,746,12,102,869,983,0,982,982,*,866,271,983,0,983,0,982,0,983,446,*,954,827,541,504,93,354,827,953,411,470,907,646,381,222,150,14,28,297,3
14,Jalisco,39,Guadalajara,1,Total AGEB urbana,4029,0,3376,1720,1656,119,57,62,3257,1663,1594,3158,1623,1535,2758,1411,1347,2618,1349,1269,2456,1269,1187,168,75,93,331,177,154,364,181,183,140,62,78,162,80,82,379,195,184,889,516,267,249,96.28,758,2272,346,2.27,2986,1517,1469,384,200,184,3121,1605,1516,31,16,15,16,10,6,*,*,0,15,9,6,16,*,15,24,15,8,7,284,149,122,32,59,37,55,378,143,193,21,83,29,97,87,2685,58,22,36,28,15,13,16,5,11,113,51,62,133,69,64,9,5,4,70,37,33,104,55,49,280,161,119,403,230,173,89,32,57,680,334,346,961,491,470,9.12,9.02,9.22,1829,794,1035,926,614,312,1800,783,1017,29,11,18,957,2417,2174,54,3,0,164,13,14,7,1019,1369,370,3013,207,0,150,833,293,540,3376,1152,2224,876,833,841,798,833,833,35,8,3376,4.05,0.89,831,*,181,652,22,68,743,833,0,833,829,0,761,300,832,*,833,0,833,0,833,355,0,813,715,488,451,87,229,669,815,377,419,784,560,345,182,135,7,23,235,*
14,Jalisco,39,Guadalajara,1,Total AGEB urbana,4033,0,2004,1072,932,52,24,28,1952,1048,904,1914,1029,885,1783,958,825,1715,924,791,1627,883,744,58,27,31,111,63,48,140,76,64,68,34,34,88,41,47,200,103,97,487,499,285,214,86.94,289,1333,382,1.99,1721,922,799,276,147,129,1893,1020,873,19,8,11,0,0,0,0,0,0,0,0,0,0,0,0,0,108,52,56,166,104,87,54,74,62,68,290,131,168,56,110,55,112,21,1539,10,6,4,*,*,*,*,*,*,83,41,42,93,44,49,*,0,*,25,16,9,20,13,7,73,46,27,181,115,66,35,12,23,317,169,148,1028,535,493,11.53,11.23,11.88,1050,495,555,732,463,269,1016,480,536,34,15,19,454,1549,1419,48,0,0,34,9,41,8,733,800,249,1832,95,6,69,605,241,364,2004,705,1299,639,605,603,569,604,605,31,3,2004,3.31,0.75,604,0,92,512,*,21,582,602,*,604,604,0,596,243,604,0,604,0,602,0,601,214,0,601,554,459,385,35,126,487,591,384,459,546,490,298,238,105,5,9,97,*
14,Jalisco,39,Guadalajara,1,Total AGEB urbana,4048,0,5939,3014,2925,249,113,136,5689,2900,2789,5508,2809,2699,4852,2508,2344,4583,2373,2210,4305,2212,2093,268,132,136,569,260,309,652,306,346,269,135,134,278,161,117,711,325,386,1549,921,514,407,97.05,1355,3906,677,2.29,5206,2618,2588,699,382,317,5387,2756,2631,96,47,49,18,8,10,0,0,0,14,6,8,17,0,14,35,45,21,24,482,281,169,61,100,95,77,694,288,353,38,164,20,183,157,4706,104,48,56,19,10,9,32,13,19,185,108,77,228,112,116,13,4,9,122,70,52,175,97,78,432,243,189,705,368,337,175,86,89,1227,625,602,1763,891,872,9.32,9.17,9.49,3007,1243,1764,1834,1261,573,2945,1229,1716,62,14,48,1687,4251,3687,94,7,16,384,*,53,25,1696,2349,804,5380,245,9,264,1529,663,866,5939,2490,3449,1644,1529,1593,1478,1528,1529,109,6,5939,3.88,0.93,1510,15,346,1181,39,133,1355,1527,0,1525,1498,*,1260,349,1517,*,1524,*,1522,0,1516,759,*,1482,1282,875,723,125,582,1269,1483,680,778,1390,1002,608,367,272,12,47,446,4
14,Jalisco,39,Guadalajara,1,Total AGEB urbana,4052,0,5240,2723,2517,166,80,86,5074,2643,2431,4935,2570,2365,4531,2375,2156,4323,2278,2045,4140,2197,1943,199,102,97,344,166,178,435,204,231,208,97,111,183,81,102,580,276,304,1379,973,534,439,92.43,917,3718,605,1.69,4359,2234,2125,822,455,367,4808,2512,2296,103,48,55,7,3,4,0,0,0,*,0,*,4,0,*,11,79,42,37,239,109,98,34,54,32,34,685,192,494,30,116,28,133,55,4284,43,18,25,14,4,10,10,5,5,156,70,86,310,146,164,5,4,*,27,18,9,42,28,14,87,59,28,308,209,99,62,27,35,551,295,256,3135,1589,1546,12.78,12.47,13.11,3079,1429,1650,1446,942,504,3042,1413,1629,37,16,21,1257,3974,3487,208,16,11,148,5,158,18,1807,2140,568,4731,177,18,308,1680,656,1024,5240,1831,3409,1826,1680,1747,1601,1679,1680,126,20,5240,3.12,0.81,1677,*,259,1420,3,86,1590,1679,0,1679,1679,0,1377,1077,1679,0,1679,0,1679,0,1679,490,*,1666,1532,1297,1171,101,379,1359,1643,1113,1095,1610,1399,923,831,447,13,13,224,*
14,Jalisco,39,Guadalajara,1,Total AGEB urbana,4067,0,2600,1354,1246,115,64,51,2482,1288,1194,2397,1256,1141,2112,1115,997,1998,1051,947,1881,1008,873,124,50,74,246,123,123,276,145,131,114,64,50,117,43,74,257,139,118,669,403,234,169,92.02,599,1761,237,2.11,2252,1157,1095,316,175,141,2341,1228,1113,35,14,21,5,4,*,0,0,0,*,*,0,5,0,*,6,21,11,10,132,81,53,13,21,19,16,275,88,189,10,63,17,61,26,2169,47,15,32,10,5,5,10,5,5,79,31,48,96,53,43,5,*,4,28,19,9,50,31,19,145,79,66,269,153,116,66,26,40,424,211,213,969,516,453,10.13,10.08,10.19,1382,610,772,715,496,219,1370,606,764,12,4,8,808,1776,1482,69,6,9,163,4,35,19,775,1055,272,2357,115,*,107,698,242,456,2600,835,1765,747,698,684,635,698,698,45,4,2600,3.72,0.95,687,*,131,560,11,61,619,694,0,694,652,0,488,237,693,0,690,0,690,0,690,282,0,681,623,458,383,82,215,561,682,349,389,649,517,328,202,157,3,9,139,0
14,Jalisco,39,Guadalajara,1,Total AGEB urbana,4071,0,2395,1280,1115,69,37,32,2326,1243,1083,2267,1218,1049,2119,1137,982,2038,1096,942,1939,1049,890,79,38,41,128,68,60,169,85,84,81,41,40,99,47,52,251,133,118,605,519,302,217,87.11,357,1661,377,1.72,2051,1085,966,310,180,130,2163,1166,997,80,43,37,4,*,*,0,0,0,4,*,*,4,0,4,9,16,6,10,240,93,125,22,54,34,31,281,82,171,11,50,9,38,64,1839,28,14,14,13,7,6,11,4,7,78,40,38,134,70,64,*,0,*,15,8,7,20,12,8,44,30,14,129,78,51,32,17,15,271,134,137,1465,774,691,12.78,12.46,13.14,1282,594,688,832,539,293,1256,584,672,26,10,16,272,2123,1586,138,13,7,158,3,225,61,887,942,290,2107,73,5,208,781,321,460,2395,891,1504,882,781,871,770,781,781,77,24,2395,3.07,0.65,780,0,176,605,5,22,754,780,*,780,767,*,615,442,781,0,781,0,780,0,781,280,0,773,703,583,495,38,117,524,761,536,527,737,683,435,358,184,9,6,71,0
14,Jalisco,39,Guadalajara,1,Total AGEB urbana,4086,0,2420,1254,1166,57,25,32,2363,1229,1134,2312,1204,1108,2120,1101,1019,2028,1060,968,1941,1016,925,83,44,39,160,84,76,204,106,98,92,41,51,87,44,43,271,121,150,594,489,287,202,92.98,392,1685,343,1.93,2173,1129,1044,232,116,116,2289,1191,1098,16,10,6,3,*,*,0,0,0,3,*,*,3,0,3,3,54,28,26,129,83,34,16,26,29,23,229,90,129,13,61,19,54,27,2045,16,8,8,8,6,*,0,0,0,74,42,32,120,59,61,*,*,0,29,18,11,32,20,12,87,56,31,205,119,86,53,23,30,350,189,161,1250,625,625,11.48,11.23,11.75,1331,595,736,786,504,282,1297,589,708,34,6,28,637,1783,1470,91,*,5,159,*,42,40,899,877,344,2225,54,0,140,759,307,452,2409,911,1498,892,760,867,735,759,759,104,28,2409,3.17,0.78,756,3,175,584,6,37,716,758,*,757,757,*,712,269,759,0,759,0,757,0,759,315,0,745,665,526,420,61,93,594,734,440,485,696,596,411,220,127,12,20,138,4
14,Jalisco,39,Guadalajara,1,Total AGEB urbana,4090,0,2730,1421,1309,85,47,38,2642,1372,1270,2571,1332,1239,2341,1218,1123,2238,1171,1067,2125,1120,1005,96,49,47,205,105,100,242,117,125,103,47,56,113,51,62,333,166,167,701,529,306,223,92.12,489,1841,397,1.94,2379,1233,1146,319,171,148,2500,1302,1198,51,19,32,9,4,5,0,0,0,8,4,4,9,0,8,33,299,152,147,152,86,59,24,44,29,37,409,151,274,33,105,37,108,93,2124,30,19,11,13,5,8,10,6,4,85,39,46,138,62,76,5,4,*,18,11,7,25,12,13,115,71,44,194,121,73,49,19,30,427,219,208,1341,683,658,11.36,11.24,11.48,1613,779,834,721,437,284,1597,774,823,16,5,11,713,2009,1747,83,15,4,105,*,50,40,987,1025,324,2422,94,*,204,791,312,479,2730,983,1747,893,791,853,751,790,791,88,14,2730,3.45,0.78,774,13,101,687,6,28,754,788,0,788,786,0,472,238,788,0,788,0,788,0,788,323,*,781,719,573,440,107,250,661,772,524,537,743,642,491,326,205,6,13,116,*
14,Jalisco,39,Guadalajara,1,Total AGEB urbana,4103,0,3343,1805,1538,106,48,58,3237,1757,1480,3170,1718,1452,2875,1564,1311,2727,1499,1228,2563,1402,1161,102,55,47,260,138,122,318,155,163,148,65,83,164,97,67,407,216,191,949,574,336,238,85.21,616,2336,391,1.72,2963,1578,1385,361,218,143,3106,1679,1427,56,34,22,6,3,3,0,0,0,6,3,3,6,0,6,10,24,11,13,190,104,72,19,40,39,32,337,138,125,19,91,14,92,48,2799,18,12,6,7,5,*,7,*,5,133,80,53,167,89,78,8,3,5,32,27,5,30,24,6,68,50,18,287,173,114,84,34,50,447,222,225,1704,920,784,11.63,11.46,11.84,1795,866,929,1072,696,376,1751,850,901,44,16,28,864,2478,1949,130,11,0,299,0,42,82,1291,1168,416,3000,106,0,235,995,452,543,3333,1424,1909,1284,997,1280,993,995,995,225,62,3333,3.35,0.75,992,3,193,802,5,45,945,995,0,993,988,*,885,622,995,0,995,0,993,0,995,470,0,976,862,684,490,95,210,779,966,614,580,932,779,549,392,246,10,18,172,*
14,Jalisco,39,Guadalajara,1,Total AGEB urbana,4118,0,3680,2000,1680,107,58,49,3573,1942,1631,3509,1910,1599,3222,1759,1463,3112,1710,1402,2975,1639,1336,110,51,59,241,132,109,265,136,129,110,49,61,137,71,66,431,223,208,923,812,505,307,84,568,2498,614,1.91,3209,1730,1479,443,254,189,3466,1887,1579,37,19,18,7,*,6,0,0,0,7,*,6,7,0,7,6,117,62,55,220,116,84,33,59,38,42,575,248,329,34,142,35,135,97,2830,29,18,11,4,3,*,5,0,5,118,59,59,221,116,105,6,*,4,47,29,18,57,39,18,114,76,38,298,182,116,59,20,39,453,238,215,1996,1071,925,11.84,11.58,12.16,1989,911,1078,1227,842,385,1967,907,1060,22,4,18,897,2782,2198,199,7,6,262,0,125,64,1346,1321,554,3345,107,5,203,1157,467,690,3653,1370,2283,1312,1159,1301,1148,1157,1157,103,50,3653,3.16,0.73,1156,*,213,944,9,55,1093,1157,0,1157,1157,0,1040,520,1157,0,1157,0,1157,0,1157,428,0,1133,1041,835,706,83,203,924,1131,743,779,1074,954,700,504,263,7,15,168,*
14,Jalisco,39,Guadalajara,1,Total AGEB urbana,4122,0,3179,1650,1529,70,39,31,3108,1611,1497,3039,1579,1460,2784,1455,1329,2691,1411,1280,2544,1350,1194,93,44,49,231,112,119,244,115,129,93,44,49,147,61,86,339,156,183,782,661,388,273,92.67,487,2244,447,1.76,2723,1411,1312,416,216,200,2946,1534,1412,61,31,30,9,*,8,0,0,0,7,*,6,9,0,7,14,121,56,65,169,88,58,22,28,36,41,401,163,194,27,101,21,87,53,2582,33,12,21,10,*,8,8,3,5,124,55,69,186,86,100,4,*,3,22,13,9,24,15,9,46,27,19,164,111,53,39,21,18,330,175,155,1983,1007,976,12.95,12.7,13.21,1803,822,981,968,624,344,1770,808,962,33,14,19,748,2423,1941,209,14,6,143,*,78,95,1185,1177,414,2816,98,*,253,1033,422,611,3165,1166,1999,1138,1034,1069,965,1033,1033,64,40,3165,3.06,0.71,1029,*,205,828,10,43,980,1032,*,1033,1028,0,1005,695,1032,0,1033,0,1032,0,1032,321,*,1020,947,802,698,86,224,852,997,759,754,960,891,608,464,252,17,18,104,5
14,Jalisco,39,Guadalajara,1,Total AGEB urbana,4141,0,1427,750,677,46,21,25,1381,729,652,1337,707,630,1229,654,575,1161,616,545,1109,589,520,60,29,31,92,46,46,135,66,69,68,38,30,52,27,25,147,66,81,360,270,161,109,90.27,266,952,209,2.03,1220,639,581,199,108,91,1299,691,608,30,13,17,0,0,0,0,0,0,0,0,0,0,0,0,0,9,4,5,88,58,37,5,24,20,6,180,67,138,8,46,11,23,18,1155,20,9,11,4,*,*,*,*,0,47,26,21,74,37,37,0,0,0,10,7,3,14,11,3,45,25,20,123,74,49,11,*,9,236,118,118,697,366,331,11.48,11.43,11.53,755,331,424,471,322,149,745,330,415,10,*,9,313,1114,971,26,5,*,93,17,18,0,517,533,179,1287,58,*,81,425,216,209,1427,729,698,452,425,440,413,424,425,24,3,1427,3.36,0.75,423,*,86,338,4,10,410,424,0,424,424,0,379,180,423,*,424,0,424,0,424,172,0,421,390,276,241,31,135,329,421,242,297,385,340,208,117,78,3,5,72,0
14,Jalisco,39,Guadalajara,1,Total AGEB urbana,4156,0,1891,1004,887,54,32,22,1837,972,865,1771,940,831,1587,858,729,1486,815,671,1394,756,638,83,37,46,167,77,90,221,93,128,101,43,58,92,59,33,206,91,115,551,303,172,131,88.35,405,1291,195,1.86,1658,871,787,223,128,95,1735,916,819,30,20,10,5,*,4,0,0,0,5,*,4,5,0,5,11,19,11,8,109,61,41,11,22,13,20,200,66,106,4,44,10,46,27,1567,29,17,12,10,7,3,5,*,4,72,45,27,85,43,42,*,0,*,15,7,8,20,11,9,65,43,22,147,95,52,56,30,26,344,177,167,792,410,382,10.94,10.69,11.25,1062,514,548,524,344,180,1038,504,534,24,10,14,413,1478,1308,32,0,*,70,9,47,31,665,680,242,1679,87,3,120,589,258,331,1891,784,1107,641,589,632,580,589,589,39,13,1891,3.21,0.86,589,0,78,511,0,*,588,589,0,589,589,0,66,174,589,0,589,0,589,0,589,380,0,577,492,396,189,35,88,455,569,344,346,554,461,334,212,155,10,15,101,0
14,Jalisco,39,Guadalajara,1,Total AGEB urbana,4160,0,2479,1269,1210,96,43,53,2383,1226,1157,2292,1179,1113,1997,1033,964,1889,979,910,1751,904,847,145,73,72,241,120,121,261,134,127,108,54,54,138,75,63,291,138,153,679,281,148,133,95.35,590,1730,159,1.85,2259,1164,1095,211,102,109,2252,1162,1090,28,14,14,3,*,*,0,0,0,3,*,*,3,0,3,6,35,16,19,103,62,44,15,14,17,18,242,111,143,9,40,8,45,20,2119,52,22,30,8,4,4,8,3,5,96,56,40,87,41,46,5,*,4,10,6,4,22,14,8,58,39,19,189,101,88,67,33,34,501,262,239,965,478,487,10.61,10.35,10.88,1357,613,744,636,417,219,1338,608,730,19,5,14,543,1933,1670,48,4,0,192,*,22,19,770,955,269,2132,131,0,213,770,310,460,2479,933,1546,849,770,834,755,770,770,70,9,2479,3.22,1.03,770,0,109,661,*,61,708,768,*,770,770,0,54,291,769,0,769,*,768,0,769,489,0,757,619,453,247,65,118,593,739,382,380,730,540,367,263,204,16,15,176,0
14,Jalisco,39,Guadalajara,1,Total AGEB urbana,4175,0,4696,2431,2265,148,67,81,4548,2364,2184,4420,2308,2112,3949,2061,1888,3742,1961,1781,3494,1843,1651,190,83,107,409,220,189,483,247,236,207,100,107,248,118,130,556,286,270,1196,829,483,346,93.17,954,3048,694,2.53,4285,2195,2090,391,223,168,4395,2298,2097,21,9,12,5,*,4,0,0,0,5,*,4,5,0,5,14,42,21,21,357,191,122,42,67,66,56,528,216,314,38,113,35,126,82,3779,65,29,36,12,*,10,9,*,7,170,87,83,185,107,78,11,7,4,136,85,51,162,101,61,313,177,136,631,342,289,130,56,74,1113,517,596,1278,703,575,9,8.98,9.02,2433,1058,1375,1508,998,510,2340,1035,1305,93,23,70,1346,3350,3070,63,3,*,177,*,17,23,1519,1706,724,4406,186,4,98,1249,572,677,4696,2123,2573,1311,1249,1306,1244,1249,1249,52,10,4696,3.76,0.93,1249,0,177,1072,5,32,1212,1249,0,1249,1248,0,375,30,1249,0,1249,0,1249,0,1249,704,*,1233,1083,767,497,124,115,915,1229,506,698,1107,813,633,269,206,14,33,391,6
14,Jalisco,39,Guadalajara,1,Total AGEB urbana,418A,0,4537,2344,2193,182,98,84,4355,2246,2109,4217,2172,2045,3747,1952,1795,3533,1857,1676,3334,1753,1581,213,104,109,395,190,205,474,224,250,214,95,119,199,104,95,464,233,231,1233,724,392,332,93.56,1004,3052,481,1.92,4132,2132,2000,381,201,180,4200,2166,2034,12,4,8,*,0,*,0,0,0,*,0,*,*,0,*,0,35,17,18,191,117,73,20,43,36,44,388,149,253,47,116,44,114,41,3941,76,36,40,23,11,12,11,*,10,163,90,73,180,90,90,3,*,*,34,22,12,60,42,18,119,79,40,382,232,150,71,25,46,786,405,381,1980,994,986,10.96,10.69,11.27,2398,1076,1322,1345,875,470,2361,1066,1295,37,10,27,1096,3439,3123,161,16,8,117,0,27,32,1431,1885,431,4131,188,*,216,1323,500,823,4537,1712,2825,1402,1323,1367,1288,1323,1323,65,14,4537,3.43,0.87,1319,4,139,1184,3,309,1011,1323,0,1323,1323,0,1297,387,1323,0,1323,0,1323,0,1323,468,*,1310,1201,898,807,150,85,899,1301,700,694,1254,1079,885,465,302,12,19,205,3
14,Jalisco,39,Guadalajara,1,Total AGEB urbana,4194,0,3732,1875,1857,163,86,77,3569,1789,1780,3457,1734,1723,3044,1539,1505,2863,1455,1408,2639,1356,1283,173,82,91,352,168,184,423,201,222,181,84,97,224,99,125,441,219,222,968,519,282,237,99.04,869,2511,352,2.35,3386,1698,1688,337,173,164,3429,1724,1705,19,8,11,10,*,8,0,0,0,10,*,8,10,0,10,23,18,10,8,120,76,26,20,17,24,24,390,200,203,31,132,45,143,56,3185,75,32,43,6,*,4,14,4,10,161,78,83,128,71,57,3,0,3,67,41,26,119,61,58,294,155,139,475,270,205,139,52,87,890,439,451,841,424,417,8.65,8.61,8.7,2031,843,1188,1012,696,316,2002,834,1168,29,9,20,1443,2289,1914,48,*,5,307,0,6,10,1119,1489,436,3388,209,*,132,889,273,616,3732,1053,2679,969,889,965,885,887,889,76,4,3732,4.2,0.95,882,5,189,698,10,63,814,887,0,887,887,0,750,254,887,0,887,0,887,0,887,427,*,863,756,509,422,95,78,692,872,330,382,823,538,346,158,145,9,23,303,3
14,Jalisco,39,Guadalajara,1,Total AGEB urbana,4207,0,4817,2470,2347,201,98,103,4616,2372,2244,4417,2278,2139,3853,1989,1864,3615,1865,1750,3338,1734,1604,266,130,136,497,253,244,562,290,272,238,124,114,277,131,146,583,298,285,1289,654,341,313,95.02,1202,3196,419,2.28,4311,2205,2106,474,251,223,4377,2259,2118,35,17,18,*,0,*,0,0,0,*,0,*,*,0,*,8,19,10,9,248,128,87,42,49,50,44,550,228,315,43,143,21,142,75,3982,114,60,54,13,5,8,23,8,15,177,91,86,164,94,70,12,6,6,87,60,27,131,82,49,323,170,153,644,311,333,158,61,97,1098,561,537,1135,606,529,8.87,8.91,8.83,2596,1120,1476,1246,865,381,2558,1110,1448,38,10,28,1582,3235,2699,44,13,*,474,0,7,4,1408,1949,496,4335,298,3,179,1124,368,756,4817,1518,3299,1197,1124,1162,1089,1124,1124,66,7,4817,4.29,1,1116,8,222,902,21,85,1018,1119,5,1122,1121,*,968,306,1123,0,1124,0,1117,0,1123,569,*,1085,934,560,491,169,191,922,1096,397,561,1023,702,460,223,172,12,38,376,5
14,Jalisco,39,Guadalajara,1,Total AGEB urbana,4211,0,4952,2480,2472,206,91,115,4746,2389,2357,4561,2295,2266,3913,1977,1936,3653,1853,1800,3401,1735,1666,287,137,150,546,275,271,626,304,322,260,124,136,252,118,134,581,281,300,1261,669,349,320,99.68,1299,3235,418,2.37,4548,2261,2287,384,208,176,4521,2278,2243,33,14,19,*,0,*,0,0,0,*,0,*,*,0,*,*,8,3,5,232,113,100,28,44,39,40,553,224,330,54,143,51,156,73,4125,120,63,57,39,14,25,27,13,14,167,85,82,161,75,86,11,4,7,120,76,44,160,99,61,373,187,186,598,302,296,152,66,86,1090,570,520,1164,566,598,8.8,8.68,8.92,2511,1048,1463,1398,927,471,2468,1045,1423,43,3,40,1823,3127,2739,38,15,9,277,0,20,39,1579,1873,461,4579,220,*,151,1134,344,790,4949,1431,3518,1215,1135,1148,1068,1134,1134,72,8,4949,4.36,1.05,1123,11,230,904,32,162,940,1133,*,1134,1134,0,980,249,1132,*,1134,0,1133,0,1133,565,0,1092,943,615,515,154,131,915,1113,448,556,1063,750,488,265,202,9,28,336,0
14,Jalisco,39,Guadalajara,1,Total AGEB urbana,4226,0,4502,2293,2209,201,102,99,4301,2191,2110,4135,2113,2022,3600,1848,1752,3346,1730,1616,3093,1602,1491,238,115,123,463,228,235,565,274,291,254,118,136,253,128,125,564,272,292,1186,612,330,282,96.34,1156,2949,397,2.36,4070,2069,2001,414,212,202,4113,2103,2010,18,8,10,0,0,0,0,0,0,0,0,0,0,0,0,0,24,8,16,185,109,62,25,38,30,31,435,183,277,29,95,32,103,60,3863,94,46,48,12,6,6,25,13,12,171,89,82,176,93,83,13,5,8,85,47,38,125,67,58,283,146,137,541,296,245,100,42,58,1106,567,539,1081,553,528,8.94,8.93,8.94,2137,867,1270,1456,977,479,2111,861,1250,26,6,20,1748,2754,2286,56,20,22,337,4,28,22,1340,1793,467,4293,161,*,47,985,253,732,4502,1039,3463,1069,985,1052,968,985,985,73,11,4502,4.57,1.13,975,10,169,816,13,93,879,985,0,984,980,*,855,240,984,0,984,*,983,0,983,424,0,968,861,528,503,129,156,867,974,407,536,918,673,430,229,157,4,23,269,*
14,Jalisco,39,Guadalajara,1,Total AGEB urbana,4230,0,4112,2106,2006,187,87,100,3925,2019,1906,3766,1939,1827,3289,1704,1585,3069,1603,1466,2848,1491,1357,229,109,120,407,206,201,506,250,256,220,101,119,221,112,109,512,261,251,1104,530,288,242,95.25,1043,2728,341,2.37,3601,1843,1758,492,252,240,3679,1892,1787,64,34,30,6,4,*,0,0,0,6,4,*,6,0,6,17,28,15,13,250,154,94,33,44,45,53,324,138,170,21,52,23,94,80,3487,125,64,61,25,15,10,21,10,11,134,77,57,130,75,55,7,3,4,83,42,41,130,78,52,287,147,140,525,276,249,135,59,76,955,492,463,929,485,444,8.83,8.81,8.86,2039,853,1186,1243,848,395,2011,847,1164,28,6,22,1523,2587,1892,61,4,5,596,*,9,24,1206,1616,465,3473,475,4,156,937,371,566,4110,1652,2458,1036,938,1016,918,937,937,90,8,4110,4.39,1.11,927,10,201,736,31,117,789,937,0,936,935,*,837,345,935,*,937,0,936,0,936,506,0,889,766,470,388,98,146,725,899,296,449,873,579,379,130,106,15,31,322,*
14,Jalisco,39,Guadalajara,1,Total AGEB urbana,4245,0,4483,2298,2185,196,97,99,4287,2201,2086,4105,2121,1984,3515,1836,1679,3288,1710,1578,3050,1597,1453,262,116,146,510,249,261,553,292,261,227,126,101,238,113,125,533,278,255,1206,531,275,256,95.08,1195,2947,341,2.2,3910,2007,1903,549,281,268,4028,2076,1952,66,40,26,10,4,6,0,0,0,10,4,6,10,0,10,33,583,312,271,340,167,130,54,76,53,80,545,142,366,38,60,10,133,106,3551,127,56,71,22,14,8,20,13,7,160,85,75,153,89,64,15,10,5,109,62,47,149,77,72,274,129,145,540,297,243,138,55,83,981,499,482,1077,583,494,9,9.1,8.9,2204,927,1277,1301,904,397,2174,916,1258,30,11,19,1629,2846,2344,42,4,*,432,8,17,10,1312,1732,466,3685,573,0,204,1017,346,671,4483,1467,3016,1101,1017,1081,997,1017,1017,79,5,4483,4.41,1.1,1003,10,229,788,32,120,865,1017,0,1016,1015,*,854,375,1015,0,1016,*,1015,0,1014,537,0,981,834,515,438,121,192,754,979,366,472,970,688,509,200,140,23,22,284,0
14,Jalisco,39,Guadalajara,1,Total AGEB urbana,425A,0,5144,2575,2569,216,112,104,4928,2463,2465,4740,2371,2369,4134,2085,2049,3898,1978,1920,3654,1866,1788,273,132,141,521,246,275,585,275,310,236,107,129,244,112,132,643,325,318,1332,708,374,334,99.77,1246,3464,434,2.37,4515,2267,2248,603,296,307,4665,2334,2331,61,33,28,5,*,3,0,0,0,5,*,3,5,0,5,18,23,10,13,231,129,72,27,39,39,40,587,256,309,25,115,41,155,93,4264,114,56,58,22,9,13,23,7,16,162,78,84,165,86,79,10,6,4,121,62,59,153,82,71,369,199,170,701,360,341,152,61,91,1187,583,604,1223,626,597,8.8,8.75,8.86,2810,1177,1633,1314,905,409,2746,1160,1586,64,17,47,1969,3169,2591,66,14,16,450,4,20,26,1455,2111,565,4376,517,0,244,1211,437,774,5144,1815,3329,1294,1211,1266,1183,1209,1211,75,8,5144,4.25,0.99,1188,21,262,947,32,106,1071,1208,*,1209,1209,0,1055,434,1208,*,1209,0,1208,0,1209,596,*,1165,1009,606,543,157,192,1078,1172,422,524,1140,821,589,224,194,9,33,342,3
14,Jalisco,39,Guadalajara,1,Total AGEB urbana,4264,0,2866,1458,1408,119,63,56,2747,1395,1352,2655,1346,1309,2328,1178,1150,2194,1112,1082,2043,1035,1008,138,70,68,281,147,134,322,165,157,134,66,68,151,77,74,411,207,204,767,374,194,180,96.57,672,1967,227,2.18,2609,1321,1288,238,122,116,2624,1330,1294,24,12,12,*,0,*,0,0,0,*,0,*,*,0,*,0,46,20,26,95,49,38,21,20,19,16,219,101,116,17,72,25,33,23,2533,63,34,29,21,14,7,16,5,11,106,56,50,101,49,52,19,10,9,62,30,32,65,33,32,198,99,99,380,190,190,104,53,51,610,312,298,756,386,370,9,9.01,8.98,1552,663,889,769,509,260,1541,660,881,11,3,8,1220,1642,1434,59,*,0,96,22,18,20,865,1167,294,2494,223,0,143,705,245,460,2866,933,1933,799,705,786,692,704,705,79,15,2866,4.07,1.03,692,12,143,561,15,95,594,704,0,704,702,0,612,154,704,0,704,0,704,0,704,343,*,684,581,344,324,96,202,548,667,288,301,634,457,279,124,84,15,36,196,3
14,Jalisco,39,Guadalajara,1,Total AGEB urbana,4279,0,3870,1957,1913,178,92,86,3692,1865,1827,3561,1800,1761,3097,1581,1516,2895,1484,1411,2668,1354,1314,201,98,103,394,186,208,469,226,243,202,97,105,227,130,97,537,263,274,1055,484,235,249,97.75,975,2573,322,2.17,3414,1720,1694,423,219,204,3489,1760,1729,62,35,27,10,3,7,0,0,0,10,3,7,10,0,10,20,38,15,23,324,129,160,32,58,36,49,517,135,360,27,77,13,108,39,3012,91,47,44,15,5,10,23,11,12,153,86,67,157,81,76,15,6,9,95,43,52,107,42,65,262,140,122,463,241,222,128,55,73,847,432,415,990,514,476,9.14,9.21,9.07,1905,767,1138,1186,813,373,1852,754,1098,53,13,40,1543,2326,1871,36,13,5,297,*,23,98,1214,1499,384,3220,461,*,184,879,243,636,3870,1028,2842,974,879,958,863,878,879,77,18,3870,4.4,1.11,870,8,196,682,33,96,749,877,*,877,876,*,746,339,876,0,876,*,875,0,875,414,3,829,709,441,424,105,230,621,834,330,412,817,604,373,159,147,25,31,249,4
14,Jalisco,39,Guadalajara,1,Total AGEB urbana,4283,0,5592,2870,2722,209,101,108,5383,2769,2614,5210,2671,2539,4649,2386,2263,4420,2278,2142,4148,2140,2008,257,135,122,477,248,229,549,260,289,229,108,121,272,138,134,831,413,418,1580,624,315,309,94.84,1172,4056,364,1.97,5007,2570,2437,548,281,267,5127,2633,2494,71,36,35,10,*,8,0,0,0,10,*,8,10,0,10,44,94,51,43,180,97,52,44,42,34,47,365,151,193,33,93,38,109,94,4995,101,52,49,15,5,10,15,8,7,226,118,108,338,177,161,6,4,*,38,22,16,94,54,40,180,94,86,508,288,220,102,42,60,983,537,446,2371,1161,1210,10.71,10.58,10.84,3182,1394,1788,1462,989,473,3152,1382,1770,30,12,18,2332,3257,2951,103,10,*,162,4,28,17,1859,2331,459,4607,789,3,190,1411,492,919,5575,1823,3752,1596,1412,1587,1403,1407,1411,113,71,5575,3.95,0.91,1401,6,268,1139,16,118,1273,1406,*,1407,1407,0,1345,779,1406,0,1407,0,1406,0,1406,416,5,1382,1268,887,931,255,560,959,1369,859,880,1310,1094,764,441,263,18,48,236,5
14,Jalisco,39,Guadalajara,1,Total AGEB urbana,4298,0,6517,3322,3195,293,128,165,6222,3194,3028,6023,3088,2935,5329,2759,2570,5000,2605,2395,4653,2427,2226,304,156,148,589,279,310,723,346,377,329,154,175,347,178,169,753,379,374,1701,992,563,429,96.18,1515,4281,719,2.37,5913,3003,2910,578,308,270,5932,3042,2890,76,38,38,5,*,4,0,0,0,5,*,4,5,0,5,13,27,8,19,345,216,122,55,86,72,67,458,207,216,52,137,49,136,110,5664,144,77,67,66,35,31,47,26,21,229,114,115,232,129,103,11,4,7,169,96,73,187,110,77,411,238,173,851,462,389,152,74,78,1425,703,722,1803,933,870,9.21,9.08,9.34,3242,1348,1894,2078,1406,672,3186,1333,1853,56,15,41,2017,4496,3550,94,3,10,776,56,27,33,2105,2487,737,5764,557,4,182,1644,503,1141,6517,1801,4716,1867,1644,1849,1626,1644,1644,161,62,6517,3.96,0.98,1638,5,344,1299,36,178,1429,1642,*,1643,1641,0,1535,583,1643,0,1643,0,1642,0,1643,866,*,1590,1353,939,712,170,583,1180,1582,686,851,1512,1069,633,319,279,33,65,503,10
14,Jalisco,39,Guadalajara,1,Total AGEB urbana,4300,0,5081,2620,2461,207,105,102,4874,2515,2359,4717,2434,2283,4189,2187,2002,3954,2062,1892,3681,1932,1749,224,115,109,461,213,248,550,267,283,235,125,110,273,130,143,608,311,297,1370,792,443,349,93.93,1127,3330,624,2.32,4659,2394,2265,389,203,186,4694,2424,2270,16,6,10,4,4,0,0,0,0,4,4,0,4,0,4,5,35,20,15,184,138,46,24,28,39,29,425,183,267,33,105,30,76,54,4447,96,48,48,13,5,8,21,12,9,188,96,92,187,100,87,6,*,4,68,39,29,114,71,43,286,169,117,621,338,283,102,44,58,1126,546,580,1546,807,739,9.6,9.48,9.72,2655,1167,1488,1525,1014,511,2622,1154,1468,33,13,20,1465,3613,3023,71,5,23,459,3,21,33,1654,1939,594,4645,233,0,184,1286,529,757,5081,2120,2961,1393,1286,1370,1263,1286,1286,98,9,5081,3.95,0.97,1283,3,152,1134,24,99,1163,1285,*,1285,1284,*,1067,161,1285,0,1285,*,1283,0,1283,667,3,1251,1074,754,581,140,457,985,1243,507,723,1143,874,587,282,211,24,57,369,9
14,Jalisco,39,Guadalajara,1,Total AGEB urbana,4349,0,2021,1050,971,53,25,28,1968,1025,943,1927,1002,925,1745,917,828,1661,878,783,1564,829,735,60,32,28,163,76,87,199,88,111,84,39,45,97,49,48,220,113,107,521,431,256,175,92.48,360,1342,319,1.97,1774,924,850,235,122,113,1896,986,910,22,11,11,0,0,0,0,0,0,0,0,0,0,0,0,0,27,15,12,134,68,50,14,35,21,19,212,61,128,10,37,5,22,39,1653,15,8,7,12,6,6,10,5,5,77,39,38,88,47,41,3,*,*,13,5,8,31,16,15,58,45,13,194,106,88,39,16,23,337,180,157,940,480,460,10.94,10.78,11.12,1069,485,584,669,428,241,1052,481,571,17,4,13,465,1550,1379,56,*,3,92,*,33,6,744,718,279,1823,66,*,123,644,269,375,2021,798,1223,680,644,666,630,644,644,29,7,2021,3.14,0.64,644,0,93,551,0,3,641,644,0,644,644,0,156,91,644,0,644,0,644,0,644,300,0,638,606,502,315,68,108,525,633,399,465,615,513,435,286,115,*,*,96,0
14,Jalisco,39,Guadalajara,1,Total AGEB urbana,4353,0,2928,1529,1399,79,39,40,2849,1490,1359,2772,1449,1323,2503,1317,1186,2390,1262,1128,2270,1202,1068,111,58,53,235,115,120,281,138,143,113,55,58,120,60,60,310,137,173,711,623,365,258,91.5,538,1934,456,2.03,2651,1387,1264,257,131,126,2739,1435,1304,22,10,12,4,*,*,0,0,0,4,*,*,4,0,4,8,13,6,7,127,68,36,24,25,36,30,317,123,174,25,65,19,87,36,2472,41,23,18,7,3,4,*,*,0,102,50,52,146,69,77,5,*,3,57,34,23,54,30,24,135,85,50,294,169,125,63,27,36,486,261,225,1279,650,629,10.79,10.53,11.07,1561,701,860,937,615,322,1544,697,847,17,4,13,905,2023,1663,98,6,11,151,0,58,73,941,1087,475,2684,118,3,123,882,340,542,2928,999,1929,1026,882,1021,877,881,882,135,9,2928,3.32,0.75,879,*,215,666,12,46,823,881,0,881,879,0,863,252,881,0,881,0,881,0,881,366,0,863,777,588,490,91,202,678,866,467,560,789,627,427,226,167,7,30,226,*
14,Jalisco,39,Guadalajara,1,Total AGEB urbana,4368,0,3033,1620,1413,97,55,42,2936,1565,1371,2865,1530,1335,2560,1387,1173,2413,1303,1110,2290,1235,1055,110,57,53,266,121,145,327,165,162,147,84,63,123,68,55,340,171,169,799,592,344,248,87.22,620,2007,406,2.02,2797,1505,1292,221,110,111,2817,1515,1302,41,11,30,3,*,*,0,0,0,*,0,*,3,0,*,7,20,8,12,100,60,30,14,24,19,13,362,131,217,14,85,13,79,42,2547,32,18,14,10,3,7,7,3,4,106,60,46,156,80,76,11,4,7,24,16,8,36,25,11,95,55,40,312,186,126,57,26,31,424,219,205,1394,735,659,11.09,10.87,11.34,1547,693,854,1013,694,319,1534,691,843,13,*,11,837,2196,1917,108,5,7,128,4,12,20,973,1126,461,2752,122,*,156,892,367,525,3033,1148,1885,981,892,979,890,892,892,84,5,3033,3.4,0.81,885,7,98,794,3,29,860,892,0,891,891,*,729,416,891,0,892,0,891,0,891,347,*,874,792,608,522,93,257,667,871,436,501,813,645,454,253,146,12,43,206,5
14,Jalisco,39,Guadalajara,1,Total AGEB urbana,4387,0,6168,3254,2914,290,143,147,5878,3111,2767,5665,2998,2667,5054,2677,2377,4794,2530,2264,4496,2388,2108,305,165,140,519,269,250,615,328,287,260,147,113,298,142,156,983,519,464,1981,464,244,220,89.55,1374,4505,289,1.64,5353,2804,2549,727,405,322,5391,2847,2544,196,113,83,7,*,5,0,0,0,7,*,5,7,0,7,17,976,510,466,220,103,100,25,40,33,47,630,164,408,39,103,18,134,90,5245,106,69,37,26,14,12,19,10,9,221,113,108,435,245,190,7,3,4,38,22,16,73,41,32,160,70,90,474,244,230,128,58,70,992,545,447,2785,1477,1308,11.34,11.41,11.26,3405,1564,1841,1624,1105,519,3366,1547,1819,39,17,22,1663,4484,3784,179,5,10,367,0,133,48,2079,2426,529,5332,313,6,494,1779,704,1075,6126,2361,3765,2290,1780,2243,1733,1777,1779,436,74,6126,3.44,0.93,1762,13,466,1309,26,192,1557,1775,0,1774,1771,*,1114,1001,1774,*,1775,0,1774,0,1775,680,0,1740,1559,1146,1023,230,348,1370,1695,1087,852,1707,1404,955,794,421,39,32,283,5
14,Jalisco,39,Guadalajara,1,Total AGEB urbana,4391,0,4151,2148,2003,187,90,97,3964,2058,1906,3829,1978,1851,3337,1740,1597,3092,1614,1478,2867,1489,1378,212,114,98,415,204,211,528,264,264,245,126,119,225,125,100,484,247,237,1114,533,294,239,93.25,1059,2736,356,2.31,3664,1880,1784,466,253,213,3762,1943,1819,50,27,23,13,4,9,0,0,0,13,4,9,13,0,13,38,30,14,16,379,173,190,37,72,50,71,524,157,312,33,103,14,122,69,3226,78,49,29,8,*,6,17,7,10,157,93,64,147,81,66,6,*,4,77,50,27,135,77,58,246,140,106,542,284,258,136,59,77,916,475,441,1028,525,503,8.98,8.93,9.03,2235,970,1265,1100,769,331,2202,962,1240,33,8,25,1470,2677,2102,80,10,0,456,3,27,16,1286,1601,450,3816,180,*,144,978,316,662,4151,1246,2905,1054,978,1051,975,977,978,71,5,4151,4.24,1.05,962,15,249,728,28,105,844,975,*,976,974,*,822,231,977,0,977,0,974,0,977,488,*,932,811,548,442,122,116,766,949,389,439,891,657,599,208,142,13,43,284,3
14,Jalisco,39,Guadalajara,1,Total AGEB urbana,4404,0,4369,2208,2161,223,105,118,4146,2103,2043,3984,2021,1963,3423,1753,1670,3156,1618,1538,2923,1507,1416,243,127,116,480,223,257,593,300,293,267,135,132,233,111,122,552,271,281,1124,516,281,235,97.87,1213,2825,331,2.38,3936,1991,1945,419,211,208,3934,2000,1934,40,21,19,10,4,6,0,0,0,10,4,6,10,0,10,21,33,16,17,311,159,128,49,73,65,77,426,145,207,31,90,23,131,91,3598,93,45,48,22,13,9,19,6,13,150,72,78,148,89,59,11,7,4,96,59,37,142,79,63,295,150,145,535,266,269,180,76,104,922,474,448,1006,530,476,8.73,8.78,8.68,2301,985,1316,1118,765,353,2259,973,1286,42,12,30,1501,2868,2312,40,*,3,485,*,6,27,1222,1681,520,3953,216,*,199,1002,352,650,4369,1516,2853,1094,1002,1089,997,1002,1002,82,10,4369,4.36,1.12,978,24,248,754,52,147,803,1000,*,1000,997,*,796,293,1001,0,1002,0,998,0,1001,535,*,956,801,499,405,127,168,760,962,351,414,932,657,576,198,172,18,38,304,5
14,Jalisco,39,Guadalajara,1,Total AGEB urbana,4423,0,6471,3350,3121,247,110,137,6223,3239,2984,6010,3146,2864,5311,2795,2516,5020,2662,2358,4686,2481,2205,314,149,165,598,295,303,677,325,352,291,133,158,334,181,153,760,393,367,1822,801,439,362,93.16,1450,4540,480,1.87,5866,3034,2832,552,287,265,5922,3110,2812,45,14,31,9,6,3,0,0,0,9,6,3,9,0,9,21,124,67,57,252,118,147,16,33,30,23,426,125,264,37,78,30,76,85,5696,137,64,73,64,36,28,35,16,19,244,136,108,279,159,120,24,11,13,66,42,24,117,59,58,219,129,90,599,303,296,112,46,66,1173,613,560,2608,1403,1205,10.88,10.93,10.82,3986,1903,2083,1293,879,414,3953,1895,2058,33,8,25,2401,4039,3752,186,3,4,57,*,39,53,2145,2552,593,5959,270,0,212,1783,730,1053,6459,2625,3834,1927,1784,1362,1219,1782,1783,137,6,6459,3.62,0.81,1753,29,411,1371,26,107,1649,1780,*,1782,1776,0,1264,1040,1781,0,1779,3,1777,0,1779,554,*,1740,1625,1297,1168,276,353,1446,1760,1055,992,1699,1410,1206,1026,376,8,50,309,*
14,Jalisco,39,Guadalajara,1,Total AGEB urbana,4438,0,4428,2252,2176,175,88,87,4253,2164,2089,4089,2100,1989,3596,1847,1749,3361,1725,1636,3136,1626,1510,231,95,136,426,222,204,507,264,243,235,122,113,225,99,126,534,267,267,1136,605,353,252,96.63,1067,2948,413,2.18,4083,2073,2010,319,166,153,4062,2087,1975,12,6,6,3,0,3,0,0,0,3,0,3,3,0,3,3,135,63,72,252,133,108,36,46,56,41,521,163,342,31,120,12,54,77,3604,99,36,63,38,20,18,35,19,16,139,67,72,129,71,58,12,6,6,92,52,40,145,84,61,231,124,107,576,299,277,96,40,56,988,490,498,1237,644,593,9.31,9.26,9.36,2376,1034,1342,1208,811,397,2344,1027,1317,32,7,25,1369,3048,2545,76,4,*,365,10,45,17,1278,1780,533,4041,134,0,247,1114,358,756,4428,1345,3083,1235,1114,1216,1095,1113,1114,112,9,4428,3.97,1.01,1099,14,250,863,11,118,984,1113,0,1112,1112,*,981,424,1113,0,1113,0,1112,0,1113,535,*,1080,958,604,529,142,205,920,1098,480,488,1019,780,618,231,168,11,41,294,4
14,Jalisco,39,Guadalajara,1,Total AGEB urbana,4442,0,4063,2130,1933,193,97,96,3870,2033,1837,3740,1970,1770,3302,1754,1548,3138,1669,1469,2938,1565,1373,197,100,97,371,179,192,410,205,205,164,85,79,200,104,96,472,242,230,1115,614,339,275,90.75,925,2717,421,2.2,3633,1915,1718,398,206,192,3684,1951,1733,29,11,18,3,*,*,0,0,0,3,*,*,3,0,3,5,23,17,6,217,125,64,23,30,35,44,457,191,242,30,83,16,111,71,3354,64,29,35,8,0,8,9,3,6,152,82,70,181,93,88,8,*,6,77,51,26,92,54,38,270,165,105,411,226,185,118,49,69,846,439,407,1280,673,607,9.56,9.45,9.69,2309,1090,1219,976,661,315,2268,1075,1193,41,15,26,1268,2783,2245,69,3,7,388,*,21,74,1244,1617,429,3715,137,0,196,1021,396,625,4063,1515,2548,1116,1021,1098,1003,1019,1021,71,24,4063,3.98,0.92,1012,7,181,838,12,88,919,1018,*,1019,1018,0,908,345,1019,0,1019,0,1018,0,1019,473,0,989,880,591,503,121,175,800,996,442,515,950,703,539,221,174,8,19,280,*
14,Jalisco,39,Guadalajara,1,Total AGEB urbana,4457,0,1807,974,833,41,24,17,1766,950,816,1745,941,804,1657,889,768,1620,871,749,1581,846,735,32,15,17,77,46,31,81,45,36,37,18,19,39,25,14,385,207,178,578,364,202,162,85.52,187,1319,301,1.18,1064,571,493,623,337,286,1426,753,673,221,129,92,11,9,*,0,0,0,11,9,*,11,0,11,9,71,43,28,43,14,11,17,13,12,6,233,46,164,17,49,18,38,55,1492,10,3,7,3,*,*,6,3,3,38,24,14,300,156,144,*,*,*,4,*,3,6,3,3,11,6,5,32,19,13,5,4,*,58,46,12,1478,772,706,15.08,14.65,15.57,900,411,489,754,476,278,880,404,476,20,7,13,392,1412,853,47,8,4,38,0,526,22,828,648,179,1534,51,10,206,689,267,422,1807,618,1189,950,689,857,596,688,689,148,113,1807,2.62,0.5,687,*,193,495,7,29,652,688,0,688,686,0,674,671,688,0,688,0,688,0,688,120,*,684,651,612,567,29,77,503,633,625,457,678,667,473,480,179,33,*,13,*
14,Jalisco,39,Guadalajara,1,Total AGEB urbana,4461,0,2681,1400,1281,51,23,28,2630,1377,1253,2585,1360,1225,2465,1303,1162,2418,1277,1141,2342,1237,1105,70,31,39,95,43,52,115,56,59,47,26,21,76,40,36,329,168,161,719,650,383,267,91.5,263,1920,498,1.41,1920,990,930,668,363,305,2384,1240,1144,154,92,62,16,11,5,0,0,0,16,11,5,16,0,16,16,37,23,14,70,47,19,12,19,26,22,139,68,55,14,44,17,32,20,2464,10,4,6,*,*,0,*,*,0,69,35,34,248,121,127,*,*,0,5,*,3,9,6,3,11,6,5,48,35,13,20,9,11,94,68,26,2183,1121,1062,15.01,14.63,15.45,1559,702,857,904,600,304,1530,689,841,29,13,16,367,2312,1414,53,11,4,28,*,1089,43,1091,1041,331,2373,55,15,218,1042,414,628,2681,980,1701,1310,1042,1269,1001,1039,1042,135,133,2681,2.57,0.5,1038,*,341,698,7,39,993,1039,0,1039,1039,0,964,1008,1037,0,1039,0,1039,0,1037,84,0,1038,971,928,953,45,124,797,1006,905,771,1013,978,770,663,270,25,3,40,0
14,Jalisco,39,Guadalajara,1,Total AGEB urbana,4476,0,7476,3867,3609,290,138,152,7160,3716,3444,6922,3598,3324,6170,3208,2962,5814,3033,2781,5437,2841,2596,345,176,169,645,332,313,775,387,388,356,175,181,377,192,185,925,449,476,1933,1132,643,489,93.33,1636,5013,801,2.21,6830,3524,3306,576,310,266,6870,3572,3298,41,21,20,6,*,4,0,0,0,6,*,4,6,0,6,15,10,5,5,368,225,130,26,48,57,40,566,235,306,27,106,23,118,83,6479,121,70,51,16,6,10,21,11,10,291,157,134,347,181,166,6,*,4,88,57,31,195,123,72,316,184,132,812,450,362,158,50,108,1502,760,742,2628,1331,1297,9.93,9.75,10.14,3905,1654,2251,2249,1549,700,3852,1640,2212,53,14,39,2712,4737,4188,140,9,14,195,132,35,41,2505,2765,899,6883,252,7,306,1936,814,1122,7476,2999,4477,2081,1936,2058,1913,1933,1936,128,17,7476,3.86,0.97,1920,6,363,1563,33,207,1686,1926,0,1926,1926,0,1861,422,1926,0,1926,0,1926,0,1926,896,*,1884,1691,1146,967,184,615,1498,1895,910,1115,1771,1389,746,401,331,14,47,455,5
14,Jalisco,39,Guadalajara,1,Total AGEB urbana,4480,0,5137,2593,2544,230,121,109,4906,2472,2434,4699,2373,2326,4101,2105,1996,3842,1977,1865,3608,1865,1743,303,144,159,502,223,279,575,276,299,259,128,131,234,112,122,581,276,305,1301,659,369,290,98.11,1294,3446,396,2.14,4683,2355,2328,426,227,199,4639,2342,2297,55,30,25,8,3,5,0,0,0,8,3,5,8,0,8,20,118,64,54,284,131,157,34,46,52,48,695,223,448,43,121,25,140,63,4136,123,57,66,16,8,8,9,3,6,175,90,85,188,87,101,7,3,4,47,25,22,62,37,25,218,130,88,522,296,226,139,64,75,1113,566,547,1665,809,856,10.01,9.82,10.21,2674,1171,1503,1423,933,490,2651,1166,1485,23,5,18,1564,3571,3219,47,3,3,262,*,23,24,1607,1964,530,4633,235,9,259,1379,531,848,5137,1923,3214,1501,1379,1470,1348,1379,1379,98,24,5137,3.73,0.92,1377,*,213,1166,7,82,1290,1379,0,1379,1377,0,592,893,1377,0,1379,0,1379,0,1377,744,4,1350,1207,869,586,119,284,1117,1347,655,735,1295,945,608,403,289,13,34,365,5
14,Jalisco,39,Guadalajara,1,Total AGEB urbana,4495,0,4349,2176,2173,197,92,105,4151,2084,2067,4006,2011,1995,3499,1765,1734,3316,1683,1633,3099,1585,1514,212,102,110,440,217,223,478,239,239,183,82,101,217,98,119,539,266,273,1129,601,325,276,99.86,1032,2896,420,2.31,3854,1919,1935,476,249,227,3963,1992,1971,33,17,16,*,*,*,0,0,0,*,*,*,*,0,*,4,21,12,9,176,104,68,35,48,41,43,302,146,173,44,87,56,87,61,3833,82,40,42,24,12,12,19,7,12,144,72,72,133,71,62,15,10,5,129,59,70,183,93,90,247,134,113,600,313,287,101,45,56,843,421,422,1243,634,609,9.27,9.24,9.31,2268,936,1332,1222,827,395,2236,925,1311,32,11,21,1572,2769,2125,94,9,*,513,4,26,25,1286,1739,469,3943,248,0,146,1129,419,710,4349,1630,2719,1205,1129,1201,1125,1128,1129,64,12,4349,3.85,0.92,1114,14,244,884,21,105,1002,1128,0,1128,1107,0,919,318,1127,0,1128,0,1128,0,1127,506,6,1072,963,629,573,122,161,896,1088,454,568,1049,813,465,195,145,20,51,279,11
14,Jalisco,39,Guadalajara,1,Total AGEB urbana,4508,0,2403,1247,1156,59,34,25,2344,1213,1131,2289,1186,1103,2084,1094,990,1999,1060,939,1906,1019,887,83,37,46,177,82,95,210,91,119,85,34,51,93,41,52,256,132,124,624,510,289,221,92.7,404,1665,334,1.82,2081,1076,1005,293,162,131,2241,1172,1069,27,9,18,*,0,*,0,0,0,*,0,*,*,0,*,3,124,66,58,95,53,30,10,24,20,14,118,47,67,*,26,5,14,88,2101,23,13,10,6,*,4,0,0,0,87,38,49,146,80,66,*,*,*,8,5,3,15,9,6,38,23,15,114,67,47,14,9,5,238,125,113,1501,794,707,13.09,12.9,13.3,1240,552,688,826,536,290,1232,550,682,8,*,6,637,1752,1495,149,3,*,32,0,60,37,816,988,268,2239,57,0,93,757,271,486,2403,786,1617,841,757,830,746,757,757,67,17,2403,3.17,0.66,752,5,87,670,3,13,741,757,0,757,757,0,754,546,757,0,757,0,757,0,757,165,*,753,722,605,588,70,113,567,747,540,526,715,663,516,330,196,6,11,69,*
14,Jalisco,39,Guadalajara,1,Total AGEB urbana,4512,0,4757,2436,2321,147,71,76,4608,2364,2244,4470,2285,2185,3982,2068,1914,3767,1963,1804,3536,1861,1675,210,109,101,416,187,229,481,224,257,215,105,110,231,102,129,534,241,293,1189,868,506,362,95.28,988,3138,629,2.2,4368,2226,2142,372,207,165,4437,2270,2167,23,12,11,5,3,*,0,0,0,5,3,*,5,0,5,14,11,4,7,210,118,70,33,43,59,55,459,220,249,49,157,68,133,70,4061,62,35,27,15,8,7,23,14,9,184,82,102,215,97,118,6,*,5,69,44,25,75,50,25,253,147,106,516,307,209,134,61,73,824,410,414,1830,917,913,10.27,10.04,10.53,2505,1075,1430,1471,990,481,2456,1062,1394,49,13,36,1421,3333,2761,107,*,9,435,0,18,12,1519,1838,625,4298,171,*,283,1296,614,682,4757,2202,2555,1459,1296,1441,1278,1296,1296,135,28,4757,3.67,0.85,1294,*,213,1082,13,74,1208,1295,0,1295,1295,0,1233,305,1294,0,1295,0,1295,0,1294,536,4,1273,1135,877,715,117,375,955,1270,666,761,1207,934,590,372,265,16,24,309,4
14,Jalisco,39,Guadalajara,1,Total AGEB urbana,4527,0,3204,1682,1522,109,55,54,3095,1627,1468,3014,1585,1429,2759,1460,1299,2638,1396,1242,2524,1337,1187,116,63,53,220,104,116,282,136,146,121,64,57,114,59,55,338,159,179,798,677,403,274,90.49,566,2112,526,1.99,2937,1524,1413,260,156,104,2984,1570,1414,22,13,9,3,*,*,0,0,0,3,*,*,3,0,3,*,34,17,17,120,71,45,18,20,23,16,463,204,274,19,98,21,85,57,2589,40,19,21,16,11,5,5,*,3,96,54,42,171,84,87,4,3,*,22,13,9,32,17,15,167,107,60,265,157,108,67,30,37,448,238,210,1568,795,773,11.21,10.93,11.53,1690,733,957,1067,727,340,1663,724,939,27,9,18,956,2246,1919,131,5,4,154,6,17,27,1090,1216,453,2909,148,4,143,955,401,554,3204,1297,1907,1041,955,1038,952,955,955,67,19,3204,3.35,0.74,948,7,165,790,10,45,900,955,0,954,953,*,908,387,955,0,955,0,954,0,955,349,0,945,862,689,579,98,309,751,936,594,610,885,734,498,332,172,7,24,165,0
14,Jalisco,39,Guadalajara,1,Total AGEB urbana,4531,0,657,317,340,31,11,20,626,306,320,607,297,310,528,256,272,488,237,251,450,221,229,28,13,15,70,37,33,86,44,42,40,19,21,38,16,22,62,33,29,189,50,22,28,107.26,169,460,28,1.64,610,298,312,39,15,24,601,294,307,3,*,*,0,0,0,0,0,0,0,0,0,0,0,0,0,7,3,4,5,*,*,0,0,0,*,23,3,15,*,4,*,*,5,624,9,6,3,*,*,0,0,0,0,35,16,19,28,17,11,*,*,*,*,*,0,*,*,0,11,5,6,31,15,16,17,7,10,87,42,45,314,152,162,12.09,12.04,12.13,319,119,200,208,136,72,315,118,197,4,*,3,234,421,351,27,0,0,26,0,17,*,186,309,33,602,22,0,32,197,35,162,657,95,562,274,197,274,197,196,197,46,31,657,3.34,0.79,195,*,56,140,0,9,187,196,0,196,196,0,188,117,196,0,196,0,196,0,196,22,0,196,188,157,169,28,49,134,194,140,71,191,153,129,100,67,*,4,27,0
14,Jalisco,39,Guadalajara,1,Total AGEB urbana,4546,0,462,205,257,7,3,4,455,202,253,449,198,251,436,189,247,433,188,245,433,188,245,11,7,4,8,6,*,9,5,4,3,*,*,0,0,0,54,29,25,119,90,46,44,125.37,29,371,62,1.01,327,147,180,91,37,54,389,174,215,26,12,14,*,0,*,0,0,0,*,0,*,*,0,*,*,8,6,*,9,4,5,3,4,3,4,37,21,26,7,14,13,17,11,392,*,*,0,0,0,0,*,*,0,0,0,0,24,11,13,0,0,0,3,*,*,3,0,3,14,5,9,21,17,4,0,0,0,45,17,28,336,147,189,13.34,13.35,13.33,344,139,205,82,50,32,343,138,205,*,*,0,119,329,271,9,*,0,15,*,35,4,250,121,55,303,8,7,126,198,73,125,431,181,250,233,200,168,135,197,198,27,6,431,2.18,0.49,196,*,77,120,26,3,168,197,0,197,197,0,196,122,197,0,197,0,197,0,197,104,0,192,157,143,87,30,80,176,171,162,135,180,171,91,102,39,6,5,24,0
14,Jalisco,39,Guadalajara,1,Total AGEB urbana,4550,0,777,424,353,14,7,7,763,417,346,756,412,344,714,391,323,688,376,312,659,353,306,18,10,8,31,16,15,43,23,20,26,15,11,29,23,6,74,34,40,196,180,111,69,83.25,89,564,124,1.19,642,361,281,111,54,57,714,392,322,32,16,16,*,0,*,0,0,0,*,0,*,*,0,*,0,15,9,6,84,45,39,9,21,16,16,102,50,61,8,28,13,28,14,586,3,0,3,0,0,0,0,0,0,25,20,5,35,21,14,*,0,*,7,3,4,14,9,5,14,5,9,44,23,21,14,10,4,97,55,42,486,261,225,12.57,12.5,12.65,446,217,229,242,174,68,431,213,218,15,4,11,297,479,410,19,*,0,22,6,25,6,384,228,102,630,16,*,128,257,123,134,692,326,366,361,266,302,207,257,257,94,*,692,2.69,0.57,257,0,64,193,4,20,233,257,0,257,257,0,254,103,257,0,257,0,257,0,257,150,0,252,209,156,104,15,72,225,237,173,165,233,205,94,96,56,5,10,48,0
14,Jalisco,39,Guadalajara,1,Total AGEB urbana,4565,0,67,3,64,0,0,0,62,3,59,62,3,59,62,3,59,62,3,59,62,3,59,0,0,0,0,0,0,0,0,0,0,0,0,0,0,0,7,1,6,3,6,0,6,2133.33,0,60,2,4,26,0,26,23,2,21,29,2,27,13,0,13,2,0,2,0,0,0,2,0,2,2,0,2,0,8,1,7,7,3,4,0,0,0,0,12,4,5,2,5,3,4,0,31,0,0,0,0,0,0,0,0,0,0,0,0,0,0,0,0,0,0,3,0,3,6,1,5,7,0,7,11,0,11,5,0,5,11,1,10,3,0,3,6.19,4.5,6.27,37,2,35,5,0,5,35,2,33,2,0,2,34,10,5,0,0,0,4,0,1,0,23,7,13,33,6,1,9,0,0,0,0,0,0,0,0,0,0,0,0,0,0,0,0,0,0,0,0,0,0,0,0,0,0,0,0,0,0,0,0,0,0,0,0,0,0,0,0,0,0,0,0,0,0,0,0,0,0,0,0,0,0,0,0,0,0,0
14,Jalisco,39,Guadalajara,1,Total AGEB urbana,457A,0,869,450,419,42,18,24,827,432,395,804,422,382,729,392,337,699,374,325,653,350,303,34,15,19,64,25,39,72,34,38,30,18,12,46,24,22,97,48,49,233,166,102,64,93.11,170,578,121,2.09,635,325,310,230,123,107,781,414,367,23,8,15,23,11,12,0,0,0,23,11,12,23,0,23,20,3,0,3,22,13,6,4,*,5,5,134,73,61,3,37,14,39,12,707,11,5,6,*,0,*,0,0,0,37,19,18,31,15,16,0,0,0,12,7,5,49,27,22,*,0,*,96,50,46,*,0,*,193,96,97,353,198,155,10.43,10.58,10.26,427,175,252,300,215,85,414,166,248,13,9,4,321,548,399,29,0,7,105,0,6,*,285,344,100,797,38,*,32,235,87,148,853,292,561,255,236,245,226,235,235,15,4,853,3.63,0.72,235,0,35,200,0,3,232,235,0,235,235,0,196,58,235,0,235,0,235,0,235,105,0,233,210,153,126,24,58,189,232,116,147,216,190,127,81,65,0,5,39,0
14,Jalisco,39,Guadalajara,1,Total AGEB urbana,4584,0,2297,1170,1127,50,29,21,2247,1141,1106,2209,1123,1086,2069,1052,1017,1998,1023,975,1915,993,922,57,26,31,121,63,58,153,71,82,71,29,42,83,30,53,200,101,99,568,543,299,244,96.32,299,1589,409,1.54,1746,894,852,492,241,251,2088,1063,1025,94,48,46,7,5,*,0,0,0,7,5,*,7,0,7,5,24,13,11,112,58,44,25,20,35,24,182,65,101,9,37,13,34,12,1998,10,5,5,*,*,*,3,3,0,79,29,50,133,59,74,0,0,0,12,12,0,17,17,0,10,8,*,65,45,20,8,4,4,135,80,55,1702,845,857,14.43,14.01,14.86,1347,602,745,721,450,271,1342,598,744,5,4,*,420,1876,1305,65,*,*,25,7,566,22,799,956,313,1994,84,10,206,807,300,507,2236,759,1477,999,812,986,799,807,807,98,89,2236,2.77,0.51,803,4,170,636,0,3,804,807,0,807,807,0,794,790,807,0,807,0,807,0,807,79,0,806,770,689,727,47,102,516,786,679,600,795,768,569,465,225,9,*,18,0
14,Jalisco,39,Guadalajara,1,Total AGEB urbana,4599,0,3297,1695,1602,65,32,33,3232,1663,1569,3195,1645,1550,2970,1555,1415,2893,1523,1370,2808,1486,1322,71,33,38,191,75,116,212,82,130,77,32,45,85,37,48,279,145,134,825,817,467,350,94.51,404,2274,619,1.69,2483,1266,1217,736,389,347,3049,1574,1475,117,58,59,11,8,3,0,0,0,11,8,3,11,0,11,14,31,19,12,111,70,25,14,25,43,24,297,127,148,13,89,29,69,45,2873,7,*,5,15,4,11,3,*,*,78,36,42,172,85,87,3,0,3,11,3,8,11,4,7,51,31,20,108,79,29,21,13,8,181,119,62,2446,1237,1209,14.41,13.92,14.96,1974,875,1099,993,678,315,1958,867,1091,16,8,8,753,2543,1925,109,9,15,20,4,609,31,1111,1414,445,2878,111,23,285,1218,501,717,3257,1170,2087,1436,1221,1420,1205,1217,1218,152,63,3257,2.67,0.49,1212,3,290,927,*,10,1206,1217,0,1217,1216,0,1194,1157,1217,0,1217,0,1217,0,1217,71,0,1217,1182,1085,1139,100,180,961,1198,1040,950,1171,1137,913,792,359,8,9,62,0
14,Jalisco,39,Guadalajara,1,Total AGEB urbana,4601,0,3520,1815,1705,127,70,57,3393,1745,1648,3276,1685,1591,2912,1494,1418,2751,1422,1329,2578,1334,1244,168,86,82,313,165,148,366,186,180,161,72,89,173,88,85,436,211,225,921,550,312,238,93.94,769,2327,424,2.34,3079,1594,1485,431,217,214,3252,1676,1576,19,8,11,0,0,0,0,0,0,0,0,0,0,0,0,0,20,10,10,278,124,117,30,58,46,56,731,200,494,39,131,27,221,79,2466,84,40,44,24,11,13,23,12,11,119,63,56,140,76,64,5,3,*,73,40,33,173,102,71,183,107,76,464,229,235,77,34,43,833,413,420,964,499,465,9.02,8.98,9.05,1857,805,1052,1040,682,358,1828,799,1029,29,6,23,972,2546,2068,41,3,3,197,4,19,230,1161,1300,451,3211,193,*,113,914,315,599,3515,1191,2324,1015,915,1008,908,914,914,93,7,3515,3.85,0.95,906,8,225,689,25,102,787,912,*,912,912,*,796,253,913,*,914,0,910,0,914,480,*,876,719,503,406,81,322,723,886,387,458,836,576,310,133,127,8,44,285,*
14,Jalisco,39,Guadalajara,1,Total AGEB urbana,4616,0,3942,1985,1957,148,69,79,3794,1916,1878,3659,1855,1804,3222,1636,1586,3021,1538,1483,2841,1451,1390,209,98,111,363,182,181,447,219,228,201,98,103,180,87,93,482,248,234,1032,613,337,276,98.59,921,2592,429,2.32,3480,1734,1746,445,243,202,3604,1834,1770,40,20,20,7,*,6,0,0,0,7,*,6,7,0,7,18,73,35,38,246,121,105,30,60,39,49,501,159,338,31,91,25,122,57,3170,66,29,37,6,3,3,19,11,8,120,63,57,156,69,87,10,*,8,71,45,26,139,79,60,250,144,106,472,237,235,100,43,57,850,429,421,1105,545,560,9.23,9.06,9.41,2054,863,1191,1161,772,389,2020,858,1162,34,5,29,1292,2650,2415,44,*,*,181,*,12,*,1200,1572,450,3585,214,*,141,977,303,674,3938,1178,2760,1092,978,1089,975,977,977,94,20,3938,4.03,0.99,967,10,193,784,33,101,843,975,*,975,973,*,858,235,976,0,976,*,973,0,976,476,*,943,819,584,460,113,399,744,951,417,533,899,668,398,247,190,12,26,280,*
14,Jalisco,39,Guadalajara,1,Total AGEB urbana,4620,0,2986,1531,1455,129,56,73,2857,1475,1382,2759,1413,1346,2414,1244,1170,2295,1183,1112,2164,1121,1043,156,95,61,287,136,151,300,145,155,119,61,58,131,62,69,366,178,188,787,396,212,184,95.04,691,2058,237,2.13,2591,1307,1284,368,212,156,2710,1389,1321,31,17,14,5,0,5,*,0,*,4,0,4,5,*,4,34,143,78,65,138,70,50,24,24,37,21,293,97,159,19,53,10,56,36,2537,56,35,21,15,8,7,10,4,6,91,40,51,121,66,55,5,*,4,47,22,25,49,26,23,156,93,63,289,164,125,78,30,48,631,325,306,1012,505,507,10.02,9.9,10.16,1609,716,893,799,526,273,1587,710,877,22,6,16,765,2218,1998,49,14,4,140,4,17,4,846,1273,292,2730,151,0,96,719,243,476,2986,920,2066,773,719,744,690,717,719,41,13,2986,4.15,0.99,714,*,129,588,12,59,646,717,0,717,715,0,658,209,717,0,717,0,717,0,717,270,0,705,635,460,419,69,284,564,710,339,411,667,510,271,209,146,*,11,176,0
14,Jalisco,39,Guadalajara,1,Total AGEB urbana,4635,0,2896,1463,1433,142,71,71,2754,1392,1362,2668,1349,1319,2346,1195,1151,2203,1116,1087,2081,1066,1015,136,68,68,272,129,143,318,159,159,143,79,64,122,50,72,316,143,173,721,398,197,201,97.95,693,1971,232,2.17,2549,1292,1257,333,166,167,2644,1339,1305,14,6,8,*,*,*,0,0,0,*,*,*,*,0,*,9,628,320,308,91,53,33,19,23,18,20,312,193,198,113,157,113,139,48,2461,46,20,26,26,14,12,13,7,6,77,33,44,118,48,70,5,*,3,47,29,18,63,39,24,127,71,56,352,198,154,45,24,21,606,288,318,946,464,482,9.83,9.61,10.06,1614,733,881,721,457,264,1594,728,866,20,5,15,792,2103,1979,33,5,0,63,0,23,3,836,1207,303,2626,168,*,99,742,303,439,2896,1155,1741,818,742,804,728,741,742,64,12,2896,3.9,1,737,4,173,568,12,74,655,741,0,741,741,0,674,282,741,0,741,0,741,0,741,313,0,727,648,440,401,79,274,496,707,274,386,667,452,220,121,63,21,36,242,4
14,Jalisco,39,Guadalajara,1,Total AGEB urbana,464A,0,5227,2738,2489,191,82,109,5036,2656,2380,4896,2582,2314,4383,2337,2046,4139,2216,1923,3846,2076,1770,219,113,106,434,206,228,537,259,278,244,121,123,293,140,153,687,353,334,1547,576,308,268,90.91,1088,3806,333,1.69,4456,2338,2118,746,386,360,4792,2536,2256,88,38,50,5,*,3,0,0,0,5,*,3,5,0,5,11,63,37,26,243,122,121,25,53,29,49,426,134,262,19,92,19,115,59,4531,45,16,29,11,4,7,4,*,*,255,124,131,343,180,163,8,4,4,46,29,17,65,43,22,177,106,71,334,188,146,103,49,54,691,357,334,2605,1397,1208,11.77,11.67,11.89,2836,1282,1554,1545,1054,491,2792,1266,1526,44,16,28,1334,3892,3317,175,11,7,258,*,242,9,1792,2188,403,4644,296,4,279,1430,503,927,5225,1649,3576,1563,1431,1547,1415,1429,1430,117,15,5225,3.65,0.82,1423,6,204,1224,14,54,1361,1429,0,1429,1429,0,1356,938,1429,0,1429,0,1429,0,1429,306,0,1413,1327,1072,1093,135,365,1147,1411,997,956,1362,1181,772,566,429,3,23,195,0
14,Jalisco,39,Guadalajara,1,Total AGEB urbana,4654,0,4659,2402,2257,194,94,100,4465,2308,2157,4304,2242,2062,3802,2002,1800,3585,1891,1694,3388,1787,1601,229,99,130,434,207,227,506,255,251,217,111,106,197,104,93,487,238,249,1256,622,347,275,93.96,1074,3269,316,1.92,4182,2135,2047,469,261,208,4241,2217,2024,55,22,33,10,8,*,0,0,0,10,8,*,10,0,10,16,37,19,18,209,107,78,26,34,31,31,407,167,226,31,85,26,89,54,4023,78,36,42,7,4,3,10,6,4,150,78,72,170,86,84,6,3,3,38,24,14,51,30,21,138,93,45,403,224,179,118,62,56,981,508,473,1767,897,870,10.44,10.23,10.67,2580,1167,1413,1217,832,385,2540,1153,1387,40,14,26,1095,3563,3408,47,*,5,102,*,14,6,1417,1854,531,4122,202,11,323,1433,527,906,4659,1636,3023,1538,1433,1526,1421,1433,1433,87,18,4659,3.25,0.83,1432,*,281,1152,4,93,1336,1433,0,1433,1432,0,17,30,1433,0,1432,0,1432,0,1432,787,0,1400,1257,989,615,85,266,1066,1407,700,781,1342,1018,659,380,315,9,34,339,*
14,Jalisco,39,Guadalajara,1,Total AGEB urbana,4669,0,2308,1210,1098,57,30,27,2251,1180,1071,2205,1157,1048,2017,1062,955,1920,1014,906,1806,952,854,72,37,35,162,81,81,211,107,104,97,48,49,114,62,52,231,117,114,564,545,310,235,90.74,388,1456,464,2.32,2002,1047,955,294,157,137,2187,1151,1036,14,4,10,*,*,0,0,0,0,*,*,0,*,0,*,*,11,7,4,247,165,98,25,52,36,60,347,132,185,17,97,18,83,37,1699,20,12,8,3,0,3,0,0,0,93,52,41,96,45,51,*,0,*,20,10,10,42,21,21,132,87,45,213,124,89,54,27,27,384,196,188,1010,502,508,10.71,10.39,11.07,1134,507,627,881,554,327,1105,499,606,29,8,21,414,1893,1671,95,5,3,90,0,33,15,777,851,388,2142,73,*,89,645,241,404,2308,809,1499,699,645,696,642,644,645,43,11,2308,3.58,0.71,640,4,101,543,0,8,636,644,0,644,644,0,412,113,644,0,644,0,644,0,644,238,*,639,609,473,389,58,78,524,637,355,511,565,494,269,189,125,*,15,131,*
14,Jalisco,39,Guadalajara,1,Total AGEB urbana,4673,0,4058,2129,1929,124,61,63,3934,2068,1866,3826,2014,1812,3437,1813,1624,3241,1713,1528,3019,1596,1423,166,81,85,331,174,157,430,224,206,196,100,96,222,117,105,470,220,250,1068,707,402,305,90.61,817,2693,548,2.28,3650,1917,1733,400,208,192,3785,1999,1786,36,14,22,8,5,3,0,0,0,8,5,3,8,0,8,28,17,8,9,335,196,141,34,70,52,48,579,204,387,35,155,25,148,90,3112,64,33,31,12,4,8,7,5,*,151,82,69,194,102,92,8,*,6,56,32,24,59,34,25,228,131,97,455,254,201,77,28,49,843,430,413,1462,765,697,10.03,9.92,10.16,2035,910,1125,1398,900,498,1978,894,1084,57,16,41,745,3313,3138,42,7,0,91,0,25,31,1401,1491,545,3722,206,4,122,1136,463,673,4045,1543,2502,1228,1137,1220,1129,1136,1136,66,25,4045,3.56,0.82,1134,*,137,999,*,16,1118,1136,0,1136,1135,0,410,97,1136,0,1136,0,1136,0,1136,587,0,1120,979,748,516,84,174,926,1121,557,701,1039,812,465,311,205,8,27,278,0
14,Jalisco,39,Guadalajara,1,Total AGEB urbana,4705,0,2177,1144,1033,55,32,23,2122,1112,1010,2075,1095,980,1905,1028,877,1826,982,844,1745,946,799,65,24,41,152,60,92,188,90,98,79,46,33,81,36,45,235,109,126,519,487,292,195,90.3,351,1470,356,1.87,1964,1023,941,201,114,87,2049,1083,966,19,9,10,*,0,*,0,0,0,*,0,*,*,0,*,*,17,7,10,93,45,27,16,14,21,26,163,83,80,6,55,9,33,33,1907,22,9,13,19,10,9,9,7,*,57,27,30,128,62,66,*,0,*,8,5,3,10,6,4,49,35,14,173,104,69,13,5,8,244,132,112,1252,655,597,12.32,12.15,12.53,1113,485,628,792,543,249,1099,480,619,14,5,9,532,1644,1471,113,*,6,28,0,36,23,842,804,259,1983,53,*,135,670,254,416,2177,749,1428,729,670,722,663,669,670,51,8,2177,3.25,0.65,668,*,136,533,7,16,646,669,0,669,668,0,662,519,668,0,669,0,669,0,668,179,0,661,611,528,482,55,131,555,661,425,473,626,537,335,219,110,*,14,110,0
14,Jalisco,39,Guadalajara,1,Total AGEB urbana,471A,0,3040,1568,1472,124,57,67,2916,1511,1405,2823,1466,1357,2516,1325,1191,2384,1258,1126,2254,1185,1069,134,65,69,266,121,145,316,150,166,132,67,65,130,73,57,337,156,181,784,494,285,209,93.88,656,2052,332,2.04,2751,1422,1329,281,142,139,2778,1441,1337,38,23,15,4,*,3,0,0,0,4,*,3,4,0,4,11,93,46,47,191,112,61,43,36,53,41,226,73,118,25,43,6,49,35,2613,48,26,22,8,*,7,10,3,7,100,60,40,139,65,74,4,0,4,35,24,11,92,53,39,78,49,29,302,180,122,47,20,27,577,299,278,1239,627,612,10.63,10.42,10.86,1727,791,936,789,534,255,1702,785,917,25,6,19,781,2257,2127,45,*,5,60,0,9,19,1013,1162,341,2725,97,3,211,903,362,541,3040,1175,1865,1017,903,1016,902,902,903,104,10,3040,3.37,0.88,901,*,164,738,*,63,837,901,*,900,899,*,483,347,902,0,902,0,900,0,902,459,*,885,770,581,417,73,224,643,875,435,502,828,631,401,295,183,10,30,232,*
14,Jalisco,39,Guadalajara,1,Total AGEB urbana,4724,0,3284,1762,1522,124,64,60,3160,1698,1462,3064,1653,1411,2751,1483,1268,2609,1397,1212,2471,1333,1138,142,75,67,267,140,127,331,188,143,142,86,56,138,64,74,369,187,182,890,492,292,200,86.38,675,2305,304,1.83,2874,1526,1348,395,225,170,3024,1633,1391,38,18,20,8,5,3,0,0,0,8,5,3,8,0,8,20,169,92,77,201,113,71,19,35,27,27,378,128,204,10,68,14,95,41,2682,35,15,20,9,7,*,6,*,4,115,58,57,179,91,88,5,*,3,32,25,7,41,27,14,86,62,24,227,123,104,77,41,36,489,260,229,1623,852,771,11.52,11.28,11.8,1879,874,1005,870,607,263,1846,865,981,33,9,24,723,2560,2342,97,3,9,57,9,46,33,1062,1312,377,3010,90,*,180,1003,353,650,3284,1020,2264,1080,1003,1037,960,1003,1003,63,14,3284,3.27,0.81,1002,0,172,831,5,75,923,1003,0,1003,1000,0,555,680,1003,0,1000,0,1000,0,1000,392,0,993,881,733,591,80,274,783,989,599,591,943,767,478,386,260,5,8,191,0
14,Jalisco,39,Guadalajara,1,Total AGEB urbana,4743,0,3042,1610,1432,83,46,37,2959,1564,1395,2881,1520,1361,2633,1403,1230,2514,1343,1171,2373,1268,1105,129,72,57,197,89,108,250,118,132,119,60,59,141,75,66,380,177,203,776,602,347,255,88.94,528,1998,516,2.32,2678,1430,1248,353,173,180,2848,1504,1344,27,13,14,0,0,0,0,0,0,0,0,0,0,0,0,0,17,9,8,235,144,79,28,57,47,26,385,189,188,30,121,45,72,87,2386,37,21,16,6,3,3,9,7,*,114,60,54,153,68,85,3,*,*,58,37,21,128,85,43,123,74,49,388,224,164,39,21,18,579,294,285,1180,597,583,9.95,9.65,10.28,1485,693,792,1138,703,435,1461,687,774,24,6,18,656,2386,2266,49,6,0,51,0,9,13,1060,1104,469,2761,126,*,153,876,382,494,3042,1224,1818,921,876,916,871,876,876,35,10,3042,3.47,0.84,874,*,112,764,4,22,850,875,*,876,876,0,426,163,876,0,875,0,874,0,875,463,*,865,809,594,401,50,138,638,863,451,569,768,626,337,228,142,8,17,202,*
14,Jalisco,39,Guadalajara,1,Total AGEB urbana,4762,0,2342,1259,1083,51,27,24,2291,1232,1059,2257,1217,1040,2109,1135,974,2057,1107,950,1995,1070,925,53,26,27,129,71,58,146,81,65,52,28,24,62,37,25,215,111,104,527,679,410,269,86.02,285,1536,521,1.64,1918,1038,880,381,209,172,2230,1208,1022,17,5,12,*,*,0,0,0,0,*,*,0,*,0,*,0,18,8,10,102,68,21,11,16,28,20,215,111,91,15,76,28,47,38,2003,5,5,0,*,0,*,3,*,*,58,34,24,158,80,78,0,0,0,7,4,3,9,6,3,16,14,*,84,65,19,15,8,7,142,92,50,1729,876,853,14.43,13.82,15.15,1191,510,681,909,618,291,1171,506,665,20,4,16,461,1880,1506,114,5,3,85,*,193,35,814,981,314,2079,59,4,199,804,324,480,2342,797,1545,889,804,852,767,804,804,78,7,2342,2.91,0.56,804,0,181,623,3,6,795,804,0,804,804,0,798,634,803,0,804,0,804,0,803,111,0,803,770,703,691,50,98,675,798,654,675,770,728,586,383,186,*,*,60,0
14,Jalisco,39,Guadalajara,1,Total AGEB urbana,4777,0,2679,1476,1203,69,32,37,2610,1444,1166,2568,1423,1145,2394,1342,1052,2335,1310,1025,2247,1268,979,67,32,35,149,70,79,145,73,72,59,32,27,88,42,46,278,155,123,730,603,386,217,81.5,344,1883,452,1.45,2198,1194,1004,453,268,185,2500,1382,1118,52,34,18,*,*,*,0,0,0,*,*,*,*,0,*,*,12,8,4,57,35,9,11,17,14,13,123,58,56,12,29,17,31,22,2485,20,11,9,4,*,3,4,4,0,82,40,42,170,102,68,*,*,0,8,6,*,13,10,3,16,14,*,82,58,24,18,11,7,172,120,52,1975,1070,905,14.17,13.72,14.74,1496,735,761,894,606,288,1483,729,754,13,6,7,563,2109,1744,187,7,3,67,0,164,35,1040,985,365,2341,48,4,276,1013,529,484,2642,1310,1332,1084,1015,1026,957,1012,1013,67,*,2642,2.61,0.58,1011,0,214,798,3,28,981,1012,0,1012,1010,0,880,944,1012,0,1012,0,1012,0,1012,207,0,1011,940,872,798,68,165,753,991,812,764,990,926,746,571,264,7,*,62,*
14,Jalisco,39,Guadalajara,1,Total AGEB urbana,4781,0,2986,1527,1459,112,49,63,2874,1478,1396,2777,1434,1343,2459,1301,1158,2320,1237,1083,2158,1152,1006,144,60,84,271,117,154,317,140,177,139,64,75,162,85,77,344,170,174,817,444,266,178,95.55,666,1975,345,2.15,2676,1368,1308,288,150,138,2750,1423,1327,23,9,14,5,*,4,0,0,0,5,*,4,5,0,5,9,48,20,28,132,70,45,24,34,21,19,244,117,112,35,89,42,45,74,2561,46,15,31,14,5,9,11,*,9,119,65,54,118,65,53,4,*,*,48,29,19,79,55,24,170,102,68,308,152,156,96,43,53,610,296,314,978,543,435,9.73,9.69,9.78,1610,720,890,841,580,261,1592,716,876,18,4,14,1017,1965,1625,54,*,0,237,*,43,23,974,1125,358,2790,74,*,109,817,330,487,2986,1104,1882,886,817,878,809,816,817,64,5,2986,3.65,0.91,812,4,164,652,9,80,727,816,0,816,816,0,759,149,816,0,816,0,816,0,816,412,0,803,694,478,368,81,129,700,799,316,432,759,631,355,180,102,7,23,159,*
14,Jalisco,39,Guadalajara,1,Total AGEB urbana,4796,0,3178,1625,1553,147,69,78,3031,1556,1475,2918,1511,1407,2565,1321,1244,2393,1237,1156,2213,1153,1060,153,65,88,313,170,143,380,202,178,172,84,88,180,84,96,404,203,201,806,449,272,177,95.57,785,2076,317,2.27,2816,1428,1388,337,185,152,2888,1497,1391,12,7,5,*,0,*,0,0,0,*,0,*,*,0,*,11,36,15,21,112,64,32,20,25,27,24,173,82,61,29,63,35,44,53,2849,61,25,36,21,10,11,16,6,10,111,55,56,121,65,56,10,4,6,67,36,31,102,54,48,217,122,95,393,208,185,92,39,53,728,358,370,782,410,372,8.94,8.9,8.98,1556,626,930,988,686,302,1544,624,920,12,*,10,1283,1876,1598,38,*,0,174,3,40,28,971,1184,396,2922,153,*,82,796,346,450,3178,1311,1867,855,796,843,784,795,796,54,5,3178,3.99,1.05,791,4,184,611,21,108,666,795,0,794,794,*,676,122,792,3,795,0,794,0,795,430,*,774,657,413,331,92,148,597,776,241,404,727,506,344,151,96,8,32,271,3
14,Jalisco,39,Guadalajara,1,Total AGEB urbana,4809,0,4279,2275,2004,122,70,52,4157,2205,1952,4054,2145,1909,3702,1976,1726,3566,1910,1656,3426,1844,1582,148,80,68,307,149,158,339,168,171,136,66,70,140,66,74,449,230,219,1160,777,462,315,88.09,713,3017,549,1.57,3675,1953,1722,551,297,254,3947,2097,1850,90,42,48,14,8,6,0,0,0,14,8,6,14,0,14,25,47,18,29,166,103,52,19,30,28,32,324,175,128,27,79,28,79,56,3758,28,13,15,9,9,0,0,0,0,128,60,68,297,149,148,*,0,*,32,22,10,40,27,13,100,65,35,222,139,83,47,18,29,435,233,202,2603,1361,1242,12.73,12.48,13.02,2663,1299,1364,1036,675,361,2640,1292,1348,23,7,16,862,3412,2852,240,4,4,205,10,118,63,1551,1619,530,3627,165,13,468,1516,696,820,4279,1865,2414,1706,1516,1697,1507,1516,1516,159,31,4279,2.82,0.74,1515,*,272,1244,5,250,1261,1515,*,1516,1516,0,1493,742,1515,0,1516,0,1515,0,1515,554,*,1502,1331,1136,930,127,226,1016,1447,1053,950,1417,1257,818,667,329,40,27,189,5
14,Jalisco,39,Guadalajara,1,Total AGEB urbana,4813,0,3428,1813,1615,90,48,42,3338,1765,1573,3250,1721,1529,2983,1588,1395,2854,1528,1326,2717,1459,1258,119,62,57,236,115,121,279,139,140,129,60,69,137,69,68,372,181,191,862,731,424,307,89.08,574,2328,526,1.82,2899,1534,1365,485,262,223,3148,1676,1472,69,33,36,7,*,6,0,0,0,7,*,6,7,0,7,9,121,59,62,190,111,48,26,28,33,40,371,135,175,25,105,25,106,83,2805,22,12,10,6,4,*,5,4,*,125,63,62,198,98,100,*,*,*,11,6,5,11,7,4,74,46,28,189,110,79,44,28,16,347,192,155,2036,1059,977,12.61,12.3,12.97,1895,900,995,1067,681,386,1869,888,981,26,12,14,702,2706,2291,179,*,5,169,*,62,56,1158,1361,446,3013,127,3,261,1144,418,726,3428,1108,2320,1240,1144,1225,1129,1144,1144,72,24,3428,3,0.69,1141,*,218,925,*,23,1119,1144,0,1144,1143,0,1114,675,1143,0,1144,0,1144,0,1143,415,*,1131,1039,856,707,90,180,926,1112,798,773,1075,971,710,499,295,17,15,135,4
14,Jalisco,39,Guadalajara,1,Total AGEB urbana,4828,0,5053,2564,2489,177,92,85,4861,2464,2397,4724,2390,2334,4201,2136,2065,3956,2024,1932,3665,1878,1787,217,111,106,443,217,226,524,244,280,245,112,133,291,146,145,653,308,345,1357,736,407,329,97.07,1082,3455,501,2.16,4592,2321,2271,403,213,190,4679,2373,2306,23,8,15,8,4,4,0,0,0,8,4,4,8,0,8,7,72,36,36,283,176,77,40,50,52,60,563,211,263,19,123,21,161,86,4146,74,35,39,19,11,8,31,16,15,215,112,103,247,119,128,7,*,5,96,58,38,118,67,51,304,160,144,551,296,255,168,75,93,975,487,488,1699,865,834,9.79,9.77,9.81,2686,1124,1562,1507,1008,499,2648,1110,1538,38,14,24,1666,3368,2844,82,4,5,357,5,43,47,1724,1939,538,4611,189,3,234,1321,470,851,5053,1739,3314,1401,1321,1380,1300,1320,1321,65,15,5053,3.83,0.95,1299,16,270,1045,34,111,1170,1313,*,1310,1309,5,1257,598,1312,0,1314,*,1308,0,1312,530,*,1271,1139,839,739,202,410,1006,1271,663,750,1217,961,647,411,270,21,41,303,7
14,Jalisco,39,Guadalajara,1,Total AGEB urbana,4832,0,3312,1738,1574,109,64,45,3203,1674,1529,3104,1623,1481,2822,1493,1329,2698,1426,1272,2560,1360,1200,138,70,68,243,111,132,304,143,161,124,67,57,138,66,72,364,164,200,854,620,375,245,90.56,614,2226,472,1.94,2989,1570,1419,306,160,146,3085,1618,1467,15,5,10,*,0,*,0,0,0,*,0,*,*,0,*,3,17,10,7,63,40,22,11,11,9,5,283,119,154,14,79,15,48,32,2950,51,26,25,12,8,4,6,*,4,111,57,54,179,79,100,13,4,9,27,18,9,30,20,10,94,59,35,275,166,109,48,22,26,506,274,232,1624,812,812,11.66,11.37,11.98,1540,656,884,1281,837,444,1527,654,873,13,*,11,811,2500,2236,133,4,3,48,19,16,65,1101,1305,416,3029,134,*,146,1006,386,620,3312,1157,2155,1478,1006,1467,995,1006,1006,461,11,3312,3.29,0.7,1005,*,133,873,5,26,975,1006,0,1006,1006,0,982,677,1006,0,1006,0,1006,0,1006,274,0,1001,951,744,710,109,165,743,999,684,742,931,818,573,318,173,4,14,155,0
14,Jalisco,39,Guadalajara,1,Total AGEB urbana,4847,0,4413,2274,2139,160,74,86,4253,2200,2053,4129,2150,1979,3664,1920,1744,3443,1813,1630,3222,1702,1520,191,81,110,398,199,199,482,236,246,221,107,114,221,111,110,593,295,298,1192,639,361,278,94.06,970,2977,466,2.16,4070,2089,1981,324,175,149,4094,2136,1958,22,12,10,5,*,4,0,0,0,5,*,4,5,0,5,14,137,67,70,306,178,134,33,73,55,42,485,185,279,19,127,20,105,69,3580,76,31,45,18,7,11,9,4,5,152,85,67,211,107,104,8,*,6,83,57,26,114,77,37,218,121,97,491,270,221,101,30,71,983,526,457,1435,727,708,9.74,9.61,9.9,2347,1040,1307,1314,878,436,2304,1026,1278,43,14,29,1561,2850,2396,73,8,9,322,*,41,29,1483,1625,556,4044,151,3,215,1137,419,718,4399,1563,2836,1238,1139,1229,1130,1137,1137,93,6,4399,3.87,0.94,1117,20,266,871,40,122,975,1137,0,1137,1136,0,1080,641,1135,0,1136,*,1136,0,1135,521,4,1106,931,684,562,145,301,955,1107,510,631,1038,783,476,316,210,14,42,303,8
14,Jalisco,39,Guadalajara,1,Total AGEB urbana,4851,0,2928,1488,1440,115,70,45,2813,1418,1395,2722,1381,1341,2414,1238,1176,2267,1172,1095,2114,1086,1028,126,50,76,273,130,143,343,162,181,147,66,81,153,86,67,372,160,212,755,421,250,171,96.77,661,1965,302,2.2,2752,1402,1350,169,83,86,2706,1377,1329,13,3,10,3,*,*,0,0,0,3,*,*,3,0,3,4,58,30,28,147,91,72,15,39,27,21,248,97,172,5,49,8,26,44,2501,55,23,32,15,4,11,14,6,8,104,59,45,114,49,65,3,*,*,37,18,19,55,27,28,184,107,77,330,185,145,95,44,51,603,301,302,931,473,458,9.68,9.59,9.77,1585,677,908,828,560,268,1549,668,881,36,9,27,1112,1814,1631,39,*,3,123,4,7,9,1014,1049,351,2697,96,3,128,758,272,486,2928,1013,1915,854,758,851,755,757,758,84,12,2928,3.86,0.96,736,21,179,578,22,88,647,757,0,757,756,0,711,135,756,0,756,*,756,0,756,415,*,734,604,439,316,79,182,580,730,335,386,679,492,297,143,115,12,31,216,5
14,Jalisco,39,Guadalajara,1,Total AGEB urbana,4866,0,2702,1389,1313,71,36,35,2631,1353,1278,2587,1327,1260,2431,1254,1177,2370,1230,1140,2290,1190,1100,67,38,29,133,61,72,144,63,81,61,24,37,80,40,40,281,136,145,697,605,366,239,94.53,332,1924,446,1.56,2119,1070,1049,464,250,214,2408,1236,1172,121,60,61,10,7,3,0,0,0,10,7,3,10,0,10,14,46,26,20,198,120,77,25,56,63,44,344,124,226,32,95,34,103,54,2132,9,5,4,3,0,3,*,*,0,69,37,32,134,65,69,*,*,*,25,16,9,26,17,9,77,52,25,188,113,75,37,18,19,320,176,144,1658,812,846,12.73,12.3,13.18,1573,696,877,849,553,296,1541,685,856,32,11,21,695,1997,1578,86,4,3,62,0,357,32,1120,974,331,2275,127,15,275,991,452,539,2674,1213,1461,1127,993,991,857,991,991,105,29,2674,2.7,0.71,990,*,324,667,35,136,820,990,*,991,990,0,866,757,991,0,991,0,990,0,990,329,*,978,809,738,652,66,243,684,947,703,626,916,822,524,476,233,25,21,151,8
14,Jalisco,39,Guadalajara,1,Total AGEB urbana,4870,0,1678,878,800,45,25,20,1633,853,780,1610,838,772,1520,793,727,1475,763,712,1421,736,685,33,21,12,80,39,41,92,52,40,45,30,15,54,27,27,172,94,78,453,360,188,172,91.12,203,1211,264,1.31,1262,652,610,362,197,165,1480,774,706,97,48,49,9,5,4,0,0,0,9,5,4,9,0,9,17,58,26,32,90,47,29,12,17,16,19,195,79,97,26,70,26,64,25,1390,6,4,*,*,*,*,*,*,0,51,24,27,108,56,52,0,0,0,5,3,*,5,3,*,14,10,4,53,37,16,14,7,7,93,60,33,1246,618,628,14.36,13.99,14.75,980,447,533,539,346,193,969,443,526,11,4,7,363,1313,946,79,7,5,25,0,340,23,716,612,191,1421,57,9,189,619,270,349,1642,699,943,792,621,757,586,619,619,147,24,1642,2.65,0.6,617,*,159,460,4,25,590,619,0,619,619,0,552,526,619,0,619,0,619,0,619,132,0,617,571,487,482,37,133,426,596,495,421,595,558,406,337,181,13,3,48,*
14,Jalisco,39,Guadalajara,1,Total AGEB urbana,4885,0,3109,1596,1513,106,49,57,3003,1547,1456,2915,1514,1401,2609,1346,1263,2473,1285,1188,2346,1223,1123,136,57,79,258,144,114,303,158,145,136,61,75,127,62,65,388,181,207,770,537,316,221,94.8,636,2088,385,2.09,2851,1449,1402,245,140,105,2879,1501,1378,32,11,21,4,*,3,0,0,0,4,*,3,4,0,4,14,62,34,28,220,122,82,35,50,58,49,296,135,163,13,78,13,76,56,2568,51,15,36,15,9,6,5,*,3,112,58,54,159,78,81,*,0,*,22,12,10,34,21,13,121,71,50,267,154,113,62,32,30,492,237,255,1411,712,699,11.14,11.04,11.25,1756,770,986,851,575,276,1742,764,978,14,6,8,994,2115,1782,71,7,*,221,*,20,29,1075,1119,415,2826,144,7,131,862,389,473,3109,1345,1764,974,862,970,858,862,862,93,19,3109,3.61,0.84,858,4,141,720,16,46,800,862,0,862,862,0,831,282,862,0,862,0,862,0,862,317,0,842,760,577,517,116,251,702,834,501,531,795,645,423,310,191,12,14,164,*
14,Jalisco,39,Guadalajara,1,Total AGEB urbana,489A,0,2999,1567,1432,103,53,50,2896,1514,1382,2820,1474,1346,2540,1330,1210,2431,1278,1153,2301,1220,1081,118,57,61,238,127,111,263,135,128,109,52,57,130,58,72,329,158,171,742,566,335,231,91.38,568,2030,401,2.03,2542,1326,1216,358,202,156,2678,1410,1268,58,29,29,7,*,5,0,0,0,7,*,5,7,0,7,12,75,40,35,119,73,32,30,28,29,39,337,138,214,34,84,37,76,78,2421,38,17,21,30,18,12,18,8,10,89,46,43,135,68,67,6,4,*,46,15,31,72,30,42,96,60,36,266,161,105,33,17,16,494,253,241,1342,695,647,11.15,11.01,11.31,1494,653,841,974,645,329,1472,646,826,22,7,15,916,2003,1751,83,*,5,112,*,31,38,1001,1118,358,2666,69,*,190,852,361,491,2999,1244,1755,962,852,919,809,851,852,87,23,2999,3.52,0.74,843,6,152,699,11,58,782,851,0,843,837,0,816,489,841,*,842,0,842,0,841,310,*,839,757,582,520,104,185,652,822,511,543,770,665,439,284,194,13,23,157,4
14,Jalisco,39,Guadalajara,1,Total AGEB urbana,4902,0,2033,1087,946,40,15,25,1993,1072,921,1954,1052,902,1837,1000,837,1790,981,809,1742,958,784,48,26,22,108,46,62,118,45,73,47,19,28,48,23,25,205,120,85,549,484,293,191,87.03,243,1454,336,1.35,1447,750,697,506,293,213,1829,974,855,107,67,40,33,21,12,0,0,0,33,21,12,33,0,33,62,8,5,3,52,34,12,6,15,16,9,91,58,29,7,21,12,24,18,1871,7,4,3,0,0,0,3,*,*,47,22,25,122,64,58,*,0,*,4,*,*,9,7,*,16,10,6,44,37,7,11,6,5,112,77,35,1553,816,737,15.02,14.49,15.67,1199,558,641,633,440,193,1176,544,632,23,14,9,319,1708,945,36,*,5,13,3,738,94,762,827,244,1719,42,21,245,794,357,437,2033,867,1166,849,794,638,583,793,794,34,21,2033,2.56,0.53,790,*,220,573,8,60,725,793,0,793,793,0,762,695,793,0,793,0,793,0,793,59,0,793,760,699,732,61,113,698,766,722,614,771,742,601,547,202,14,0,34,0
14,Jalisco,39,Guadalajara,1,Total AGEB urbana,4917,0,2107,1119,988,48,19,29,2059,1100,959,2033,1087,946,1954,1046,908,1918,1030,888,1872,1013,859,40,22,18,65,32,33,82,41,41,36,16,20,46,17,29,208,115,93,532,537,333,204,88.29,189,1496,422,1.43,1476,759,717,532,310,222,1857,998,859,129,70,59,6,3,3,0,0,0,6,3,3,6,0,6,*,74,41,33,92,57,30,10,21,29,19,226,80,137,13,73,17,54,21,1780,8,6,*,3,0,3,*,0,*,42,14,28,114,62,52,0,0,0,7,4,3,14,11,3,16,12,4,40,33,7,9,5,4,116,74,42,1683,880,803,14.95,14.44,15.55,1298,604,694,653,441,212,1275,595,680,23,9,14,434,1672,1162,92,5,7,23,13,499,34,834,853,266,1718,62,15,297,839,365,474,2094,879,1215,954,841,661,548,839,839,84,29,2094,2.5,0.51,839,0,196,642,*,19,817,838,0,838,838,0,768,800,837,0,838,0,838,0,837,106,*,835,780,723,731,53,137,614,805,715,606,809,786,587,583,275,12,5,41,*
14,Jalisco,39,Guadalajara,1,Total AGEB urbana,4921,0,2664,1370,1294,105,53,52,2557,1316,1241,2472,1266,1206,2190,1118,1072,2076,1061,1015,1939,986,953,131,81,50,236,117,119,266,133,133,114,57,57,137,75,62,332,161,171,687,398,215,183,94.45,586,1800,276,2.12,2380,1227,1153,263,132,131,2444,1253,1191,19,6,13,*,*,0,0,0,0,*,*,0,*,0,*,4,9,6,3,94,51,30,13,18,16,7,281,158,146,24,94,30,74,139,2208,49,31,18,10,6,4,10,5,5,97,58,39,114,54,60,5,*,4,31,18,13,52,32,20,165,90,75,317,167,150,79,35,44,547,292,255,843,399,444,9.63,9.42,9.86,1445,604,841,743,513,230,1403,588,815,42,16,26,889,1772,1416,45,3,9,276,*,17,19,819,1079,292,2429,106,0,121,672,247,425,2656,958,1698,740,673,720,653,669,672,56,11,2656,3.95,1.01,662,6,149,519,7,100,561,668,0,668,668,0,620,229,668,0,668,0,668,0,668,291,0,653,580,398,336,104,146,510,646,311,356,610,483,347,91,127,10,24,165,*
14,Jalisco,39,Guadalajara,1,Total AGEB urbana,4936,0,2345,1254,1091,48,26,22,2297,1228,1069,2245,1199,1046,2025,1077,948,1920,1031,889,1831,985,846,80,46,34,192,105,87,249,131,118,105,46,59,89,46,43,286,147,139,606,447,264,183,87,425,1586,334,2.17,2088,1107,981,250,143,107,2225,1189,1036,12,4,8,*,0,*,0,0,0,*,0,*,*,0,*,5,16,11,5,114,61,66,18,33,34,30,428,203,280,64,151,76,151,31,1789,24,14,10,8,3,5,10,4,6,67,38,29,155,91,64,10,7,3,21,6,15,44,20,24,86,55,31,266,157,109,53,21,32,448,242,206,977,510,467,10.43,10.34,10.53,1220,557,663,802,518,284,1198,551,647,22,6,16,686,1656,1442,86,0,*,126,0,*,23,848,872,303,2178,68,0,93,633,367,266,2345,1411,934,692,633,676,617,633,633,56,3,2345,3.7,0.78,630,3,114,519,5,26,602,632,*,633,633,0,584,355,632,0,633,0,632,0,632,331,0,625,553,415,284,57,162,460,624,318,391,571,461,284,117,121,5,20,145,0
14,Jalisco,39,Guadalajara,1,Total AGEB urbana,4940,0,893,459,434,27,12,15,866,447,419,838,435,403,770,401,369,726,382,344,693,365,328,34,16,18,62,30,32,92,44,48,44,19,25,33,17,16,115,55,60,250,129,79,50,94.55,167,653,73,1.56,748,377,371,137,78,59,804,416,388,32,19,13,3,*,*,0,0,0,3,*,*,3,0,3,0,69,34,35,83,32,57,14,12,13,14,167,34,119,5,34,9,34,10,639,6,3,3,0,0,0,*,*,0,27,15,12,62,30,32,*,*,0,*,0,*,5,*,4,15,10,5,28,15,13,*,*,*,86,43,43,568,298,270,13.1,13.04,13.15,481,223,258,289,178,111,476,223,253,5,0,5,145,748,509,211,0,0,26,0,7,5,342,306,122,722,31,0,138,342,142,200,893,334,559,387,342,385,340,342,342,39,6,893,2.61,0.77,342,0,43,299,0,35,307,342,0,342,341,0,295,170,342,0,342,0,342,0,342,155,0,339,296,246,175,35,46,256,328,234,180,336,289,221,172,82,7,*,41,0
14,Jalisco,39,Guadalajara,1,Total AGEB urbana,4955,0,2607,1304,1303,109,52,57,2498,1252,1246,2426,1214,1212,2202,1099,1103,2116,1052,1064,2011,999,1012,104,56,48,192,97,95,212,102,110,86,47,39,105,53,52,313,154,159,775,258,141,117,99.92,491,1948,168,1.31,2375,1186,1189,213,106,107,2387,1195,1192,27,12,15,3,*,*,0,0,0,3,*,*,3,0,3,4,81,32,49,39,15,17,7,13,10,8,195,48,139,24,34,23,27,67,2315,37,17,20,17,9,8,8,5,3,87,45,42,126,63,63,4,*,*,7,5,*,8,4,4,20,9,11,100,49,51,15,7,8,419,188,231,1493,762,731,12.15,12.32,11.99,1629,721,908,571,376,195,1613,712,901,16,9,7,807,1794,1275,371,3,7,66,*,31,82,986,964,249,2240,104,4,250,1043,386,657,2607,969,1638,1116,1043,1108,1035,1042,1043,56,17,2607,2.5,0.68,1038,*,182,860,5,29,1008,1042,0,1042,1037,0,212,450,1042,0,1042,0,1042,0,1042,370,0,1032,964,840,614,160,197,941,1018,835,773,1013,932,822,711,295,9,9,71,*
14,Jalisco,39,Guadalajara,1,Total AGEB urbana,496A,0,2980,1543,1437,87,43,44,2893,1500,1393,2846,1481,1365,2625,1367,1258,2536,1324,1212,2416,1260,1156,84,38,46,184,95,89,203,108,95,89,43,46,120,64,56,371,176,195,780,568,312,256,93.13,444,2179,357,1.64,2621,1352,1269,344,185,159,2826,1474,1352,11,4,7,4,3,*,0,0,0,4,3,*,4,0,4,11,290,133,157,85,50,27,12,23,27,18,291,110,185,19,72,44,62,33,2583,18,7,11,7,4,3,3,*,*,112,60,52,229,101,128,3,*,*,7,5,*,7,3,4,32,21,11,97,60,37,18,6,12,231,131,100,2033,1033,1000,13.53,13.3,13.79,1665,758,907,956,609,347,1655,756,899,10,*,8,513,2463,2036,369,*,9,21,*,51,28,1110,1238,273,2599,122,7,247,1029,352,677,2980,901,2079,1091,1029,1082,1020,1029,1029,50,12,2980,2.9,0.68,1026,3,147,882,4,18,1007,1029,0,1029,1029,0,966,912,1029,0,1029,0,1029,0,1029,212,0,1025,997,851,799,108,143,859,1016,837,772,989,904,668,563,271,9,9,71,*
14,Jalisco,39,Guadalajara,1,Total AGEB urbana,4974,0,2159,1190,969,94,51,43,2065,1139,926,2001,1102,899,1832,1019,813,1756,982,774,1671,938,733,84,45,39,149,75,74,177,88,89,76,37,39,85,44,41,244,143,101,674,314,192,122,81.43,403,1570,186,1.47,1913,1043,870,228,135,93,1990,1095,895,9,5,4,4,*,3,0,0,0,4,*,3,4,0,4,7,169,84,85,31,19,7,8,7,8,6,102,46,54,9,42,16,36,17,2016,24,14,10,10,6,4,5,3,*,76,39,37,142,84,58,*,0,*,7,5,*,8,*,6,19,13,6,64,44,20,20,13,7,216,105,111,1367,766,601,13.23,13.16,13.31,1147,561,586,685,458,227,1125,550,575,22,11,11,375,1783,1150,612,0,*,29,0,17,8,759,805,268,1905,104,3,145,860,374,486,2159,819,1340,925,860,922,857,859,860,57,8,2159,2.51,0.74,859,0,47,812,0,99,760,859,0,859,859,0,339,718,858,0,859,0,859,0,858,229,0,854,794,610,609,86,73,605,841,662,574,839,751,587,356,153,9,5,72,*
14,Jalisco,39,Guadalajara,1,Total AGEB urbana,4989,0,2858,1548,1310,115,62,53,2743,1486,1257,2660,1438,1222,2405,1290,1115,2290,1226,1064,2138,1140,998,121,63,58,217,133,84,271,159,112,115,64,51,152,86,66,304,140,164,729,579,345,234,84.63,568,1827,463,2.11,2581,1402,1179,263,142,121,2641,1431,1210,13,5,8,5,*,3,0,0,0,5,*,3,5,0,5,10,4,3,*,146,87,54,16,25,24,30,207,100,83,20,43,20,78,20,2501,41,22,19,7,4,3,12,6,6,117,66,51,105,44,61,5,3,*,29,19,10,81,58,23,94,53,41,328,204,124,29,10,19,626,310,316,1079,553,526,10.33,10.02,10.68,1436,635,801,968,655,313,1371,610,761,65,25,40,1098,1759,1652,51,*,0,29,0,6,24,941,1130,334,2556,130,4,168,763,299,464,2858,1080,1778,830,763,826,759,763,763,59,8,2858,3.75,0.78,762,*,57,706,5,18,740,763,0,763,763,0,748,147,763,0,763,0,763,0,763,290,0,754,697,530,449,68,235,562,754,393,507,701,574,363,216,151,4,7,164,0
14,Jalisco,39,Guadalajara,1,Total AGEB urbana,4993,0,3081,1573,1508,98,36,62,2983,1537,1446,2892,1492,1400,2607,1360,1247,2451,1272,1179,2294,1201,1093,123,62,61,253,115,138,329,167,162,156,88,68,157,71,86,392,189,203,787,574,329,245,95.87,630,2005,446,2.26,2708,1370,1338,334,180,154,2859,1477,1382,27,12,15,*,0,*,0,0,0,*,0,*,*,0,*,*,6,6,0,201,131,62,26,32,42,47,336,172,137,7,58,12,96,39,2528,54,25,29,4,*,*,6,4,*,130,63,67,163,80,83,8,3,5,34,19,15,55,32,23,142,75,67,363,222,141,53,23,30,531,262,269,1207,603,604,10.38,10.17,10.61,1486,633,853,1112,723,389,1472,629,843,14,4,10,1087,1992,1791,52,13,4,96,3,13,33,1052,1206,349,2652,313,*,107,790,279,511,3081,1017,2064,874,790,868,784,790,790,63,21,3081,3.9,0.87,786,4,113,677,5,34,751,790,0,790,790,0,766,206,790,0,790,0,790,0,790,296,*,775,698,507,471,80,316,579,774,400,495,713,570,375,220,162,9,27,190,4
14,Jalisco,39,Guadalajara,1,Total AGEB urbana,5008,0,4449,2304,2145,184,93,91,4265,2211,2054,4117,2139,1978,3564,1860,1704,3330,1737,1593,3104,1619,1485,224,109,115,477,242,235,560,287,273,234,123,111,226,118,108,548,270,278,1144,602,348,254,93.1,1119,2899,431,2.29,3719,1913,1806,684,370,314,4012,2089,1923,90,45,45,15,4,11,0,0,0,15,4,11,15,0,15,37,31,23,8,340,196,153,53,62,73,64,613,138,490,32,77,22,108,77,3449,103,48,55,17,10,7,15,7,8,156,85,71,175,86,89,14,7,7,86,38,48,124,62,62,226,128,98,533,289,244,108,43,65,964,515,449,1265,645,620,9.46,9.4,9.52,2314,980,1334,1243,875,368,2286,971,1315,28,9,19,1843,2602,2230,46,5,3,235,38,44,22,1408,1703,452,3389,896,*,153,1090,385,705,4449,1577,2872,1257,1090,1238,1071,1090,1090,124,43,4449,4.08,1.02,1079,11,243,847,39,158,893,1090,0,1090,1085,0,962,382,1090,0,1090,0,1090,0,1090,600,*,1031,856,529,438,116,382,830,1052,471,479,1019,738,498,265,179,17,27,308,4
14,Jalisco,39,Guadalajara,1,Total AGEB urbana,5012,0,5358,2834,2524,231,112,119,5127,2722,2405,4955,2630,2325,4373,2317,2056,4114,2191,1923,3831,2058,1773,262,138,124,492,267,225,594,314,280,259,126,133,283,133,150,692,343,349,1418,761,462,299,89.06,1244,3574,540,2.19,3878,2036,1842,1336,723,613,4603,2447,2156,298,156,142,35,17,18,*,0,*,32,15,17,35,*,32,119,62,30,32,308,227,78,44,41,91,36,307,142,142,27,56,28,56,69,4706,122,76,46,49,28,21,40,17,23,186,87,99,214,107,107,15,9,6,83,56,27,116,75,41,286,166,120,580,340,240,154,78,76,1000,517,483,1809,919,890,9.93,9.69,10.21,2779,1211,1568,1578,1099,479,2745,1201,1544,34,10,24,2721,2634,2264,94,3,9,197,*,76,14,1684,2076,612,1131,4124,*,98,1368,682,686,5347,2562,2785,1781,1369,1772,1360,1367,1368,107,305,5347,3.91,1.03,1361,5,376,990,96,281,989,1365,*,1365,1364,*,1255,728,1364,*,1365,*,1363,0,1365,750,3,1278,1083,724,534,176,571,1106,1255,672,601,1261,959,597,422,221,40,56,345,12
14,Jalisco,39,Guadalajara,1,Total AGEB urbana,5027,0,3829,2067,1762,110,57,53,3719,2010,1709,3634,1970,1664,3368,1835,1533,3245,1768,1477,3085,1688,1397,121,59,62,230,116,114,283,152,131,123,67,56,160,80,80,368,186,182,917,994,594,400,85.24,584,2514,731,1.92,3512,1882,1630,302,177,125,3609,1955,1654,19,13,6,*,*,0,0,0,0,*,*,0,*,0,*,*,14,5,9,99,63,31,12,23,29,18,247,126,126,20,79,36,71,23,3477,39,15,24,10,7,3,5,3,*,132,64,68,194,97,97,*,*,*,25,20,5,25,19,6,104,75,29,254,159,95,47,25,22,478,259,219,2219,1163,1056,12.29,11.93,12.71,1816,811,1005,1551,1023,528,1798,805,993,18,6,12,700,3127,2462,576,*,6,88,0,30,47,1287,1572,508,3593,97,7,131,1251,494,757,3829,1345,2484,1355,1251,1227,1123,1250,1251,69,35,3829,3.06,0.68,1248,*,194,1056,0,14,1236,1250,0,1248,1248,*,1132,345,1250,0,1250,0,1248,0,1250,330,0,1246,1215,1056,891,165,234,1097,1232,910,937,1194,1074,762,397,245,12,11,134,*
14,Jalisco,39,Guadalajara,1,Total AGEB urbana,5031,0,3099,1649,1450,75,33,42,3024,1616,1408,2960,1582,1378,2743,1482,1261,2626,1426,1200,2505,1367,1138,90,46,44,191,88,103,247,116,131,117,56,61,121,59,62,303,139,164,751,792,475,317,87.93,473,2028,598,1.83,2748,1455,1293,327,186,141,2940,1574,1366,10,6,4,*,0,*,0,0,0,*,0,*,*,0,*,5,20,7,13,92,63,18,19,28,36,15,100,64,22,10,34,17,18,33,2891,25,17,8,22,12,10,12,6,6,94,43,51,148,66,82,4,3,*,15,10,5,40,30,10,50,30,20,261,153,108,18,11,7,361,195,166,1784,932,852,12.36,12.06,12.72,1598,739,859,1137,741,396,1578,731,847,20,8,12,742,2353,2047,100,7,*,108,0,80,42,1135,1255,353,2868,114,*,116,973,354,619,3099,981,2118,1103,973,1102,972,973,973,89,41,3099,3.18,0.62,969,4,172,801,*,21,951,973,0,973,973,0,970,764,973,0,973,0,973,0,973,252,0,965,920,751,697,102,159,757,966,665,772,903,825,599,391,201,5,13,118,*
14,Jalisco,39,Guadalajara,1,Total AGEB urbana,5046,0,4361,2281,2080,242,118,124,4119,2163,1956,3960,2076,1884,3393,1796,1597,3174,1690,1484,2951,1577,1374,253,140,113,473,227,246,528,256,272,219,106,113,223,113,110,511,270,241,1160,628,340,288,91.19,1187,2762,412,2.3,3860,2015,1845,480,257,223,3916,2058,1858,37,17,20,*,*,0,0,0,0,*,*,0,*,0,*,0,194,100,94,271,143,103,33,53,43,41,410,176,197,19,71,9,111,62,3652,111,55,56,10,3,7,13,7,6,135,74,61,130,66,64,7,3,4,72,47,25,121,67,54,262,136,126,591,329,262,109,46,63,1033,548,485,978,515,463,8.83,8.79,8.88,2147,921,1226,1241,873,368,2114,913,1201,33,8,25,1876,2482,2162,34,*,3,217,16,11,42,1233,1715,440,3722,472,0,163,994,396,598,4361,1727,2634,1081,994,1060,973,993,994,77,10,4361,4.39,1.08,981,10,233,760,18,109,866,992,*,991,990,*,843,345,993,0,993,0,990,0,993,525,*,966,813,505,429,108,142,732,968,357,443,915,658,577,190,154,13,30,290,*
14,Jalisco,39,Guadalajara,1,Total AGEB urbana,5050,0,2497,1291,1206,120,56,64,2377,1235,1142,2286,1194,1092,1962,1027,935,1823,954,869,1688,884,804,134,61,73,281,147,134,320,169,151,139,73,66,135,70,65,332,172,160,656,323,180,143,93.42,674,1593,230,2.44,2244,1161,1083,245,127,118,2251,1176,1075,29,15,14,4,*,3,0,0,0,4,*,3,4,0,4,15,4,*,3,217,107,84,26,36,24,40,234,72,124,20,38,3,48,24,2038,61,26,35,7,*,6,13,7,6,78,45,33,72,44,28,10,3,7,67,42,25,63,32,31,196,105,91,337,175,162,61,36,25,551,278,273,558,297,261,8.71,8.78,8.64,1207,467,740,754,559,195,1164,459,705,43,8,35,883,1614,1238,15,*,5,337,*,14,7,758,923,281,2155,252,*,88,568,209,359,2497,920,1577,619,568,611,560,567,568,37,14,2497,4.4,1.12,561,6,138,429,33,83,451,564,3,564,562,3,405,109,567,0,567,0,562,0,567,334,*,538,449,256,200,64,127,430,534,186,217,506,342,235,73,74,14,34,204,5
14,Jalisco,39,Guadalajara,1,Total AGEB urbana,5065,0,4763,2452,2311,207,101,106,4556,2351,2205,4407,2283,2124,3924,2053,1871,3675,1919,1756,3425,1793,1632,214,107,107,418,191,227,537,260,277,249,134,115,250,126,124,598,275,323,1296,682,389,293,94.25,1088,3178,497,2.2,4157,2117,2040,557,307,250,4334,2244,2090,51,27,24,9,5,4,0,0,0,9,5,4,9,0,9,26,50,23,27,215,102,111,36,62,40,38,387,141,218,27,98,17,66,74,4102,102,49,53,35,18,17,33,11,22,155,77,78,157,71,86,9,3,6,108,62,46,173,108,65,474,259,215,481,242,239,224,100,124,994,524,470,1193,621,572,8.83,8.81,8.86,2360,986,1374,1550,1063,487,2322,976,1346,38,10,28,2034,2718,2414,42,5,6,163,6,16,93,1570,1887,461,3450,1174,4,122,1209,513,696,4763,1857,2906,1328,1209,1269,1150,1208,1209,109,10,4763,3.94,1.08,1198,10,253,955,20,184,1004,1207,*,1208,1207,0,1071,431,1205,*,1208,0,1207,0,1205,660,3,1160,1006,632,484,154,314,838,1152,449,592,1091,766,453,278,219,41,58,386,8
14,Jalisco,39,Guadalajara,1,Total AGEB urbana,507A,0,3529,1778,1751,125,51,74,3404,1727,1677,3298,1673,1625,2956,1507,1449,2786,1438,1348,2624,1357,1267,163,82,81,285,138,147,366,163,203,170,69,101,162,81,81,434,219,215,899,598,339,259,98.48,743,2344,442,2.31,3250,1640,1610,265,132,133,3281,1664,1617,13,6,7,3,*,*,0,0,0,3,*,*,3,0,3,8,34,15,19,150,79,64,29,35,31,31,211,48,120,11,55,20,28,56,3130,75,36,39,12,7,5,20,9,11,119,64,55,140,74,66,12,5,7,83,54,29,118,71,47,160,88,72,452,250,202,63,18,45,746,370,376,1148,577,571,9.65,9.48,9.83,1730,726,1004,1207,768,439,1702,720,982,28,6,22,1365,2160,2037,54,13,6,41,*,*,14,1247,1285,424,3180,219,0,129,903,337,566,3529,1268,2261,991,903,954,866,901,903,88,0,3529,3.91,0.94,899,*,146,755,12,67,822,899,*,900,900,*,779,42,900,0,901,0,899,0,900,451,4,871,792,552,417,121,292,643,860,365,568,749,613,391,218,132,18,69,246,7
14,Jalisco,39,Guadalajara,1,Total AGEB urbana,5084,0,3838,1943,1895,139,72,67,3679,1861,1818,3578,1812,1766,3200,1639,1561,3012,1547,1465,2800,1449,1351,167,80,87,312,142,170,407,193,214,188,92,96,212,98,114,452,226,226,980,612,344,268,97.53,806,2629,383,2.3,3462,1738,1724,343,189,154,3551,1800,1751,20,9,11,*,0,*,0,0,0,*,0,*,*,0,*,*,27,15,12,239,123,101,36,42,48,47,353,137,203,27,82,18,56,51,3200,61,29,32,15,9,6,18,8,10,165,83,82,165,86,79,5,*,3,62,31,31,96,57,39,228,132,96,450,252,198,103,48,55,734,357,377,1283,638,645,9.65,9.48,9.83,2055,864,1191,1142,772,370,2032,858,1174,23,6,17,1708,2110,1714,77,3,5,274,0,21,22,1267,1471,462,3444,189,12,171,993,370,623,3838,1365,2473,1073,993,1066,986,990,993,71,9,3838,3.87,0.85,980,5,162,823,6,63,916,985,0,985,985,0,965,164,985,0,984,*,984,0,984,417,*,968,865,607,537,116,435,840,966,414,562,908,685,426,181,134,6,25,265,*
14,Jalisco,39,Guadalajara,1,Total AGEB urbana,5099,0,2598,1321,1277,130,56,74,2468,1265,1203,2377,1226,1151,2097,1081,1016,1989,1029,960,1862,968,894,135,66,69,236,118,118,281,137,144,108,52,56,127,61,66,325,163,162,688,366,188,178,96.67,609,1737,252,2.29,2436,1232,1204,155,85,70,2370,1221,1149,6,4,*,0,0,0,0,0,0,0,0,0,0,0,0,0,10,6,4,124,84,53,26,46,37,33,130,88,72,29,74,42,62,37,2330,54,22,32,7,*,5,4,*,3,91,47,44,100,52,48,*,*,*,51,35,16,69,43,26,134,78,56,335,170,165,50,13,37,597,282,315,735,400,335,9.37,9.35,9.39,1251,504,747,837,574,263,1239,500,739,12,4,8,1206,1392,1233,24,4,3,116,*,13,*,777,1047,273,2491,71,3,33,619,259,360,2598,1071,1527,664,619,651,606,619,619,40,5,2598,4.2,1.02,615,3,114,505,7,45,567,619,0,619,619,0,584,55,619,0,619,0,619,0,619,260,*,603,537,335,328,74,266,519,608,237,320,570,425,258,137,83,6,15,170,*
14,Jalisco,39,Guadalajara,1,Total AGEB urbana,5101,0,4789,2470,2319,219,128,91,4570,2342,2228,4404,2259,2145,3830,1964,1866,3629,1861,1768,3391,1753,1638,254,121,133,486,257,229,525,275,250,201,103,98,238,108,130,612,317,295,1330,501,274,227,93.89,1160,3301,328,2.04,4444,2300,2144,320,159,161,4339,2236,2103,47,15,32,4,*,*,0,0,0,4,*,*,4,0,4,8,20,7,13,87,48,34,9,13,17,15,436,136,303,54,112,60,108,33,4251,113,52,61,32,19,13,21,12,9,170,79,91,198,103,95,9,4,5,33,24,9,134,88,46,171,87,84,533,279,254,73,35,38,1056,538,518,1576,795,781,9.92,9.8,10.03,2634,1128,1506,1184,832,352,2620,1120,1500,14,8,6,1251,3538,2824,46,16,6,582,*,62,24,1494,1873,459,4236,323,4,225,1292,415,877,4787,1381,3406,1415,1293,1388,1266,1289,1292,104,18,4787,3.71,1,1276,13,288,1001,19,94,1176,1289,0,1288,1278,*,1167,768,1289,0,1289,0,1288,0,1289,583,*,1253,1094,851,659,127,254,1003,1263,534,595,1217,876,589,236,140,10,43,356,*
14,Jalisco,39,Guadalajara,1,Total AGEB urbana,5116,0,4326,2191,2135,163,87,76,4163,2104,2059,4017,2038,1979,3480,1764,1716,3241,1656,1585,3003,1550,1453,218,109,109,465,231,234,543,261,282,239,108,131,238,106,132,542,257,285,1131,515,278,237,97.44,1085,2914,327,2.21,4042,2039,2003,273,149,124,3995,2027,1968,15,9,6,8,*,6,0,0,0,8,*,6,8,0,8,29,111,64,47,137,73,49,27,26,25,32,215,80,113,17,57,19,62,77,3923,94,46,48,41,17,24,40,17,23,149,63,86,173,79,94,14,9,5,73,41,32,143,76,67,222,119,103,529,290,239,102,40,62,970,483,487,1173,601,572,9.25,9.21,9.29,2282,972,1310,1185,785,400,2261,964,1297,21,8,13,1901,2423,2075,53,8,4,258,*,25,15,1359,1687,434,4018,182,*,121,1015,296,719,4320,1159,3161,1106,1016,1095,1005,1012,1015,81,9,4320,4.26,1.01,1001,11,171,841,18,78,916,1012,0,1012,1011,0,862,212,1012,0,1010,0,1010,0,1010,437,*,978,852,594,520,172,377,763,962,428,491,934,715,472,212,143,27,34,259,6
14,Jalisco,39,Guadalajara,1,Total AGEB urbana,5120,0,3491,1806,1685,121,62,59,3369,1743,1626,3273,1695,1578,2912,1512,1400,2766,1447,1319,2601,1359,1242,156,75,81,301,156,145,341,168,173,146,65,81,165,88,77,427,206,221,907,545,298,247,93.3,724,2412,354,2.15,3230,1657,1573,242,137,105,3245,1683,1562,26,11,15,0,0,0,0,0,0,0,0,0,0,0,0,0,22,12,10,122,73,33,8,25,13,13,413,186,239,26,105,24,91,33,2939,50,26,24,10,5,5,11,5,6,131,73,58,162,69,93,*,0,*,29,14,15,77,45,32,163,95,68,357,202,155,67,34,33,696,349,347,1307,658,649,10.22,10,10.45,1966,872,1094,943,639,304,1955,870,1085,11,*,9,1252,2236,1948,67,4,4,178,0,19,32,1092,1396,424,3163,138,*,187,955,402,553,3491,1476,2015,1040,955,1032,947,954,955,79,6,3491,3.66,0.9,952,*,172,782,12,85,857,953,*,953,951,*,909,269,953,0,953,*,952,0,953,387,3,941,840,601,541,99,379,752,932,438,506,904,701,446,167,164,9,22,224,4
14,Jalisco,39,Guadalajara,1,Total AGEB urbana,5135,0,3361,1738,1623,117,62,55,3244,1676,1568,3144,1629,1515,2819,1489,1330,2672,1427,1245,2522,1353,1169,143,63,80,282,124,158,337,148,189,147,62,85,150,74,76,417,211,206,906,573,341,232,93.38,689,2288,384,2.14,3058,1557,1501,289,175,114,3106,1610,1496,30,17,13,3,*,*,0,0,0,3,*,*,3,0,3,3,24,11,13,169,89,59,19,12,31,23,316,130,166,16,47,11,67,40,2859,48,18,30,12,7,5,9,3,6,116,60,56,155,86,69,4,*,3,46,34,12,92,67,25,136,72,64,361,211,150,71,31,40,666,348,318,1270,650,620,10.24,10.03,10.49,1821,820,1001,995,668,327,1796,809,987,25,11,14,1328,2033,1740,68,*,7,176,0,25,36,1118,1233,468,3057,162,3,139,944,458,486,3361,1637,1724,1068,944,1065,941,942,944,97,27,3361,3.56,0.83,934,8,146,796,17,55,870,942,0,942,941,0,872,272,940,0,941,*,941,0,940,394,0,914,811,601,515,94,347,871,927,460,514,868,653,466,226,191,3,30,250,*
14,Jalisco,39,Guadalajara,1,Total AGEB urbana,514A,0,4366,2232,2134,158,72,86,4208,2160,2048,4056,2091,1965,3585,1846,1739,3362,1744,1618,3172,1654,1518,216,96,120,407,218,189,506,249,257,223,102,121,190,90,100,540,278,262,1139,682,354,328,95.61,1004,2925,437,2.23,4152,2124,2028,203,104,99,4046,2086,1960,6,4,*,0,0,0,0,0,0,0,0,0,0,0,0,0,38,14,24,276,125,146,38,45,41,37,414,112,301,24,66,15,42,54,3644,104,47,57,25,11,14,22,10,12,140,67,73,175,93,82,10,*,8,70,41,29,115,61,54,295,173,122,479,263,216,126,49,77,895,429,466,1359,720,639,9.56,9.5,9.62,2551,1195,1356,1028,647,381,2538,1192,1346,13,3,10,1445,2915,2346,89,20,*,456,5,9,7,1363,1706,514,4066,185,*,109,1069,307,762,4366,1131,3235,1159,1069,1149,1059,1068,1069,77,13,4366,4.08,0.95,1052,16,181,887,25,112,931,1068,0,1068,1068,0,1039,160,1068,0,1067,*,1067,0,1067,466,*,1041,936,643,558,137,478,856,1037,456,608,984,729,455,204,145,9,31,292,3
14,Jalisco,39,Guadalajara,1,Total AGEB urbana,5154,0,2653,1360,1293,88,47,41,2565,1313,1252,2474,1273,1201,2174,1114,1060,2040,1061,979,1917,1005,912,130,62,68,261,137,124,310,151,159,134,53,81,123,56,67,326,169,157,701,390,211,179,95.07,613,1791,249,2.21,2452,1247,1205,197,111,86,2467,1269,1198,3,*,*,5,3,*,0,0,0,5,3,*,5,0,5,11,49,21,28,341,129,232,21,65,30,56,408,86,318,12,48,11,45,40,1892,36,12,24,5,*,3,4,0,4,97,44,53,135,66,69,8,*,6,37,21,16,58,32,26,179,98,81,319,180,139,60,24,36,547,278,269,798,409,389,9.44,9.31,9.57,1412,605,807,756,505,251,1403,604,799,9,*,8,1190,1460,1309,34,*,0,70,0,*,57,809,1042,323,2490,95,*,65,667,235,432,2653,854,1799,734,667,727,660,666,667,57,10,2653,3.98,1,663,3,110,555,6,74,586,666,0,666,665,0,633,116,665,0,666,0,666,0,665,292,3,648,562,371,343,92,316,505,654,276,359,585,459,286,170,87,10,48,178,5
14,Jalisco,39,Guadalajara,1,Total AGEB urbana,5169,0,2394,1236,1158,76,39,37,2316,1196,1120,2236,1163,1073,1991,1047,944,1883,991,892,1786,944,842,116,50,66,209,99,110,249,118,131,108,56,52,97,47,50,296,156,140,626,398,203,195,93.69,509,1627,256,2.12,2222,1157,1065,159,74,85,2215,1155,1060,19,8,11,4,*,*,0,0,0,4,*,*,4,0,4,4,22,7,15,172,91,59,29,30,32,25,229,105,125,5,63,7,36,26,1982,48,25,23,8,3,5,9,4,5,73,38,35,105,48,57,6,*,4,36,19,17,47,25,22,137,75,62,264,151,113,55,23,32,477,238,239,849,446,403,9.92,9.9,9.93,1287,592,695,704,455,249,1256,579,677,31,13,18,810,1581,1341,48,0,4,183,0,8,7,764,940,287,2235,71,0,86,637,221,416,2394,817,1577,713,637,710,634,637,637,68,8,2394,3.76,0.81,632,5,61,576,9,16,612,636,*,636,635,*,614,178,636,0,637,0,635,0,636,261,0,618,534,412,356,62,236,533,633,292,375,585,450,298,166,113,*,16,150,0
14,Jalisco,39,Guadalajara,1,Total AGEB urbana,5173,0,3324,1671,1653,124,65,59,3200,1606,1594,3100,1563,1537,2756,1406,1350,2598,1330,1268,2420,1244,1176,148,64,84,296,136,160,354,171,183,158,76,82,178,86,92,386,191,195,859,525,274,251,98.92,726,2274,324,2.22,3031,1521,1510,268,137,131,3050,1543,1507,29,12,17,*,0,*,0,0,0,*,0,*,*,0,*,6,8,*,6,278,178,106,30,52,36,53,327,96,237,14,65,11,58,33,2708,57,25,32,8,3,5,12,4,8,125,58,67,134,72,62,5,*,3,74,45,29,136,77,59,181,103,78,428,203,225,105,51,54,681,348,333,988,515,473,9.33,9.29,9.36,1763,717,1046,989,688,301,1720,695,1025,43,22,21,1173,2147,1701,50,*,7,371,*,20,9,1080,1309,366,3114,142,*,62,805,246,559,3324,977,2347,868,805,857,794,805,805,53,10,3324,4.13,0.95,801,3,150,655,9,57,739,805,0,805,803,0,758,196,804,0,801,*,801,0,801,345,*,785,682,473,423,79,327,662,787,354,431,748,583,391,205,121,10,25,197,*
14,Jalisco,39,Guadalajara,1,Total AGEB urbana,5188,0,3913,2003,1910,174,91,83,3739,1912,1827,3619,1841,1778,3158,1613,1545,2980,1523,1457,2802,1449,1353,189,103,86,392,196,196,431,214,217,178,90,88,178,74,104,501,263,238,1006,565,311,254,95.36,933,2624,356,2.4,3540,1812,1728,359,185,174,3582,1825,1757,33,15,18,25,16,9,0,0,0,25,16,9,25,0,25,64,52,30,22,187,106,61,25,49,39,34,357,121,209,28,75,18,91,30,3364,78,49,29,12,6,6,16,7,9,112,45,67,124,66,58,26,10,16,81,46,35,189,108,81,163,95,68,558,288,270,80,30,50,910,460,450,1029,517,512,9.03,8.87,9.19,2087,865,1222,1066,745,321,2055,857,1198,32,8,24,1702,2211,1824,58,0,9,286,*,22,29,1202,1539,417,3598,146,*,167,915,319,596,3905,1333,2572,1006,916,988,898,914,915,84,6,3905,4.27,0.99,909,5,155,759,16,81,817,911,3,913,904,*,826,258,913,0,914,0,910,0,913,397,*,876,740,508,479,124,224,722,896,347,448,830,613,439,194,164,13,34,263,4
14,Jalisco,39,Guadalajara,1,Total AGEB urbana,5192,0,3526,1791,1735,149,81,68,3377,1710,1667,3262,1645,1617,2829,1435,1394,2647,1354,1293,2479,1264,1215,176,92,84,372,183,189,424,205,219,182,81,101,168,90,78,411,208,203,908,474,257,217,96.87,879,2342,305,2.31,3228,1632,1596,285,153,132,3235,1631,1604,20,10,10,23,12,11,0,0,0,20,12,8,23,0,20,62,87,44,43,170,89,67,19,45,30,29,329,113,195,15,76,20,51,28,3007,81,46,35,23,11,12,9,*,7,107,61,46,127,65,62,12,6,6,91,52,39,139,84,55,191,105,86,464,229,235,83,38,45,861,424,437,848,436,412,8.92,8.85,8.98,1847,754,1093,966,675,291,1820,749,1071,27,5,22,1440,2080,1828,37,3,19,163,*,19,21,1058,1398,370,3247,178,0,92,820,266,554,3526,1073,2453,897,820,874,797,820,820,70,7,3526,4.3,1.05,800,20,134,686,17,87,715,820,0,819,811,*,654,180,820,0,816,0,815,0,815,375,0,778,661,416,407,118,330,639,790,316,394,758,556,413,172,156,10,27,235,0
14,Jalisco,39,Guadalajara,1,Total AGEB urbana,5205,0,5156,2767,2389,211,108,103,4945,2659,2286,4775,2560,2215,4246,2299,1947,4018,2178,1840,3781,2057,1724,258,143,115,441,217,224,536,267,269,228,121,107,237,121,116,573,307,266,1513,584,333,251,86.34,1138,3678,340,1.59,4579,2452,2127,543,298,245,4673,2502,2171,82,48,34,3,*,*,0,0,0,3,*,*,3,0,3,6,34,17,17,112,74,34,18,20,34,23,287,105,160,9,79,13,44,55,4726,91,52,39,27,10,17,19,8,11,200,104,96,254,136,118,5,*,4,24,15,9,19,14,5,72,47,25,272,161,111,90,44,46,696,389,307,2699,1414,1285,12.19,11.93,12.49,2790,1275,1515,1454,1022,432,2766,1268,1498,24,7,17,1427,3729,3326,209,3,10,112,*,114,33,1593,2075,578,4624,186,*,343,1672,613,1059,5156,1660,3496,1876,1672,1872,1668,1672,1672,175,29,5156,3.08,0.87,1670,*,208,1464,*,172,1499,1672,0,1672,1672,0,1597,1594,1671,0,1672,0,1672,0,1671,548,0,1654,1537,1194,1083,159,343,1480,1642,1066,926,1608,1325,1041,688,491,6,27,270,*
14,Jalisco,39,Guadalajara,1,Total AGEB urbana,521A,0,3418,1811,1607,99,47,52,3319,1764,1555,3232,1726,1506,2985,1597,1388,2861,1541,1320,2719,1462,1257,133,61,72,201,106,95,268,131,137,124,56,68,142,79,63,392,195,197,861,800,488,312,88.74,557,2274,587,2.03,3001,1571,1430,394,229,165,3178,1702,1476,43,20,23,4,*,*,0,0,0,4,*,*,4,0,4,9,16,8,8,123,72,47,23,34,32,27,202,101,81,17,65,18,51,31,3086,53,19,34,24,13,11,10,4,6,124,73,51,202,101,101,6,3,3,20,14,6,36,27,9,84,57,27,220,156,64,44,24,20,423,219,204,1961,1001,960,12.17,11.73,12.69,1766,766,1000,1216,831,385,1744,761,983,22,5,17,906,2512,2256,141,10,4,46,*,50,29,1207,1355,423,3092,141,*,179,1058,400,658,3418,1155,2263,1165,1058,1162,1055,1058,1058,90,17,3418,3.23,0.68,1053,5,177,881,*,12,1044,1058,0,1058,1056,0,1051,783,1058,0,1058,0,1058,0,1058,299,*,1046,996,820,739,84,149,866,1045,722,780,987,891,669,401,227,7,18,130,*
14,Jalisco,39,Guadalajara,1,Total AGEB urbana,5224,0,6832,3534,3298,220,102,118,6612,3432,3180,6443,3349,3094,5774,3011,2763,5473,2855,2618,5140,2681,2459,280,139,141,558,282,276,702,358,344,301,156,145,333,174,159,839,396,443,1900,868,465,403,93.32,1359,4983,490,1.69,5976,3067,2909,807,447,360,6286,3271,3015,127,67,60,7,4,3,0,0,0,6,4,*,7,0,6,15,76,34,42,140,87,33,22,24,28,21,310,131,110,38,59,30,54,67,6339,68,34,34,16,10,6,13,5,8,308,165,143,467,218,249,7,4,3,18,10,8,25,16,9,82,48,34,301,183,118,97,48,49,729,382,347,4026,2051,1975,12.8,12.57,13.04,3757,1668,2089,2014,1341,673,3734,1663,2071,23,5,18,1955,4874,4196,346,14,12,165,*,176,74,2289,2889,596,6149,295,16,371,2087,635,1452,6832,1809,5023,2339,2087,2310,2058,2087,2087,211,41,6832,3.27,0.73,2085,*,245,1842,*,19,2066,2087,0,2087,2087,0,1940,1661,2087,0,2087,0,2087,0,2087,432,*,2074,1954,1620,1618,202,476,1777,2055,1498,1356,2018,1784,1228,1026,702,12,28,206,3
14,Jalisco,39,Guadalajara,1,Total AGEB urbana,5243,0,3622,1884,1738,141,65,76,3481,1819,1662,3378,1770,1608,2995,1584,1411,2807,1494,1313,2622,1404,1218,150,67,83,336,168,168,412,201,211,188,90,98,185,90,95,414,201,213,930,700,404,296,92.25,815,2306,501,2.33,3283,1687,1596,330,190,140,3357,1759,1598,18,9,9,6,3,3,*,*,0,5,*,3,6,*,5,11,43,23,20,265,146,93,42,54,52,43,474,199,260,22,95,10,86,47,2852,58,25,33,10,6,4,13,4,9,140,73,67,152,75,77,10,3,7,44,26,18,71,45,26,201,126,75,438,233,205,76,35,41,762,389,373,1151,605,546,9.63,9.5,9.78,1939,900,1039,1052,682,370,1903,889,1014,36,11,25,935,2687,2470,39,6,0,143,22,19,10,1149,1391,455,3293,179,6,143,911,310,601,3622,1138,2484,964,911,954,901,911,911,45,8,3622,3.98,0.98,901,10,69,842,3,18,890,911,0,911,910,0,367,233,911,0,911,0,911,0,910,436,*,899,828,560,438,101,153,698,898,400,512,826,618,490,246,166,5,18,250,*
14,Jalisco,39,Guadalajara,1,Total AGEB urbana,5258,0,3767,1890,1877,171,83,88,3596,1807,1789,3460,1735,1725,2973,1496,1477,2772,1389,1383,2543,1277,1266,207,112,95,416,199,217,481,240,241,201,107,94,229,112,117,441,233,208,990,430,222,208,99.31,995,2478,294,2.29,3363,1669,1694,384,215,169,3416,1712,1704,37,19,18,5,4,*,0,0,0,5,4,*,5,0,5,24,37,23,14,162,90,51,24,38,29,29,255,91,144,27,60,14,56,38,3328,97,49,48,10,6,4,15,6,9,163,81,82,114,58,56,8,4,4,59,35,24,80,44,36,214,105,109,468,236,232,103,42,61,855,425,430,946,484,462,9.13,9.11,9.16,1849,707,1142,1121,789,332,1811,697,1114,38,10,28,1475,2290,1767,54,*,6,455,0,7,5,1068,1471,433,3119,520,6,120,901,392,509,3767,1681,2086,1010,901,998,889,901,901,86,23,3767,4.18,1.04,890,11,246,655,23,82,796,901,0,901,901,0,717,173,901,0,901,0,901,0,901,442,0,860,759,474,396,127,250,714,875,337,414,848,623,492,190,145,13,25,246,0
14,Jalisco,39,Guadalajara,1,Total AGEB urbana,5262,0,5739,2955,2784,260,116,144,5479,2839,2640,5274,2734,2540,4577,2393,2184,4305,2247,2058,4005,2091,1914,328,161,167,574,285,289,665,348,317,272,146,126,300,156,144,668,319,349,1714,428,241,187,94.21,1434,4082,223,1.66,5229,2692,2537,472,246,226,5145,2670,2475,107,54,53,9,4,5,0,0,0,9,4,5,9,0,9,15,64,37,27,190,107,72,39,39,41,39,440,137,235,46,83,14,71,78,5050,98,44,54,17,*,15,11,5,6,248,136,112,245,130,115,13,5,8,38,28,10,51,33,18,135,76,59,361,218,143,119,59,60,1006,506,500,2469,1257,1212,11.22,11.07,11.38,3212,1447,1765,1351,939,412,3150,1430,1720,62,17,45,1671,4058,3825,108,11,*,41,6,51,48,1687,2351,529,5176,231,8,311,1687,601,1086,5739,1911,3828,1953,1687,1941,1675,1684,1687,192,74,5739,3.4,0.96,1681,3,295,1389,3,98,1583,1683,*,1684,1681,0,1047,992,1684,0,1684,0,1683,0,1683,584,*,1664,1495,1230,1038,201,318,1339,1643,999,790,1632,1324,1026,743,448,18,28,269,4
14,Jalisco,39,Guadalajara,1,Total AGEB urbana,5277,0,5148,2685,2463,259,119,140,4889,2566,2323,4675,2470,2205,3996,2090,1906,3751,1975,1776,3467,1833,1634,308,152,156,585,324,261,631,330,301,245,115,130,284,142,142,523,268,255,1342,634,343,291,91.73,1397,3364,387,2.15,4665,2419,2246,453,252,201,4612,2442,2170,45,22,23,5,4,*,0,0,0,5,4,*,5,0,5,21,33,14,19,297,147,123,58,53,43,47,638,219,392,54,137,24,162,66,4176,138,74,64,37,16,21,19,7,12,203,105,98,133,65,68,7,*,5,62,34,28,75,46,29,239,137,102,491,284,207,138,66,72,1101,562,539,1569,800,769,9.83,9.71,9.97,2589,1151,1438,1404,937,467,2546,1132,1414,43,19,24,1712,3434,3307,59,12,8,29,0,23,10,1464,2036,496,4656,274,*,210,1311,517,794,5148,1941,3207,1455,1311,1437,1293,1311,1311,114,30,5148,3.93,0.87,1307,4,134,1177,0,29,1282,1311,0,1311,1311,0,504,748,1311,0,1311,0,1311,0,1310,671,0,1279,1135,825,586,132,335,1043,1284,567,713,1238,913,693,407,305,8,28,330,3
14,Jalisco,39,Guadalajara,1,Total AGEB urbana,5281,0,3133,1669,1464,91,52,39,3042,1617,1425,2980,1576,1404,2713,1452,1261,2590,1393,1197,2443,1318,1125,91,56,35,238,109,129,289,130,159,123,59,64,147,75,72,358,171,187,795,699,416,283,87.72,543,2020,570,2.14,2853,1515,1338,257,144,113,2957,1563,1394,15,9,6,3,*,*,0,0,0,3,*,*,3,0,3,6,691,369,322,130,69,28,14,32,34,23,359,160,209,21,110,20,70,88,2584,22,16,6,12,6,6,*,0,*,125,68,57,217,100,117,*,*,0,21,15,6,48,31,17,88,56,32,322,194,128,25,12,13,467,241,226,1523,794,729,11.45,11.28,11.65,1713,805,908,994,644,350,1691,800,891,22,5,17,843,2284,2046,159,18,0,26,6,13,32,1055,1183,471,2692,363,*,66,901,323,578,3133,971,2162,1022,901,1016,895,901,901,67,54,3133,3.48,0.75,898,*,55,846,*,14,886,901,0,900,900,*,860,209,901,0,901,0,900,0,901,294,*,894,811,629,589,96,261,696,887,531,676,823,703,499,351,159,4,10,163,*
14,Jalisco,39,Guadalajara,1,Total AGEB urbana,5296,0,3129,1647,1482,82,38,44,3047,1609,1438,2969,1575,1394,2693,1441,1252,2561,1375,1186,2414,1305,1109,121,54,67,233,114,119,293,142,151,132,66,66,147,70,77,331,172,159,795,668,382,286,89.98,568,2038,523,2.02,2792,1463,1329,315,172,143,2958,1570,1388,5,*,4,*,0,*,0,0,0,*,0,*,*,0,*,5,9,6,3,141,101,33,19,20,44,30,246,114,128,16,60,28,31,40,2722,43,15,28,10,4,6,8,*,6,127,63,64,156,75,81,9,5,4,14,12,*,26,18,8,68,41,27,295,188,107,21,15,6,487,249,238,1539,794,745,11.59,11.3,11.93,1685,788,897,1007,653,354,1659,780,879,26,8,18,804,2325,2181,101,10,0,*,5,30,27,1041,1256,396,2599,416,0,114,896,349,547,3129,1129,2000,975,896,961,882,896,896,59,20,3129,3.49,0.72,892,4,119,777,3,7,886,896,0,896,896,0,777,433,896,0,896,0,896,0,896,292,0,893,850,688,588,71,218,726,882,514,641,833,739,485,365,189,8,14,134,*
14,Jalisco,39,Guadalajara,1,Total AGEB urbana,5309,0,755,419,336,15,6,9,740,413,327,732,408,324,707,393,314,690,387,303,666,375,291,10,7,3,23,13,10,34,14,20,17,6,11,24,12,12,83,58,25,189,236,148,88,80.19,65,508,182,1.52,624,340,284,103,62,41,714,398,316,9,4,5,3,*,*,0,0,0,3,*,*,3,0,3,5,10,8,*,35,24,14,8,11,15,11,90,63,40,12,36,21,47,25,611,3,3,0,0,0,0,3,*,*,22,12,10,54,40,14,0,0,0,4,*,3,5,3,*,7,5,*,31,22,9,3,*,*,57,38,19,550,296,254,13.74,13.2,14.42,416,189,227,284,199,85,413,187,226,3,*,*,159,588,514,20,0,5,6,*,52,*,287,287,126,622,21,0,102,270,119,151,701,294,407,387,275,373,261,269,270,102,10,701,2.6,0.5,269,0,38,231,*,*,265,269,0,269,269,0,266,232,269,0,269,0,269,0,269,37,0,266,249,225,230,18,71,226,262,229,221,253,242,200,159,67,4,5,20,0
14,Jalisco,39,Guadalajara,1,Total AGEB urbana,5313,0,2173,1102,1071,54,32,22,2119,1070,1049,2076,1050,1026,1910,972,938,1834,934,900,1759,902,857,78,34,44,131,64,67,164,79,85,76,38,38,75,32,43,257,130,127,531,419,240,179,97.19,339,1541,293,1.63,1705,876,829,418,201,217,1948,1003,945,105,40,65,15,6,9,*,*,0,12,5,7,15,*,12,5,85,45,40,113,63,49,17,20,31,32,275,82,186,13,53,16,44,64,1754,19,9,10,4,3,*,10,5,5,39,19,20,105,57,48,6,3,3,50,20,30,54,24,30,82,39,43,187,100,87,68,21,47,193,113,80,1203,606,597,12.44,12.22,12.68,1259,562,697,644,410,234,1221,549,672,38,13,25,722,1442,1050,46,*,7,160,5,199,36,812,788,304,1792,84,10,278,710,291,419,2116,868,1248,807,711,759,663,710,710,70,26,2116,2.98,0.71,693,17,184,526,30,87,593,709,*,700,684,10,579,498,704,*,707,3,699,*,705,188,4,684,616,529,510,54,169,528,676,483,473,653,566,379,341,171,12,25,130,5
14,Jalisco,39,Guadalajara,1,Total AGEB urbana,5328,0,1120,637,483,25,15,10,1095,622,473,1076,608,468,1007,571,436,971,551,420,922,525,397,35,24,11,53,27,26,74,37,37,36,20,16,49,26,23,108,61,47,264,293,193,100,75.82,149,767,204,1.83,980,553,427,135,82,53,1054,600,454,18,7,11,0,0,0,0,0,0,0,0,0,0,0,0,0,15,7,8,95,62,27,6,16,33,19,159,70,68,11,28,5,34,14,862,7,3,4,*,*,0,0,0,0,43,23,20,61,35,26,0,0,0,7,5,*,8,5,3,24,19,5,97,65,32,10,5,5,118,61,57,661,358,303,12.46,12.07,12.97,594,282,312,413,289,124,581,278,303,13,4,9,218,901,813,26,0,3,38,0,19,4,457,363,187,1020,30,0,69,361,170,191,1120,440,680,397,361,371,335,358,361,32,4,1120,3.1,0.71,358,0,62,296,*,12,344,358,0,357,357,*,357,129,358,0,358,0,357,0,358,148,0,356,324,282,204,24,81,241,343,225,278,328,293,199,116,71,7,*,58,0
14,Jalisco,39,Guadalajara,1,Total AGEB urbana,5332,0,1552,833,719,35,16,19,1517,817,700,1482,798,684,1371,749,622,1315,727,588,1245,695,550,46,24,22,100,44,56,123,53,70,56,22,34,70,32,38,171,101,70,390,373,224,149,86.31,237,1047,268,1.74,1398,749,649,150,82,68,1467,791,676,11,5,6,*,*,*,0,0,0,*,*,*,*,0,*,*,28,13,15,80,50,19,5,27,15,9,146,70,62,4,49,7,31,29,1307,17,10,7,8,3,5,3,*,*,58,27,31,93,60,33,3,*,*,*,*,*,7,6,*,32,26,6,110,73,37,24,6,18,178,100,78,903,481,422,12.18,11.81,12.63,809,388,421,558,359,199,791,379,412,18,9,9,340,1209,1118,50,*,*,18,8,14,25,623,548,197,1347,108,*,93,446,188,258,1552,607,945,513,446,494,427,444,446,63,4,1552,3.48,0.76,443,*,87,357,3,23,418,444,0,444,444,0,438,205,443,*,444,0,444,0,444,187,0,442,407,325,250,34,98,350,434,300,350,411,357,252,96,101,3,5,66,*
14,Jalisco,39,Guadalajara,1,Total AGEB urbana,5347,0,3339,1645,1694,147,63,84,3192,1582,1610,3061,1520,1541,2643,1334,1309,2458,1247,1211,2281,1169,1112,202,94,108,347,154,193,416,190,226,185,87,98,177,78,99,434,211,223,861,367,205,162,102.98,881,2204,254,2.12,2540,1235,1305,784,406,378,2980,1481,1499,74,37,37,433,217,216,15,9,6,418,208,210,428,14,414,711,199,113,86,140,70,59,24,30,25,31,359,124,247,26,95,24,60,77,2787,98,46,52,35,12,23,31,12,19,105,45,60,76,37,39,11,3,8,148,82,66,162,87,75,238,123,115,481,258,223,107,47,60,585,288,297,796,404,392,8.64,8.52,8.76,1957,898,1059,684,435,249,1936,892,1044,21,6,15,1112,2223,1954,38,*,5,211,3,10,10,1059,1232,347,2966,189,3,180,788,315,473,3324,1266,2058,900,790,885,775,788,788,98,12,3324,4.22,1.23,766,22,236,552,43,170,575,788,0,787,784,*,467,119,786,0,786,*,786,0,785,505,7,712,583,379,259,54,281,570,743,277,303,715,426,246,117,86,27,49,326,11
14,Jalisco,39,Guadalajara,1,Total AGEB urbana,5351,0,1225,626,599,44,22,22,1181,604,577,1142,582,560,1040,535,505,991,515,476,934,482,452,52,29,23,89,40,49,106,46,60,49,20,29,57,33,24,127,59,68,305,197,118,79,95.69,234,867,124,1.93,1002,507,495,219,118,101,1115,571,544,23,9,14,12,6,6,0,0,0,12,6,6,12,0,12,26,8,4,4,73,36,35,4,12,14,14,215,82,134,11,37,8,58,19,933,19,10,9,8,*,6,4,*,3,44,27,17,57,27,30,*,0,*,11,9,*,11,9,*,51,32,19,114,61,53,35,15,20,198,101,97,544,270,274,10.98,10.73,11.26,743,327,416,297,208,89,724,321,403,19,6,13,235,990,910,20,0,*,35,7,24,3,427,495,118,1097,64,4,60,340,141,199,1225,480,745,376,340,374,338,340,340,22,14,1225,3.6,0.88,338,*,60,280,5,16,319,340,0,340,340,0,273,143,339,0,340,0,340,0,339,131,*,333,313,235,196,40,109,283,331,197,214,314,259,179,122,62,4,5,68,*
14,Jalisco,39,Guadalajara,1,Total AGEB urbana,5366,0,15,9,6,0,0,0,15,9,6,14,8,6,14,8,6,14,8,6,14,8,6,*,*,0,0,0,0,0,0,0,0,0,0,0,0,0,*,*,0,6,*,*,0,66.67,*,13,*,1,9,4,5,5,4,*,12,7,5,*,*,*,0,0,0,0,0,0,0,0,0,0,0,0,0,0,0,0,0,0,0,0,0,0,0,*,0,0,0,0,0,*,0,13,0,0,0,0,0,0,0,0,0,0,0,0,0,0,0,0,0,0,0,0,0,0,0,0,0,0,0,0,0,0,*,*,0,*,*,0,12,6,6,13.57,13.13,14.17,11,5,6,3,3,0,11,5,6,0,0,0,*,12,12,0,0,0,0,0,0,0,3,9,*,11,0,0,3,5,3,*,15,11,4,5,5,5,5,5,5,0,0,15,3,0.71,5,0,*,3,0,*,4,5,0,5,5,0,5,3,5,0,5,0,5,0,5,*,0,5,5,4,4,*,0,3,5,5,4,5,5,4,4,*,0,0,0,0
14,Jalisco,39,Guadalajara,1,Total AGEB urbana,5370,0,1587,841,746,35,17,18,1552,824,728,1526,810,716,1443,767,676,1398,751,647,1339,720,619,42,23,19,67,34,33,87,34,53,45,16,29,59,31,28,179,94,85,397,399,234,165,88.7,189,1092,306,1.9,1229,646,583,340,187,153,1479,790,689,40,18,22,0,0,0,0,0,0,0,0,0,0,0,0,0,7,3,4,68,45,28,5,10,14,10,115,59,59,9,27,12,30,19,1390,7,*,5,0,0,0,*,0,*,56,30,26,102,56,46,0,0,0,5,3,*,18,8,10,35,27,8,97,66,31,12,6,6,150,83,67,1017,520,497,12.84,12.42,13.33,813,337,476,630,430,200,804,333,471,9,4,5,432,1155,1010,74,*,14,3,12,63,17,564,697,182,1433,55,8,91,507,218,289,1587,654,933,563,507,539,483,507,507,48,8,1587,3.13,0.62,505,*,51,456,0,3,504,507,0,507,507,0,503,474,507,0,507,0,507,0,507,83,0,504,489,432,420,50,87,439,503,383,422,488,441,346,284,98,3,3,48,0
14,Jalisco,39,Guadalajara,1,Total AGEB urbana,5385,0,4544,2336,2208,168,80,88,4376,2256,2120,4226,2186,2040,3716,1946,1770,3502,1839,1663,3290,1748,1542,227,112,115,433,198,235,506,242,264,214,107,107,212,91,121,511,242,269,1139,735,405,330,94.52,1042,2978,524,2.29,4098,2097,2001,417,229,188,4187,2169,2018,26,12,14,25,12,13,0,0,0,25,12,13,25,0,25,54,41,16,25,255,158,76,30,54,51,37,661,267,381,46,159,49,129,87,3588,88,36,52,20,8,12,22,13,9,152,69,83,166,79,87,7,*,6,70,50,20,103,66,37,283,170,113,538,287,251,125,50,75,1029,520,509,1308,691,617,9.39,9.31,9.47,2345,1041,1304,1361,900,461,2270,1014,1256,75,27,48,1529,3011,2681,82,6,*,210,12,19,26,1477,1717,522,4202,183,0,154,1161,501,660,4544,1907,2637,1253,1161,1224,1132,1158,1161,68,24,4544,3.91,0.98,1151,7,258,899,26,123,1009,1156,*,1158,1155,0,1029,454,1158,0,1158,0,1156,0,1158,571,*,1119,953,668,532,129,438,948,1122,483,608,1038,758,415,186,142,14,28,353,*
14,Jalisco,39,Guadalajara,1,Total AGEB urbana,539A,0,3696,1913,1783,156,86,70,3540,1827,1713,3417,1770,1647,3000,1563,1437,2850,1489,1361,2676,1403,1273,179,80,99,361,184,177,400,197,203,150,74,76,174,86,88,448,222,226,944,548,316,232,93.2,846,2439,411,2.25,3251,1696,1555,426,206,220,3366,1749,1617,43,19,24,15,5,10,0,0,0,15,5,10,15,0,15,31,41,21,20,376,200,175,30,63,57,74,543,135,324,31,130,20,145,89,2745,82,42,40,10,4,6,16,7,9,120,63,57,150,74,76,7,3,4,91,63,28,121,75,46,259,160,99,379,202,177,100,36,64,856,449,407,1074,532,542,9.28,9.04,9.54,1979,869,1110,1017,693,324,1936,857,1079,43,12,31,1171,2525,2223,25,24,*,245,0,12,4,1140,1412,448,3278,204,8,205,953,347,606,3695,1335,2360,1154,954,1144,944,952,953,188,12,3695,3.88,0.91,946,6,215,737,20,84,848,951,*,951,944,*,847,415,951,0,952,0,950,0,951,463,0,913,770,550,450,98,231,761,918,434,493,869,648,342,201,159,15,33,257,*
14,Jalisco,39,Guadalajara,1,Total AGEB urbana,5402,0,2478,1243,1235,102,43,59,2376,1200,1176,2291,1159,1132,2013,1029,984,1882,958,924,1772,907,865,121,59,62,242,112,130,293,147,146,131,71,60,110,51,59,274,129,145,623,339,190,149,99.36,596,1660,222,2.2,2170,1107,1063,299,134,165,2271,1154,1117,12,4,8,30,15,15,0,0,0,29,15,14,30,0,29,56,8,*,6,182,110,58,24,42,31,35,268,88,170,11,64,8,54,41,2016,40,21,19,6,3,3,16,9,7,72,40,32,85,43,42,6,3,3,65,38,27,71,41,30,166,98,68,276,137,139,71,29,42,552,271,281,708,362,346,9.38,9.28,9.49,1330,571,759,678,457,221,1305,566,739,25,5,20,867,1611,1393,47,13,*,124,0,14,33,731,954,328,2234,129,7,108,636,226,410,2475,820,1655,707,637,694,624,634,636,65,5,2475,3.89,0.97,629,5,151,483,15,76,543,634,0,633,633,*,475,130,633,0,634,0,633,0,633,307,0,617,527,361,312,40,122,480,620,276,319,587,422,249,157,103,6,15,180,*
14,Jalisco,39,Guadalajara,1,Total AGEB urbana,5417,0,3837,1929,1908,159,83,76,3678,1846,1832,3561,1795,1766,3108,1588,1520,2899,1474,1425,2661,1364,1297,178,78,100,392,180,212,477,238,239,209,114,95,238,110,128,455,222,233,1004,541,284,257,98.91,938,2518,381,2.3,3371,1686,1685,442,230,212,3516,1774,1742,38,19,19,28,9,19,*,*,0,27,8,19,28,*,27,48,15,8,7,302,181,123,46,65,69,52,578,229,344,35,110,18,144,45,2940,82,32,50,10,6,4,12,4,8,170,80,90,166,90,76,10,4,6,77,43,34,113,52,61,253,135,118,463,244,219,141,52,89,814,423,391,1012,514,498,9.12,9.1,9.13,1870,767,1103,1231,819,412,1845,760,1085,25,7,18,1305,2529,2142,27,13,4,286,7,28,26,1210,1461,435,3514,174,4,141,909,294,615,3837,1115,2722,1005,909,979,883,903,909,94,*,3837,4.22,1.04,899,4,224,679,25,122,756,903,0,902,902,*,696,163,901,0,903,0,902,0,901,459,3,864,737,482,400,95,215,685,872,344,453,821,574,340,156,130,15,30,289,4
14,Jalisco,39,Guadalajara,1,Total AGEB urbana,5421,0,3707,1898,1809,180,84,96,3527,1814,1713,3411,1752,1659,3006,1553,1453,2838,1468,1370,2645,1369,1276,177,92,85,344,169,175,389,204,185,168,85,83,193,99,94,475,244,231,966,535,286,249,95.31,869,2474,364,2.26,3169,1620,1549,511,263,248,3324,1715,1609,63,32,31,7,3,4,0,0,0,5,*,3,7,0,5,15,19,5,14,281,162,110,48,76,53,80,424,157,246,29,72,29,131,57,2982,75,37,38,11,7,4,17,3,14,131,73,58,163,79,84,6,0,6,77,50,27,110,66,44,269,149,120,426,215,211,160,71,89,738,392,346,1047,522,525,9.2,9.04,9.38,2037,893,1144,957,655,302,1994,882,1112,43,11,32,1211,2491,1977,51,*,3,399,*,49,30,1108,1440,453,3259,224,6,212,912,335,577,3702,1341,2361,1024,913,1016,905,911,912,92,19,3702,4.06,0.94,904,7,176,734,23,78,810,910,*,911,910,0,759,240,909,0,910,0,909,0,907,419,*,883,758,513,452,124,240,732,885,376,457,834,556,358,156,148,9,39,303,*
14,Jalisco,39,Guadalajara,1,Total AGEB urbana,5436,0,3812,1894,1918,158,77,81,3654,1817,1837,3525,1743,1782,3028,1517,1511,2837,1424,1413,2640,1324,1316,206,114,92,420,186,234,472,222,250,191,93,98,197,100,97,466,205,261,983,501,267,234,101.27,975,2498,339,2.35,3295,1631,1664,497,257,240,3440,1710,1730,76,31,45,17,7,10,0,0,0,17,7,10,17,0,17,43,26,12,14,425,226,189,41,87,80,102,591,176,331,27,108,15,169,78,2772,92,51,41,13,6,7,14,4,10,115,64,51,133,63,70,12,7,5,91,56,35,122,68,54,280,143,137,454,219,235,124,43,81,865,451,414,909,451,458,8.88,8.84,8.92,2055,885,1170,969,631,338,2024,876,1148,31,9,22,829,2983,2189,52,13,*,496,3,340,*,1126,1412,490,3417,227,*,166,899,334,565,3800,1432,2368,997,901,989,893,897,899,66,30,3800,4.23,0.97,891,6,230,667,29,93,775,897,0,896,896,*,703,230,894,*,897,0,896,0,894,460,*,865,721,485,390,105,253,723,862,365,392,824,583,344,191,171,16,33,275,3
14,Jalisco,39,Guadalajara,1,Total AGEB urbana,5440,0,4067,2132,1935,210,110,100,3857,2022,1835,3723,1951,1772,3226,1706,1520,3014,1594,1420,2800,1480,1320,198,98,100,433,218,215,497,248,249,212,112,100,214,114,100,472,257,215,1080,578,331,247,90.76,1053,2604,410,2.31,3585,1879,1706,468,246,222,3686,1935,1751,34,16,18,4,*,*,0,0,0,4,*,*,4,0,4,11,17,6,11,120,79,33,34,23,31,30,475,126,339,23,75,14,68,55,3436,88,49,39,21,9,12,19,11,8,132,76,56,111,66,45,8,*,6,89,48,41,127,69,58,305,179,126,511,275,236,111,52,59,879,454,425,967,499,468,8.91,8.82,9.02,1935,829,1106,1282,869,413,1906,813,1093,29,16,13,1489,2578,2276,42,4,3,215,4,12,34,1226,1547,453,3864,93,5,104,935,331,604,4067,1376,2691,1049,935,1029,915,934,935,107,7,4067,4.35,1.04,916,18,184,750,18,104,812,933,*,933,933,*,768,223,933,0,934,0,932,0,933,464,*,905,784,560,448,94,189,825,912,331,432,846,573,382,152,135,12,49,314,4
14,Jalisco,39,Guadalajara,1,Total AGEB urbana,546A,0,2692,1398,1294,126,71,55,2566,1327,1239,2464,1281,1183,2144,1106,1038,1984,1025,959,1843,957,886,156,77,79,266,144,122,338,179,159,160,81,79,141,68,73,321,153,168,705,373,197,176,92.56,708,1725,259,2.24,2322,1220,1102,354,175,179,2438,1269,1169,25,12,13,5,*,3,0,0,0,5,*,3,5,0,5,17,25,14,11,204,106,98,39,61,62,60,296,100,219,50,93,56,80,43,2169,53,23,30,9,3,6,18,7,11,105,53,52,90,43,47,11,7,4,69,42,27,88,50,38,195,94,101,360,186,174,66,36,30,529,273,256,654,343,311,8.95,8.96,8.95,1207,477,730,936,629,307,1184,473,711,23,4,19,910,1782,1681,8,0,4,82,0,8,*,821,1085,238,2510,85,*,95,615,178,437,2690,725,1965,671,616,665,610,615,615,49,6,2690,4.37,1.18,612,3,125,490,13,106,496,615,0,615,612,0,503,131,614,*,615,0,615,0,615,313,0,593,506,312,284,61,169,474,599,222,299,559,378,215,86,101,8,25,210,*
14,Jalisco,39,Guadalajara,1,Total AGEB urbana,5474,0,3387,1702,1685,145,67,78,3242,1635,1607,3135,1583,1552,2762,1402,1360,2602,1323,1279,2425,1232,1193,161,85,76,319,148,171,369,166,203,160,79,81,177,91,86,401,184,217,886,523,257,266,99,785,2238,364,2.29,2942,1477,1465,428,218,210,3092,1559,1533,36,20,16,7,*,6,0,0,0,7,*,6,7,0,7,15,3,3,0,231,119,110,33,41,42,50,559,126,378,34,127,5,183,39,2590,65,30,35,7,*,6,11,4,7,127,69,58,144,65,79,6,*,5,81,42,39,98,53,45,226,120,106,412,237,175,130,59,71,747,370,377,920,444,476,9.15,8.98,9.33,1736,717,1019,1024,685,339,1722,714,1008,14,3,11,976,2411,2134,30,*,0,197,41,9,6,1001,1376,384,3027,227,10,122,857,332,525,3379,1299,2080,923,859,916,852,857,857,48,16,3379,3.94,0.97,850,7,219,638,26,107,724,856,*,857,857,0,742,171,857,0,857,0,856,0,857,389,*,819,703,482,430,118,250,690,831,330,437,790,539,281,165,134,11,30,283,*
14,Jalisco,39,Guadalajara,1,Total AGEB urbana,5489,0,1073,540,533,41,20,21,1032,520,512,997,505,492,863,436,427,805,411,394,751,391,360,58,31,27,111,53,58,128,58,70,58,25,33,54,20,34,121,55,66,261,158,92,66,98.7,268,682,123,2.29,921,457,464,148,81,67,977,495,482,19,10,9,3,0,3,0,0,0,3,0,3,3,0,3,6,12,5,7,42,21,17,6,14,13,13,103,36,58,4,26,7,17,11,921,14,7,7,*,*,*,4,*,3,40,13,27,34,17,17,0,0,0,13,7,6,22,14,8,46,32,14,106,58,48,24,8,16,224,118,106,356,171,185,10.04,9.72,10.37,542,229,313,317,205,112,535,227,308,7,*,5,243,829,689,20,*,0,111,0,11,3,308,441,114,1002,30,0,41,280,101,179,1073,376,697,302,280,302,280,279,280,15,7,1073,3.83,0.96,277,*,65,214,7,36,236,279,0,276,275,3,233,103,278,*,279,0,276,0,278,98,0,275,249,169,168,28,91,187,272,122,147,253,173,102,61,50,4,5,90,0
14,Jalisco,39,Guadalajara,1,Total AGEB urbana,5493,0,3692,1871,1821,154,70,84,3538,1801,1737,3430,1740,1690,2967,1511,1456,2790,1421,1369,2607,1337,1270,174,98,76,397,192,205,444,226,218,177,90,87,183,84,99,474,231,243,971,494,276,218,97.33,902,2442,348,2.37,3259,1634,1625,405,223,182,3398,1726,1672,16,9,7,14,8,6,0,0,0,14,8,6,14,0,14,44,64,29,35,211,105,95,28,27,34,44,364,166,185,28,66,24,101,62,3094,69,39,30,20,8,12,18,6,12,115,57,58,122,61,61,4,0,4,85,46,39,140,78,62,216,113,103,492,270,222,129,51,78,794,407,387,943,465,478,8.94,8.8,9.08,1895,797,1098,1051,706,345,1856,780,1076,39,17,22,1540,2148,1868,41,*,6,167,32,20,17,1126,1425,414,3295,250,5,136,868,304,564,3690,1214,2476,960,869,949,858,867,868,84,7,3690,4.25,1.04,858,9,219,648,20,110,737,867,0,867,867,0,742,235,867,0,867,0,867,0,867,400,0,829,726,474,429,109,166,669,846,329,436,800,543,324,158,146,11,27,286,0
14,Jalisco,39,Guadalajara,1,Total AGEB urbana,5506,0,4440,2214,2226,225,97,128,4215,2117,2098,4024,2030,1994,3467,1766,1701,3215,1646,1569,2971,1539,1432,254,112,142,494,239,255,595,279,316,252,120,132,244,107,137,551,270,281,1146,523,293,230,100.54,1225,2873,342,2.42,3958,1980,1978,468,228,240,3978,2015,1963,38,14,24,34,16,18,*,*,0,32,15,17,33,*,31,51,49,23,26,220,111,90,23,45,39,39,612,164,449,21,123,16,71,165,3496,130,60,70,22,14,8,34,13,21,145,67,78,135,81,54,8,*,6,84,55,29,137,78,59,275,156,119,583,315,268,146,61,85,938,458,480,996,509,487,8.84,8.7,9,2105,871,1234,1356,893,463,2050,853,1197,55,18,37,1558,2879,2452,44,*,7,289,*,19,83,1299,1663,504,4011,281,5,138,985,340,645,4440,1511,2929,1077,985,1067,975,980,985,81,11,4440,4.51,1.03,971,9,196,783,22,99,858,978,*,979,979,0,764,178,976,0,975,4,974,0,973,498,*,942,785,543,432,126,171,816,950,369,435,915,617,379,179,159,12,40,318,4
14,Jalisco,39,Guadalajara,1,Total AGEB urbana,5510,0,2659,1321,1338,122,54,68,2537,1267,1270,2449,1221,1228,2140,1074,1066,2003,999,1004,1856,935,921,131,67,64,266,126,140,318,156,162,137,75,62,147,64,83,344,167,177,681,326,172,154,101.29,656,1797,206,2.31,2332,1153,1179,317,164,153,2411,1203,1208,34,17,17,22,10,12,0,0,0,22,10,12,22,0,22,66,10,4,6,117,65,51,14,27,18,20,206,73,110,21,60,4,27,46,2311,56,29,27,16,8,8,18,10,8,80,33,47,71,38,33,9,5,4,67,40,27,93,57,36,172,83,89,376,174,202,88,35,53,679,353,326,532,266,266,8.64,8.61,8.67,1417,590,827,717,482,235,1384,578,806,33,12,21,846,1811,1648,6,0,0,151,4,0,4,746,1045,349,2425,126,6,97,600,215,385,2659,990,1669,639,600,638,599,600,600,37,*,2659,4.43,1.11,590,8,114,483,13,100,485,598,0,598,596,0,468,196,596,*,597,*,597,0,597,304,*,577,485,335,270,68,104,481,580,193,258,558,351,238,124,89,4,19,216,3
14,Jalisco,39,Guadalajara,1,Total AGEB urbana,5525,0,4780,2432,2348,254,136,118,4526,2296,2230,4346,2199,2147,3710,1902,1808,3470,1783,1687,3222,1670,1552,272,139,133,544,255,289,624,298,326,240,119,121,248,113,135,567,292,275,1216,635,337,298,96.55,1310,3055,415,2.46,4124,2095,2029,640,327,313,4293,2175,2118,42,21,21,13,5,8,0,0,0,13,5,8,13,0,13,39,354,184,170,240,128,91,25,44,36,33,566,230,276,69,131,18,124,70,3941,118,66,52,24,13,11,20,8,12,136,69,67,108,56,52,19,8,11,156,79,77,185,89,96,436,232,204,633,323,310,191,79,112,1035,562,473,897,452,445,8.2,8.18,8.21,2384,1007,1377,1324,894,430,2306,980,1326,78,27,51,1544,3234,2830,41,10,*,347,0,6,14,1247,1883,580,4351,241,0,184,1070,349,721,4780,1505,3275,1173,1070,1127,1024,1069,1070,96,7,4780,4.47,1.07,1050,19,268,801,33,114,922,1067,*,1068,1068,*,770,383,1069,0,1069,0,1067,0,1069,568,*,1012,828,509,458,109,147,868,1044,364,462,1001,590,447,210,132,10,32,416,3
14,Jalisco,39,Guadalajara,1,Total AGEB urbana,553A,0,3719,1901,1818,188,93,95,3531,1808,1723,3361,1723,1638,2876,1488,1388,2669,1382,1287,2477,1280,1197,240,120,120,415,200,215,498,246,252,207,106,101,192,102,90,485,235,250,976,395,229,166,95.63,1050,2419,250,2.37,3208,1639,1569,498,252,246,3318,1703,1615,40,19,21,10,7,3,0,0,0,10,7,3,9,0,9,18,48,20,28,207,105,61,24,36,31,43,407,178,208,32,69,23,99,36,3088,128,66,62,22,3,19,28,8,20,120,81,39,113,58,55,14,*,12,108,70,38,152,90,62,270,146,124,481,246,235,136,62,74,814,408,406,749,385,364,8.36,8.26,8.46,1793,728,1065,1073,755,318,1761,718,1043,32,10,22,1377,2342,1997,20,*,6,298,6,17,11,996,1428,452,3250,318,*,148,854,300,554,3717,1268,2449,935,855,929,849,854,854,74,6,3717,4.35,1.1,837,17,225,629,25,128,701,854,0,853,853,*,636,170,854,0,854,0,853,0,854,472,3,812,668,424,346,96,137,621,832,279,311,788,492,298,146,104,11,32,320,4
14,Jalisco,39,Guadalajara,1,Total AGEB urbana,5544,0,2653,1346,1307,129,62,67,2524,1284,1240,2413,1239,1174,2042,1051,991,1890,971,919,1751,907,844,161,67,94,321,166,155,371,193,178,152,80,72,139,64,75,306,153,153,673,358,176,182,97.1,763,1656,234,2.44,2303,1172,1131,343,171,172,2362,1218,1144,43,17,26,7,*,5,0,0,0,7,*,5,7,0,7,21,13,7,6,145,67,77,17,19,23,22,439,140,282,34,104,19,105,41,2047,73,29,44,11,5,6,19,8,11,82,42,40,79,43,36,11,6,5,55,33,22,85,47,38,219,111,108,321,161,160,97,45,52,564,302,262,560,284,276,8.49,8.48,8.51,1315,570,745,720,477,243,1297,561,736,18,9,9,873,1776,1563,19,0,5,165,0,14,22,703,1039,298,2379,128,0,143,605,186,419,2653,799,1854,660,605,655,600,602,605,51,4,2653,4.39,1.1,594,8,120,482,24,88,490,601,*,602,602,0,444,166,602,0,602,0,601,0,602,342,0,577,483,321,240,55,109,496,586,220,263,546,365,258,98,94,3,20,207,0
14,Jalisco,39,Guadalajara,1,Total AGEB urbana,5559,0,2617,1325,1292,119,52,67,2498,1273,1225,2412,1237,1175,2101,1069,1032,1992,1022,970,1883,979,904,126,58,68,271,146,125,283,138,145,109,47,62,109,43,66,308,165,143,678,333,174,159,97.51,625,1782,210,2.01,2307,1169,1138,297,150,147,2396,1227,1169,11,8,3,6,4,*,0,0,0,6,4,*,6,0,6,13,4,0,4,95,57,25,37,21,42,31,232,113,103,32,45,16,55,33,2280,51,20,31,9,4,5,12,4,8,87,36,51,104,54,50,7,4,3,38,23,15,53,30,23,132,72,60,259,137,122,53,23,30,508,235,273,909,488,421,10.27,10.24,10.3,1329,546,783,767,520,247,1307,538,769,22,8,14,777,1837,1506,78,9,0,144,9,42,91,721,1027,352,2490,62,*,59,707,245,462,2610,898,1712,878,708,864,694,707,707,168,*,2610,3.69,1,686,21,165,542,11,82,614,707,0,706,706,*,509,170,707,0,706,*,706,0,706,269,*,695,620,439,424,64,62,465,691,345,350,649,479,339,194,117,12,38,195,6
14,Jalisco,39,Guadalajara,1,Total AGEB urbana,5563,0,3227,1684,1543,119,60,59,3108,1624,1484,3010,1574,1436,2708,1423,1285,2593,1370,1223,2468,1302,1166,137,72,65,263,129,134,288,139,149,115,53,62,125,68,57,369,194,175,884,502,256,246,91.63,634,2317,276,1.84,2660,1388,1272,541,285,256,2932,1537,1395,71,35,36,14,7,7,0,0,0,14,7,7,12,0,12,18,50,17,33,177,116,43,25,22,39,32,257,132,66,11,28,9,86,50,2774,51,28,23,5,4,*,4,*,3,100,61,39,169,89,80,4,*,*,38,26,12,39,24,15,82,54,28,174,96,78,73,32,41,451,242,209,1697,870,827,11.86,11.59,12.15,1840,852,988,866,571,295,1808,841,967,32,11,21,618,2609,2022,222,76,7,286,7,99,6,1002,1338,368,2830,139,5,249,990,358,632,3227,1085,2142,1104,990,1090,976,990,990,94,20,3227,3.26,0.83,986,4,214,776,6,53,931,990,0,990,990,0,676,227,990,0,990,0,990,0,990,324,0,972,867,709,643,87,85,851,962,630,610,961,781,487,436,242,10,9,157,*
14,Jalisco,39,Guadalajara,1,Total AGEB urbana,5578,0,5104,2600,2504,239,120,119,4865,2480,2385,4676,2397,2279,3999,2075,1924,3745,1946,1799,3506,1836,1670,289,134,155,577,271,306,632,298,334,254,129,125,239,110,129,681,354,327,1372,472,245,227,96.31,1359,3461,284,2.12,4342,2225,2117,730,365,365,4592,2367,2225,69,27,42,26,12,14,0,0,0,25,11,14,26,0,25,47,38,20,18,285,129,123,37,53,57,63,562,218,308,32,119,18,94,70,4225,137,52,85,31,10,21,27,9,18,154,82,72,196,89,107,15,4,11,102,56,46,124,64,60,291,151,140,523,288,235,131,60,71,1083,573,510,1484,757,727,9.47,9.41,9.54,2684,1173,1511,1301,900,401,2649,1162,1487,35,11,24,1944,3152,2776,62,*,*,268,6,43,5,1409,2016,569,4622,238,0,237,1259,386,873,5092,1455,3637,1375,1260,1366,1251,1257,1259,107,8,5092,4.04,1.03,1221,36,279,978,24,153,1080,1255,*,1256,1256,*,961,317,1257,0,1257,0,1255,0,1256,607,4,1211,1029,733,605,131,139,985,1224,590,611,1167,796,462,252,210,22,52,383,5
14,Jalisco,39,Guadalajara,1,Total AGEB urbana,5582,0,3,*,*,*,*,*,*,*,*,*,*,*,*,*,*,*,*,*,*,*,*,*,*,*,*,*,*,*,*,*,*,*,*,*,*,*,*,*,*,*,*,*,*,*,*,*,*,*,*,*,*,*,*,*,*,*,*,*,*,*,*,*,*,*,*,*,*,*,*,*,*,*,*,*,*,*,*,*,*,*,*,*,*,*,*,*,*,*,*,*,*,*,*,*,*,*,*,*,*,*,*,*,*,*,*,*,*,*,*,*,*,*,*,*,*,*,*,*,*,*,*,*,*,*,*,*,*,*,*,*,*,*,*,*,*,*,*,*,*,*,*,*,*,*,*,*,*,*,*,*,*,*,*,*,*,*,*,*,*,*,*,*,*,*,*,*,*,*,*,1,1,*,*,*,*,*,*,*,*,*,*,*,*,*,*,*,*,*,*,*,*,*,*,*,*,*,*,*,*,*,*,*,*,*,*,*,*,*,*,*,*,*,*,*,*,*,*,*,*,*,*,*
14,Jalisco,39,Guadalajara,1,Total AGEB urbana,5597,0,2948,1522,1426,127,62,65,2821,1460,1361,2728,1410,1318,2375,1250,1125,2214,1170,1044,2052,1083,969,137,67,70,309,143,166,374,176,198,161,80,81,162,87,75,390,207,183,844,292,154,138,93.69,734,2037,177,1.88,2613,1349,1264,327,168,159,2706,1402,1304,20,8,12,3,*,*,0,0,0,3,*,*,3,0,3,22,16,8,8,74,29,33,8,15,10,17,369,92,261,23,73,21,71,45,2485,57,28,29,10,5,5,13,6,7,124,66,58,165,90,75,4,*,3,32,16,16,51,28,23,94,50,44,209,112,97,69,30,39,431,237,194,1267,660,607,10.97,10.94,11.01,1554,695,859,816,554,262,1543,693,850,11,*,9,835,2112,1701,104,*,*,250,*,42,45,951,1144,280,2644,125,0,179,798,389,409,2948,1445,1503,891,798,886,793,798,798,84,9,2948,3.69,1.02,777,21,118,680,19,59,720,798,0,798,794,0,622,492,797,0,797,*,797,0,797,286,0,786,713,507,480,95,199,705,783,434,411,769,616,501,290,137,5,7,138,0
14,Jalisco,39,Guadalajara,1,Total AGEB urbana,560A,0,2420,1254,1166,93,50,43,2327,1204,1123,2243,1164,1079,1996,1053,943,1883,1000,883,1764,934,830,116,57,59,215,94,121,267,115,152,113,53,60,119,66,53,309,154,155,691,257,139,118,92.98,537,1733,150,1.69,2136,1108,1028,258,134,124,2178,1139,1039,45,19,26,3,0,3,0,0,0,3,0,3,3,0,3,4,5,3,*,148,62,71,13,24,15,29,425,94,306,24,53,11,92,28,1834,31,21,10,6,3,3,*,*,0,107,58,49,161,78,83,*,*,0,17,10,7,17,11,6,55,29,26,136,80,56,35,10,25,307,169,138,1248,647,601,12.12,11.98,12.27,1405,670,735,579,378,201,1385,662,723,20,8,12,587,1827,1535,105,11,0,137,*,53,45,791,983,217,2141,101,3,169,717,229,488,2420,650,1770,798,717,796,715,715,717,60,21,2420,3.38,0.85,710,5,138,577,15,33,667,715,0,715,714,0,558,549,715,0,715,0,715,0,715,198,0,707,660,534,502,88,162,547,699,484,439,692,598,415,316,208,8,6,90,0
14,Jalisco,39,Guadalajara,1,Total AGEB urbana,5614,0,2645,1361,1284,110,54,56,2535,1307,1228,2418,1243,1175,2079,1072,1007,1934,1001,933,1783,927,856,171,87,84,285,148,137,345,182,163,145,71,74,151,74,77,328,173,155,714,245,130,115,94.34,711,1786,148,2.05,2320,1194,1126,315,163,152,2395,1232,1163,20,10,10,7,5,*,0,0,0,3,*,*,7,0,3,15,34,15,19,135,58,74,12,24,23,18,390,122,291,48,86,40,83,19,2112,76,40,36,15,6,9,15,7,8,116,56,60,123,69,54,7,3,4,32,19,13,61,33,28,106,62,44,270,146,124,60,24,36,535,264,271,808,422,386,10,10,10.01,1313,563,750,763,509,254,1300,559,741,13,4,9,739,1904,1725,78,*,6,47,*,21,45,734,1101,244,2409,120,6,107,643,165,478,2645,610,2035,703,643,693,633,642,643,52,8,2645,4.11,1.06,639,3,110,532,16,78,547,640,*,640,640,*,579,206,641,0,641,*,639,*,641,231,*,623,563,402,384,77,166,518,619,332,350,617,473,268,173,133,11,8,133,*
14,Jalisco,39,Guadalajara,1,Total AGEB urbana,5629,0,4321,2207,2114,205,115,90,4116,2092,2024,3951,2018,1933,3431,1761,1670,3215,1657,1558,2989,1541,1448,245,108,137,440,223,217,490,246,244,216,104,112,226,116,110,541,287,254,1147,611,308,303,95.79,1106,2830,385,2.22,3689,1896,1793,614,299,315,3886,1994,1892,44,15,29,20,9,11,0,0,0,20,9,11,20,0,20,71,76,39,37,254,138,106,25,41,45,54,564,241,290,62,98,25,179,94,3476,96,38,58,16,5,11,18,5,13,136,75,61,154,86,68,10,4,6,77,44,33,140,70,70,317,165,152,605,306,299,132,68,64,943,476,467,989,520,469,8.71,8.74,8.68,2193,933,1260,1226,822,404,2154,922,1232,39,11,28,1393,2926,2690,17,0,3,110,0,23,93,1273,1759,396,3859,217,7,237,972,332,640,4321,1457,2864,1077,972,1066,961,972,972,103,*,4321,4.45,0.99,958,14,187,785,16,84,872,972,0,972,971,0,835,262,972,0,972,0,972,0,972,454,*,940,826,573,481,102,306,833,956,394,475,905,623,394,201,170,7,34,300,3
14,Jalisco,39,Guadalajara,1,Total AGEB urbana,5633,0,0,0,0,0,0,0,0,0,0,0,0,0,0,0,0,0,0,0,0,0,0,0,0,0,0,0,0,0,0,0,0,0,0,0,0,0,0,0,0,0,0,0,0,0.00,0,0,0,0.00,0,0,0,0,0,0,0,0,0,0,0,0,0,0,0,0,0,0,0,0,0,0,0,0,0,0,0,0,0,0,0,0,0,0,0,0,0,0,0,0,0,0,0,0,0,0,0,0,0,0,0,0,0,0,0,0,0,0,0,0,0,0,0,0,0,0,0,0,0,0,0,0,0,0,0,0,0,0,0,0,0,0,0,0.00,0.00,0.00,0,0,0,0,0,0,0,0,0,0,0,0,0,0,0,0,0,0,0,0,0,0,0,0,0,0,0,0,0,0,0,0,0,0,0,0,0,0,0,0,0,0,0,0,0.00,0.00,0,0,0,0,0,0,0,0,0,0,0,0,0,0,0,0,0,0,0,0,0,0,0,0,0,0,0,0,0,0,0,0,0,0,0,0,0,0,0,0,0,0
14,Jalisco,39,Guadalajara,1,Total AGEB urbana,5648,0,1687,907,780,43,15,28,1644,892,752,1620,879,741,1498,812,686,1438,782,656,1385,757,628,37,22,15,109,58,51,141,77,64,60,30,30,53,25,28,173,91,82,487,307,185,122,86,249,1200,238,1.38,1220,666,554,415,210,205,1569,854,715,36,16,20,6,5,*,0,0,0,6,5,*,6,0,6,7,35,18,17,44,24,17,4,10,9,14,116,45,70,5,41,7,16,14,1522,3,3,0,3,3,0,*,*,0,52,24,28,105,56,49,*,*,*,3,3,0,*,*,0,9,9,0,23,19,4,8,5,3,62,44,18,1279,674,605,15,14.5,15.58,1001,471,530,496,340,156,983,464,519,18,7,11,275,1412,1039,58,0,3,20,0,428,3,644,633,221,1376,50,7,254,651,256,395,1687,556,1131,739,651,739,651,651,651,58,30,1687,2.59,0.49,651,0,87,564,0,10,641,651,0,651,651,0,647,645,650,0,651,0,651,0,650,50,*,646,628,570,598,37,112,460,635,571,465,634,627,496,436,161,5,*,19,*
14,Jalisco,39,Guadalajara,1,Total AGEB urbana,5652,0,2202,1174,1028,41,19,22,2161,1155,1006,2137,1142,995,2050,1100,950,2012,1082,930,1973,1062,911,37,21,16,74,34,40,87,43,44,38,18,20,39,20,19,225,113,112,590,527,328,199,87.56,190,1620,392,1.3,1670,877,793,414,234,180,2025,1081,944,48,29,19,4,4,0,0,0,0,4,4,0,4,0,4,0,77,33,44,50,37,14,11,10,16,14,183,68,110,10,37,18,18,35,1946,15,6,9,7,*,6,*,0,*,34,18,16,128,58,70,6,*,5,5,4,*,5,5,0,24,17,7,71,52,19,7,6,*,107,78,29,1765,909,856,14.68,14.26,15.16,1410,673,737,638,425,213,1393,666,727,17,7,10,405,1797,1422,44,6,7,66,*,323,*,980,796,274,1661,65,58,416,829,295,534,2128,690,1438,996,834,989,827,829,829,120,42,2128,2.57,0.5,828,0,220,609,6,13,810,829,0,829,827,0,827,808,829,0,829,0,829,0,829,159,*,826,805,700,654,60,132,660,781,704,630,797,783,604,497,185,11,3,31,*
14,Jalisco,39,Guadalajara,1,Total AGEB urbana,5667,0,5008,2624,2384,136,67,69,4872,2557,2315,4748,2494,2254,4304,2264,2040,4036,2140,1896,3739,1993,1746,192,99,93,376,194,182,537,253,284,268,124,144,297,147,150,712,355,357,1534,424,227,197,90.85,972,3804,232,1.47,4529,2393,2136,434,214,220,4679,2459,2220,41,25,16,7,4,3,0,0,0,*,*,*,7,0,*,17,87,48,39,70,40,29,10,15,15,12,215,80,122,12,39,13,41,53,4675,65,29,36,7,5,*,8,4,4,277,134,143,449,232,217,*,0,*,14,6,8,31,11,20,52,26,26,165,102,63,37,15,22,572,313,259,3019,1584,1435,12.96,12.83,13.12,2547,1118,1429,1748,1141,607,2541,1117,1424,6,*,5,1355,3640,3080,241,6,6,56,*,282,44,1809,2144,344,4486,253,8,251,1465,415,1050,5008,1200,3808,1569,1465,1454,1350,1463,1465,89,15,5008,3.42,0.79,1451,10,176,1287,*,13,1448,1462,*,1461,1460,*,1434,1251,1462,0,1458,*,1457,*,1458,160,*,1458,1403,1226,1279,175,319,1088,1438,1178,1058,1436,1357,975,727,529,15,8,72,*
14,Jalisco,39,Guadalajara,1,Total AGEB urbana,5671,0,3934,2014,1920,169,84,85,3765,1930,1835,3644,1875,1769,3224,1691,1533,3009,1587,1422,2787,1475,1312,167,78,89,374,161,213,462,212,250,215,104,111,222,112,110,562,285,277,1153,321,176,145,95.33,925,2828,181,1.71,3539,1803,1736,365,196,169,3602,1851,1751,35,20,15,29,15,14,4,4,0,25,11,14,28,4,24,51,15,10,5,130,63,42,22,26,21,25,197,69,110,17,43,15,44,42,3581,63,33,30,21,10,11,12,7,5,178,90,88,249,142,107,10,6,4,21,10,11,37,22,15,74,40,34,290,148,142,42,22,20,777,407,370,1722,918,804,11.3,11.32,11.28,2029,879,1150,1187,806,381,2005,874,1131,24,5,19,1309,2618,2196,171,13,3,187,*,84,24,1307,1612,300,3556,177,13,179,1060,280,780,3934,906,3028,1168,1060,1131,1023,1060,1060,95,13,3934,3.71,0.93,1044,15,177,883,20,84,955,1058,*,1058,1051,*,995,662,1058,0,1056,*,1056,*,1056,308,*,1045,951,742,712,154,342,790,1037,632,604,1017,842,580,436,318,9,21,177,*
