Unnamed: 0,ID_VIV,ID_HOG,ID_PER,UPM,VIV_SEL,HOGAR,RESUL_H,R_SEL,SEXO,EDAD,AREAM,CVE_ENT,NOM_ENT,CVE_MUN,NOM_MUN,AP4_1,AP4_2_01,AP4_2_02,AP4_2_03,AP4_2_04,AP4_2_05,AP4_2_06,AP4_2_07,AP4_2_08,AP4_2_09,AP4_2_10,AP4_2_11,AP4_2_12,AP4_2_13,AP4_2_99,AP4_3_1,AP4_3_2,AP4_3_3,AP4_4_01,AP4_4_02,AP4_4_03,AP4_4_04,AP4_4_05,AP4_4_06,AP4_4_07,AP4_4_08,AP4_4_09,AP4_4_10,AP4_4_11,AP4_4_12,AP4_4_A,AP4_5_01,AP4_5_02,AP4_5_03,AP4_5_04,AP4_5_05,AP4_5_06,AP4_5_07,AP4_5_08,AP4_5_09,AP4_5_10,AP4_5_11,AP4_5_12,AP4_5_13,AP4_5_14,AP4_5_15,AP4_5_16,AP4_5_17,AP4_5_18,AP4_5_99,AP4_6_1,AP4_6_2,AP4_6_3,AP4_7_1,AP4_7_2,AP4_7_3,AP4_8_1,AP4_9_1,AP4_8_2,AP4_9_2,AP4_8_3,AP4_9_3,AP4_8_4,AP4_9_4,AP4_8_5,AP4_9_5,AP4_8_6,AP4_9_6,AP4_10_01,AP4_10_02,AP4_10_03,AP4_10_04,AP4_10_05,AP4_10_06,AP4_10_07,AP4_10_08,AP4_10_09,AP4_10_10,AP4_10_11,AP4_10_12,AP4_10_13,AP4_10_14,AP4_10_15,AP4_10_16,AP4_11_01,AP4_11_02,AP4_11_03,AP4_11_04,AP4_11_05,AP4_11_06,AP4_11_07,AP4_11_08,AP4_11_09,AP4_11_10,AP4_11_11,AP4_12,AP5_1_01,AP5_1_02,AP5_1_03,AP5_1_04,AP5_1_05,AP5_1_06,AP5_1_07,AP5_1_08,AP5_1_09,AP5_1_10,AP5_1_11,AP5_1_12,AP5_1_13,AP5_1_14,AP5_2_1,AP5_2_2,AP5_2_3,AP5_2_4,AP5_3_01,AP5_4_01,AP5_5_01,AP5_6_01,AP5_7_1,AP5_3_02,AP5_4_02,AP5_5_02,AP5_6_02,AP5_7_2,AP5_3_03,AP5_4_03,AP5_5_03,AP5_6_03,AP5_7_3,AP5_3_04,AP5_4_04,AP5_5_04,AP5_6_04,AP5_7_4,AP5_3_05,AP5_4_05,AP5_5_05,AP5_6_05,AP5_3_06,AP5_4_06,AP5_5_06,AP5_6_06,AP5_3_07,AP5_4_07,AP5_5_07,AP5_6_07,AP5_3_08,AP5_4_08,AP5_5_08,AP5_6_08,AP5_3_09,AP5_4_09,AP5_5_09,AP5_6_09,AP5_3_10,AP5_4_10,AP5_5_10,AP5_6_10,AP5_3_11,AP5_4_11,AP5_5_11,AP5_6_11,AP5_8_01_1,AP5_8_01_2,AP5_8_01_3,AP5_8_01_4,AP5_8_01_5,AP5_8_02_1,AP5_8_02_2,AP5_8_02_3,AP5_8_02_4,AP5_8_02_5,AP5_8_03_1,AP5_8_03_2,AP5_8_03_3,AP5_8_03_4,AP5_8_03_5,AP5_8_04_1,AP5_8_04_2,AP5_8_04_3,AP5_8_04_4,AP5_8_04_5,AP5_8_05_1,AP5_8_05_2,AP5_8_05_3,AP5_8_05_4,AP5_8_05_5,AP5_8_06_1,AP5_8_06_2,AP5_8_06_3,AP5_8_06_4,AP5_8_06_5,AP5_8_07_1,AP5_8_07_2,AP5_8_07_3,AP5_8_07_4,AP5_8_07_5,AP5_8_08_1,AP5_8_08_2,AP5_8_08_3,AP5_8_08_4,AP5_8_08_5,AP5_8_09_1,AP5_8_09_2,AP5_8_09_3,AP5_8_09_4,AP5_8_09_5,AP5_8_10_1,AP5_8_10_2,AP5_8_10_3,AP5_8_10_4,AP5_8_10_5,AP5_8_11_1,AP5_8_11_3,AP5_8_11_4,AP5_8_11_5,AP5_9,FAC_HOG,FAC_ELE,FAC_HOG_AM,FAC_ELE_AM,DOMINIO,ESTRATO,EST_DIS,UPM_DIS,FUE_VICTIMA,DELITOS_SUFRIDOS,SEXO_STR
38592,1402445.02,1402445.02.01,1402445.02.01.01,1402445,2,1,B,1,2,66,2.0,14,JALISCO,39,GUADALAJARA,3,0,1,0,1,0,0,0,0,0,0,1,0,0,0,2,2,2,1,2,2,3,2,3,2,2,2,1,1,2,4,1,1,1,0,1,1,0,1,1,1,1,0,0,1,0,1,0,0,0,9,9,9,1,1,1,2,,2,,1,2.0,1,2.0,1,2.0,2,,1,1,2,2,2,2,3,9,2,2,2,3,3,3,2,2,2,2,2,2,2,2,2,2,2,2,2,,1,1,3,1,1,2,2,2,3,3,1,2,2,2,2,2,2,2,2,,,,,1,3.0,1.0,3.0,2.0,1,3.0,1.0,3.0,2.0,2,,,,,2,,,,2,,,,2,,,,2,,,,2,,,,2,,,,2,,,,,,,,,1.0,1.0,1.0,1.0,2.0,2.0,1.0,2.0,2.0,2.0,,,,,,,,,,,,,,,,,,,,,,,,,,,,,,,,,,,,,,,,3,1049,3147,1049.0,3147.0,U,2,279,6223,True,"Robo accesorios vehículo, Robo en transporte público, Amenazas",Mujer
38593,1402445.03,1402445.03.01,1402445.03.01.04,1402445,3,1,A,4,1,20,2.0,14,JALISCO,39,GUADALAJARA,3,0,0,1,1,1,0,0,0,0,0,0,0,0,0,2,2,2,1,1,2,3,2,2,2,2,2,2,2,2,3,1,1,1,1,1,0,0,1,1,1,1,0,1,1,1,0,1,0,0,1,1,1,1,1,1,2,,1,1.0,2,,1,1.0,1,1.0,1,1.0,1,2,2,1,1,1,3,2,2,2,2,1,2,2,2,2,2,2,2,2,2,2,2,2,2,2,2,,1,1,1,1,2,3,3,2,2,3,2,2,2,2,2,2,2,2,1,2.0,1.0,2.0,1.0,1,2.0,1.0,2.0,1.0,1,2.0,1.0,2.0,1.0,1,2.0,2.0,2.0,1.0,2,,,,2,,,,2,,,,2,,,,2,,,,2,,,,2,,,,2.0,1.0,2.0,1.0,2.0,1.0,1.0,1.0,1.0,2.0,1.0,1.0,1.0,1.0,2.0,2.0,1.0,2.0,2.0,2.0,,,,,,,,,,,,,,,,,,,,,,,,,,,,,,,,,,,2,1049,4195,1049.0,4195.0,U,2,279,6223,True,"Robo en vivienda, Robo en transporte público, Robo en calle",Hombre
38594,1402445.04,1402445.04.01,1402445.04.01.01,1402445,4,1,B,1,1,70,2.0,14,JALISCO,39,GUADALAJARA,3,1,0,0,0,1,0,0,0,0,1,0,0,0,0,2,2,2,2,3,2,3,2,2,2,2,2,2,2,2,4,1,1,1,0,0,1,0,1,1,0,1,1,1,0,1,0,1,0,0,1,1,1,4,4,4,1,2.0,1,2.0,1,2.0,1,1.0,1,2.0,1,2.0,1,1,1,2,2,1,3,1,2,2,1,1,3,1,1,1,2,2,2,2,2,2,2,2,2,2,2,,3,3,3,3,3,3,3,3,3,3,3,3,3,3,3,5,1,5,1,4.0,1.0,4.0,2.0,1,4.0,1.0,4.0,2.0,1,4.0,1.0,4.0,2.0,1,4.0,1.0,4.0,2.0,2,,,,2,,,,2,,,,2,,,,2,,,,2,,,,2,,,,2.0,1.0,1.0,1.0,2.0,2.0,1.0,2.0,2.0,2.0,2.0,1.0,2.0,2.0,2.0,2.0,1.0,2.0,2.0,2.0,,,,,,,,,,,,,,,,,,,,,,,,,,,,,,,,,,,4,1049,4195,1049.0,4195.0,U,2,279,6223,True,"Robo vehículo, Robo en calle, Lesiones",Hombre
38595,1402445.05,1402445.05.01,1402445.05.01.01,1402445,5,1,B,1,2,72,2.0,14,JALISCO,39,GUADALAJARA,3,0,0,1,0,1,0,0,0,0,0,1,0,0,0,2,2,2,1,3,2,3,2,2,2,2,2,1,2,3,3,1,1,1,1,1,0,1,1,1,1,1,1,1,1,1,0,0,0,0,1,2,1,4,4,4,2,,2,,2,,1,2.0,1,2.0,1,2.0,2,9,2,2,2,2,3,3,2,2,2,2,3,3,2,2,2,2,2,2,2,2,2,2,2,2,2,,2,2,2,2,1,2,2,3,3,3,3,3,3,3,2,5,1,5,2,,,,,2,,,,,2,,,,,2,,,,,2,,,,2,,,,2,,,,2,,,,2,,,,2,,,,2,,,,,,,,,,,,,,,,,,,,,,,,,,,,,,,,,,,,,,,,,,,,,,,,,,,,,,,,,,9,1049,1049,1049.0,1049.0,U,2,279,6223,True,"Robo en vivienda, Robo en calle, Amenazas",Mujer
38596,1402472.02,1402472.02.01,1402472.02.01.02,1402472,2,1,A,2,2,20,2.0,14,JALISCO,39,GUADALAJARA,1,0,0,0,1,0,1,0,1,0,0,0,0,0,0,1,1,1,1,1,1,3,1,1,2,2,3,1,1,1,2,0,0,0,0,0,0,0,0,0,0,0,0,0,0,0,0,0,1,0,3,2,2,1,1,1,2,,2,,2,,2,,2,,9,,3,2,2,2,3,2,3,2,2,2,2,2,3,2,2,2,2,2,2,2,2,2,2,2,2,2,2,,2,1,1,2,2,2,2,2,2,2,2,2,2,2,1,1,1,1,1,2.0,1.0,1.0,2.0,1,1.0,2.0,2.0,1.0,1,1.0,2.0,1.0,1.0,1,1.0,2.0,1.0,1.0,2,,,,2,,,,2,,,,1,1.0,2.0,1.0,2,,,,2,,,,1,1.0,2.0,1.0,1.0,1.0,1.0,1.0,2.0,2.0,1.0,1.0,1.0,2.0,2.0,1.0,1.0,1.0,2.0,2.0,1.0,1.0,1.0,2.0,,,,,,,,,,,,,,,,2.0,1.0,1.0,1.0,2.0,,,,,,,,,,,2.0,1.0,2.0,2.0,3,1027,2054,1027.0,2054.0,U,4,281,6453,True,"Robo en transporte público, Secuestro, Extorsión",Mujer
38597,1402472.03,1402472.03.01,1402472.03.01.01,1402472,3,1,B,1,2,27,2.0,14,JALISCO,39,GUADALAJARA,3,0,0,0,1,1,1,0,0,0,0,0,0,0,0,1,1,1,1,1,1,3,3,1,1,2,3,1,1,1,2,0,0,0,0,0,0,0,0,0,0,0,0,0,0,0,0,0,1,0,2,2,2,1,1,1,2,,2,,2,,2,,2,,9,,2,3,2,3,3,2,3,2,2,2,2,2,3,2,1,2,2,2,2,2,2,2,2,2,2,2,2,,2,2,2,2,2,2,2,2,2,2,2,2,2,2,1,1,1,1,1,2.0,2.0,2.0,1.0,2,,,,,1,2.0,2.0,2.0,1.0,1,1.0,2.0,2.0,1.0,2,,,,2,,,,2,,,,1,2.0,2.0,2.0,1,2.0,2.0,1.0,1,2.0,2.0,1.0,2,,,,2.0,1.0,2.0,2.0,2.0,,,,,,2.0,1.0,2.0,2.0,2.0,2.0,1.0,2.0,2.0,2.0,,,,,,,,,,,,,,,,2.0,1.0,2.0,2.0,2.0,2.0,1.0,2.0,2.0,2.0,2.0,1.0,2.0,2.0,2.0,,,,,3,1027,1027,1027.0,1027.0,U,4,281,6453,True,"Robo en transporte público, Robo en calle, Secuestro",Mujer
38598,1402472.04,1402472.04.01,1402472.04.01.01,1402472,4,1,A,1,2,25,2.0,14,JALISCO,39,GUADALAJARA,2,0,0,0,1,0,0,1,0,0,1,0,0,0,0,1,2,2,1,1,1,1,2,1,2,2,2,1,1,1,1,1,0,1,0,0,0,1,1,0,1,0,0,0,0,1,0,1,0,0,1,1,1,4,4,4,2,,1,1.0,1,2.0,2,,9,,2,,2,3,2,2,1,1,2,2,2,2,2,2,3,2,2,2,2,2,2,2,2,2,2,2,2,2,2,,3,3,3,3,3,2,1,3,2,1,3,3,3,3,4,1,1,2,1,4.0,1.0,4.0,2.0,1,2.0,1.0,2.0,1.0,2,,,,,1,2.0,2.0,2.0,1.0,1,4.0,1.0,4.0,2,,,,2,,,,1,1.0,2.0,1.0,2,,,,2,,,,2,,,,1.0,1.0,1.0,1.0,2.0,2.0,1.0,1.0,1.0,2.0,,,,,,2.0,1.0,2.0,1.0,2.0,1.0,1.0,1.0,1.0,2.0,,,,,,,,,,,2.0,1.0,2.0,1.0,2.0,,,,,,,,,,,,,,,4,1027,1027,1027.0,1027.0,U,4,281,6453,True,"Robo en transporte público, Fraude bancario, Lesiones",Mujer
38599,1402472.05,1402472.05.01,1402472.05.01.01,1402472,5,1,B,1,1,19,2.0,14,JALISCO,39,GUADALAJARA,3,0,0,1,0,1,0,0,0,0,0,1,0,0,0,1,1,1,1,3,1,1,1,1,1,1,1,1,2,1,3,0,0,0,0,0,0,0,0,1,0,0,0,0,0,0,0,0,0,0,2,2,2,2,4,4,1,1.0,2,,2,,2,,1,1.0,9,,2,3,2,2,2,2,2,2,2,3,2,2,2,2,2,2,2,2,2,2,2,1,2,2,2,2,2,600.0,2,1,2,2,2,3,2,2,2,1,1,1,1,2,1,1,1,1,1,1.0,2.0,2.0,1.0,2,,,,,1,2.0,2.0,9.0,1.0,1,2.0,2.0,2.0,1.0,9,,,,1,9.0,1.0,2.0,1,3.0,1.0,3.0,1,1.0,2.0,1.0,1,9.0,1.0,1.0,1,1.0,2.0,3.0,1,1.0,2.0,1.0,1.0,1.0,1.0,1.0,2.0,,,,,,2.0,1.0,2.0,1.0,2.0,1.0,1.0,1.0,1.0,2.0,,,,,,2.0,1.0,1.0,2.0,2.0,2.0,2.0,1.0,1.0,2.0,2.0,1.0,1.0,1.0,2.0,2.0,2.0,2.0,1.0,2.0,2.0,1.0,1.0,1.0,2.0,2.0,1.0,1.0,2.0,4,1027,1027,1027.0,1027.0,U,4,281,6453,True,"Robo en vivienda, Robo en calle, Amenazas",Hombre
38600,1402539.01,1402539.01.01,1402539.01.01.03,1402539,1,1,A,3,1,36,2.0,14,JALISCO,39,GUADALAJARA,3,0,1,0,1,0,0,1,0,0,0,0,0,0,0,1,2,2,1,1,1,3,1,1,1,1,1,3,1,1,2,1,0,0,1,0,0,0,1,0,0,0,0,0,0,0,0,0,0,0,1,1,2,2,4,4,1,1.0,1,9.0,2,,1,9.0,1,9.0,9,,2,2,2,3,2,2,3,3,2,2,2,2,2,2,2,2,2,2,2,2,2,9,2,2,2,2,2,,2,1,1,3,3,3,3,2,2,1,2,2,2,3,1,3,1,1,1,2.0,1.0,2.0,2.0,1,2.0,1.0,2.0,2.0,1,2.0,1.0,2.0,9.0,1,2.0,9.0,2.0,2.0,2,,,,2,,,,2,,,,1,2.0,2.0,1.0,1,2.0,2.0,2.0,1,9.0,9.0,9.0,2,,,,2.0,1.0,1.0,1.0,2.0,2.0,1.0,1.0,1.0,2.0,2.0,1.0,1.0,1.0,2.0,2.0,1.0,1.0,1.0,2.0,,,,,,,,,,,,,,,,2.0,2.0,2.0,1.0,2.0,2.0,2.0,2.0,1.0,2.0,2.0,2.0,2.0,1.0,2.0,,,,,9,695,2780,695.0,2780.0,U,2,279,6289,True,"Robo accesorios vehículo, Robo en transporte público, Fraude bancario",Hombre
38601,1402539.02,1402539.02.01,1402539.02.01.04,1402539,2,1,B,4,1,19,2.0,14,JALISCO,39,GUADALAJARA,3,0,0,0,1,0,0,0,0,1,1,0,0,0,0,1,1,1,1,1,1,1,1,1,3,3,1,1,1,1,2,1,0,0,0,1,0,0,0,0,0,0,0,0,0,0,0,0,0,0,1,1,1,1,1,1,2,,1,2.0,2,,2,,2,,2,,2,2,2,2,2,2,2,2,2,2,2,2,3,2,2,2,2,2,2,2,2,2,2,2,2,2,2,,1,1,1,2,1,3,3,1,1,1,2,2,1,3,1,1,1,1,1,3.0,2.0,2.0,1.0,1,1.0,2.0,1.0,1.0,1,1.0,2.0,1.0,1.0,1,1.0,2.0,1.0,1.0,1,1.0,2.0,2.0,1,2.0,2.0,2.0,1,1.0,2.0,2.0,1,1.0,2.0,1.0,1,1.0,2.0,1.0,1,1.0,2.0,1.0,1,2.0,1.0,3.0,2.0,1.0,2.0,2.0,2.0,2.0,1.0,2.0,2.0,2.0,2.0,1.0,2.0,2.0,2.0,2.0,1.0,2.0,2.0,2.0,2.0,1.0,2.0,2.0,2.0,2.0,1.0,2.0,2.0,2.0,2.0,1.0,2.0,2.0,2.0,2.0,1.0,2.0,2.0,2.0,2.0,1.0,2.0,2.0,2.0,2.0,1.0,2.0,2.0,2.0,2.0,1.0,2.0,2.0,3,695,2780,695.0,2780.0,U,2,279,6289,True,"Robo en transporte público, Delito sexual, Lesiones",Hombre
38602,1402539.03,1402539.03.01,1402539.03.01.01,1402539,3,1,B,1,1,72,2.0,14,JALISCO,39,GUADALAJARA,3,0,0,1,1,0,0,0,1,0,0,0,0,0,0,1,1,2,1,3,1,3,1,1,3,3,1,1,1,1,3,1,0,0,0,0,0,0,1,0,1,0,0,0,0,0,0,0,0,0,1,1,2,2,3,3,2,,2,,2,,2,,2,,2,,2,2,2,1,2,1,3,1,1,3,2,3,3,1,1,2,2,2,2,2,2,2,2,2,2,2,2,,1,1,1,3,3,2,3,2,2,1,3,3,3,3,2,5,1,1,2,,,,,1,3.0,2.0,2.0,2.0,2,,,,,2,,,,,2,,,,2,,,,2,,,,2,,,,2,,,,2,,,,2,,,,,,,,,2.0,1.0,2.0,2.0,2.0,,,,,,,,,,,,,,,,,,,,,,,,,,,,,,,,,,,,,,,,,,,,,2,695,3475,695.0,3475.0,U,2,279,6289,True,"Robo en vivienda, Robo en transporte público, Extorsión",Hombre
38603,1402539.05,1402539.05.01,1402539.05.01.02,1402539,5,1,B,2,2,66,2.0,14,JALISCO,39,GUADALAJARA,3,0,1,1,0,1,0,0,0,0,0,0,0,0,0,1,2,2,1,3,1,3,1,1,1,1,3,1,1,1,2,1,0,0,0,0,0,0,1,0,1,0,0,0,0,0,0,0,0,0,2,2,2,3,9,9,2,,2,,2,,2,,2,,2,,2,2,2,2,3,2,3,3,2,2,2,2,3,2,2,2,2,2,2,2,2,2,2,2,2,2,2,,1,1,2,2,2,2,2,3,2,3,2,2,3,3,2,5,2,2,1,2.0,1.0,3.0,2.0,2,,,,,2,,,,,1,2.0,9.0,9.0,9.0,2,,,,2,,,,2,,,,1,2.0,2.0,3.0,2,,,,2,,,,2,,,,2.0,1.0,2.0,1.0,2.0,,,,,,,,,,,2.0,1.0,2.0,1.0,2.0,,,,,,,,,,,,,,,,2.0,1.0,2.0,1.0,2.0,,,,,,,,,,,,,,,9,695,1390,695.0,1390.0,U,2,279,6289,True,"Robo accesorios vehículo, Robo en vivienda, Robo en calle",Mujer
38604,1402540.01,1402540.01.01,1402540.01.01.01,1402540,1,1,A,1,1,25,2.0,14,JALISCO,39,GUADALAJARA,3,0,0,0,1,0,0,1,0,0,1,0,0,0,0,1,1,1,1,1,1,3,2,2,2,2,1,1,1,1,2,1,1,0,0,1,1,1,1,0,1,0,0,0,0,1,0,0,0,0,1,1,1,2,1,1,2,,1,2.0,2,,2,,1,1.0,2,,1,1,2,2,2,2,3,2,2,1,2,2,2,2,1,2,2,2,1,2,2,2,2,2,2,2,2,20000.0,1,1,1,1,1,3,2,3,3,3,2,2,2,3,1,1,1,1,1,4.0,1.0,3.0,1.0,2,,,,,1,4.0,1.0,3.0,1.0,1,1.0,2.0,2.0,1.0,1,4.0,1.0,2.0,1,2.0,1.0,2.0,1,2.0,1.0,2.0,1,2.0,2.0,2.0,1,1.0,2.0,1.0,1,1.0,2.0,1.0,2,,,,1.0,2.0,2.0,1.0,2.0,,,,,,1.0,1.0,2.0,2.0,2.0,2.0,1.0,2.0,1.0,2.0,1.0,2.0,1.0,2.0,2.0,2.0,1.0,1.0,2.0,2.0,2.0,2.0,1.0,1.0,2.0,1.0,1.0,2.0,2.0,2.0,2.0,1.0,2.0,1.0,2.0,2.0,1.0,2.0,1.0,2.0,,,,,2,1132,2264,1132.0,2264.0,U,3,280,6293,True,"Robo en transporte público, Fraude bancario, Lesiones",Hombre
38605,1402540.02,1402540.02.01,1402540.02.01.01,1402540,2,1,B,1,1,71,2.0,14,JALISCO,39,GUADALAJARA,3,1,0,1,0,0,0,1,0,0,0,0,0,0,0,1,1,1,1,1,1,3,1,3,3,2,1,1,1,3,2,0,0,0,0,0,0,0,1,0,1,0,0,0,0,0,0,0,0,0,1,2,2,2,2,2,2,,1,2.0,2,,2,,2,,9,,2,9,1,2,2,2,3,3,2,3,2,3,3,3,2,2,2,2,2,2,2,2,2,2,2,2,2,,9,1,3,2,2,2,3,2,2,1,2,2,2,9,1,1,1,2,1,9.0,1.0,9.0,1.0,2,,,,,2,,,,,1,9.0,2.0,9.0,1.0,2,,,,2,,,,2,,,,2,,,,2,,,,2,,,,2,,,,2.0,1.0,1.0,1.0,2.0,,,,,,,,,,,2.0,1.0,1.0,1.0,2.0,,,,,,,,,,,,,,,,,,,,,,,,,,,,,,,,,,,9,1132,2264,1132.0,2264.0,U,3,280,6293,True,"Robo vehículo, Robo en vivienda, Fraude bancario",Hombre
38606,1402540.03,1402540.03.01,1402540.03.01.01,1402540,3,1,B,1,2,60,2.0,14,JALISCO,39,GUADALAJARA,3,0,0,0,1,0,0,1,0,0,1,0,0,0,0,2,2,2,2,2,2,3,2,2,2,2,2,2,2,2,3,1,0,0,0,0,0,0,1,1,1,0,0,0,0,0,0,0,0,0,1,2,2,9,1,9,2,,2,,2,,2,,2,,2,,2,1,2,2,2,1,3,1,1,1,1,1,3,1,3,2,1,1,2,2,2,2,2,2,2,2,2,9999999.0,2,3,2,2,2,3,3,2,2,3,3,3,2,3,1,1,1,1,1,2.0,1.0,3.0,2.0,1,2.0,1.0,3.0,2.0,1,4.0,1.0,3.0,2.0,1,3.0,1.0,3.0,2.0,1,2.0,1.0,3.0,1,3.0,1.0,3.0,1,3.0,1.0,3.0,1,2.0,1.0,3.0,1,2.0,1.0,3.0,1,2.0,2.0,3.0,1,2.0,1.0,3.0,2.0,1.0,2.0,1.0,2.0,2.0,1.0,2.0,1.0,2.0,2.0,1.0,2.0,1.0,2.0,2.0,1.0,2.0,1.0,2.0,2.0,1.0,1.0,2.0,2.0,2.0,1.0,2.0,1.0,2.0,2.0,1.0,2.0,1.0,2.0,2.0,1.0,2.0,1.0,2.0,2.0,1.0,2.0,1.0,2.0,2.0,1.0,2.0,1.0,2.0,2.0,2.0,1.0,2.0,3,1132,2264,1132.0,2264.0,U,3,280,6293,True,"Robo en transporte público, Fraude bancario, Lesiones",Mujer
38607,1402540.04,1402540.04.01,1402540.04.01.01,1402540,4,1,B,1,2,45,2.0,14,JALISCO,39,GUADALAJARA,3,0,0,0,1,1,0,1,0,0,0,0,0,0,0,2,2,2,1,1,2,3,2,1,2,1,2,1,1,2,3,0,0,0,0,0,0,0,0,0,0,0,0,0,0,0,0,0,1,0,1,1,2,3,3,3,2,,1,2.0,2,,2,,2,,2,,1,1,2,2,2,2,3,3,2,2,2,2,3,2,2,2,2,2,2,2,2,2,2,2,2,2,2,,2,2,2,2,2,3,3,2,2,2,2,2,2,3,1,1,1,1,1,2.0,2.0,2.0,1.0,1,2.0,2.0,2.0,1.0,1,2.0,2.0,3.0,1.0,2,,,,,2,,,,2,,,,2,,,,2,,,,1,2.0,2.0,2.0,1,2.0,2.0,3.0,2,,,,2.0,1.0,2.0,2.0,2.0,2.0,1.0,2.0,2.0,2.0,2.0,1.0,2.0,1.0,2.0,,,,,,,,,,,,,,,,,,,,,,,,,,2.0,1.0,2.0,2.0,2.0,2.0,2.0,2.0,2.0,1.0,,,,,4,1132,5659,1132.0,5659.0,U,3,280,6293,True,"Robo en transporte público, Robo en calle, Fraude bancario",Mujer
38608,1402540.05,1402540.05.01,1402540.05.01.01,1402540,5,1,A,1,2,69,2.0,14,JALISCO,39,GUADALAJARA,3,0,0,0,0,1,0,1,0,0,1,0,0,0,0,2,2,2,2,2,2,3,2,2,2,2,2,2,2,2,4,1,0,0,0,0,0,0,1,1,1,1,0,0,0,0,0,0,0,0,1,1,1,4,3,3,2,,1,2.0,2,,2,,1,2.0,2,,1,2,1,1,2,2,3,2,1,1,2,3,3,2,2,2,1,1,2,2,2,2,2,2,2,2,2,3500.0,3,3,1,2,3,3,3,3,3,1,3,3,3,3,3,5,1,2,2,,,,,2,,,,,2,,,,,1,4.0,1.0,4.0,2.0,2,,,,2,,,,2,,,,1,2.0,9.0,2.0,2,,,,1,1.0,2.0,1.0,2,,,,,,,,,,,,,,,,,,,1.0,1.0,1.0,1.0,2.0,,,,,,,,,,,,,,,,2.0,1.0,2.0,1.0,2.0,,,,,,2.0,2.0,2.0,1.0,2.0,,,,,9,1132,1132,1132.0,1132.0,U,3,280,6293,True,"Robo en calle, Fraude bancario, Lesiones",Mujer
38609,1402551.01,1402551.01.01,1402551.01.01.03,1402551,1,1,A,3,2,30,2.0,14,JALISCO,39,GUADALAJARA,3,0,0,0,1,0,0,0,0,1,0,1,0,0,0,1,2,2,1,1,2,3,1,2,2,2,1,1,2,2,3,1,1,1,1,1,1,1,1,0,1,1,1,1,1,1,0,0,0,0,1,1,1,4,4,4,2,,1,2.0,1,2.0,2,,1,2.0,1,2.0,1,1,1,1,1,1,3,2,2,1,2,2,2,2,2,1,2,2,2,2,2,2,2,2,2,2,2,,3,1,2,1,1,3,3,3,1,1,3,3,3,3,2,2,1,2,2,,,,,2,,,,,1,3.0,1.0,1.0,2.0,1,4.0,1.0,4.0,2.0,2,,,,2,,,,2,,,,2,,,,2,,,,2,,,,2,,,,,,,,,,,,,,1.0,2.0,2.0,2.0,2.0,2.0,1.0,2.0,2.0,2.0,,,,,,,,,,,,,,,,,,,,,,,,,,,,,,,,,,,9,717,2868,717.0,2868.0,U,2,279,6287,True,"Robo en transporte público, Delito sexual, Amenazas",Mujer
38610,1402551.02,1402551.02.01,1402551.02.01.01,1402551,2,1,B,1,1,32,2.0,14,JALISCO,39,GUADALAJARA,3,0,0,1,0,1,0,0,0,0,0,1,0,0,0,2,2,2,2,2,2,3,2,1,2,2,3,1,2,2,3,1,1,1,1,1,1,0,1,1,1,1,0,0,0,0,0,0,0,0,1,1,1,3,3,3,1,2.0,1,2.0,2,,1,2.0,1,2.0,1,2.0,1,1,2,2,3,2,3,2,1,1,2,2,1,1,1,2,1,1,1,2,2,2,2,2,2,2,2,20000.0,1,3,1,3,3,3,3,3,2,3,3,3,3,3,4,1,1,1,1,4.0,1.0,3.0,2.0,1,4.0,1.0,3.0,2.0,1,4.0,1.0,3.0,2.0,1,4.0,1.0,3.0,2.0,1,4.0,1.0,3.0,1,4.0,1.0,3.0,1,4.0,1.0,3.0,1,2.0,2.0,2.0,1,2.0,2.0,2.0,1,2.0,2.0,2.0,1,2.0,1.0,2.0,2.0,1.0,2.0,1.0,2.0,1.0,1.0,2.0,1.0,2.0,2.0,1.0,2.0,1.0,2.0,2.0,1.0,2.0,1.0,2.0,2.0,1.0,2.0,1.0,2.0,2.0,2.0,2.0,1.0,2.0,2.0,2.0,2.0,1.0,2.0,2.0,1.0,2.0,1.0,2.0,2.0,1.0,2.0,1.0,2.0,2.0,1.0,2.0,1.0,2.0,2.0,2.0,1.0,2.0,3,717,717,717.0,717.0,U,2,279,6287,True,"Robo en vivienda, Robo en calle, Amenazas",Hombre
38611,1402551.04,1402551.04.01,1402551.04.01.02,1402551,4,1,B,2,2,29,2.0,14,JALISCO,39,GUADALAJARA,3,0,1,0,0,0,0,1,0,0,1,0,0,0,0,1,2,2,1,2,2,3,3,2,1,2,3,1,2,3,5,1,1,1,0,0,0,0,1,0,0,0,0,0,0,0,0,0,0,0,2,2,2,1,4,4,2,,1,2.0,2,,2,,2,,2,,2,2,2,2,2,2,3,2,2,2,2,2,3,2,2,2,2,2,2,2,2,2,2,2,2,2,2,,3,3,3,3,3,2,2,3,3,1,3,3,3,3,2,2,1,1,1,3.0,1.0,2.0,1.0,1,2.0,1.0,2.0,1.0,1,1.0,1.0,2.0,1.0,1,2.0,2.0,2.0,1.0,1,2.0,1.0,2.0,1,2.0,2.0,2.0,1,3.0,1.0,3.0,1,1.0,2.0,2.0,1,2.0,2.0,2.0,1,2.0,2.0,2.0,1,3.0,1.0,3.0,2.0,1.0,1.0,1.0,2.0,2.0,1.0,1.0,1.0,2.0,2.0,1.0,1.0,1.0,2.0,2.0,1.0,1.0,1.0,2.0,2.0,1.0,1.0,1.0,2.0,2.0,1.0,1.0,1.0,2.0,2.0,1.0,1.0,1.0,2.0,2.0,1.0,1.0,1.0,2.0,2.0,1.0,1.0,1.0,2.0,2.0,1.0,1.0,1.0,2.0,2.0,1.0,1.0,2.0,1,717,1434,717.0,1434.0,U,2,279,6287,True,"Robo accesorios vehículo, Fraude bancario, Lesiones",Mujer
38612,1402551.05,1402551.05.01,1402551.05.01.03,1402551,5,1,B,3,2,39,2.0,14,JALISCO,39,GUADALAJARA,3,0,1,1,0,1,0,0,0,0,0,0,0,0,0,1,2,2,1,2,2,3,1,2,2,2,3,1,1,2,3,1,0,0,0,0,0,0,1,0,1,1,0,0,0,0,0,0,0,0,1,1,2,1,4,4,2,,1,2.0,2,,2,,1,1.0,1,1.0,2,1,2,2,2,2,3,2,2,2,2,2,3,2,2,2,2,2,2,1,2,2,2,2,2,2,2,9999999.0,2,1,3,3,3,3,3,3,3,3,3,3,3,3,1,1,1,1,1,2.0,1.0,3.0,1.0,1,2.0,1.0,3.0,1.0,1,2.0,1.0,2.0,1.0,1,2.0,1.0,2.0,1.0,1,2.0,1.0,3.0,1,2.0,1.0,3.0,1,2.0,1.0,3.0,1,2.0,2.0,2.0,1,2.0,1.0,3.0,1,2.0,2.0,2.0,1,2.0,1.0,3.0,1.0,2.0,2.0,1.0,2.0,1.0,2.0,2.0,1.0,2.0,1.0,2.0,2.0,1.0,2.0,2.0,2.0,2.0,1.0,2.0,2.0,2.0,2.0,1.0,2.0,1.0,2.0,2.0,1.0,2.0,2.0,2.0,2.0,1.0,2.0,2.0,2.0,2.0,1.0,2.0,2.0,2.0,2.0,1.0,2.0,2.0,2.0,2.0,1.0,2.0,2.0,2.0,1.0,2.0,1,717,2151,717.0,2151.0,U,2,279,6287,True,"Robo accesorios vehículo, Robo en vivienda, Robo en calle",Mujer
38613,1402567.01,1402567.01.01,1402567.01.01.05,1402567,1,1,B,5,2,18,2.0,14,JALISCO,39,GUADALAJARA,3,0,0,0,1,1,0,1,0,0,0,0,0,0,0,1,2,2,1,3,2,1,1,1,3,3,1,1,2,1,3,1,1,0,0,0,0,0,0,1,0,1,0,0,0,0,0,0,0,0,1,2,2,2,2,3,2,,1,2.0,2,,1,9.0,2,,1,2.0,2,2,2,3,2,2,2,2,2,2,2,3,3,2,2,1,2,1,2,2,2,2,2,2,2,2,2,9999999.0,1,1,1,3,3,3,3,2,1,1,1,1,3,3,1,1,1,1,1,1.0,2.0,2.0,1.0,2,,,,,1,2.0,2.0,2.0,1.0,1,1.0,2.0,1.0,1.0,2,,,,1,2.0,2.0,2.0,1,2.0,2.0,2.0,1,1.0,2.0,1.0,1,2.0,2.0,2.0,1,1.0,2.0,1.0,2,,,,2.0,1.0,2.0,1.0,2.0,,,,,,2.0,2.0,2.0,1.0,2.0,2.0,1.0,2.0,1.0,2.0,,,,,,2.0,2.0,2.0,1.0,2.0,2.0,2.0,2.0,1.0,2.0,2.0,1.0,2.0,1.0,2.0,2.0,2.0,2.0,1.0,2.0,2.0,1.0,2.0,1.0,2.0,,,,,2,954,3814,954.0,3814.0,U,3,280,6345,True,"Robo en transporte público, Robo en calle, Fraude bancario",Mujer
38614,1402567.02,1402567.02.01,1402567.02.01.04,1402567,2,1,A,4,2,19,2.0,14,JALISCO,39,GUADALAJARA,3,0,0,1,0,0,0,1,1,0,0,0,0,0,0,1,2,2,1,1,2,3,1,3,2,2,3,2,3,3,4,1,1,1,1,0,1,0,1,1,1,1,1,1,0,1,0,0,0,0,1,1,1,4,4,4,1,2.0,1,2.0,1,2.0,2,,1,2.0,2,,3,1,2,3,2,2,3,3,2,1,2,2,3,2,2,2,2,2,2,2,2,2,2,2,2,2,2,,3,1,3,1,3,3,3,3,2,3,3,3,1,3,4,4,2,5,1,4.0,1.0,4.0,2.0,2,,,,,2,,,,,1,9.0,1.0,3.0,9.0,2,,,,2,,,,2,,,,1,9.0,1.0,3.0,2,,,,2,,,,2,,,,2.0,1.0,1.0,2.0,2.0,,,,,,,,,,,2.0,1.0,2.0,2.0,2.0,,,,,,,,,,,,,,,,2.0,1.0,2.0,2.0,2.0,,,,,,,,,,,,,,,4,954,3814,954.0,3814.0,U,3,280,6345,True,"Robo en vivienda, Fraude bancario, Extorsión",Mujer
38615,1402567.03,1402567.03.01,1402567.03.01.03,1402567,3,1,A,3,2,18,2.0,14,JALISCO,39,GUADALAJARA,3,0,0,1,0,0,0,1,0,0,1,0,0,0,0,2,2,2,1,1,2,2,2,2,2,2,2,1,2,2,4,1,0,0,0,0,0,0,0,1,0,0,0,0,0,0,0,0,0,0,1,1,1,9,4,4,1,9.0,1,1.0,1,9.0,2,,1,2.0,1,1.0,1,1,2,2,2,1,2,2,2,1,2,2,3,1,1,1,2,2,2,2,2,2,2,2,2,2,2,,3,3,3,3,3,3,3,3,3,3,2,2,3,3,2,2,1,1,1,4.0,1.0,4.0,2.0,1,4.0,1.0,4.0,2.0,2,,,,,1,3.0,1.0,3.0,2.0,2,,,,2,,,,2,,,,1,3.0,1.0,3.0,2,,,,2,,,,1,2.0,1.0,2.0,1.0,1.0,2.0,1.0,2.0,1.0,1.0,2.0,1.0,2.0,,,,,,1.0,1.0,2.0,1.0,2.0,,,,,,,,,,,,,,,,1.0,1.0,2.0,1.0,2.0,,,,,,,,,,,1.0,2.0,1.0,2.0,3,954,2861,954.0,2861.0,U,3,280,6345,True,"Robo en vivienda, Fraude bancario, Lesiones",Mujer
38616,1402567.04,1402567.04.01,1402567.04.01.01,1402567,4,1,A,1,1,58,2.0,14,JALISCO,39,GUADALAJARA,3,0,0,0,0,1,0,0,1,0,0,1,0,0,0,2,1,2,2,2,2,3,1,1,2,3,3,1,1,1,4,1,0,1,0,0,0,0,0,1,0,0,0,1,1,0,0,0,0,0,1,1,1,1,4,4,1,1.0,1,1.0,2,,2,,1,2.0,2,,1,1,1,3,3,2,3,1,1,1,1,3,2,2,1,2,1,1,1,2,2,2,2,2,2,2,2,15000.0,1,3,3,3,1,3,3,2,2,3,3,3,1,3,4,1,1,1,1,4.0,1.0,4.0,2.0,1,4.0,1.0,4.0,2.0,1,4.0,1.0,4.0,2.0,1,2.0,2.0,2.0,1.0,1,1.0,2.0,2.0,1,1.0,2.0,1.0,1,1.0,2.0,2.0,1,1.0,2.0,1.0,1,1.0,2.0,1.0,1,1.0,2.0,1.0,1,2.0,1.0,3.0,2.0,1.0,2.0,2.0,2.0,2.0,1.0,2.0,2.0,2.0,2.0,1.0,2.0,2.0,2.0,2.0,1.0,2.0,2.0,2.0,2.0,1.0,2.0,2.0,2.0,2.0,1.0,2.0,2.0,2.0,2.0,2.0,2.0,1.0,2.0,2.0,1.0,2.0,2.0,2.0,2.0,2.0,2.0,1.0,2.0,2.0,2.0,2.0,1.0,2.0,2.0,2.0,1.0,2.0,4,954,1907,954.0,1907.0,U,3,280,6345,True,"Robo en calle, Extorsión, Amenazas",Hombre
38617,1402567.05,1402567.05.01,1402567.05.01.04,1402567,5,1,B,4,2,66,2.0,14,JALISCO,39,GUADALAJARA,3,0,0,0,1,1,0,0,0,0,1,0,0,0,0,1,2,2,1,3,2,3,1,1,2,2,1,1,3,3,3,1,0,0,0,0,0,0,1,0,0,1,0,1,1,1,0,0,0,0,1,1,1,1,3,2,2,,1,2.0,1,1.0,2,,1,2.0,2,,1,1,2,1,2,1,3,1,1,1,2,1,3,2,1,2,2,2,2,2,2,2,2,2,2,2,2,,1,1,1,3,1,2,2,3,3,1,3,3,1,3,3,5,1,1,1,2.0,1.0,2.0,2.0,1,2.0,2.0,2.0,2.0,1,2.0,1.0,2.0,1.0,1,3.0,1.0,2.0,1.0,2,,,,2,,,,2,,,,1,2.0,2.0,2.0,2,,,,2,,,,2,,,,2.0,1.0,2.0,1.0,2.0,2.0,1.0,2.0,1.0,2.0,2.0,1.0,2.0,1.0,2.0,2.0,1.0,2.0,1.0,2.0,,,,,,,,,,,,,,,,2.0,2.0,2.0,1.0,2.0,,,,,,,,,,,,,,,2,954,3814,954.0,3814.0,U,3,280,6345,True,"Robo en transporte público, Robo en calle, Lesiones",Mujer
38618,1402571.01,1402571.01.01,1402571.01.01.01,1402571,1,1,B,1,2,52,2.0,14,JALISCO,39,GUADALAJARA,3,1,0,0,0,1,0,0,0,0,1,0,0,0,0,1,2,2,1,1,2,3,1,1,2,2,2,1,2,3,3,0,0,0,0,0,0,0,0,0,0,0,0,0,0,1,0,0,0,0,1,2,1,3,3,3,2,,1,1.0,1,1.0,2,,2,,1,1.0,1,2,2,2,2,2,3,3,2,1,2,2,3,2,2,1,2,2,2,2,2,1,2,2,2,2,2,0.0,1,1,2,2,3,3,3,3,3,3,3,3,1,3,1,1,1,1,1,3.0,1.0,3.0,2.0,1,2.0,1.0,2.0,2.0,1,3.0,1.0,3.0,2.0,1,2.0,1.0,2.0,1.0,2,,,,1,4.0,1.0,4.0,1,3.0,1.0,3.0,1,2.0,2.0,3.0,2,,,,2,,,,2,,,,1.0,1.0,1.0,1.0,2.0,1.0,1.0,1.0,1.0,2.0,2.0,2.0,2.0,1.0,2.0,2.0,1.0,1.0,1.0,2.0,,,,,,2.0,2.0,2.0,1.0,2.0,2.0,2.0,2.0,1.0,2.0,2.0,2.0,1.0,1.0,2.0,,,,,,,,,,,,,,,1,761,761,761.0,761.0,U,3,280,6385,True,"Robo vehículo, Robo en calle, Lesiones",Mujer
38619,1402571.02,1402571.02.01,1402571.02.01.02,1402571,2,1,B,2,2,44,2.0,14,JALISCO,39,GUADALAJARA,3,0,0,0,1,0,1,1,0,0,0,0,0,0,0,1,1,2,1,3,1,3,1,1,1,1,1,1,1,1,2,1,0,1,0,0,0,0,1,0,1,0,0,0,0,0,0,0,0,0,2,2,2,2,1,3,2,,1,1.0,2,,2,,1,2.0,2,,2,2,2,2,2,2,3,2,2,2,2,2,2,2,2,2,2,2,2,2,2,2,2,2,2,2,2,,3,3,3,3,3,2,2,2,3,3,3,3,3,3,2,5,2,3,1,2.0,1.0,2.0,2.0,1,2.0,1.0,2.0,1.0,2,,,,,1,2.0,1.0,2.0,1.0,2,,,,1,4.0,1.0,4.0,1,4.0,1.0,3.0,1,2.0,2.0,2.0,1,2.0,1.0,2.0,1,2.0,2.0,2.0,1,2.0,1.0,2.0,1.0,1.0,2.0,1.0,2.0,2.0,1.0,2.0,1.0,2.0,,,,,,2.0,2.0,2.0,1.0,2.0,,,,,,1.0,2.0,2.0,1.0,2.0,1.0,2.0,2.0,1.0,2.0,2.0,1.0,2.0,1.0,2.0,2.0,1.0,2.0,1.0,2.0,2.0,1.0,2.0,1.0,2.0,1.0,2.0,1.0,2.0,4,761,2284,761.0,2284.0,U,3,280,6385,True,"Robo en transporte público, Secuestro, Fraude bancario",Mujer
38620,1402571.03,1402571.03.01,1402571.03.01.02,1402571,3,1,A,2,2,45,2.0,14,JALISCO,39,GUADALAJARA,3,0,0,0,0,1,0,1,0,0,1,0,0,0,0,2,2,2,1,1,2,3,2,2,2,2,3,1,2,3,4,1,0,0,0,0,0,0,0,1,0,0,0,0,0,0,0,0,0,0,1,2,2,3,3,3,2,,1,2.0,2,,2,,1,2.0,9,,3,3,2,3,3,3,3,2,3,3,2,1,3,2,2,2,2,2,2,2,2,2,2,2,2,2,2,,1,2,2,2,3,3,3,2,3,3,3,3,1,3,5,1,1,1,1,4.0,1.0,4.0,2.0,1,4.0,1.0,3.0,1.0,1,2.0,2.0,3.0,1.0,1,2.0,2.0,2.0,1.0,1,4.0,1.0,4.0,1,3.0,1.0,3.0,1,3.0,1.0,3.0,1,1.0,2.0,2.0,1,2.0,2.0,2.0,1,2.0,2.0,2.0,1,3.0,1.0,3.0,2.0,2.0,2.0,1.0,2.0,2.0,2.0,2.0,1.0,2.0,2.0,2.0,1.0,1.0,2.0,2.0,2.0,2.0,1.0,2.0,1.0,2.0,2.0,1.0,2.0,1.0,2.0,2.0,1.0,2.0,1.0,2.0,2.0,1.0,2.0,1.0,1.0,2.0,1.0,2.0,1.0,1.0,2.0,1.0,2.0,1.0,1.0,2.0,1.0,2.0,1.0,1.0,2.0,2.0,2,761,1523,761.0,1523.0,U,3,280,6385,True,"Robo en calle, Fraude bancario, Lesiones",Mujer
38621,1402571.04,1402571.04.01,1402571.04.01.01,1402571,4,1,B,1,1,63,2.0,14,JALISCO,39,GUADALAJARA,3,1,0,0,1,0,0,1,0,0,0,0,0,0,0,1,1,2,1,3,1,3,1,1,1,1,3,1,1,1,2,0,0,0,0,0,0,0,0,0,0,0,0,0,0,0,0,0,1,0,2,2,2,2,1,1,2,,1,1.0,2,,2,,2,,2,,2,2,2,3,3,2,3,3,2,3,2,2,2,2,2,2,2,2,2,2,2,2,2,2,2,2,2,,1,1,2,2,1,3,3,3,3,3,2,2,3,3,2,5,1,2,1,2.0,1.0,2.0,2.0,1,2.0,1.0,2.0,1.0,1,2.0,9.0,2.0,1.0,1,2.0,1.0,2.0,1.0,1,2.0,1.0,2.0,1,9.0,1.0,2.0,1,9.0,1.0,2.0,1,1.0,2.0,1.0,1,1.0,2.0,1.0,1,1.0,2.0,1.0,2,,,,2.0,1.0,2.0,1.0,2.0,2.0,1.0,2.0,1.0,2.0,2.0,1.0,2.0,1.0,2.0,2.0,1.0,2.0,1.0,2.0,2.0,2.0,2.0,1.0,2.0,2.0,2.0,2.0,1.0,2.0,2.0,2.0,2.0,1.0,2.0,2.0,1.0,2.0,1.0,2.0,2.0,1.0,2.0,1.0,2.0,2.0,1.0,2.0,1.0,2.0,,,,,3,761,2284,761.0,2284.0,U,3,280,6385,True,"Robo vehículo, Robo en transporte público, Fraude bancario",Hombre
38622,1402571.05,1402571.05.01,1402571.05.01.02,1402571,5,1,A,2,1,23,2.0,14,JALISCO,39,GUADALAJARA,3,0,0,0,0,1,0,0,0,1,1,0,0,0,0,2,1,1,1,1,2,1,2,1,2,2,1,1,1,1,4,1,1,1,0,0,0,0,1,1,1,1,0,1,1,1,0,1,0,0,2,2,1,3,1,4,2,,2,,1,2.0,1,2.0,1,2.0,9,,2,1,2,2,2,1,2,2,2,3,2,2,2,2,2,2,2,1,2,2,2,2,2,2,2,2,2,500.0,1,1,2,1,1,2,2,3,1,1,2,2,1,3,2,2,1,1,1,2.0,1.0,2.0,1.0,1,2.0,2.0,2.0,1.0,1,2.0,2.0,1.0,1.0,1,3.0,1.0,3.0,1.0,1,2.0,1.0,2.0,1,2.0,1.0,3.0,1,3.0,1.0,3.0,1,1.0,1.0,2.0,1,1.0,2.0,1.0,1,1.0,1.0,1.0,2,,,,1.0,1.0,2.0,2.0,2.0,1.0,1.0,2.0,2.0,2.0,1.0,1.0,1.0,1.0,2.0,1.0,1.0,1.0,1.0,2.0,2.0,2.0,1.0,1.0,2.0,2.0,1.0,1.0,1.0,2.0,2.0,2.0,1.0,1.0,2.0,1.0,1.0,1.0,1.0,2.0,2.0,1.0,1.0,1.0,2.0,1.0,1.0,1.0,1.0,2.0,,,,,2,761,1523,761.0,1523.0,U,3,280,6385,True,"Robo en calle, Delito sexual, Lesiones",Hombre
38623,1402581.01,1402581.01.01,1402581.01.01.02,1402581,1,1,B,2,2,56,2.0,14,JALISCO,39,GUADALAJARA,3,0,0,1,0,1,0,0,1,0,0,0,0,0,0,2,2,2,2,3,2,3,1,1,2,2,3,1,2,1,4,1,0,0,1,0,0,0,1,1,0,0,0,0,0,1,0,0,0,0,1,1,1,1,1,1,1,1.0,2,,1,1.0,2,,1,1.0,1,1.0,1,1,1,1,3,1,3,1,1,1,1,1,1,1,1,1,2,2,2,2,2,1,2,2,2,2,2,0.0,1,1,1,1,1,3,2,3,1,1,2,2,1,3,1,5,1,1,2,,,,,2,,,,,1,3.0,9.0,3.0,1.0,1,3.0,9.0,3.0,1.0,2,,,,1,4.0,9.0,3.0,1,3.0,9.0,3.0,1,2.0,2.0,2.0,2,,,,1,9.0,2.0,3.0,2,,,,,,,,,,,,,,2.0,1.0,2.0,1.0,2.0,2.0,1.0,2.0,1.0,2.0,,,,,,2.0,1.0,2.0,1.0,2.0,2.0,2.0,2.0,1.0,2.0,2.0,1.0,2.0,1.0,2.0,,,,,,2.0,2.0,2.0,1.0,2.0,,,,,3,1033,2066,1033.0,2066.0,U,3,280,6307,True,"Robo en vivienda, Robo en calle, Extorsión",Mujer
38624,1402581.03,1402581.03.01,1402581.03.01.02,1402581,3,1,A,2,2,79,2.0,14,JALISCO,39,GUADALAJARA,3,0,0,1,1,0,0,0,0,0,1,0,0,0,0,2,2,2,1,3,1,3,1,1,2,2,3,1,3,3,5,1,0,0,0,0,0,0,1,1,1,0,0,0,1,0,0,0,0,0,1,2,1,3,3,4,2,,2,,1,2.0,2,,1,2.0,2,,1,1,1,1,3,2,3,3,3,1,1,1,3,2,1,1,2,2,2,2,2,1,2,2,2,2,2,0.0,1,1,1,2,3,2,2,2,2,1,2,2,2,3,3,5,3,3,2,,,,,1,2.0,2.0,2.0,1.0,2,,,,,1,2.0,2.0,3.0,1.0,2,,,,2,,,,2,,,,1,3.0,2.0,2.0,2,,,,2,,,,2,,,,,,,,,1.0,1.0,2.0,1.0,2.0,,,,,,2.0,1.0,2.0,1.0,2.0,,,,,,,,,,,,,,,,2.0,1.0,2.0,1.0,2.0,,,,,,,,,,,,,,,2,1033,3099,1033.0,3099.0,U,3,280,6307,True,"Robo en vivienda, Robo en transporte público, Lesiones",Mujer
38625,1402581.04,1402581.04.01,1402581.04.01.02,1402581,4,1,A,2,2,27,2.0,14,JALISCO,39,GUADALAJARA,3,0,0,0,1,1,0,0,1,0,0,0,0,0,0,1,2,2,1,1,1,3,1,1,1,1,3,1,1,2,3,1,0,0,0,1,0,0,1,0,0,0,0,0,0,0,0,0,0,0,1,2,2,3,3,3,2,,2,,2,,2,,1,1.0,1,1.0,1,1,2,2,3,1,3,2,2,2,2,2,3,2,3,2,1,1,1,2,2,2,2,2,2,2,2,700.0,1,1,2,1,3,3,2,1,1,3,1,2,3,3,2,2,1,1,2,,,,,2,,,,,2,,,,,1,1.0,2.0,1.0,1.0,1,2.0,2.0,1.0,2,,,,1,3.0,1.0,1.0,1,1.0,2.0,1.0,2,,,,1,1.0,2.0,1.0,2,,,,,,,,,,,,,,,,,,,1.0,1.0,2.0,2.0,2.0,2.0,2.0,1.0,2.0,2.0,,,,,,2.0,1.0,1.0,2.0,2.0,1.0,1.0,2.0,2.0,2.0,,,,,,2.0,1.0,2.0,1.0,2.0,,,,,3,1033,2066,1033.0,2066.0,U,3,280,6307,True,"Robo en transporte público, Robo en calle, Extorsión",Mujer
38626,1402581.05,1402581.05.01,1402581.05.01.01,1402581,5,1,A,1,1,67,2.0,14,JALISCO,39,GUADALAJARA,3,0,1,0,0,1,0,0,0,0,0,1,0,0,0,2,2,2,2,1,2,3,2,1,2,2,3,2,3,2,4,1,1,0,0,1,0,0,1,1,0,1,0,0,0,0,0,0,0,0,1,1,9,4,4,4,2,,2,,1,2.0,2,,1,9.0,2,,1,1,2,3,3,2,3,2,2,3,2,3,3,2,2,1,2,2,2,2,2,2,2,2,2,2,2,,2,2,2,1,2,2,2,1,2,1,2,2,2,3,1,1,1,5,1,2.0,1.0,2.0,1.0,2,,,,,1,2.0,9.0,2.0,1.0,1,2.0,9.0,2.0,1.0,2,,,,2,,,,1,9.0,1.0,2.0,1,1.0,1.0,1.0,1,1.0,1.0,2.0,1,1.0,1.0,1.0,2,,,,2.0,1.0,2.0,1.0,2.0,,,,,,2.0,1.0,2.0,1.0,2.0,2.0,1.0,2.0,1.0,2.0,,,,,,,,,,,2.0,2.0,2.0,1.0,2.0,2.0,1.0,2.0,1.0,2.0,2.0,1.0,2.0,1.0,2.0,2.0,1.0,2.0,1.0,2.0,,,,,4,1033,4132,1033.0,4132.0,U,3,280,6307,True,"Robo accesorios vehículo, Robo en calle, Amenazas",Hombre
38627,1402591.02,1402591.02.01,1402591.02.01.01,1402591,2,1,B,1,2,45,2.0,14,JALISCO,39,GUADALAJARA,3,0,0,0,1,1,0,0,0,0,1,0,0,0,0,2,2,2,1,1,2,3,1,1,2,2,3,2,2,2,3,0,0,0,0,0,0,0,1,1,0,0,0,0,0,0,0,0,0,0,1,2,2,3,4,4,2,,2,,2,,2,,2,,2,,2,1,2,2,2,2,3,3,2,2,2,3,2,2,2,2,2,2,2,2,2,2,2,2,2,2,2,,3,1,2,2,2,3,3,3,3,3,3,3,3,3,1,1,1,1,1,4.0,2.0,4.0,2.0,1,3.0,2.0,4.0,2.0,1,4.0,2.0,4.0,2.0,1,4.0,2.0,4.0,2.0,2,,,,2,,,,2,,,,1,4.0,2.0,4.0,2,,,,2,,,,2,,,,2.0,1.0,2.0,2.0,2.0,2.0,1.0,2.0,2.0,2.0,2.0,1.0,2.0,2.0,2.0,2.0,2.0,1.0,2.0,2.0,,,,,,,,,,,,,,,,2.0,1.0,2.0,2.0,2.0,,,,,,,,,,,,,,,3,908,3632,908.0,3632.0,U,2,279,6257,True,"Robo en transporte público, Robo en calle, Lesiones",Mujer
38628,1402591.03,1402591.03.01,1402591.03.01.01,1402591,3,1,B,1,1,68,2.0,14,JALISCO,39,GUADALAJARA,3,0,0,0,1,0,0,0,0,0,1,1,0,0,0,1,2,2,1,1,2,3,1,1,1,2,3,2,2,1,3,1,0,0,0,1,0,1,0,1,1,0,0,1,1,1,0,0,0,0,1,1,2,3,9,3,2,,2,,2,,2,,2,,2,,2,3,2,2,2,1,3,3,2,2,2,1,3,2,2,1,2,2,2,2,2,2,2,2,2,2,2,,1,1,2,2,2,2,2,2,2,2,2,2,2,2,1,1,1,1,1,2.0,2.0,3.0,2.0,1,3.0,2.0,2.0,2.0,2,,,,,1,3.0,2.0,3.0,2.0,2,,,,2,,,,2,,,,2,,,,2,,,,2,,,,2,,,,2.0,1.0,2.0,2.0,2.0,2.0,1.0,2.0,2.0,2.0,,,,,,2.0,1.0,2.0,2.0,2.0,,,,,,,,,,,,,,,,,,,,,,,,,,,,,,,,,,,4,908,3632,908.0,3632.0,U,2,279,6257,True,"Robo en transporte público, Lesiones, Amenazas",Hombre
38629,1402591.05,1402591.05.01,1402591.05.01.05,1402591,5,1,B,5,2,32,2.0,14,JALISCO,39,GUADALAJARA,3,0,0,1,0,1,0,0,1,0,0,0,0,0,0,2,2,2,1,1,2,3,1,1,2,2,3,2,2,2,3,0,0,0,0,0,0,0,1,0,0,1,0,0,0,0,0,1,0,0,1,1,1,4,4,4,1,2.0,1,2.0,1,2.0,2,,1,2.0,1,2.0,1,1,1,3,3,1,3,3,2,3,3,3,3,2,2,2,1,2,2,2,2,2,2,2,2,2,2,2000.0,2,1,2,2,2,2,2,3,3,3,3,3,2,2,3,3,3,2,1,2.0,1.0,2.0,1.0,1,2.0,1.0,2.0,1.0,1,2.0,1.0,2.0,1.0,1,2.0,1.0,2.0,1.0,2,,,,2,,,,2,,,,1,2.0,1.0,2.0,2,,,,2,,,,1,2.0,1.0,2.0,2.0,1.0,2.0,2.0,2.0,2.0,1.0,2.0,2.0,2.0,2.0,1.0,2.0,2.0,2.0,2.0,1.0,2.0,2.0,2.0,,,,,,,,,,,,,,,,2.0,1.0,2.0,2.0,2.0,,,,,,,,,,,1.0,2.0,2.0,2.0,2,908,7264,908.0,7264.0,U,2,279,6257,True,"Robo en vivienda, Robo en calle, Extorsión",Mujer
38630,1402619.01,1402619.01.01,1402619.01.01.03,1402619,1,1,B,3,2,23,2.0,14,JALISCO,39,GUADALAJARA,3,0,1,1,0,1,0,0,0,0,0,0,0,0,0,1,2,2,1,3,2,1,1,2,2,2,2,2,2,2,4,0,0,0,0,0,0,0,0,0,0,1,0,0,1,0,0,0,0,0,1,1,2,3,3,3,1,2.0,2,,2,,2,,1,2.0,2,,1,1,2,2,2,1,2,2,2,1,2,2,2,2,2,2,2,2,2,2,2,2,2,2,2,2,2,,3,3,2,2,2,2,2,2,2,3,3,3,1,3,2,2,1,1,1,2.0,1.0,3.0,1.0,2,,,,,1,2.0,1.0,3.0,1.0,1,2.0,1.0,3.0,1.0,2,,,,1,2.0,1.0,3.0,2,,,,1,2.0,1.0,1.0,2,,,,1,1.0,2.0,1.0,2,,,,2.0,1.0,2.0,2.0,2.0,,,,,,1.0,2.0,2.0,2.0,2.0,2.0,1.0,2.0,2.0,2.0,,,,,,2.0,1.0,2.0,2.0,2.0,,,,,,2.0,1.0,2.0,2.0,2.0,,,,,,2.0,1.0,2.0,2.0,2.0,,,,,4,940,2819,940.0,2819.0,U,3,280,6355,True,"Robo accesorios vehículo, Robo en vivienda, Robo en calle",Mujer
38631,1402619.02,1402619.02.01,1402619.02.01.01,1402619,2,1,B,1,1,67,2.0,14,JALISCO,39,GUADALAJARA,3,0,0,0,0,0,0,1,1,1,0,0,0,0,0,1,2,2,1,3,1,3,1,1,2,2,2,1,2,3,2,1,0,0,0,0,0,0,1,0,0,0,0,0,1,0,0,0,0,0,2,2,1,1,4,4,2,,1,2.0,1,2.0,2,,1,2.0,1,2.0,2,1,2,3,2,1,3,3,2,3,2,2,3,2,2,2,1,2,2,2,2,2,2,2,2,2,2,8000.0,3,3,3,2,2,2,2,2,2,3,3,3,2,3,1,5,1,1,1,3.0,1.0,3.0,1.0,1,3.0,1.0,3.0,1.0,1,2.0,1.0,2.0,1.0,1,1.0,1.0,1.0,1.0,2,,,,2,,,,2,,,,1,1.0,1.0,1.0,1,1.0,1.0,1.0,1,1.0,1.0,1.0,2,,,,1.0,2.0,2.0,2.0,2.0,1.0,2.0,2.0,2.0,2.0,2.0,2.0,1.0,2.0,2.0,2.0,2.0,2.0,1.0,2.0,,,,,,,,,,,,,,,,2.0,2.0,2.0,1.0,2.0,2.0,2.0,2.0,1.0,2.0,2.0,2.0,2.0,1.0,2.0,,,,,3,940,940,940.0,940.0,U,3,280,6355,True,"Fraude bancario, Extorsión, Delito sexual",Hombre
38632,1402619.03,1402619.03.01,1402619.03.01.02,1402619,3,1,A,2,2,61,2.0,14,JALISCO,39,GUADALAJARA,3,0,0,1,0,1,0,0,1,0,0,0,0,0,0,2,2,2,1,2,2,3,2,2,2,2,3,2,2,2,3,0,0,0,0,0,0,0,1,0,1,0,0,0,1,0,0,0,0,0,1,1,1,4,4,4,2,,1,2.0,1,2.0,2,,1,2.0,2,,1,1,2,3,1,1,3,3,2,2,2,2,3,2,2,2,1,2,2,2,2,2,2,2,2,2,2,3000.0,3,3,2,2,2,2,2,2,2,2,3,3,2,2,1,1,1,1,1,4.0,1.0,2.0,1.0,1,4.0,1.0,2.0,1.0,1,4.0,1.0,2.0,1.0,1,3.0,1.0,2.0,1.0,2,,,,2,,,,2,,,,1,2.0,1.0,2.0,2,,,,1,9.0,1.0,2.0,2,,,,2.0,1.0,2.0,2.0,2.0,2.0,1.0,2.0,2.0,2.0,2.0,1.0,2.0,2.0,2.0,2.0,1.0,2.0,2.0,2.0,,,,,,,,,,,,,,,,2.0,1.0,2.0,2.0,2.0,,,,,,2.0,1.0,2.0,2.0,2.0,,,,,3,940,3759,940.0,3759.0,U,3,280,6355,True,"Robo en vivienda, Robo en calle, Extorsión",Mujer
38633,1402619.04,1402619.04.01,1402619.04.01.01,1402619,4,1,B,1,2,71,2.0,14,JALISCO,39,GUADALAJARA,3,0,0,0,1,1,0,0,0,0,1,0,0,0,0,1,1,1,1,3,1,3,9,9,9,9,9,2,9,9,4,0,0,0,0,0,0,0,0,0,0,0,0,0,0,0,0,0,0,1,1,1,1,4,4,4,2,,2,,2,,2,,2,,2,,9,3,1,1,1,1,3,9,9,1,2,3,3,3,3,3,2,2,2,2,2,2,2,2,2,2,2,,2,2,2,2,2,2,2,2,2,2,2,2,2,2,3,5,2,4,2,,,,,2,,,,,2,,,,,2,,,,,2,,,,2,,,,2,,,,2,,,,2,,,,2,,,,2,,,,,,,,,,,,,,,,,,,,,,,,,,,,,,,,,,,,,,,,,,,,,,,,,,,,,,,,,,9,940,940,940.0,940.0,U,3,280,6355,True,"Robo en transporte público, Robo en calle, Lesiones",Mujer
38634,1402619.05,1402619.05.01,1402619.05.01.02,1402619,5,1,B,2,2,36,2.0,14,JALISCO,39,GUADALAJARA,3,0,0,1,0,1,0,1,0,0,0,0,0,0,0,2,2,2,1,1,3,2,2,2,2,2,2,2,2,2,3,1,0,0,0,1,0,0,1,1,0,0,0,0,0,0,0,0,0,0,1,1,1,4,4,4,2,,1,2.0,1,2.0,2,,1,2.0,2,,2,2,2,2,2,1,3,2,2,3,2,2,3,2,2,2,2,2,2,2,2,2,2,2,2,2,2,,3,3,3,3,3,3,3,3,3,3,3,3,3,2,2,1,1,1,1,3.0,1.0,2.0,1.0,1,2.0,1.0,2.0,1.0,1,2.0,1.0,2.0,1.0,2,,,,,1,2.0,1.0,1.0,2,,,,2,,,,1,3.0,1.0,2.0,2,,,,2,,,,2,,,,2.0,1.0,2.0,2.0,2.0,2.0,1.0,2.0,2.0,2.0,2.0,1.0,2.0,2.0,2.0,,,,,,2.0,1.0,2.0,2.0,2.0,,,,,,,,,,,2.0,1.0,2.0,2.0,2.0,,,,,,,,,,,,,,,4,940,1879,940.0,1879.0,U,3,280,6355,True,"Robo en vivienda, Robo en calle, Fraude bancario",Mujer
38635,1402620.01,1402620.01.01,1402620.01.01.01,1402620,1,1,B,1,1,35,2.0,14,JALISCO,39,GUADALAJARA,3,0,0,0,0,0,0,1,1,0,1,0,0,0,0,1,1,1,1,1,2,3,1,1,1,1,2,1,1,2,2,1,0,0,0,0,0,0,0,0,1,0,0,0,0,0,0,0,0,0,1,1,1,2,9,9,1,2.0,1,2.0,2,,2,,2,,1,2.0,2,2,2,2,2,2,3,2,2,2,2,2,2,2,2,2,2,2,2,2,2,2,2,2,2,2,2,,1,1,2,2,2,2,2,2,2,2,3,3,3,3,2,2,1,2,1,1.0,2.0,2.0,2.0,1,2.0,2.0,3.0,2.0,1,3.0,2.0,3.0,2.0,2,,,,,2,,,,2,,,,2,,,,1,3.0,2.0,2.0,2,,,,2,,,,2,,,,2.0,1.0,1.0,2.0,2.0,2.0,2.0,1.0,2.0,2.0,2.0,1.0,1.0,2.0,2.0,,,,,,,,,,,,,,,,,,,,,2.0,2.0,1.0,1.0,2.0,,,,,,,,,,,,,,,2,1023,2047,1023.0,2047.0,U,3,280,6312,True,"Fraude bancario, Extorsión, Lesiones",Hombre
38636,1402620.02,1402620.02.01,1402620.02.01.01,1402620,2,1,B,1,2,55,2.0,14,JALISCO,39,GUADALAJARA,3,0,0,0,0,1,0,0,0,1,1,0,0,0,0,2,2,2,2,3,2,3,2,2,2,2,2,2,2,2,3,0,0,1,0,0,0,0,0,1,0,0,1,1,0,0,0,0,0,0,1,1,1,4,4,4,1,2.0,1,2.0,2,,1,2.0,1,2.0,2,,1,3,1,1,1,1,3,1,1,1,1,1,1,1,1,1,1,1,2,2,2,2,2,2,2,2,2,25000.0,1,1,2,2,2,2,3,3,3,3,3,3,3,3,4,5,1,1,1,2.0,2.0,2.0,2.0,1,2.0,2.0,2.0,2.0,1,2.0,2.0,3.0,2.0,1,2.0,2.0,2.0,1.0,2,,,,2,,,,2,,,,1,2.0,1.0,2.0,2,,,,2,,,,2,,,,2.0,1.0,2.0,2.0,2.0,2.0,1.0,1.0,2.0,2.0,2.0,1.0,1.0,2.0,2.0,2.0,2.0,1.0,2.0,2.0,,,,,,,,,,,,,,,,2.0,1.0,1.0,2.0,2.0,,,,,,,,,,,,,,,2,1023,1023,1023.0,1023.0,U,3,280,6312,True,"Robo en calle, Delito sexual, Lesiones",Mujer
38637,1402620.03,1402620.03.01,1402620.03.01.04,1402620,3,1,B,4,1,18,2.0,14,JALISCO,39,GUADALAJARA,3,0,0,0,0,1,0,0,1,0,0,1,0,0,0,1,2,2,1,3,2,2,1,1,1,3,1,1,1,2,1,1,1,0,0,1,0,0,1,1,1,1,1,1,1,1,0,0,0,0,1,1,2,4,4,4,2,,1,2.0,1,2.0,1,2.0,1,1.0,1,1.0,2,3,2,2,2,2,2,2,2,3,2,3,3,2,2,2,2,2,2,2,2,2,2,2,2,2,2,,3,3,3,3,3,3,3,3,3,1,3,3,3,3,3,3,1,1,2,,,,,2,,,,,2,,,,,2,,,,,2,,,,2,,,,2,,,,2,,,,2,,,,2,,,,2,,,,,,,,,,,,,,,,,,,,,,,,,,,,,,,,,,,,,,,,,,,,,,,,,,,,,,,,,,3,1023,5117,1023.0,5117.0,U,3,280,6312,True,"Robo en calle, Extorsión, Amenazas",Hombre
38638,1402620.04,1402620.04.01,1402620.04.01.01,1402620,4,1,B,1,1,64,2.0,14,JALISCO,39,GUADALAJARA,3,0,0,0,0,1,0,1,0,0,0,1,0,0,0,2,2,2,1,1,2,3,2,2,2,2,2,2,2,2,4,1,0,0,0,0,0,0,0,1,1,1,0,0,0,0,0,0,0,0,1,1,1,3,3,3,2,,1,2.0,2,,2,,2,,2,,1,2,1,1,1,1,3,3,1,1,1,1,2,1,1,1,1,1,2,2,2,2,2,2,2,2,2,15000.0,1,1,2,2,1,2,2,2,2,1,3,3,1,3,1,3,1,1,1,2.0,2.0,2.0,2.0,1,4.0,2.0,3.0,2.0,2,,,,,1,2.0,2.0,3.0,2.0,2,,,,2,,,,2,,,,2,,,,2,,,,2,,,,2,,,,2.0,1.0,2.0,2.0,2.0,2.0,1.0,2.0,2.0,2.0,,,,,,1.0,2.0,1.0,2.0,2.0,,,,,,,,,,,,,,,,,,,,,,,,,,,,,,,,,,,2,1023,4093,1023.0,4093.0,U,3,280,6312,True,"Robo en calle, Fraude bancario, Amenazas",Hombre
38639,1402620.05,1402620.05.01,1402620.05.01.02,1402620,5,1,B,2,2,35,2.0,14,JALISCO,39,GUADALAJARA,3,0,0,0,0,1,0,0,1,1,0,0,0,0,0,2,2,2,1,2,2,3,2,2,2,2,2,1,1,2,4,1,0,0,0,0,0,0,1,1,1,0,0,0,0,0,0,0,0,0,1,1,1,3,3,3,2,,2,,2,,2,,2,,2,,1,1,2,1,1,1,3,2,1,2,1,1,3,2,2,2,2,2,2,2,2,2,2,2,2,2,2,,2,1,2,2,2,2,2,2,2,1,3,3,3,3,3,3,3,3,1,3.0,1.0,3.0,2.0,1,4.0,1.0,4.0,9.0,1,4.0,2.0,4.0,2.0,1,4.0,2.0,3.0,1.0,2,,,,2,,,,2,,,,2,,,,2,,,,2,,,,2,,,,2.0,1.0,1.0,1.0,2.0,2.0,1.0,1.0,1.0,2.0,2.0,1.0,1.0,1.0,2.0,2.0,1.0,1.0,1.0,2.0,,,,,,,,,,,,,,,,,,,,,,,,,,,,,,,,,,,3,1023,3070,1023.0,3070.0,U,3,280,6312,True,"Robo en calle, Extorsión, Delito sexual",Mujer
38640,1402640.01,1402640.01.01,1402640.01.01.04,1402640,1,1,A,4,2,21,2.0,14,JALISCO,39,GUADALAJARA,3,0,0,1,0,1,0,0,1,0,0,0,0,0,0,2,1,2,2,3,2,1,2,2,2,2,2,2,2,2,3,0,0,0,0,1,0,0,1,0,1,0,0,0,1,0,0,0,0,0,1,1,1,4,4,4,1,1.0,1,2.0,1,2.0,1,2.0,1,2.0,1,2.0,1,1,1,1,1,1,2,2,2,3,2,3,3,2,2,2,2,2,2,1,2,2,2,2,2,2,2,4000.0,2,3,2,2,2,2,2,3,2,3,3,3,2,2,1,1,1,1,1,3.0,1.0,3.0,1.0,1,3.0,1.0,3.0,1.0,1,3.0,1.0,3.0,1.0,1,3.0,1.0,3.0,1.0,2,,,,2,,,,2,,,,1,3.0,1.0,3.0,2,,,,1,3.0,1.0,3.0,2,,,,2.0,1.0,2.0,2.0,2.0,2.0,1.0,2.0,2.0,2.0,2.0,1.0,2.0,2.0,2.0,2.0,1.0,2.0,2.0,2.0,,,,,,,,,,,,,,,,2.0,1.0,2.0,2.0,2.0,,,,,,2.0,1.0,2.0,2.0,2.0,,,,,2,1139,3418,1139.0,3418.0,U,3,280,6292,True,"Robo en vivienda, Robo en calle, Extorsión",Mujer
38641,1402640.02,1402640.02.01,1402640.02.01.02,1402640,2,1,B,2,2,56,2.0,14,JALISCO,39,GUADALAJARA,3,0,0,1,0,1,0,1,0,0,0,0,0,0,0,2,2,2,1,1,2,3,2,2,2,2,2,1,1,2,3,0,0,0,0,0,1,0,0,1,0,1,0,0,0,0,0,0,0,0,1,1,1,1,1,1,2,,2,,1,2.0,2,,1,2.0,1,9.0,2,3,2,2,2,1,3,3,1,1,2,1,1,3,2,1,1,2,2,2,2,2,2,2,2,2,2,1000.0,1,1,2,2,2,2,2,2,2,2,2,2,1,2,1,1,1,1,1,4.0,1.0,3.0,2.0,2,,,,,2,,,,,2,,,,,2,,,,2,,,,2,,,,1,4.0,1.0,3.0,2,,,,1,9.0,1.0,2.0,1,2.0,1.0,2.0,1.0,2.0,2.0,2.0,2.0,,,,,,,,,,,,,,,,,,,,,,,,,,,,,,,2.0,1.0,2.0,2.0,2.0,,,,,,2.0,2.0,1.0,2.0,2.0,2.0,1.0,2.0,2.0,4,1139,4558,1139.0,4558.0,U,3,280,6292,True,"Robo en vivienda, Robo en calle, Fraude bancario",Mujer
38642,1402640.04,1402640.04.01,1402640.04.01.03,1402640,4,1,A,3,2,29,2.0,14,JALISCO,39,GUADALAJARA,3,0,0,1,0,1,0,0,0,1,0,0,0,0,0,2,2,2,1,2,2,3,2,1,1,2,2,2,2,2,3,1,0,0,0,0,0,0,1,0,0,0,0,0,0,0,0,0,0,0,1,1,1,4,4,4,2,,2,,2,,2,,1,2.0,1,2.0,1,1,2,2,2,1,2,2,2,2,1,2,3,2,2,2,2,2,2,2,2,2,2,2,2,2,2,,3,3,3,3,3,3,3,1,3,3,1,1,3,2,1,1,1,1,1,3.0,1.0,4.0,9.0,1,4.0,1.0,4.0,1.0,1,4.0,1.0,4.0,1.0,1,4.0,1.0,4.0,1.0,2,,,,2,,,,2,,,,1,4.0,1.0,4.0,2,,,,2,,,,2,,,,2.0,1.0,2.0,2.0,2.0,2.0,1.0,2.0,2.0,2.0,2.0,1.0,2.0,2.0,2.0,2.0,1.0,2.0,2.0,2.0,,,,,,,,,,,,,,,,2.0,1.0,2.0,2.0,2.0,,,,,,,,,,,,,,,3,1139,3418,1139.0,3418.0,U,3,280,6292,True,"Robo en vivienda, Robo en calle, Delito sexual",Mujer
38643,1402640.05,1402640.05.01,1402640.05.01.01,1402640,5,1,B,1,1,52,2.0,14,JALISCO,39,GUADALAJARA,3,1,0,0,0,1,0,1,0,0,0,0,0,0,0,2,2,2,2,1,2,3,2,2,2,2,2,2,2,2,3,1,0,1,0,0,0,0,1,0,0,0,0,0,0,0,0,0,0,0,1,2,2,9,4,4,1,2.0,1,2.0,1,2.0,2,,2,,1,2.0,2,2,2,2,2,2,2,3,2,3,2,2,2,2,2,2,2,2,2,2,2,2,2,2,2,2,2,,1,2,2,2,2,2,2,2,2,2,2,2,2,2,2,2,2,2,1,2.0,1.0,2.0,1.0,1,2.0,1.0,4.0,1.0,1,2.0,1.0,3.0,1.0,1,2.0,1.0,3.0,1.0,1,2.0,1.0,3.0,2,,,,2,,,,1,2.0,1.0,1.0,2,,,,1,2.0,1.0,1.0,2,,,,2.0,1.0,2.0,2.0,2.0,2.0,1.0,2.0,2.0,2.0,2.0,1.0,2.0,2.0,2.0,2.0,1.0,2.0,2.0,2.0,2.0,1.0,2.0,2.0,2.0,,,,,,,,,,,2.0,1.0,2.0,2.0,2.0,,,,,,2.0,1.0,2.0,2.0,2.0,,,,,9,1139,4558,1139.0,4558.0,U,3,280,6292,True,"Robo vehículo, Robo en calle, Fraude bancario",Hombre
38644,1402659.01,1402659.01.01,1402659.01.01.03,1402659,1,1,A,3,2,30,2.0,14,JALISCO,39,GUADALAJARA,3,0,0,1,0,0,0,0,1,0,0,1,0,0,0,2,2,2,1,1,2,3,1,1,1,2,1,1,2,1,4,1,1,0,0,0,0,0,1,1,1,1,0,1,1,0,0,0,0,0,1,1,1,3,4,3,1,2.0,2,,1,9.0,1,9.0,1,9.0,9,,1,1,1,1,2,3,3,2,1,3,2,2,3,2,3,2,2,1,1,1,2,2,2,2,2,2,2,35000.0,1,1,2,2,1,3,3,1,3,3,2,2,1,3,2,1,1,1,1,3.0,1.0,3.0,1.0,1,2.0,1.0,3.0,1.0,1,3.0,1.0,3.0,1.0,1,2.0,2.0,2.0,1.0,2,,,,2,,,,1,9.0,9.0,9.0,1,2.0,1.0,2.0,2,,,,1,2.0,2.0,1.0,2,,,,2.0,1.0,1.0,1.0,2.0,1.0,1.0,1.0,1.0,2.0,1.0,1.0,1.0,1.0,2.0,2.0,1.0,1.0,1.0,2.0,,,,,,,,,,,2.0,1.0,2.0,2.0,2.0,2.0,1.0,1.0,1.0,2.0,,,,,,2.0,1.0,1.0,1.0,2.0,,,,,3,804,2412,804.0,2412.0,U,3,280,6382,True,"Robo en vivienda, Extorsión, Amenazas",Mujer
38645,1402659.02,1402659.02.01,1402659.02.01.03,1402659,2,1,B,3,2,44,2.0,14,JALISCO,39,GUADALAJARA,3,0,1,0,1,1,0,0,0,0,0,0,0,0,0,1,2,2,1,1,2,3,1,2,2,2,1,1,2,2,3,1,0,0,0,0,0,0,1,0,0,0,0,0,0,0,0,0,0,0,1,1,2,2,3,3,2,,1,2.0,1,2.0,2,,1,2.0,2,,2,1,2,2,2,1,3,2,2,1,2,2,2,2,1,2,2,2,2,2,2,2,2,2,2,2,2,,1,1,2,3,1,3,3,3,3,3,3,3,2,3,2,2,1,2,1,3.0,1.0,3.0,2.0,2,,,,,2,,,,,1,2.0,2.0,2.0,1.0,2,,,,2,,,,2,,,,1,2.0,2.0,2.0,2,,,,2,,,,2,,,,1.0,1.0,2.0,1.0,2.0,,,,,,,,,,,2.0,1.0,2.0,1.0,2.0,,,,,,,,,,,,,,,,2.0,1.0,2.0,1.0,2.0,,,,,,,,,,,,,,,3,804,2412,804.0,2412.0,U,3,280,6382,True,"Robo accesorios vehículo, Robo en transporte público, Robo en calle",Mujer
38646,1402659.03,1402659.03.01,1402659.03.01.02,1402659,3,1,B,2,2,47,2.0,14,JALISCO,39,GUADALAJARA,3,0,0,0,0,1,0,0,1,0,0,1,0,0,0,2,1,1,1,3,2,3,2,2,2,2,2,1,2,2,4,0,0,0,0,0,0,0,1,0,0,0,0,0,0,0,0,0,0,0,1,1,1,3,1,1,2,,2,,2,,2,,2,,2,,2,1,1,1,1,2,3,2,2,1,2,3,3,2,2,1,2,2,1,2,2,2,2,2,2,2,2,2000.0,1,3,2,2,2,3,3,2,2,3,2,2,3,3,2,5,1,5,2,,,,,2,,,,,2,,,,,2,,,,,2,,,,2,,,,2,,,,2,,,,2,,,,2,,,,2,,,,,,,,,,,,,,,,,,,,,,,,,,,,,,,,,,,,,,,,,,,,,,,,,,,,,,,,,,9,804,3216,804.0,3216.0,U,3,280,6382,True,"Robo en calle, Extorsión, Amenazas",Mujer
38647,1402659.03,1402659.03.02,1402659.03.02.02,1402659,3,2,B,2,2,46,2.0,14,JALISCO,39,GUADALAJARA,3,1,0,0,0,1,0,0,0,0,1,0,0,0,0,2,2,2,1,1,2,3,2,1,2,2,2,1,1,1,3,1,0,0,0,0,0,1,1,1,1,0,0,0,0,0,0,0,0,0,2,2,2,2,1,3,1,2.0,2,,2,,2,,1,2.0,1,2.0,3,2,2,2,2,2,3,2,1,1,2,2,3,2,2,2,2,2,2,2,2,2,2,2,2,2,2,,3,3,3,3,3,3,3,3,3,3,3,3,3,3,1,1,1,1,2,,,,,2,,,,,2,,,,,2,,,,,2,,,,2,,,,2,,,,2,,,,2,,,,2,,,,2,,,,,,,,,,,,,,,,,,,,,,,,,,,,,,,,,,,,,,,,,,,,,,,,,,,,,,,,,,9,804,2412,804.0,2412.0,U,3,280,6382,True,"Robo vehículo, Robo en calle, Lesiones",Mujer
38648,1402659.05,1402659.05.01,1402659.05.01.03,1402659,5,1,B,3,1,19,2.0,14,JALISCO,39,GUADALAJARA,3,0,0,1,0,1,0,0,1,0,0,0,0,0,0,1,2,1,1,1,1,3,1,1,1,2,2,1,1,1,3,1,0,0,0,0,0,0,0,0,0,0,0,0,0,0,0,0,0,0,1,1,1,2,1,1,2,,2,,2,,2,,2,,2,,1,1,1,1,1,1,3,1,1,1,1,1,1,1,1,1,2,2,2,2,2,2,2,2,2,2,2,,1,1,1,1,1,3,3,3,2,2,1,2,2,3,1,1,1,1,1,3.0,1.0,3.0,1.0,1,3.0,1.0,3.0,1.0,1,2.0,2.0,2.0,1.0,1,1.0,2.0,1.0,1.0,1,2.0,2.0,1.0,1,1.0,2.0,1.0,1,1.0,2.0,1.0,1,1.0,2.0,1.0,1,1.0,2.0,1.0,1,1.0,2.0,1.0,1,2.0,2.0,2.0,1.0,1.0,1.0,1.0,2.0,1.0,1.0,1.0,1.0,2.0,1.0,1.0,1.0,1.0,2.0,1.0,1.0,1.0,1.0,2.0,1.0,1.0,1.0,1.0,2.0,1.0,1.0,1.0,1.0,2.0,1.0,1.0,1.0,1.0,2.0,1.0,1.0,1.0,1.0,2.0,1.0,1.0,1.0,1.0,2.0,2.0,1.0,1.0,1.0,2.0,1.0,1.0,1.0,2.0,4,804,2412,804.0,2412.0,U,3,280,6382,True,"Robo en vivienda, Robo en calle, Extorsión",Hombre
38649,1402679.01,1402679.01.01,1402679.01.01.03,1402679,1,1,B,3,2,50,2.0,14,JALISCO,39,GUADALAJARA,3,0,0,0,1,1,0,0,0,0,0,1,0,0,0,1,1,1,1,3,2,3,1,1,2,2,1,1,1,1,2,1,0,0,0,0,0,0,0,1,0,0,0,0,0,0,0,0,0,0,1,1,1,3,3,3,1,2.0,2,,2,,2,,2,,2,,2,1,2,2,2,1,3,3,2,3,2,2,3,3,2,2,2,1,1,2,2,2,2,2,2,2,2,200.0,2,3,3,3,3,3,3,3,3,3,3,3,3,3,4,5,1,5,2,,,,,2,,,,,2,,,,,2,,,,,2,,,,2,,,,2,,,,2,,,,1,2.0,2.0,1.0,1,1.0,2.0,1.0,2,,,,,,,,,,,,,,,,,,,,,,,,,,,,,,,,,,,,,,,,,,,,2.0,2.0,2.0,1.0,2.0,2.0,1.0,2.0,1.0,2.0,,,,,9,990,2969,990.0,2969.0,U,3,280,6323,True,"Robo en transporte público, Robo en calle, Amenazas",Mujer
38650,1402679.02,1402679.02.01,1402679.02.01.01,1402679,2,1,B,1,2,79,2.0,14,JALISCO,39,GUADALAJARA,3,0,0,0,1,0,0,1,0,1,0,0,0,0,0,1,2,2,1,3,2,3,2,3,2,2,2,2,2,2,3,0,1,0,0,0,1,0,1,0,1,0,0,0,0,1,0,0,0,0,2,2,2,1,3,3,1,1.0,1,1.0,2,,2,,2,,2,,2,2,2,2,2,2,3,3,2,2,2,2,3,2,2,1,2,2,2,2,2,2,2,2,2,2,2,,2,1,2,2,3,3,3,2,2,3,2,2,2,3,2,5,1,1,2,,,,,2,,,,,2,,,,,2,,,,,2,,,,2,,,,2,,,,2,,,,2,,,,2,,,,2,,,,,,,,,,,,,,,,,,,,,,,,,,,,,,,,,,,,,,,,,,,,,,,,,,,,,,,,,,4,990,990,990.0,990.0,U,3,280,6323,True,"Robo en transporte público, Fraude bancario, Delito sexual",Mujer
38651,1402679.02,1402679.02.02,1402679.02.02.01,1402679,2,2,A,1,1,61,2.0,14,JALISCO,39,GUADALAJARA,3,0,0,1,0,0,0,0,1,0,0,1,0,0,0,1,2,2,1,1,2,3,1,1,2,2,2,2,2,2,3,0,0,1,0,0,0,0,0,1,0,0,0,0,0,0,0,0,0,0,1,1,1,4,3,3,2,,1,1.0,2,,2,,1,2.0,1,2.0,2,1,2,2,3,2,3,3,1,1,1,2,3,3,2,2,2,1,2,2,2,2,2,2,2,2,2,1000.0,2,1,2,2,2,3,3,2,1,3,2,2,3,3,2,1,1,1,1,2.0,1.0,4.0,1.0,1,2.0,1.0,4.0,2.0,1,4.0,1.0,2.0,1.0,1,4.0,1.0,2.0,1.0,2,,,,1,4.0,1.0,3.0,1,2.0,1.0,2.0,1,1.0,2.0,1.0,1,1.0,2.0,1.0,1,1.0,2.0,1.0,1,4.0,1.0,4.0,1.0,1.0,2.0,1.0,2.0,1.0,1.0,1.0,1.0,2.0,2.0,1.0,1.0,1.0,2.0,2.0,1.0,1.0,1.0,2.0,,,,,,2.0,2.0,1.0,1.0,2.0,2.0,1.0,1.0,1.0,2.0,2.0,1.0,2.0,1.0,2.0,2.0,1.0,1.0,1.0,2.0,2.0,1.0,1.0,1.0,2.0,2.0,1.0,1.0,2.0,3,990,1979,990.0,1979.0,U,3,280,6323,True,"Robo en vivienda, Extorsión, Amenazas",Hombre
38652,1402679.03,1402679.03.01,1402679.03.01.02,1402679,3,1,B,2,2,28,2.0,14,JALISCO,39,GUADALAJARA,3,0,0,0,0,1,0,0,1,0,1,0,0,0,0,2,2,2,1,2,2,3,2,1,2,2,2,1,1,1,3,1,1,0,0,0,0,0,0,1,0,0,0,0,0,0,0,0,0,0,2,2,2,4,4,4,2,,2,,2,,2,,2,,2,,2,2,2,2,2,2,3,2,2,2,2,2,2,2,2,2,2,2,2,2,2,2,2,2,2,2,2,,3,3,2,2,2,3,3,2,2,3,3,3,2,3,2,2,2,2,1,3.0,1.0,4.0,2.0,1,3.0,1.0,4.0,2.0,1,4.0,1.0,4.0,2.0,1,3.0,1.0,3.0,2.0,2,,,,1,3.0,1.0,3.0,2,,,,1,2.0,1.0,2.0,1,2.0,2.0,2.0,2,,,,2,,,,1.0,1.0,2.0,2.0,2.0,2.0,1.0,2.0,1.0,2.0,1.0,1.0,2.0,1.0,2.0,2.0,1.0,2.0,1.0,2.0,,,,,,2.0,2.0,2.0,1.0,2.0,,,,,,2.0,1.0,2.0,1.0,2.0,2.0,2.0,2.0,1.0,2.0,,,,,,,,,,2,990,1979,990.0,1979.0,U,3,280,6323,True,"Robo en calle, Extorsión, Lesiones",Mujer
38653,1402679.05,1402679.05.01,1402679.05.01.01,1402679,5,1,B,1,2,43,2.0,14,JALISCO,39,GUADALAJARA,3,0,1,0,0,1,0,1,0,0,0,0,0,0,0,2,2,2,2,1,2,3,1,1,2,2,2,1,2,2,4,1,1,0,0,0,0,0,0,1,0,1,0,0,0,1,0,0,0,0,1,2,1,3,3,3,2,,2,,2,,2,,1,2.0,2,,2,1,1,2,2,1,3,2,2,3,2,1,3,2,2,2,2,2,2,2,2,2,2,2,2,2,2,,3,3,3,3,3,3,3,3,3,3,3,3,1,3,3,1,1,1,1,2.0,1.0,3.0,2.0,1,3.0,1.0,3.0,1.0,1,2.0,2.0,9.0,1.0,1,1.0,2.0,1.0,1.0,1,1.0,2.0,1.0,1,1.0,2.0,1.0,1,1.0,2.0,1.0,1,1.0,2.0,1.0,1,1.0,2.0,1.0,1,1.0,2.0,1.0,2,,,,2.0,1.0,1.0,1.0,2.0,2.0,1.0,1.0,1.0,2.0,2.0,1.0,1.0,1.0,2.0,2.0,1.0,1.0,1.0,2.0,2.0,1.0,1.0,1.0,2.0,2.0,1.0,1.0,1.0,2.0,2.0,2.0,1.0,1.0,2.0,2.0,1.0,1.0,1.0,2.0,2.0,1.0,1.0,1.0,2.0,2.0,1.0,1.0,1.0,2.0,,,,,9,990,3958,990.0,3958.0,U,3,280,6323,True,"Robo accesorios vehículo, Robo en calle, Fraude bancario",Mujer
38654,1402682.01,1402682.01.01,1402682.01.01.01,1402682,1,1,B,1,1,41,2.0,14,JALISCO,39,GUADALAJARA,3,0,0,1,0,1,0,0,0,1,0,0,0,0,0,1,2,2,1,1,2,3,1,1,2,2,1,1,1,2,3,1,0,1,0,0,1,0,1,1,0,1,0,0,1,0,0,0,0,0,1,1,1,3,3,3,2,,2,,2,,2,,1,1.0,2,,2,3,2,2,2,1,3,2,1,2,2,1,3,2,2,2,2,2,2,2,2,2,2,2,2,2,2,,1,2,2,2,2,3,3,3,3,3,3,3,3,3,2,1,1,1,1,3.0,2.0,3.0,2.0,1,2.0,2.0,3.0,2.0,2,,,,,1,2.0,2.0,3.0,2.0,2,,,,2,,,,2,,,,2,,,,2,,,,2,,,,2,,,,2.0,1.0,2.0,2.0,2.0,2.0,1.0,2.0,2.0,2.0,,,,,,2.0,1.0,2.0,2.0,2.0,,,,,,,,,,,,,,,,,,,,,,,,,,,,,,,,,,,3,1005,2009,1005.0,2009.0,U,3,280,6319,True,"Robo en vivienda, Robo en calle, Delito sexual",Hombre
38655,1402682.02,1402682.02.01,1402682.02.01.02,1402682,2,1,B,2,1,29,2.0,14,JALISCO,39,GUADALAJARA,3,0,0,0,0,1,0,1,1,0,0,0,0,0,0,2,2,2,2,2,2,3,1,1,2,2,1,2,1,2,4,1,0,0,0,0,0,0,1,0,0,0,0,0,1,0,0,0,0,0,1,1,2,4,4,4,2,,2,,2,,2,,1,2.0,2,,2,3,2,2,2,2,3,3,3,2,2,2,3,3,2,2,1,2,2,2,2,2,2,2,2,2,2,8000.0,1,3,3,3,3,3,3,2,2,2,1,2,2,3,2,2,1,1,1,2.0,1.0,4.0,1.0,1,2.0,1.0,3.0,2.0,1,2.0,1.0,3.0,2.0,1,1.0,1.0,2.0,2.0,2,,,,2,,,,1,3.0,1.0,2.0,1,2.0,2.0,2.0,2,,,,1,1.0,2.0,2.0,2,,,,2.0,1.0,2.0,2.0,2.0,2.0,1.0,2.0,2.0,2.0,2.0,1.0,2.0,2.0,2.0,2.0,1.0,2.0,2.0,2.0,,,,,,,,,,,2.0,2.0,1.0,2.0,2.0,2.0,1.0,2.0,2.0,2.0,,,,,,2.0,2.0,1.0,2.0,2.0,,,,,2,1005,2009,1005.0,2009.0,U,3,280,6319,True,"Robo en calle, Fraude bancario, Extorsión",Hombre
38656,1402682.04,1402682.04.01,1402682.04.01.02,1402682,4,1,B,2,2,37,2.0,14,JALISCO,39,GUADALAJARA,3,0,0,1,0,1,0,0,0,1,0,0,0,0,0,2,2,2,1,1,2,3,2,2,2,2,1,1,1,2,4,1,0,0,0,0,0,0,0,1,0,0,0,0,0,0,0,0,0,0,1,1,1,4,4,4,2,,1,2.0,2,,2,,1,2.0,2,,1,1,2,3,2,1,3,3,3,3,2,2,2,2,2,2,2,2,2,2,2,2,2,2,2,2,2,,2,3,2,2,2,2,2,2,2,1,1,1,2,2,1,1,1,1,1,2.0,1.0,2.0,1.0,1,2.0,1.0,2.0,1.0,1,2.0,1.0,2.0,1.0,2,,,,,2,,,,2,,,,2,,,,1,1.0,1.0,1.0,2,,,,2,,,,2,,,,2.0,1.0,2.0,2.0,2.0,2.0,1.0,2.0,2.0,2.0,2.0,1.0,2.0,2.0,2.0,,,,,,,,,,,,,,,,,,,,,2.0,1.0,2.0,2.0,2.0,,,,,,,,,,,,,,,2,1005,2009,1005.0,2009.0,U,3,280,6319,True,"Robo en vivienda, Robo en calle, Delito sexual",Mujer
38657,1402682.05,1402682.05.01,1402682.05.01.02,1402682,5,1,B,2,2,50,2.0,14,JALISCO,39,GUADALAJARA,3,0,0,0,0,1,0,0,1,1,0,0,0,0,0,2,2,2,2,2,1,3,1,1,2,3,2,2,2,2,3,1,0,0,0,0,0,0,1,1,0,0,0,0,0,0,0,0,0,0,1,2,2,1,1,1,1,2.0,1,2.0,2,,2,,1,2.0,2,,1,1,2,2,2,2,3,3,1,1,2,3,3,3,2,1,1,2,2,1,2,2,2,2,2,2,2,5000.0,2,1,1,1,1,2,2,1,2,1,1,1,2,2,2,2,1,1,1,3.0,1.0,2.0,1.0,1,3.0,1.0,2.0,1.0,1,2.0,1.0,2.0,1.0,1,2.0,1.0,2.0,1.0,2,,,,2,,,,2,,,,1,1.0,2.0,1.0,2,,,,1,1.0,2.0,1.0,2,,,,2.0,1.0,2.0,2.0,2.0,2.0,1.0,2.0,2.0,2.0,2.0,2.0,1.0,2.0,2.0,2.0,2.0,1.0,2.0,2.0,,,,,,,,,,,,,,,,2.0,2.0,1.0,2.0,2.0,,,,,,2.0,2.0,1.0,2.0,2.0,,,,,3,1005,3014,1005.0,3014.0,U,3,280,6319,True,"Robo en calle, Extorsión, Delito sexual",Mujer
38658,1402728.01,1402728.01.01,1402728.01.01.03,1402728,1,1,A,3,2,24,2.0,14,JALISCO,39,GUADALAJARA,3,0,0,0,1,1,0,0,0,1,0,0,0,0,0,1,2,2,1,2,2,3,2,2,2,2,2,2,2,2,3,1,1,0,0,0,0,0,1,1,1,0,0,0,0,1,0,0,0,0,1,1,1,3,3,1,1,2.0,2,,2,,2,,1,2.0,2,,2,2,2,1,1,1,3,2,1,1,2,1,3,2,1,2,2,2,2,2,2,2,2,2,2,2,2,,1,1,2,2,2,3,3,3,3,3,3,3,1,3,1,1,4,2,1,2.0,2.0,2.0,1.0,1,3.0,1.0,3.0,2.0,1,2.0,2.0,2.0,1.0,1,2.0,2.0,2.0,1.0,1,2.0,2.0,2.0,1,2.0,1.0,2.0,1,2.0,2.0,2.0,1,2.0,2.0,2.0,1,2.0,2.0,3.0,1,2.0,2.0,2.0,2,,,,2.0,1.0,1.0,1.0,2.0,2.0,1.0,2.0,2.0,2.0,2.0,1.0,2.0,2.0,2.0,2.0,1.0,2.0,1.0,2.0,2.0,1.0,1.0,1.0,2.0,2.0,1.0,2.0,2.0,2.0,1.0,1.0,1.0,2.0,2.0,2.0,1.0,2.0,1.0,2.0,2.0,1.0,2.0,1.0,2.0,2.0,1.0,2.0,1.0,2.0,,,,,4,1006,3018,1006.0,3018.0,U,2,279,6231,True,"Robo en transporte público, Robo en calle, Delito sexual",Mujer
38659,1402728.02,1402728.02.01,1402728.02.01.01,1402728,2,1,B,1,1,38,2.0,14,JALISCO,39,GUADALAJARA,3,0,0,0,0,1,0,0,0,0,1,1,0,0,0,1,2,2,1,2,2,3,2,1,1,1,2,1,1,1,1,1,0,0,0,1,0,0,1,0,1,0,0,0,0,0,0,0,0,0,1,1,2,1,4,4,1,1.0,1,1.0,1,1.0,2,,1,1.0,9,,2,2,2,2,3,2,3,2,2,3,2,2,2,2,2,2,2,2,2,2,2,2,2,2,2,2,2,,1,1,2,2,2,3,3,2,2,1,2,2,3,3,1,1,1,1,1,3.0,1.0,3.0,1.0,1,2.0,1.0,2.0,1.0,1,3.0,1.0,3.0,2.0,1,2.0,2.0,2.0,1.0,1,2.0,2.0,2.0,1,2.0,2.0,2.0,1,2.0,2.0,2.0,1,1.0,2.0,1.0,2,,,,2,,,,2,,,,1.0,1.0,2.0,1.0,2.0,1.0,1.0,2.0,1.0,2.0,2.0,1.0,2.0,1.0,2.0,1.0,1.0,2.0,1.0,2.0,1.0,1.0,2.0,1.0,2.0,2.0,2.0,2.0,1.0,2.0,1.0,1.0,2.0,1.0,2.0,2.0,1.0,2.0,1.0,2.0,,,,,,,,,,,,,,,2,1006,2012,1006.0,2012.0,U,2,279,6231,True,"Robo en calle, Lesiones, Amenazas",Hombre
38660,1402728.04,1402728.04.01,1402728.04.01.03,1402728,4,1,A,3,1,20,2.0,14,JALISCO,39,GUADALAJARA,3,0,0,1,1,0,0,0,0,0,0,1,0,0,0,1,2,2,1,3,1,1,2,2,1,1,2,1,2,2,3,1,0,0,0,1,0,0,1,1,1,0,0,0,0,1,0,0,0,0,1,1,1,3,4,4,1,2.0,2,,1,2.0,2,,1,2.0,1,1.0,1,3,1,3,1,1,2,2,1,1,2,2,3,2,3,2,2,1,2,1,2,2,2,2,2,2,2,2500.0,1,1,1,3,2,3,3,3,3,3,3,3,1,3,3,3,1,1,1,3.0,1.0,4.0,2.0,1,2.0,1.0,2.0,1.0,2,,,,,1,3.0,1.0,2.0,1.0,2,,,,1,4.0,2.0,1.0,2,,,,1,1.0,2.0,1.0,2,,,,2,,,,2,,,,1.0,1.0,1.0,1.0,2.0,1.0,1.0,1.0,1.0,2.0,,,,,,2.0,1.0,1.0,1.0,2.0,,,,,,2.0,1.0,1.0,1.0,2.0,,,,,,2.0,1.0,1.0,1.0,2.0,,,,,,,,,,,,,,,3,1006,3018,1006.0,3018.0,U,2,279,6231,True,"Robo en vivienda, Robo en transporte público, Amenazas",Hombre
38661,1402728.05,1402728.05.01,1402728.05.01.04,1402728,5,1,A,4,1,20,2.0,14,JALISCO,39,GUADALAJARA,3,0,1,0,0,0,0,0,0,1,0,1,0,0,0,2,2,2,1,1,2,3,1,1,1,1,1,2,2,1,2,1,0,0,0,0,0,0,0,0,0,0,0,0,0,0,0,0,0,0,1,2,2,1,3,4,2,,2,,1,2.0,2,,1,2.0,2,,2,1,2,2,2,2,3,2,2,2,2,2,2,2,2,2,2,2,2,1,2,2,2,1,2,2,2,5000.0,3,1,2,3,2,3,3,2,2,3,2,2,2,3,1,1,1,2,1,1.0,2.0,1.0,2.0,1,2.0,2.0,1.0,2.0,1,2.0,2.0,2.0,2.0,1,1.0,2.0,1.0,1.0,1,2.0,2.0,1.0,2,,,,2,,,,1,1.0,2.0,1.0,1,1.0,2.0,1.0,1,1.0,2.0,1.0,2,,,,2.0,1.0,2.0,1.0,2.0,2.0,1.0,2.0,1.0,2.0,2.0,1.0,2.0,1.0,2.0,2.0,1.0,2.0,1.0,2.0,2.0,1.0,2.0,1.0,2.0,,,,,,,,,,,2.0,1.0,2.0,1.0,2.0,2.0,1.0,2.0,1.0,2.0,2.0,1.0,2.0,1.0,2.0,,,,,4,1006,4024,1006.0,4024.0,U,2,279,6231,True,"Robo accesorios vehículo, Delito sexual, Amenazas",Hombre
38662,1402807.01,1402807.01.01,1402807.01.01.05,1402807,1,1,B,5,2,20,2.0,14,JALISCO,39,GUADALAJARA,3,0,0,0,0,1,1,0,0,0,1,0,0,0,0,1,1,1,1,3,2,3,2,1,2,2,2,1,2,2,2,1,1,0,0,0,0,0,0,1,0,0,0,0,0,0,0,0,0,0,1,2,2,1,1,1,1,2.0,2,,2,,2,,2,,2,,1,1,2,2,2,2,3,2,2,2,2,2,2,2,2,2,2,2,2,2,2,2,2,2,2,2,2,,2,2,2,2,3,3,2,2,2,1,2,2,2,2,3,5,2,2,2,,,,,2,,,,,2,,,,,2,,,,,2,,,,2,,,,2,,,,2,,,,2,,,,2,,,,1,3.0,2.0,2.0,,,,,,,,,,,,,,,,,,,,,,,,,,,,,,,,,,,,,,,,,,,,,,,,,,,2.0,1.0,2.0,2.0,4,1011,5053,1011.0,5053.0,U,3,280,6317,True,"Robo en calle, Secuestro, Lesiones",Mujer
38663,1402807.02,1402807.02.01,1402807.02.01.01,1402807,2,1,B,1,1,75,2.0,14,JALISCO,39,GUADALAJARA,3,0,0,1,0,1,0,0,0,0,1,0,0,0,0,2,2,2,1,3,2,3,3,3,3,3,3,3,3,3,3,1,0,0,0,1,0,0,1,1,1,0,1,1,1,0,0,0,0,0,2,2,2,1,1,1,1,2.0,2,,2,,2,,2,,2,,3,3,3,3,3,2,3,3,2,3,3,3,3,3,3,3,2,2,2,2,2,2,2,2,2,2,2,,1,2,1,1,1,3,2,3,1,1,1,1,1,3,2,5,1,2,2,,,,,1,2.0,1.0,3.0,1.0,2,,,,,1,1.0,2.0,1.0,1.0,2,,,,2,,,,2,,,,1,1.0,2.0,1.0,2,,,,1,1.0,2.0,1.0,2,,,,,,,,,2.0,1.0,2.0,2.0,2.0,,,,,,2.0,2.0,2.0,1.0,2.0,,,,,,,,,,,,,,,,2.0,2.0,2.0,1.0,2.0,,,,,,2.0,2.0,2.0,1.0,2.0,,,,,3,1011,1011,1011.0,1011.0,U,3,280,6317,True,"Robo en vivienda, Robo en calle, Lesiones",Hombre
38664,1402807.03,1402807.03.01,1402807.03.01.01,1402807,3,1,A,1,1,49,2.0,14,JALISCO,39,GUADALAJARA,3,0,0,0,0,1,0,0,0,0,1,1,0,0,0,2,2,2,2,2,2,3,2,2,2,2,2,2,2,3,2,1,0,1,0,1,0,1,1,1,0,0,0,0,1,1,1,1,0,0,1,1,1,3,1,1,1,2.0,2,,1,1.0,2,,1,1.0,2,,2,1,2,2,2,2,3,3,2,2,2,3,3,2,2,2,2,2,2,2,2,2,2,2,2,2,2,,1,1,2,1,3,3,3,1,3,3,3,3,3,3,3,1,3,4,1,3.0,1.0,3.0,2.0,1,3.0,1.0,4.0,1.0,1,9.0,1.0,2.0,1.0,1,4.0,2.0,3.0,1.0,1,4.0,1.0,3.0,2,,,,2,,,,1,2.0,2.0,2.0,2,,,,2,,,,2,,,,1.0,1.0,1.0,1.0,2.0,1.0,1.0,1.0,1.0,2.0,2.0,1.0,2.0,2.0,2.0,2.0,1.0,2.0,2.0,2.0,1.0,1.0,1.0,1.0,2.0,,,,,,,,,,,2.0,1.0,2.0,2.0,2.0,,,,,,,,,,,,,,,3,1011,4042,1011.0,4042.0,U,3,280,6317,True,"Robo en calle, Lesiones, Amenazas",Hombre
38665,1402807.04,1402807.04.01,1402807.04.01.01,1402807,4,1,B,1,2,52,2.0,14,JALISCO,39,GUADALAJARA,3,0,0,1,0,0,0,0,1,0,0,1,0,0,0,2,2,2,2,2,3,3,2,2,2,2,2,2,2,2,4,1,1,1,0,1,1,0,1,1,1,1,0,1,1,1,0,0,0,0,1,1,1,4,4,4,2,,2,,2,,1,1.0,1,1.0,1,1.0,1,1,2,1,3,1,3,2,1,1,2,1,3,1,1,1,2,1,2,2,2,2,2,2,2,2,2,250.0,1,3,3,3,2,3,3,3,3,1,2,2,2,2,2,3,2,2,1,4.0,1.0,4.0,2.0,2,,,,,2,,,,,2,,,,,2,,,,2,,,,2,,,,2,,,,2,,,,2,,,,2,,,,1.0,1.0,1.0,1.0,2.0,,,,,,,,,,,,,,,,,,,,,,,,,,,,,,,,,,,,,,,,,,,,,,,,,,4,1011,3032,1011.0,3032.0,U,3,280,6317,True,"Robo en vivienda, Extorsión, Amenazas",Mujer
38666,1402807.05,1402807.05.01,1402807.05.01.02,1402807,5,1,B,2,1,53,2.0,14,JALISCO,39,GUADALAJARA,3,0,1,0,0,1,0,0,0,0,0,1,0,0,0,2,2,2,1,2,2,3,3,3,3,3,3,2,2,3,3,1,0,0,0,0,0,0,0,0,1,1,0,0,1,0,0,0,0,0,1,1,1,3,3,3,2,,2,,2,,2,,1,2.0,2,,2,2,2,2,3,2,3,3,2,3,2,3,3,3,2,2,2,2,2,2,2,2,2,2,2,2,2,,2,2,2,2,2,2,2,3,2,2,2,3,2,2,4,5,2,2,1,3.0,1.0,3.0,2.0,1,3.0,1.0,3.0,2.0,1,3.0,1.0,3.0,2.0,1,2.0,2.0,2.0,1.0,2,,,,2,,,,2,,,,1,1.0,2.0,1.0,2,,,,2,,,,2,,,,1.0,1.0,2.0,2.0,2.0,1.0,1.0,2.0,2.0,2.0,1.0,1.0,2.0,1.0,2.0,1.0,2.0,2.0,1.0,2.0,,,,,,,,,,,,,,,,2.0,1.0,2.0,1.0,2.0,,,,,,,,,,,,,,,3,1011,2021,1011.0,2021.0,U,3,280,6317,True,"Robo accesorios vehículo, Robo en calle, Amenazas",Hombre
38667,1402818.01,1402818.01.01,1402818.01.01.01,1402818,1,1,B,1,2,72,2.0,14,JALISCO,39,GUADALAJARA,3,0,0,1,0,1,0,0,0,0,1,0,0,0,0,1,1,2,1,1,1,3,1,1,1,1,1,1,1,1,2,0,0,0,0,0,0,0,0,1,0,1,0,1,1,1,0,0,0,0,2,1,2,1,1,1,1,1.0,2,,1,1.0,2,,1,2.0,2,,2,2,2,2,2,1,3,3,2,3,2,2,3,2,3,2,2,2,2,2,2,2,2,2,2,2,2,,2,2,2,2,2,2,2,2,3,3,2,2,2,2,4,5,1,5,2,,,,,2,,,,,2,,,,,2,,,,,2,,,,2,,,,2,,,,2,,,,2,,,,2,,,,2,,,,,,,,,,,,,,,,,,,,,,,,,,,,,,,,,,,,,,,,,,,,,,,,,,,,,,,,,,4,975,1950,975.0,1950.0,U,2,279,6245,True,"Robo en vivienda, Robo en calle, Lesiones",Mujer
38668,1402818.02,1402818.02.01,1402818.02.01.02,1402818,2,1,B,2,2,26,2.0,14,JALISCO,39,GUADALAJARA,3,0,1,1,0,1,0,0,0,0,0,0,0,0,0,1,2,2,1,3,1,3,2,2,2,2,2,1,2,2,2,0,0,0,0,0,0,0,0,0,0,0,0,0,0,0,0,0,1,0,2,2,2,1,1,1,2,,2,,2,,2,,2,,2,,2,2,2,2,2,2,3,2,2,2,2,2,3,2,2,2,2,2,2,2,2,2,2,2,2,2,2,,1,1,1,1,2,2,2,1,2,1,2,2,2,2,1,5,1,1,1,2.0,9.0,2.0,1.0,1,2.0,1.0,2.0,1.0,1,2.0,9.0,2.0,1.0,1,2.0,2.0,2.0,1.0,2,,,,2,,,,2,,,,2,,,,2,,,,2,,,,2,,,,2.0,1.0,2.0,2.0,2.0,1.0,2.0,1.0,2.0,2.0,2.0,2.0,2.0,1.0,2.0,2.0,1.0,2.0,2.0,2.0,,,,,,,,,,,,,,,,,,,,,,,,,,,,,,,,,,,2,975,1950,975.0,1950.0,U,2,279,6245,True,"Robo accesorios vehículo, Robo en vivienda, Robo en calle",Mujer
38669,1402818.03,1402818.03.01,1402818.03.01.04,1402818,3,1,A,4,1,27,2.0,14,JALISCO,39,GUADALAJARA,3,0,0,0,0,1,0,0,1,0,0,1,0,0,0,2,2,2,2,2,2,3,1,1,1,2,2,1,1,1,3,1,1,0,1,1,1,0,1,1,1,0,0,0,1,1,0,0,0,0,1,1,1,3,3,1,2,,2,,1,2.0,2,,1,1.0,9,,2,3,2,2,1,2,3,2,2,1,2,2,2,2,2,2,2,2,2,2,2,2,2,2,2,2,2,,2,1,1,1,1,3,2,1,1,1,2,1,1,3,1,1,1,2,1,3.0,1.0,3.0,2.0,1,3.0,1.0,2.0,2.0,1,4.0,1.0,4.0,2.0,1,1.0,2.0,1.0,1.0,1,3.0,1.0,3.0,1,2.0,2.0,2.0,2,,,,1,1.0,2.0,1.0,1,1.0,2.0,1.0,1,2.0,2.0,2.0,1,2.0,2.0,2.0,1.0,1.0,1.0,1.0,2.0,1.0,1.0,1.0,1.0,2.0,1.0,1.0,1.0,1.0,2.0,2.0,1.0,1.0,1.0,2.0,2.0,1.0,1.0,1.0,2.0,1.0,1.0,1.0,1.0,2.0,,,,,,1.0,1.0,1.0,1.0,2.0,2.0,1.0,1.0,1.0,2.0,2.0,1.0,1.0,1.0,2.0,2.0,1.0,1.0,2.0,3,975,3900,975.0,3900.0,U,2,279,6245,True,"Robo en calle, Extorsión, Amenazas",Hombre
38670,1402818.04,1402818.04.01,1402818.04.01.04,1402818,4,1,A,4,2,21,2.0,14,JALISCO,39,GUADALAJARA,3,0,0,0,1,1,0,0,0,0,1,0,0,0,0,1,1,1,1,3,2,3,2,2,2,2,2,1,2,2,3,1,1,0,0,0,0,0,0,1,0,1,0,0,0,0,0,0,0,0,1,1,1,1,1,1,2,,2,,2,,1,2.0,1,2.0,1,2.0,1,1,1,1,1,1,3,2,1,1,2,1,1,1,1,2,2,2,2,2,2,2,2,2,2,2,2,,1,1,1,1,2,2,2,1,1,3,3,3,3,3,2,5,1,2,1,3.0,1.0,3.0,2.0,1,3.0,1.0,2.0,1.0,2,,,,,2,,,,,2,,,,2,,,,2,,,,2,,,,2,,,,2,,,,2,,,,2.0,1.0,2.0,1.0,2.0,2.0,2.0,1.0,2.0,2.0,,,,,,,,,,,,,,,,,,,,,,,,,,,,,,,,,,,,,,,,,,,,,4,975,4875,975.0,4875.0,U,2,279,6245,True,"Robo en transporte público, Robo en calle, Lesiones",Mujer
38671,1402818.05,1402818.05.01,1402818.05.01.02,1402818,5,1,B,2,2,61,2.0,14,JALISCO,39,GUADALAJARA,3,0,0,0,0,1,0,0,1,0,1,0,0,0,0,2,2,2,2,3,2,3,2,2,2,2,2,2,2,2,4,1,1,1,1,1,1,0,1,1,1,1,0,1,1,1,0,0,0,0,1,1,1,4,4,4,2,,2,,2,,1,2.0,1,1.0,1,1.0,1,1,1,1,1,1,3,3,1,1,2,1,2,1,1,2,2,2,2,2,2,2,2,2,2,2,2,,1,3,3,3,3,3,3,3,3,3,3,3,3,3,3,5,1,2,1,4.0,1.0,4.0,2.0,1,4.0,1.0,4.0,2.0,2,,,,,2,,,,,2,,,,2,,,,2,,,,2,,,,2,,,,2,,,,2,,,,1.0,1.0,1.0,1.0,2.0,1.0,1.0,1.0,1.0,2.0,,,,,,,,,,,,,,,,,,,,,,,,,,,,,,,,,,,,,,,,,,,,,4,975,1950,975.0,1950.0,U,2,279,6245,True,"Robo en calle, Extorsión, Lesiones",Mujer
38672,1402838.01,1402838.01.01,1402838.01.01.01,1402838,1,1,A,1,1,60,2.0,14,JALISCO,39,GUADALAJARA,3,0,0,0,0,1,0,0,1,0,0,1,0,0,0,2,2,2,1,1,2,3,1,1,1,1,3,1,3,1,3,1,0,0,0,1,1,0,1,1,0,1,0,0,0,0,0,0,0,0,1,1,1,4,4,4,1,1.0,2,,1,2.0,2,,1,1.0,9,,2,3,2,3,2,2,3,2,2,3,2,2,3,2,2,2,2,1,2,1,2,1,2,2,2,2,2,1000.0,1,3,1,3,2,3,3,1,3,3,3,3,2,2,1,1,1,1,1,4.0,1.0,3.0,2.0,1,4.0,1.0,4.0,2.0,1,4.0,1.0,4.0,2.0,1,4.0,1.0,2.0,9.0,2,,,,1,4.0,1.0,3.0,2,,,,1,2.0,2.0,2.0,2,,,,1,2.0,2.0,2.0,2,,,,1.0,1.0,2.0,2.0,2.0,2.0,1.0,2.0,2.0,2.0,2.0,1.0,2.0,2.0,2.0,2.0,1.0,2.0,1.0,2.0,,,,,,1.0,2.0,1.0,2.0,2.0,,,,,,2.0,1.0,2.0,2.0,2.0,,,,,,2.0,1.0,2.0,1.0,2.0,,,,,4,1032,3095,1032.0,3095.0,U,3,280,6309,True,"Robo en calle, Extorsión, Amenazas",Hombre
38673,1402838.02,1402838.02.01,1402838.02.01.01,1402838,2,1,B,1,1,53,2.0,14,JALISCO,39,GUADALAJARA,3,0,0,0,1,1,0,0,0,0,0,1,0,0,0,1,2,2,1,1,2,3,1,1,2,2,1,1,1,3,4,1,1,0,0,0,0,0,1,1,1,1,0,1,1,1,0,1,0,0,1,1,1,3,3,3,2,,1,2.0,1,2.0,1,2.0,1,2.0,1,2.0,2,3,2,2,2,2,3,2,2,3,2,1,3,2,2,1,2,1,2,2,2,2,2,2,2,2,2,100.0,1,1,1,1,1,3,3,3,3,3,2,2,2,2,4,1,3,3,1,3.0,1.0,3.0,2.0,1,3.0,1.0,3.0,1.0,1,4.0,1.0,3.0,9.0,1,1.0,2.0,1.0,1.0,2,,,,1,3.0,1.0,3.0,2,,,,1,1.0,2.0,1.0,2,,,,1,1.0,2.0,1.0,1,4.0,1.0,3.0,1.0,1.0,2.0,2.0,2.0,2.0,1.0,2.0,2.0,2.0,2.0,1.0,2.0,2.0,2.0,2.0,1.0,2.0,2.0,2.0,,,,,,2.0,2.0,2.0,1.0,2.0,,,,,,2.0,1.0,2.0,2.0,2.0,,,,,,2.0,1.0,2.0,1.0,2.0,1.0,2.0,1.0,2.0,3,1032,3095,1032.0,3095.0,U,3,280,6309,True,"Robo en transporte público, Robo en calle, Amenazas",Hombre
38674,1402838.03,1402838.03.01,1402838.03.01.01,1402838,3,1,A,1,1,48,2.0,14,JALISCO,39,GUADALAJARA,3,0,1,0,0,0,0,0,0,1,0,1,0,0,0,1,2,2,1,1,2,3,2,2,2,2,2,2,2,2,3,1,1,1,1,1,0,0,1,1,1,0,0,0,0,1,0,1,0,0,1,1,1,1,1,1,2,,1,1.0,2,,2,,1,2.0,1,9.0,2,2,2,2,2,1,3,2,2,3,2,3,3,2,2,2,2,2,2,2,2,2,2,2,2,2,2,,2,3,3,1,1,3,2,1,2,1,2,3,1,2,1,1,1,1,1,4.0,1.0,3.0,2.0,1,4.0,1.0,3.0,1.0,1,2.0,1.0,2.0,1.0,1,2.0,1.0,2.0,1.0,2,,,,1,4.0,1.0,4.0,2,,,,1,1.0,2.0,1.0,1,1.0,2.0,1.0,1,1.0,2.0,1.0,2,,,,1.0,1.0,2.0,2.0,2.0,1.0,1.0,2.0,2.0,2.0,2.0,1.0,2.0,2.0,2.0,2.0,1.0,2.0,1.0,2.0,,,,,,1.0,2.0,2.0,2.0,2.0,,,,,,2.0,1.0,2.0,2.0,2.0,2.0,2.0,2.0,1.0,2.0,2.0,1.0,2.0,2.0,2.0,,,,,2,1032,3095,1032.0,3095.0,U,3,280,6309,True,"Robo accesorios vehículo, Delito sexual, Amenazas",Hombre
38675,1402838.04,1402838.04.01,1402838.04.01.01,1402838,4,1,B,1,2,59,2.0,14,JALISCO,39,GUADALAJARA,3,0,0,1,1,0,0,0,0,0,1,0,0,0,0,2,2,2,1,3,2,3,1,1,1,1,3,1,2,1,3,1,1,0,0,0,0,0,1,1,1,1,0,0,1,0,0,0,0,0,1,1,1,1,1,1,2,,2,,1,1.0,2,,1,2.0,1,9.0,2,3,2,3,3,2,3,2,2,3,2,2,2,2,2,2,2,2,2,2,2,2,2,2,2,2,2,,2,3,3,2,3,3,3,2,3,1,2,2,2,2,2,5,1,1,1,2.0,2.0,2.0,1.0,1,2.0,2.0,3.0,1.0,1,2.0,2.0,2.0,1.0,1,2.0,2.0,2.0,1.0,2,,,,2,,,,2,,,,1,2.0,2.0,2.0,1,2.0,2.0,2.0,1,2.0,2.0,1.0,2,,,,2.0,1.0,2.0,2.0,2.0,2.0,1.0,2.0,2.0,2.0,2.0,1.0,2.0,1.0,2.0,2.0,1.0,2.0,1.0,2.0,,,,,,,,,,,,,,,,2.0,1.0,2.0,1.0,2.0,2.0,2.0,2.0,1.0,2.0,2.0,2.0,2.0,1.0,2.0,,,,,3,1032,2063,1032.0,2063.0,U,3,280,6309,True,"Robo en vivienda, Robo en transporte público, Lesiones",Mujer
38676,1402838.05,1402838.05.01,1402838.05.01.02,1402838,5,1,A,2,2,33,2.0,14,JALISCO,39,GUADALAJARA,1,0,0,1,0,1,0,1,0,0,0,0,0,0,0,2,1,1,1,1,2,3,2,1,2,2,2,1,2,2,3,1,1,0,0,1,0,0,1,1,1,1,0,0,0,0,0,0,0,0,2,2,2,1,3,3,1,9.0,1,1.0,2,,2,,1,9.0,1,1.0,1,2,2,1,2,1,3,2,1,3,2,2,3,2,2,1,2,2,2,2,2,2,2,2,2,2,2,,1,1,1,1,1,3,2,1,1,1,3,3,3,3,3,5,1,2,1,4.0,1.0,3.0,2.0,1,2.0,1.0,2.0,1.0,1,1.0,2.0,2.0,1.0,1,4.0,1.0,3.0,2.0,2,,,,2,,,,2,,,,1,1.0,2.0,1.0,1,1.0,2.0,1.0,1,1.0,2.0,1.0,1,3.0,1.0,3.0,1.0,1.0,2.0,2.0,2.0,2.0,1.0,2.0,2.0,2.0,2.0,1.0,2.0,2.0,2.0,2.0,1.0,2.0,2.0,2.0,,,,,,,,,,,,,,,,2.0,1.0,2.0,2.0,2.0,2.0,2.0,2.0,1.0,2.0,2.0,2.0,2.0,1.0,2.0,1.0,2.0,2.0,2.0,1,1032,2063,1032.0,2063.0,U,3,280,6309,True,"Robo en vivienda, Robo en calle, Fraude bancario",Mujer
38677,1402994.01,1402994.01.01,1402994.01.01.03,1402994,1,1,B,3,2,40,2.0,14,JALISCO,39,GUADALAJARA,3,0,1,0,0,1,0,0,0,0,1,0,0,0,0,1,2,2,1,1,1,3,1,1,2,2,2,1,1,1,2,1,0,0,0,1,0,0,1,0,0,0,0,0,0,1,0,1,0,0,2,2,2,2,1,3,1,2.0,1,2.0,1,2.0,2,,2,,2,,3,2,2,1,2,1,3,2,2,3,2,2,3,2,2,2,2,2,2,2,2,2,2,2,2,2,2,,1,1,3,3,2,3,3,3,2,3,3,3,3,3,3,2,1,1,1,2.0,1.0,2.0,2.0,2,,,,,2,,,,,1,2.0,2.0,2.0,2.0,2,,,,2,,,,2,,,,1,3.0,1.0,2.0,1,2.0,2.0,2.0,1,2.0,2.0,2.0,2,,,,2.0,1.0,2.0,2.0,2.0,,,,,,,,,,,2.0,1.0,2.0,1.0,2.0,,,,,,,,,,,,,,,,2.0,1.0,2.0,1.0,2.0,2.0,2.0,2.0,1.0,2.0,2.0,2.0,2.0,1.0,2.0,,,,,3,976,2929,976.0,2929.0,U,2,279,6244,True,"Robo accesorios vehículo, Robo en calle, Lesiones",Mujer
38678,1402994.02,1402994.02.01,1402994.02.01.01,1402994,2,1,A,1,2,22,2.0,14,JALISCO,39,GUADALAJARA,3,0,0,0,0,0,0,0,0,1,1,1,0,0,0,2,2,2,1,1,2,3,1,1,1,2,2,1,1,1,3,1,1,0,1,1,0,0,1,1,1,1,0,1,1,1,0,0,0,0,1,1,1,1,1,1,1,2.0,2,,1,2.0,2,,1,1.0,1,1.0,2,3,2,2,2,2,3,2,2,3,2,1,3,2,2,2,2,2,2,2,2,1,2,1,2,2,2,0.0,1,3,1,2,1,3,3,1,2,1,2,2,1,2,1,5,1,1,1,3.0,1.0,2.0,1.0,1,2.0,1.0,3.0,1.0,1,3.0,1.0,3.0,2.0,1,1.0,2.0,1.0,1.0,2,,,,2,,,,2,,,,1,1.0,2.0,1.0,2,,,,1,1.0,2.0,1.0,2,,,,1.0,1.0,2.0,2.0,2.0,1.0,1.0,2.0,2.0,2.0,2.0,1.0,2.0,2.0,2.0,2.0,1.0,2.0,1.0,2.0,,,,,,,,,,,,,,,,2.0,1.0,2.0,1.0,2.0,,,,,,2.0,2.0,2.0,1.0,2.0,,,,,3,976,2929,976.0,2929.0,U,2,279,6244,True,"Delito sexual, Lesiones, Amenazas",Mujer
38679,1402994.03,1402994.03.01,1402994.03.01.01,1402994,3,1,B,1,1,52,2.0,14,JALISCO,39,GUADALAJARA,3,1,0,0,0,0,0,0,1,1,0,0,0,0,0,2,2,2,2,2,2,3,3,2,2,2,3,2,2,2,5,1,1,1,1,1,1,1,1,1,1,1,0,0,1,1,0,1,0,0,1,1,1,4,4,4,1,1.0,1,1.0,1,2.0,1,1.0,1,1.0,1,9.0,2,3,2,3,3,1,3,2,2,3,2,2,2,2,2,2,2,2,2,2,2,1,2,2,2,2,2,0.0,3,3,3,3,3,3,3,3,3,3,3,3,3,3,2,3,1,1,1,4.0,1.0,4.0,2.0,1,4.0,1.0,4.0,2.0,1,4.0,1.0,3.0,2.0,1,2.0,2.0,2.0,9.0,2,,,,1,4.0,1.0,3.0,1,3.0,1.0,3.0,1,2.0,2.0,2.0,1,2.0,9.0,2.0,1,2.0,2.0,2.0,1,3.0,1.0,3.0,1.0,1.0,2.0,2.0,2.0,2.0,1.0,2.0,2.0,2.0,2.0,1.0,2.0,2.0,2.0,2.0,1.0,2.0,2.0,2.0,,,,,,1.0,2.0,2.0,1.0,2.0,2.0,2.0,1.0,1.0,2.0,2.0,1.0,2.0,2.0,2.0,2.0,2.0,2.0,1.0,2.0,2.0,2.0,2.0,1.0,2.0,1.0,2.0,1.0,2.0,4,976,1953,976.0,1953.0,U,2,279,6244,True,"Robo vehículo, Extorsión, Delito sexual",Hombre
38680,1402994.04,1402994.04.01,1402994.04.01.03,1402994,4,1,A,3,2,24,2.0,14,JALISCO,39,GUADALAJARA,3,0,0,1,0,1,0,0,0,0,0,1,0,0,0,1,1,1,1,1,2,3,2,2,2,2,2,1,2,2,3,1,0,0,1,0,0,0,1,1,1,1,0,1,1,0,0,0,0,0,1,1,2,1,3,3,2,,2,,2,,2,,1,1.0,1,1.0,2,3,2,2,2,1,3,2,2,2,2,1,3,1,2,2,2,2,2,1,2,1,2,2,2,2,2,800.0,1,1,1,1,1,3,1,1,1,1,2,2,1,2,2,2,1,2,1,3.0,1.0,2.0,1.0,1,2.0,1.0,2.0,1.0,1,1.0,2.0,2.0,1.0,1,1.0,2.0,1.0,1.0,1,1.0,2.0,1.0,2,,,,2,,,,1,1.0,2.0,1.0,2,,,,1,1.0,2.0,1.0,1,2.0,2.0,2.0,1.0,1.0,1.0,1.0,2.0,1.0,1.0,1.0,1.0,2.0,2.0,1.0,2.0,1.0,2.0,2.0,1.0,2.0,1.0,2.0,2.0,2.0,2.0,1.0,2.0,,,,,,,,,,,2.0,1.0,2.0,1.0,2.0,,,,,,2.0,2.0,2.0,1.0,2.0,2.0,1.0,1.0,2.0,4,976,2929,976.0,2929.0,U,2,279,6244,True,"Robo en vivienda, Robo en calle, Amenazas",Mujer
38681,1402994.05,1402994.05.01,1402994.05.01.03,1402994,5,1,A,3,1,18,2.0,14,JALISCO,39,GUADALAJARA,3,0,0,0,1,1,0,0,0,0,1,0,0,0,0,1,2,2,1,2,2,2,1,1,1,1,1,1,1,1,2,0,0,0,0,0,0,0,0,0,0,0,0,0,0,0,0,0,1,0,1,1,2,3,4,3,1,2.0,2,,1,2.0,2,,2,,1,9.0,2,2,2,2,2,2,2,2,2,2,2,2,2,2,2,2,2,2,2,2,2,1,2,2,2,2,2,0.0,1,3,3,2,2,3,3,2,2,3,3,2,2,2,3,1,1,1,1,1.0,1.0,2.0,1.0,1,1.0,1.0,2.0,1.0,1,2.0,2.0,2.0,1.0,1,1.0,2.0,1.0,1.0,2,,,,2,,,,2,,,,1,1.0,2.0,1.0,2,,,,1,1.0,2.0,1.0,1,2.0,2.0,2.0,1.0,1.0,2.0,1.0,2.0,1.0,1.0,2.0,2.0,2.0,2.0,1.0,2.0,1.0,2.0,2.0,1.0,2.0,2.0,2.0,,,,,,,,,,,,,,,,2.0,1.0,2.0,1.0,2.0,,,,,,2.0,1.0,2.0,2.0,2.0,2.0,2.0,1.0,2.0,1,976,2929,976.0,2929.0,U,2,279,6244,True,"Robo en transporte público, Robo en calle, Lesiones",Hombre
38682,1403053.01,1403053.01.01,1403053.01.01.03,1403053,1,1,B,3,2,32,2.0,14,JALISCO,39,GUADALAJARA,2,0,1,1,0,0,0,0,0,0,1,0,0,0,0,1,2,2,1,1,2,3,2,2,2,2,1,1,3,2,2,1,0,1,0,0,0,0,0,0,0,0,0,0,0,0,0,0,0,0,1,1,2,2,4,3,2,,2,,2,,2,,2,,9,,2,3,2,2,2,2,3,2,2,2,2,2,2,2,2,2,2,2,2,2,2,2,2,2,2,2,2,,3,3,3,3,3,3,3,3,3,3,3,3,3,3,2,1,1,1,2,,,,,2,,,,,2,,,,,2,,,,,2,,,,2,,,,2,,,,2,,,,2,,,,2,,,,2,,,,,,,,,,,,,,,,,,,,,,,,,,,,,,,,,,,,,,,,,,,,,,,,,,,,,,,,,,4,1040,4161,1040.0,4161.0,U,3,280,6305,True,"Robo accesorios vehículo, Robo en vivienda, Lesiones",Mujer
38683,1403053.03,1403053.03.01,1403053.03.01.06,1403053,3,1,B,6,2,37,2.0,14,JALISCO,39,GUADALAJARA,1,0,0,1,0,1,0,0,1,0,0,0,0,0,0,2,2,2,1,3,2,3,2,2,2,2,2,2,2,2,4,1,1,0,1,0,0,0,0,0,0,0,0,0,0,0,0,0,0,0,1,1,1,3,3,3,2,,2,,2,,2,,2,,2,,1,1,2,3,2,2,3,2,2,2,2,2,3,2,2,2,2,2,2,2,2,2,2,2,2,2,2,,2,2,2,2,2,3,3,2,2,2,2,2,2,2,5,5,5,5,2,,,,,2,,,,,2,,,,,2,,,,,2,,,,2,,,,2,,,,2,,,,2,,,,2,,,,2,,,,,,,,,,,,,,,,,,,,,,,,,,,,,,,,,,,,,,,,,,,,,,,,,,,,,,,,,,4,1040,6241,1040.0,6241.0,U,3,280,6305,True,"Robo en vivienda, Robo en calle, Extorsión",Mujer
38684,1403053.04,1403053.04.01,1403053.04.01.01,1403053,4,1,B,1,2,30,2.0,14,JALISCO,39,GUADALAJARA,3,0,0,0,1,1,0,0,1,0,0,0,0,0,0,2,2,2,1,3,2,3,3,1,2,2,2,1,3,2,3,0,0,0,0,0,0,0,0,1,0,0,0,0,0,0,0,0,0,0,2,2,2,2,3,3,2,,2,,2,,2,,2,,2,,3,3,2,1,2,2,3,2,2,2,2,2,2,2,2,2,2,2,2,2,2,2,2,2,2,2,2,,2,2,2,2,2,2,3,2,2,2,2,2,2,2,3,5,1,1,1,4.0,1.0,3.0,1.0,2,,,,,2,,,,,2,,,,,2,,,,2,,,,2,,,,2,,,,2,,,,2,,,,2,,,,2.0,1.0,2.0,1.0,2.0,,,,,,,,,,,,,,,,,,,,,,,,,,,,,,,,,,,,,,,,,,,,,,,,,,3,1040,2080,1040.0,2080.0,U,3,280,6305,True,"Robo en transporte público, Robo en calle, Extorsión",Mujer
38685,1403053.05,1403053.05.01,1403053.05.01.01,1403053,5,1,B,1,2,59,2.0,14,JALISCO,39,GUADALAJARA,3,0,1,0,0,1,0,0,0,0,1,0,0,0,0,1,2,2,1,1,2,3,1,3,3,3,2,3,3,3,3,0,0,0,0,0,0,0,0,0,0,0,0,0,0,0,0,0,1,0,1,1,1,1,9,9,2,,2,,1,2.0,2,,2,,9,,3,3,1,1,1,2,3,3,3,3,1,3,3,1,1,2,2,2,2,2,2,2,2,2,2,2,2,,1,3,3,3,3,2,2,2,2,2,2,2,2,2,4,1,4,5,2,,,,,2,,,,,2,,,,,1,1.0,9.0,9.0,1.0,2,,,,2,,,,2,,,,1,1.0,9.0,1.0,1,1.0,2.0,1.0,1,1.0,2.0,1.0,2,,,,,,,,,,,,,,,,,,,2.0,2.0,2.0,1.0,2.0,,,,,,,,,,,,,,,,2.0,2.0,2.0,1.0,2.0,2.0,2.0,2.0,1.0,2.0,2.0,2.0,2.0,1.0,2.0,,,,,9,1040,1040,1040.0,1040.0,U,3,280,6305,True,"Robo accesorios vehículo, Robo en calle, Lesiones",Mujer
38686,1403057.03,1403057.03.01,1403057.03.01.01,1403057,3,1,A,1,2,56,2.0,14,JALISCO,39,GUADALAJARA,3,0,0,0,0,1,0,0,1,0,1,0,0,0,0,1,2,2,9,3,2,3,9,1,2,2,2,1,2,3,3,0,0,0,0,0,0,0,1,1,1,0,0,0,0,0,0,0,0,0,1,2,2,3,4,4,1,1.0,1,2.0,1,2.0,2,,1,2.0,1,2.0,1,3,1,1,2,1,3,1,3,1,2,1,3,2,3,1,1,1,2,1,2,1,1,2,2,2,2,9999999.0,1,3,3,3,3,3,3,3,3,3,3,3,3,3,1,5,1,1,1,2.0,1.0,3.0,9.0,2,,,,,2,,,,,2,,,,,2,,,,2,,,,2,,,,2,,,,2,,,,2,,,,2,,,,1.0,2.0,2.0,2.0,2.0,,,,,,,,,,,,,,,,,,,,,,,,,,,,,,,,,,,,,,,,,,,,,,,,,,3,1061,3184,1061.0,3184.0,U,3,280,6300,True,"Robo en calle, Extorsión, Lesiones",Mujer
38687,1403057.04,1403057.04.01,1403057.04.01.01,1403057,4,1,B,1,1,32,2.0,14,JALISCO,39,GUADALAJARA,3,1,0,1,0,1,0,0,0,0,0,0,0,0,0,1,1,2,1,2,2,1,2,2,2,2,2,2,2,2,2,1,0,0,0,0,0,1,1,0,0,0,0,0,0,0,0,0,0,0,1,1,1,2,4,4,2,,2,,2,,2,,2,,2,,2,3,2,2,2,2,2,2,2,2,2,2,2,2,2,2,2,2,2,2,2,2,2,2,2,2,2,,1,1,3,3,3,3,3,3,3,3,3,3,3,3,2,1,1,1,1,4.0,1.0,3.0,2.0,1,4.0,1.0,3.0,2.0,1,4.0,1.0,4.0,2.0,1,3.0,2.0,2.0,1.0,1,3.0,1.0,3.0,1,4.0,1.0,3.0,1,4.0,1.0,3.0,1,1.0,2.0,1.0,1,1.0,2.0,1.0,1,1.0,2.0,1.0,1,4.0,1.0,3.0,1.0,2.0,2.0,2.0,2.0,1.0,2.0,2.0,2.0,2.0,1.0,2.0,2.0,2.0,2.0,1.0,2.0,2.0,2.0,2.0,1.0,2.0,2.0,2.0,2.0,1.0,2.0,2.0,2.0,2.0,1.0,2.0,2.0,2.0,2.0,1.0,2.0,2.0,2.0,2.0,1.0,2.0,2.0,2.0,2.0,1.0,2.0,2.0,2.0,2.0,1.0,2.0,2.0,2.0,3,1061,2123,1061.0,2123.0,U,3,280,6300,True,"Robo vehículo, Robo en vivienda, Robo en calle",Hombre
38688,1403057.04,1403057.04.02,1403057.04.02.01,1403057,4,2,A,1,2,30,2.0,14,JALISCO,39,GUADALAJARA,3,0,0,1,0,0,0,0,1,0,0,1,0,0,0,2,2,2,1,1,2,3,2,2,2,2,2,1,2,2,4,1,1,0,0,1,0,1,1,1,1,0,0,0,0,0,0,1,0,0,1,2,1,4,4,4,2,,2,,1,2.0,1,2.0,1,2.0,1,2.0,1,3,1,1,1,1,3,1,1,1,1,1,3,1,1,1,1,2,2,2,2,2,2,2,2,2,2,9999999.0,2,3,3,3,3,3,3,3,3,3,3,3,3,3,4,1,1,1,2,,,,,1,3.0,1.0,4.0,2.0,2,,,,,2,,,,,2,,,,2,,,,2,,,,2,,,,2,,,,2,,,,2,,,,,,,,,1.0,2.0,2.0,2.0,2.0,,,,,,,,,,,,,,,,,,,,,,,,,,,,,,,,,,,,,,,,,,,,,4,1061,1061,1061.0,1061.0,U,3,280,6300,True,"Robo en vivienda, Extorsión, Amenazas",Mujer
38689,1403086.02,1403086.02.01,1403086.02.01.02,1403086,2,1,B,2,2,78,2.0,14,JALISCO,39,GUADALAJARA,3,0,0,0,0,1,0,1,1,0,0,0,0,0,0,2,2,2,2,2,2,3,2,2,2,2,3,1,2,2,4,0,0,0,0,0,0,0,0,0,0,1,0,0,0,0,0,0,0,0,1,1,1,4,4,4,2,,1,2.0,2,,1,2.0,1,2.0,1,2.0,1,2,2,3,3,1,3,3,1,3,3,1,3,2,2,2,1,2,2,1,2,2,2,2,2,2,2,4000.0,3,3,3,2,2,2,2,2,2,3,3,3,2,3,3,5,1,1,2,,,,,2,,,,,2,,,,,2,,,,,2,,,,2,,,,2,,,,1,2.0,1.0,2.0,2,,,,1,2.0,1.0,2.0,2,,,,,,,,,,,,,,,,,,,,,,,,,,,,,,,,,,,,,,,2.0,1.0,2.0,2.0,2.0,,,,,,2.0,2.0,2.0,1.0,2.0,,,,,4,1034,3101,1034.0,3101.0,U,3,280,6306,True,"Robo en calle, Fraude bancario, Extorsión",Mujer
38690,1403086.03,1403086.03.01,1403086.03.01.02,1403086,3,1,B,2,2,63,2.0,14,JALISCO,39,GUADALAJARA,3,1,1,0,0,0,0,1,0,0,0,0,0,0,0,2,2,2,1,3,2,3,2,2,2,2,3,1,2,2,3,0,0,0,0,0,0,0,0,0,0,1,0,0,0,0,0,0,0,0,9,9,9,4,4,4,2,,2,,2,,2,,2,,2,,1,2,2,2,3,2,3,3,3,3,3,2,3,2,2,2,2,2,2,1,2,2,2,2,2,2,2,1000.0,3,3,3,3,3,3,3,3,3,3,3,3,3,3,1,5,1,1,1,3.0,1.0,3.0,1.0,1,4.0,1.0,4.0,1.0,1,2.0,1.0,1.0,1.0,1,1.0,2.0,1.0,1.0,2,,,,2,,,,2,,,,1,1.0,2.0,2.0,2,,,,2,,,,2,,,,2.0,1.0,2.0,2.0,2.0,2.0,1.0,2.0,2.0,2.0,2.0,1.0,2.0,2.0,2.0,2.0,1.0,2.0,2.0,2.0,,,,,,,,,,,,,,,,2.0,1.0,2.0,2.0,2.0,,,,,,,,,,,,,,,2,1034,2067,1034.0,2067.0,U,3,280,6306,True,"Robo vehículo, Robo accesorios vehículo, Fraude bancario",Mujer
38691,1403086.04,1403086.04.01,1403086.04.01.02,1403086,4,1,A,2,2,62,2.0,14,JALISCO,39,GUADALAJARA,3,1,0,0,0,1,0,1,0,0,0,0,0,0,0,2,2,2,1,3,2,2,2,2,2,2,2,2,2,3,4,1,0,0,0,0,0,0,1,0,1,0,0,1,1,0,0,0,0,0,1,1,1,2,3,4,2,,1,2.0,1,2.0,2,,1,2.0,1,2.0,2,2,2,2,2,1,3,3,2,3,3,2,3,2,2,1,1,2,2,2,2,2,2,2,2,2,2,800.0,3,3,3,3,2,2,2,3,3,3,3,3,3,3,2,5,1,1,2,,,,,1,4.0,1.0,4.0,2.0,2,,,,,1,2.0,1.0,2.0,1.0,2,,,,2,,,,2,,,,2,,,,2,,,,2,,,,2,,,,,,,,,2.0,1.0,2.0,2.0,2.0,,,,,,2.0,1.0,2.0,2.0,2.0,,,,,,,,,,,,,,,,,,,,,,,,,,,,,,,,,,,3,1034,2067,1034.0,2067.0,U,3,280,6306,True,"Robo vehículo, Robo en calle, Fraude bancario",Mujer
38692,1403086.05,1403086.05.01,1403086.05.01.01,1403086,5,1,B,1,1,75,2.0,14,JALISCO,39,GUADALAJARA,3,1,0,0,0,1,1,0,0,0,0,0,0,0,0,2,2,2,1,3,2,3,2,2,2,2,2,1,2,2,4,1,0,0,0,0,0,0,1,0,0,0,0,0,1,0,0,0,0,0,1,2,1,4,4,4,2,,2,,2,,2,,1,2.0,2,,2,1,2,2,2,1,3,3,2,3,2,2,3,2,2,2,2,2,2,2,2,2,2,2,2,2,2,,2,1,2,3,3,2,2,2,2,3,3,3,2,2,1,3,1,1,1,4.0,1.0,3.0,1.0,1,4.0,1.0,3.0,1.0,1,1.0,2.0,3.0,1.0,1,2.0,1.0,2.0,1.0,2,,,,2,,,,1,2.0,1.0,3.0,1,1.0,1.0,1.0,2,,,,1,1.0,1.0,1.0,2,,,,2.0,1.0,2.0,2.0,2.0,2.0,1.0,2.0,2.0,2.0,2.0,1.0,2.0,2.0,2.0,2.0,1.0,2.0,2.0,2.0,,,,,,,,,,,2.0,1.0,2.0,2.0,2.0,2.0,1.0,2.0,2.0,2.0,,,,,,2.0,1.0,2.0,2.0,2.0,,,,,2,1034,2067,1034.0,2067.0,U,3,280,6306,True,"Robo vehículo, Robo en calle, Secuestro",Hombre
38693,1403102.02,1403102.02.01,1403102.02.01.02,1403102,2,1,B,2,2,83,2.0,14,JALISCO,39,GUADALAJARA,3,1,0,0,1,1,0,0,0,0,0,0,0,0,0,1,2,2,1,3,1,3,3,3,2,2,3,1,3,3,2,1,0,1,0,0,0,0,1,0,0,0,0,0,0,0,0,0,0,0,1,2,2,2,3,3,1,2.0,2,,2,,2,,1,2.0,9,,3,2,3,3,2,3,3,3,3,3,3,2,3,3,3,3,2,2,2,2,2,2,2,2,2,2,2,,1,2,2,2,2,2,2,2,2,1,2,2,2,2,2,5,1,1,2,,,,,2,,,,,2,,,,,2,,,,,2,,,,2,,,,2,,,,2,,,,2,,,,2,,,,2,,,,,,,,,,,,,,,,,,,,,,,,,,,,,,,,,,,,,,,,,,,,,,,,,,,,,,,,,,3,1120,2240,1120.0,2240.0,U,3,280,6295,True,"Robo vehículo, Robo en transporte público, Robo en calle",Mujer
38694,1403102.03,1403102.03.01,1403102.03.01.02,1403102,3,1,B,2,1,25,2.0,14,JALISCO,39,GUADALAJARA,3,0,0,1,0,1,0,0,1,0,0,0,0,0,0,2,1,2,2,3,1,3,2,2,1,1,1,1,1,1,3,1,0,0,0,0,0,0,0,0,0,1,0,0,1,0,0,0,0,0,1,2,2,3,3,4,2,,1,2.0,1,2.0,2,,1,2.0,2,,1,1,2,2,2,2,3,2,2,2,1,1,3,2,2,2,2,2,2,2,2,2,2,2,2,2,2,,2,1,1,2,2,2,2,1,2,1,1,2,2,2,2,3,1,1,1,2.0,1.0,3.0,1.0,1,2.0,1.0,4.0,1.0,1,2.0,1.0,3.0,1.0,1,1.0,1.0,1.0,1.0,2,,,,2,,,,2,,,,1,1.0,1.0,1.0,2,,,,1,1.0,1.0,1.0,2,,,,1.0,2.0,2.0,2.0,2.0,1.0,2.0,2.0,2.0,2.0,2.0,2.0,1.0,2.0,2.0,2.0,2.0,1.0,2.0,2.0,,,,,,,,,,,,,,,,2.0,2.0,1.0,2.0,2.0,,,,,,2.0,2.0,1.0,2.0,2.0,,,,,2,1120,2240,1120.0,2240.0,U,3,280,6295,True,"Robo en vivienda, Robo en calle, Extorsión",Hombre
38695,1403102.04,1403102.04.01,1403102.04.01.02,1403102,4,1,B,2,2,53,2.0,14,JALISCO,39,GUADALAJARA,3,0,0,1,0,1,0,0,1,0,0,0,0,0,0,1,1,2,1,1,1,3,2,2,3,3,3,3,3,3,1,1,0,0,0,0,0,0,0,0,0,0,0,0,0,0,0,0,0,0,2,2,2,1,1,1,2,,2,,2,,2,,2,,2,,2,2,2,2,2,2,2,2,2,3,2,2,3,2,2,2,2,2,2,2,2,2,2,2,2,2,2,,2,1,1,1,2,2,2,2,2,1,1,1,2,2,1,1,1,2,1,2.0,2.0,2.0,2.0,1,2.0,2.0,2.0,2.0,1,2.0,2.0,2.0,2.0,1,2.0,2.0,2.0,2.0,2,,,,2,,,,2,,,,1,2.0,2.0,2.0,2,,,,2,,,,2,,,,2.0,1.0,2.0,2.0,2.0,2.0,1.0,2.0,2.0,2.0,2.0,1.0,2.0,2.0,2.0,2.0,1.0,2.0,2.0,2.0,,,,,,,,,,,,,,,,2.0,2.0,1.0,2.0,2.0,,,,,,,,,,,,,,,4,1120,2240,1120.0,2240.0,U,3,280,6295,True,"Robo en vivienda, Robo en calle, Extorsión",Mujer
38696,1403102.05,1403102.05.01,1403102.05.01.01,1403102,5,1,B,1,1,21,2.0,14,JALISCO,39,GUADALAJARA,2,0,0,1,0,1,0,0,1,0,0,0,0,0,0,1,2,2,1,1,1,3,1,1,2,2,1,1,3,3,4,1,0,0,0,0,0,0,0,0,0,0,0,0,0,0,0,0,0,0,1,2,2,1,1,1,2,,2,,2,,2,,2,,2,,2,3,2,1,2,1,3,2,2,3,2,2,3,2,2,2,2,2,2,2,2,2,2,2,2,2,2,,3,3,2,2,2,2,2,3,2,2,3,3,2,2,1,2,1,1,2,,,,,2,,,,,1,2.0,1.0,4.0,1.0,1,1.0,1.0,2.0,1.0,2,,,,2,,,,2,,,,2,,,,2,,,,1,9.0,9.0,9.0,2,,,,,,,,,,,,,,2.0,1.0,2.0,2.0,2.0,2.0,1.0,2.0,2.0,2.0,,,,,,,,,,,,,,,,,,,,,,,,,,2.0,1.0,2.0,2.0,2.0,,,,,2,1120,1120,1120.0,1120.0,U,3,280,6295,True,"Robo en vivienda, Robo en calle, Extorsión",Hombre
38697,1403116.01,1403116.01.01,1403116.01.01.02,1403116,1,1,B,2,2,32,2.0,14,JALISCO,39,GUADALAJARA,3,1,0,0,0,1,0,0,1,0,0,0,0,0,0,1,1,2,1,1,1,3,1,1,1,2,2,1,2,2,3,1,0,0,0,0,0,0,1,0,1,0,0,0,1,0,0,0,0,0,1,2,2,1,1,3,2,,2,,2,,2,,2,,2,,2,1,2,2,2,1,2,2,2,2,2,2,2,2,2,2,2,2,2,2,2,2,2,2,2,2,2,,3,3,3,3,3,3,3,1,3,1,1,3,3,3,1,1,1,1,1,2.0,1.0,2.0,1.0,1,2.0,1.0,2.0,1.0,1,2.0,1.0,2.0,1.0,1,2.0,1.0,2.0,2.0,1,2.0,1.0,2.0,2,,,,2,,,,1,2.0,1.0,2.0,2,,,,2,,,,2,,,,2.0,1.0,2.0,2.0,2.0,2.0,1.0,2.0,2.0,2.0,2.0,1.0,2.0,2.0,2.0,2.0,1.0,2.0,2.0,2.0,2.0,1.0,2.0,2.0,2.0,,,,,,,,,,,2.0,1.0,2.0,2.0,2.0,,,,,,,,,,,,,,,3,954,1907,954.0,1907.0,U,3,280,6346,True,"Robo vehículo, Robo en calle, Extorsión",Mujer
38698,1403116.02,1403116.02.01,1403116.02.01.01,1403116,2,1,A,1,1,29,2.0,14,JALISCO,39,GUADALAJARA,3,0,0,1,0,1,0,0,1,0,0,0,0,0,0,2,2,2,2,2,2,3,2,2,2,2,3,2,2,2,3,1,0,0,0,0,0,0,1,0,1,0,0,1,1,0,0,0,0,0,1,1,1,4,4,4,2,,1,2.0,2,,2,,1,2.0,2,,1,1,2,3,3,1,3,2,2,3,2,2,2,2,2,2,2,2,2,1,2,2,2,2,2,2,2,2500.0,3,3,3,3,3,3,3,3,3,3,3,3,3,3,2,1,1,2,1,4.0,1.0,4.0,2.0,1,4.0,1.0,4.0,2.0,1,4.0,1.0,4.0,2.0,1,4.0,1.0,4.0,2.0,1,4.0,1.0,4.0,2,,,,2,,,,1,2.0,1.0,2.0,2,,,,1,2.0,1.0,2.0,2,,,,1.0,2.0,2.0,2.0,2.0,1.0,2.0,2.0,2.0,2.0,2.0,1.0,2.0,2.0,2.0,2.0,1.0,2.0,2.0,2.0,1.0,2.0,2.0,2.0,2.0,,,,,,,,,,,2.0,1.0,2.0,2.0,2.0,,,,,,2.0,1.0,2.0,2.0,2.0,,,,,4,954,1907,954.0,1907.0,U,3,280,6346,True,"Robo en vivienda, Robo en calle, Extorsión",Hombre
38699,1403116.03,1403116.03.01,1403116.03.01.01,1403116,3,1,B,1,2,43,2.0,14,JALISCO,39,GUADALAJARA,3,0,1,0,0,1,0,0,1,0,0,0,0,0,0,1,1,2,1,1,1,3,1,1,2,2,3,1,1,2,4,1,0,0,0,1,0,0,1,0,1,1,0,0,1,0,0,0,0,0,1,1,1,1,1,1,2,,2,,2,,2,,1,2.0,2,,2,2,2,2,3,1,2,3,3,3,3,2,3,2,2,2,1,2,2,2,2,2,2,2,2,2,2,200.0,1,1,1,1,1,2,2,2,2,2,3,3,2,2,1,1,1,2,1,2.0,1.0,4.0,1.0,1,4.0,1.0,2.0,1.0,1,3.0,1.0,2.0,1.0,1,1.0,1.0,2.0,1.0,2,,,,2,,,,1,1.0,2.0,1.0,1,3.0,1.0,1.0,1,1.0,1.0,2.0,1,1.0,2.0,1.0,2,,,,2.0,1.0,2.0,2.0,2.0,2.0,1.0,2.0,2.0,2.0,2.0,1.0,2.0,2.0,2.0,2.0,1.0,2.0,2.0,2.0,,,,,,,,,,,2.0,1.0,2.0,2.0,2.0,2.0,1.0,2.0,2.0,2.0,2.0,1.0,2.0,2.0,2.0,2.0,1.0,2.0,2.0,2.0,,,,,2,954,1907,954.0,1907.0,U,3,280,6346,True,"Robo accesorios vehículo, Robo en calle, Extorsión",Mujer
38700,1403123.01,1403123.01.01,1403123.01.01.01,1403123,1,1,B,1,1,34,2.0,14,JALISCO,39,GUADALAJARA,3,0,0,0,0,1,0,1,1,0,0,0,0,0,0,1,2,2,1,2,2,3,2,2,2,2,2,2,2,2,3,1,1,0,0,1,1,0,1,1,1,1,1,0,1,0,0,1,0,0,1,1,2,2,4,4,1,2.0,2,,1,2.0,2,,2,,2,,2,2,2,2,2,1,3,3,2,2,2,2,3,2,2,2,1,1,2,1,2,2,2,2,2,2,2,6000.0,1,1,2,2,1,3,3,1,1,3,1,1,1,3,1,3,1,1,1,4.0,1.0,4.0,1.0,1,3.0,1.0,3.0,1.0,1,3.0,1.0,3.0,1.0,1,3.0,1.0,3.0,1.0,1,4.0,1.0,3.0,1,3.0,1.0,3.0,2,,,,1,3.0,1.0,3.0,2,,,,2,,,,2,,,,1.0,1.0,2.0,2.0,2.0,1.0,1.0,2.0,2.0,2.0,2.0,2.0,1.0,1.0,2.0,1.0,1.0,2.0,2.0,2.0,2.0,2.0,1.0,1.0,2.0,1.0,1.0,2.0,2.0,2.0,,,,,,2.0,2.0,2.0,1.0,2.0,,,,,,,,,,,,,,,2,998,1997,998.0,1997.0,U,2,279,6236,True,"Robo en calle, Fraude bancario, Extorsión",Hombre
38701,1403123.02,1403123.02.01,1403123.02.01.04,1403123,2,1,B,4,1,24,2.0,14,JALISCO,39,GUADALAJARA,3,0,0,1,0,1,0,0,0,0,1,0,0,0,0,2,2,2,1,1,2,3,2,2,2,2,2,1,1,1,3,1,1,1,0,1,1,1,1,1,0,1,0,1,1,1,1,1,0,0,1,1,1,3,3,3,2,,2,,1,2.0,2,,1,1.0,2,,2,2,1,1,2,1,3,2,2,1,2,2,2,2,2,2,2,1,1,1,2,2,2,2,2,2,2,20000.0,1,1,2,1,1,2,2,1,1,1,3,1,1,3,2,2,1,2,1,4.0,1.0,4.0,2.0,1,3.0,1.0,3.0,1.0,1,2.0,1.0,2.0,1.0,1,1.0,2.0,1.0,1.0,2,,,,1,3.0,1.0,3.0,2,,,,1,2.0,2.0,1.0,2,,,,1,1.0,2.0,1.0,2,,,,1.0,2.0,2.0,1.0,2.0,1.0,2.0,2.0,2.0,2.0,1.0,2.0,2.0,1.0,2.0,1.0,1.0,2.0,1.0,2.0,,,,,,2.0,2.0,1.0,2.0,2.0,,,,,,2.0,2.0,1.0,1.0,2.0,,,,,,2.0,2.0,2.0,1.0,2.0,,,,,2,998,3993,998.0,3993.0,U,2,279,6236,True,"Robo en vivienda, Robo en calle, Lesiones",Hombre
38702,1403123.03,1403123.03.01,1403123.03.01.01,1403123,3,1,B,1,1,57,2.0,14,JALISCO,39,GUADALAJARA,3,0,0,0,0,1,0,0,1,0,0,1,0,0,0,1,1,1,2,1,1,3,3,1,1,1,1,1,1,1,2,1,1,0,0,0,0,0,1,0,1,0,0,0,0,0,0,0,0,0,2,2,1,1,1,1,2,,2,,2,,2,,1,2.0,2,,2,3,2,2,2,2,3,3,2,3,2,2,2,2,2,2,2,2,2,2,2,2,2,2,2,2,2,,1,1,3,1,2,2,2,3,2,3,3,3,1,3,1,5,3,1,1,3.0,1.0,3.0,2.0,1,3.0,1.0,3.0,2.0,1,2.0,2.0,2.0,1.0,1,2.0,2.0,2.0,1.0,2,,,,1,2.0,1.0,2.0,1,2.0,1.0,2.0,1,2.0,2.0,2.0,2,,,,2,,,,2,,,,1.0,1.0,2.0,2.0,2.0,1.0,1.0,2.0,2.0,2.0,2.0,1.0,2.0,2.0,2.0,2.0,1.0,2.0,2.0,2.0,,,,,,1.0,2.0,2.0,2.0,2.0,2.0,2.0,2.0,1.0,2.0,2.0,1.0,2.0,1.0,2.0,,,,,,,,,,,,,,,4,998,998,998.0,998.0,U,2,279,6236,True,"Robo en calle, Extorsión, Amenazas",Hombre
38703,1403123.04,1403123.04.01,1403123.04.01.02,1403123,4,1,B,2,1,33,2.0,14,JALISCO,39,GUADALAJARA,3,0,0,0,0,1,0,0,0,0,1,1,0,0,0,1,1,1,2,2,2,3,2,2,2,2,3,2,2,2,3,1,1,1,1,1,1,1,1,1,1,1,1,1,1,1,0,1,0,0,1,1,1,3,1,3,1,1.0,2,,1,1.0,1,1.0,1,1.0,1,1.0,2,1,2,2,2,2,3,2,2,2,2,2,3,2,2,2,2,1,2,2,2,2,2,2,2,2,2,1000.0,1,3,3,3,3,3,3,3,3,3,3,1,1,3,3,1,1,3,2,,,,,2,,,,,1,2.0,2.0,2.0,1.0,1,2.0,2.0,2.0,1.0,2,,,,2,,,,2,,,,1,2.0,2.0,2.0,2,,,,2,,,,2,,,,,,,,,,,,,,1.0,1.0,2.0,2.0,2.0,2.0,1.0,2.0,1.0,2.0,,,,,,,,,,,,,,,,2.0,1.0,1.0,1.0,2.0,,,,,,,,,,,,,,,3,998,1997,998.0,1997.0,U,2,279,6236,True,"Robo en calle, Lesiones, Amenazas",Hombre
38704,1403123.05,1403123.05.01,1403123.05.01.01,1403123,5,1,B,1,1,75,2.0,14,JALISCO,39,GUADALAJARA,3,0,0,0,1,1,0,0,1,0,0,0,0,0,0,1,1,1,1,3,1,3,3,3,3,3,3,1,3,3,3,0,0,0,1,1,0,0,1,0,0,0,0,0,1,0,0,1,0,0,1,1,1,3,3,3,2,,2,,2,,2,,1,2.0,2,,2,2,2,3,3,2,3,3,2,3,2,3,3,2,2,2,2,2,2,2,2,2,2,2,2,2,2,,3,2,2,2,2,2,2,2,2,3,3,3,3,3,1,5,1,5,1,2.0,1.0,2.0,1.0,1,2.0,9.0,2.0,1.0,1,2.0,9.0,2.0,9.0,1,2.0,9.0,2.0,1.0,2,,,,2,,,,2,,,,1,2.0,2.0,2.0,2,,,,2,,,,2,,,,2.0,1.0,2.0,2.0,2.0,2.0,1.0,2.0,2.0,2.0,2.0,1.0,2.0,2.0,2.0,2.0,1.0,2.0,1.0,2.0,,,,,,,,,,,,,,,,2.0,1.0,2.0,1.0,2.0,,,,,,,,,,,,,,,2,998,1997,998.0,1997.0,U,2,279,6236,True,"Robo en transporte público, Robo en calle, Extorsión",Hombre
38705,1403169.01,1403169.01.01,1403169.01.01.01,1403169,1,1,B,1,2,67,2.0,14,JALISCO,39,GUADALAJARA,3,0,0,0,1,0,0,1,1,0,0,0,0,0,0,1,1,1,1,1,1,3,1,1,1,1,1,2,2,2,2,1,1,1,1,1,0,0,1,1,1,1,0,1,0,0,0,0,0,0,2,2,2,2,2,2,1,1.0,1,1.0,1,2.0,2,,2,,2,,2,2,2,2,2,2,3,3,2,2,2,2,3,2,2,2,2,2,2,2,2,2,2,2,2,2,2,,1,1,2,2,2,2,2,2,2,1,2,2,2,2,1,5,1,1,2,,,,,1,2.0,2.0,2.0,1.0,2,,,,,2,,,,,2,,,,2,,,,2,,,,2,,,,2,,,,2,,,,2,,,,,,,,,2.0,1.0,2.0,2.0,2.0,,,,,,,,,,,,,,,,,,,,,,,,,,,,,,,,,,,,,,,,,,,,,2,930,930,930.0,930.0,U,2,279,6252,True,"Robo en transporte público, Fraude bancario, Extorsión",Mujer
38706,1403169.02,1403169.02.01,1403169.02.01.01,1403169,2,1,B,1,2,50,2.0,14,JALISCO,39,GUADALAJARA,3,0,1,0,0,1,0,0,0,0,1,0,0,0,0,2,2,2,1,3,1,3,1,1,1,1,1,1,1,1,3,1,1,1,0,1,1,0,1,0,1,1,1,0,1,0,0,1,0,0,1,1,1,1,3,3,1,1.0,1,2.0,2,,2,,1,2.0,1,2.0,1,2,2,2,2,2,3,2,2,2,2,1,3,2,2,2,2,2,2,2,2,2,2,2,2,2,2,,1,3,3,3,3,3,3,3,3,3,3,3,1,3,1,5,1,1,2,,,,,1,3.0,1.0,3.0,2.0,1,2.0,2.0,2.0,1.0,2,,,,,2,,,,2,,,,2,,,,2,,,,2,,,,2,,,,2,,,,,,,,,2.0,1.0,2.0,2.0,2.0,1.0,1.0,2.0,1.0,2.0,,,,,,,,,,,,,,,,,,,,,,,,,,,,,,,,,,,,,,,,4,930,3721,930.0,3721.0,U,2,279,6252,True,"Robo accesorios vehículo, Robo en calle, Lesiones",Mujer
38707,1403169.02,1403169.02.02,1403169.02.02.01,1403169,2,2,B,1,1,29,2.0,14,JALISCO,39,GUADALAJARA,3,0,1,0,0,1,0,0,1,0,0,0,0,0,0,2,2,2,1,1,2,3,3,1,2,2,2,1,1,1,2,1,0,0,1,0,0,0,1,1,1,1,0,0,0,0,0,0,0,0,1,1,2,3,3,3,1,2.0,2,,2,,1,2.0,1,2.0,2,,2,2,2,2,2,2,3,3,2,2,2,2,2,2,2,2,2,2,2,2,2,2,2,2,2,2,2,,1,1,2,2,2,2,2,1,2,3,3,3,1,3,3,2,2,3,1,3.0,1.0,3.0,2.0,1,3.0,1.0,3.0,1.0,1,3.0,1.0,3.0,1.0,1,2.0,2.0,2.0,1.0,2,,,,2,,,,2,,,,1,2.0,2.0,2.0,2,,,,2,,,,2,,,,1.0,1.0,2.0,2.0,2.0,1.0,1.0,2.0,1.0,2.0,2.0,1.0,2.0,1.0,2.0,2.0,1.0,2.0,1.0,2.0,,,,,,,,,,,,,,,,2.0,1.0,2.0,1.0,2.0,,,,,,,,,,,,,,,4,930,1860,930.0,1860.0,U,2,279,6252,True,"Robo accesorios vehículo, Robo en calle, Extorsión",Hombre
38708,1403169.04,1403169.04.01,1403169.04.01.01,1403169,4,1,B,1,2,36,2.0,14,JALISCO,39,GUADALAJARA,3,0,1,0,0,1,0,0,0,0,1,0,0,0,0,1,1,1,1,1,1,3,1,1,1,1,1,1,1,1,2,0,0,0,0,0,0,0,0,0,0,0,0,0,0,0,0,0,1,0,2,2,2,2,1,3,2,,2,,2,,2,,2,,2,,1,2,2,3,3,2,3,2,2,2,2,2,2,2,2,2,2,2,2,2,2,2,2,2,2,2,2,,1,1,3,3,3,3,3,3,3,3,3,3,2,3,1,1,1,1,1,3.0,1.0,2.0,1.0,1,3.0,1.0,3.0,1.0,1,2.0,1.0,2.0,1.0,1,1.0,2.0,1.0,1.0,2,,,,2,,,,2,,,,1,2.0,2.0,2.0,2,,,,2,,,,2,,,,2.0,1.0,2.0,2.0,2.0,2.0,1.0,2.0,2.0,2.0,2.0,1.0,2.0,2.0,2.0,2.0,1.0,2.0,2.0,2.0,,,,,,,,,,,,,,,,2.0,1.0,2.0,2.0,2.0,,,,,,,,,,,,,,,3,930,1860,930.0,1860.0,U,2,279,6252,True,"Robo accesorios vehículo, Robo en calle, Lesiones",Mujer
38709,1403169.05,1403169.05.01,1403169.05.01.03,1403169,5,1,B,3,1,27,2.0,14,JALISCO,39,GUADALAJARA,3,1,1,0,0,1,0,0,0,0,0,0,0,0,0,1,1,2,1,2,2,3,3,1,3,3,3,1,1,1,2,1,0,0,0,0,0,0,0,0,0,0,0,0,0,0,0,0,0,0,1,1,2,3,1,1,1,1.0,1,1.0,2,,2,,1,2.0,2,,2,2,2,2,3,2,3,2,2,2,3,3,2,2,3,2,2,2,2,2,2,2,2,2,2,2,2,,1,1,2,1,1,3,3,2,2,1,3,3,1,2,3,1,1,2,2,,,,,1,3.0,1.0,4.0,2.0,1,4.0,1.0,3.0,2.0,2,,,,,2,,,,2,,,,2,,,,2,,,,2,,,,2,,,,2,,,,,,,,,1.0,1.0,2.0,2.0,2.0,1.0,1.0,2.0,2.0,2.0,,,,,,,,,,,,,,,,,,,,,,,,,,,,,,,,,,,,,,,,4,930,2791,930.0,2791.0,U,2,279,6252,True,"Robo vehículo, Robo accesorios vehículo, Robo en calle",Hombre
38710,1403198.02,1403198.02.01,1403198.02.01.01,1403198,2,1,B,1,2,69,2.0,14,JALISCO,39,GUADALAJARA,3,0,0,0,0,1,0,1,1,0,0,0,0,0,0,1,2,2,1,1,2,3,2,1,3,3,1,3,3,3,3,1,0,0,0,0,0,0,0,1,0,1,0,0,1,0,0,0,0,0,1,1,1,4,4,4,2,,1,2.0,2,,2,,1,2.0,2,,2,2,2,2,2,1,3,3,2,3,3,3,3,2,2,2,2,1,2,2,2,2,2,2,2,2,2,300.0,2,1,2,2,2,2,2,2,1,2,2,2,2,2,1,1,2,3,1,2.0,1.0,2.0,1.0,1,2.0,1.0,2.0,1.0,2,,,,,2,,,,,2,,,,2,,,,2,,,,1,3.0,1.0,1.0,2,,,,2,,,,2,,,,2.0,1.0,2.0,2.0,2.0,2.0,1.0,2.0,2.0,2.0,,,,,,,,,,,,,,,,,,,,,,,,,,2.0,1.0,2.0,2.0,2.0,,,,,,,,,,,,,,,2,927,927,927.0,927.0,U,3,280,6361,True,"Robo en calle, Fraude bancario, Extorsión",Mujer
38711,1403198.02,1403198.02.02,1403198.02.02.01,1403198,2,2,B,1,2,44,2.0,14,JALISCO,39,GUADALAJARA,3,0,0,1,0,1,0,1,0,0,0,0,0,0,0,2,2,2,1,1,2,3,1,1,3,3,2,2,2,2,3,0,0,0,0,0,0,0,0,0,0,1,0,0,1,0,0,0,0,0,1,1,1,1,1,1,2,,2,,2,,2,,1,2.0,2,,2,2,2,2,2,1,3,3,2,3,3,3,3,2,2,2,2,2,2,2,2,2,2,2,2,2,2,,2,3,3,3,3,3,3,3,3,1,3,3,3,3,2,2,2,2,1,2.0,1.0,2.0,1.0,1,3.0,2.0,3.0,1.0,1,3.0,2.0,3.0,1.0,1,3.0,2.0,3.0,1.0,2,,,,2,,,,2,,,,1,1.0,2.0,1.0,2,,,,2,,,,2,,,,2.0,1.0,2.0,2.0,2.0,2.0,1.0,2.0,2.0,2.0,2.0,1.0,2.0,2.0,2.0,2.0,1.0,2.0,2.0,2.0,,,,,,,,,,,,,,,,2.0,1.0,2.0,2.0,2.0,,,,,,,,,,,,,,,1,927,3707,927.0,3707.0,U,3,280,6361,True,"Robo en vivienda, Robo en calle, Fraude bancario",Mujer
38712,1403198.03,1403198.03.01,1403198.03.01.01,1403198,3,1,A,1,1,72,2.0,14,JALISCO,39,GUADALAJARA,3,1,0,0,1,1,0,0,0,0,0,0,0,0,0,2,2,2,1,3,2,3,3,3,2,2,3,2,3,3,5,1,0,0,0,0,0,0,0,1,0,0,0,0,0,0,0,0,0,0,1,1,2,3,3,3,2,,2,,2,,2,,1,2.0,2,,2,1,2,3,3,2,3,3,3,3,3,3,3,3,2,2,2,1,2,2,2,2,2,2,2,2,2,10000.0,2,2,2,2,2,2,2,2,2,2,2,2,1,2,1,3,1,1,1,2.0,1.0,3.0,1.0,1,2.0,1.0,3.0,1.0,1,2.0,1.0,2.0,1.0,1,2.0,1.0,1.0,1.0,2,,,,2,,,,2,,,,1,1.0,2.0,1.0,2,,,,1,1.0,2.0,1.0,2,,,,1.0,2.0,2.0,2.0,2.0,2.0,1.0,2.0,2.0,2.0,2.0,1.0,2.0,2.0,2.0,2.0,1.0,2.0,2.0,2.0,,,,,,,,,,,,,,,,2.0,1.0,2.0,2.0,2.0,,,,,,2.0,1.0,2.0,2.0,2.0,,,,,4,927,1854,927.0,1854.0,U,3,280,6361,True,"Robo vehículo, Robo en transporte público, Robo en calle",Hombre
38713,1403198.04,1403198.04.01,1403198.04.01.02,1403198,4,1,B,2,1,21,2.0,14,JALISCO,39,GUADALAJARA,3,0,0,1,0,1,0,1,0,0,0,0,0,0,0,1,2,2,1,3,1,1,2,1,2,2,1,1,2,2,4,0,0,1,0,0,0,0,0,1,0,0,0,0,0,0,0,0,0,0,1,1,1,2,2,4,1,2.0,1,2.0,1,2.0,2,,1,2.0,3,,2,2,2,2,2,1,2,2,2,3,2,2,3,2,2,2,2,2,2,2,2,2,2,2,2,2,2,,3,3,3,3,3,3,2,2,2,2,2,2,2,2,2,2,1,1,1,2.0,1.0,3.0,1.0,1,2.0,1.0,3.0,1.0,1,4.0,1.0,2.0,1.0,1,2.0,1.0,1.0,1.0,1,2.0,1.0,2.0,1,2.0,1.0,2.0,2,,,,1,2.0,1.0,1.0,1,9.0,1.0,1.0,1,9.0,1.0,1.0,2,,,,2.0,1.0,2.0,2.0,2.0,2.0,1.0,2.0,2.0,2.0,2.0,1.0,2.0,2.0,2.0,2.0,1.0,2.0,2.0,2.0,2.0,2.0,1.0,2.0,2.0,2.0,2.0,1.0,2.0,2.0,,,,,,2.0,1.0,2.0,2.0,2.0,2.0,2.0,2.0,1.0,2.0,2.0,1.0,2.0,2.0,2.0,,,,,3,927,2780,927.0,2780.0,U,3,280,6361,True,"Robo en vivienda, Robo en calle, Fraude bancario",Hombre
38714,1403254.01,1403254.01.01,1403254.01.01.01,1403254,1,1,B,1,2,53,2.0,14,JALISCO,39,GUADALAJARA,3,0,1,0,0,0,0,0,0,0,1,1,0,0,0,2,2,2,2,2,2,3,2,2,2,2,2,2,2,2,4,1,0,0,0,0,0,0,1,1,0,0,0,0,0,0,0,0,0,0,1,1,1,1,1,1,2,,1,2.0,1,2.0,1,2.0,1,2.0,1,2.0,1,3,1,1,1,1,1,1,1,1,1,1,1,1,1,1,2,1,2,2,2,2,2,2,2,2,2,9999999.0,3,3,3,3,3,3,3,3,3,3,3,3,3,3,3,3,3,3,2,,,,,2,,,,,2,,,,,2,,,,,2,,,,2,,,,2,,,,2,,,,2,,,,2,,,,2,,,,,,,,,,,,,,,,,,,,,,,,,,,,,,,,,,,,,,,,,,,,,,,,,,,,,,,,,,4,954,2861,954.0,2861.0,U,3,280,6347,True,"Robo accesorios vehículo, Lesiones, Amenazas",Mujer
38715,1403254.02,1403254.02.01,1403254.02.01.01,1403254,2,1,B,1,2,68,2.0,14,JALISCO,39,GUADALAJARA,3,0,1,0,0,1,0,1,0,0,0,0,0,0,0,2,2,2,1,1,2,3,2,3,3,3,3,3,3,3,3,0,0,0,1,0,0,0,0,1,0,0,0,0,0,0,0,0,0,0,1,2,2,2,2,2,2,,1,2.0,1,2.0,2,,1,2.0,9,,2,1,2,3,3,2,3,3,2,1,2,3,3,3,3,2,2,2,2,2,2,2,2,2,2,2,2,,3,3,3,3,3,3,3,3,3,3,3,3,3,2,2,2,2,5,2,,,,,2,,,,,2,,,,,2,,,,,2,,,,2,,,,2,,,,2,,,,2,,,,2,,,,2,,,,,,,,,,,,,,,,,,,,,,,,,,,,,,,,,,,,,,,,,,,,,,,,,,,,,,,,,,9,954,3814,954.0,3814.0,U,3,280,6347,True,"Robo accesorios vehículo, Robo en calle, Fraude bancario",Mujer
38716,1403254.03,1403254.03.01,1403254.03.01.02,1403254,3,1,B,2,2,69,2.0,14,JALISCO,39,GUADALAJARA,3,0,0,0,1,0,0,0,0,0,1,1,0,0,0,2,2,2,1,3,2,3,1,1,3,3,3,2,2,2,3,0,0,0,0,0,0,0,0,1,0,1,0,0,0,0,0,0,0,0,1,1,1,3,3,3,2,,1,2.0,2,,2,,2,,9,,3,3,3,3,3,1,3,2,1,2,2,3,3,2,2,2,1,1,1,2,2,2,2,2,2,2,2,9999999.0,1,1,1,1,3,3,3,3,3,1,1,2,3,2,1,5,1,1,1,4.0,1.0,4.0,2.0,1,4.0,1.0,4.0,2.0,2,,,,,2,,,,,2,,,,2,,,,2,,,,2,,,,2,,,,2,,,,2,,,,2.0,1.0,2.0,2.0,2.0,2.0,1.0,2.0,2.0,2.0,,,,,,,,,,,,,,,,,,,,,,,,,,,,,,,,,,,,,,,,,,,,,4,954,2861,954.0,2861.0,U,3,280,6347,True,"Robo en transporte público, Lesiones, Amenazas",Mujer
38717,1403254.04,1403254.04.01,1403254.04.01.01,1403254,4,1,A,1,2,73,2.0,14,JALISCO,39,GUADALAJARA,1,0,0,0,1,1,0,0,1,0,0,0,0,0,0,2,2,2,1,3,2,3,1,1,1,1,1,1,1,3,3,1,0,0,0,0,0,0,1,0,1,0,0,0,0,1,0,0,0,0,1,2,1,4,4,4,2,,1,2.0,2,,2,,1,2.0,9,,1,3,2,1,2,1,3,3,3,1,2,1,3,2,2,2,2,2,2,2,2,2,2,2,2,2,2,,3,1,3,3,3,3,3,3,3,3,3,3,3,3,3,5,1,1,2,,,,,2,,,,,2,,,,,2,,,,,2,,,,2,,,,2,,,,2,,,,2,,,,2,,,,2,,,,,,,,,,,,,,,,,,,,,,,,,,,,,,,,,,,,,,,,,,,,,,,,,,,,,,,,,,4,954,1907,954.0,1907.0,U,3,280,6347,True,"Robo en transporte público, Robo en calle, Extorsión",Mujer
38718,1403267.01,1403267.01.01,1403267.01.01.02,1403267,1,1,B,2,1,47,2.0,14,JALISCO,39,GUADALAJARA,3,0,0,0,1,1,0,0,1,0,0,0,0,0,0,1,2,2,1,1,2,3,3,1,1,2,3,2,2,1,3,1,0,0,0,0,0,0,0,1,0,0,0,0,0,1,0,0,0,0,9,9,9,1,4,1,2,,2,,1,9.0,2,,1,1.0,9,,2,2,2,3,3,2,3,2,2,3,2,2,2,2,2,2,2,2,2,2,2,2,2,2,2,2,2,,1,3,1,1,3,3,3,3,3,3,1,2,2,2,2,2,1,1,1,3.0,1.0,3.0,2.0,1,3.0,1.0,3.0,2.0,1,4.0,1.0,3.0,2.0,1,2.0,2.0,2.0,9.0,2,,,,1,4.0,1.0,3.0,1,2.0,9.0,2.0,1,1.0,2.0,1.0,2,,,,1,1.0,2.0,1.0,1,4.0,1.0,2.0,1.0,1.0,1.0,1.0,2.0,1.0,1.0,1.0,2.0,2.0,2.0,1.0,2.0,1.0,2.0,2.0,1.0,2.0,1.0,2.0,,,,,,1.0,2.0,1.0,2.0,2.0,2.0,2.0,2.0,1.0,2.0,2.0,1.0,2.0,1.0,2.0,,,,,,2.0,2.0,2.0,1.0,2.0,1.0,1.0,2.0,2.0,4,1072,2144,1072.0,2144.0,U,4,281,6439,True,"Robo en transporte público, Robo en calle, Extorsión",Hombre
38719,1403267.02,1403267.02.01,1403267.02.01.02,1403267,2,1,B,2,2,73,2.0,14,JALISCO,39,GUADALAJARA,3,1,0,0,1,1,0,0,0,0,0,0,0,0,0,1,2,2,1,3,1,3,1,3,1,2,1,1,1,2,5,1,0,0,0,0,0,0,0,1,0,0,0,0,1,0,0,0,0,0,2,2,2,1,3,1,2,,2,,1,9.0,2,,1,1.0,9,,3,3,2,2,2,2,3,3,2,3,2,2,3,3,2,2,2,2,2,2,2,1,2,2,2,2,2,0.0,1,3,1,2,2,3,3,2,2,3,2,2,2,2,1,5,1,5,1,3.0,1.0,3.0,9.0,1,2.0,1.0,2.0,1.0,2,,,,,1,1.0,2.0,1.0,1.0,2,,,,2,,,,2,,,,1,1.0,2.0,1.0,2,,,,2,,,,2,,,,2.0,1.0,2.0,2.0,2.0,2.0,1.0,2.0,2.0,2.0,,,,,,2.0,1.0,2.0,2.0,2.0,,,,,,,,,,,,,,,,2.0,1.0,2.0,1.0,2.0,,,,,,,,,,,,,,,3,1072,4288,1072.0,4288.0,U,4,281,6439,True,"Robo vehículo, Robo en transporte público, Robo en calle",Mujer
38720,1403267.03,1403267.03.01,1403267.03.01.01,1403267,3,1,A,1,2,51,2.0,14,JALISCO,39,GUADALAJARA,3,1,1,0,0,1,0,0,0,0,0,0,0,0,0,1,2,2,1,1,2,3,1,1,2,2,3,2,2,1,3,1,0,0,0,0,0,0,0,0,0,0,0,0,0,0,0,0,0,0,1,2,1,1,3,1,1,1.0,2,,1,2.0,2,,1,1.0,9,,2,3,2,3,3,2,3,2,2,3,2,2,3,2,2,2,2,1,2,1,2,1,2,1,2,2,2,15000.0,3,1,2,2,2,3,3,3,3,3,3,3,3,3,1,1,1,1,1,3.0,1.0,3.0,2.0,1,3.0,1.0,3.0,1.0,1,3.0,1.0,3.0,1.0,1,3.0,2.0,2.0,1.0,2,,,,1,3.0,1.0,3.0,2,,,,1,2.0,2.0,2.0,2,,,,1,2.0,2.0,1.0,1,4.0,1.0,2.0,1.0,1.0,2.0,2.0,2.0,1.0,1.0,2.0,2.0,2.0,2.0,1.0,2.0,2.0,2.0,2.0,1.0,2.0,2.0,2.0,,,,,,1.0,2.0,2.0,2.0,2.0,,,,,,2.0,1.0,2.0,2.0,2.0,,,,,,2.0,1.0,2.0,1.0,2.0,1.0,2.0,2.0,2.0,4,1072,3216,1072.0,3216.0,U,4,281,6439,True,"Robo vehículo, Robo accesorios vehículo, Robo en calle",Mujer
38721,1403267.04,1403267.04.01,1403267.04.01.02,1403267,4,1,A,2,1,98,2.0,14,JALISCO,39,GUADALAJARA,3,0,0,1,0,1,0,0,0,0,0,1,0,0,0,2,2,2,2,2,2,3,1,1,2,2,2,2,2,2,3,1,0,0,0,0,0,0,0,1,0,0,0,0,0,0,0,0,0,0,1,1,1,3,3,3,2,,2,,1,2.0,2,,1,1.0,1,1.0,1,3,2,2,2,1,3,2,2,3,1,2,1,2,2,2,2,2,2,1,2,1,2,2,2,2,2,5000.0,1,1,3,1,1,3,3,1,2,1,2,2,1,3,2,2,2,2,1,2.0,9.0,2.0,1.0,1,2.0,2.0,2.0,1.0,1,2.0,1.0,2.0,1.0,1,2.0,2.0,2.0,1.0,2,,,,1,3.0,1.0,2.0,2,,,,1,1.0,2.0,1.0,2,,,,1,1.0,2.0,1.0,1,2.0,1.0,2.0,2.0,1.0,2.0,2.0,2.0,2.0,1.0,2.0,2.0,2.0,2.0,1.0,2.0,2.0,2.0,2.0,1.0,2.0,2.0,2.0,,,,,,2.0,2.0,2.0,1.0,2.0,,,,,,2.0,1.0,2.0,2.0,2.0,,,,,,2.0,1.0,2.0,1.0,2.0,2.0,1.0,1.0,2.0,3,1072,4288,1072.0,4288.0,U,4,281,6439,True,"Robo en vivienda, Robo en calle, Amenazas",Hombre
38722,1403267.05,1403267.05.01,1403267.05.01.02,1403267,5,1,B,2,2,98,2.0,14,JALISCO,39,GUADALAJARA,3,0,0,0,1,1,0,0,0,0,0,1,0,0,0,2,2,2,1,2,2,3,1,2,2,3,2,2,2,2,3,0,0,0,0,0,0,0,1,1,0,0,0,0,0,1,0,0,0,0,1,1,1,1,4,3,2,,2,,1,2.0,2,,1,9.0,9,,2,3,2,3,2,2,3,2,2,2,2,2,3,2,2,2,2,2,2,2,2,2,2,2,2,2,2,,1,3,1,1,2,3,3,2,2,3,2,2,1,3,2,2,2,3,1,3.0,1.0,2.0,2.0,1,3.0,1.0,2.0,1.0,1,3.0,1.0,3.0,2.0,1,2.0,1.0,2.0,9.0,2,,,,1,3.0,1.0,3.0,1,3.0,1.0,3.0,1,2.0,2.0,2.0,1,2.0,2.0,1.0,1,2.0,2.0,1.0,1,4.0,1.0,3.0,1.0,1.0,2.0,2.0,2.0,2.0,1.0,2.0,2.0,2.0,2.0,1.0,2.0,1.0,2.0,2.0,1.0,1.0,1.0,2.0,,,,,,1.0,2.0,2.0,2.0,2.0,2.0,2.0,2.0,1.0,2.0,2.0,1.0,2.0,2.0,2.0,2.0,2.0,2.0,1.0,2.0,2.0,2.0,2.0,1.0,2.0,1.0,2.0,2.0,2.0,4,1072,2144,1072.0,2144.0,U,4,281,6439,True,"Robo en transporte público, Robo en calle, Amenazas",Mujer
38723,1403306.01,1403306.01.01,1403306.01.01.04,1403306,1,1,B,4,2,71,2.0,14,JALISCO,39,GUADALAJARA,9,1,0,1,0,1,0,0,0,0,0,0,0,0,0,2,2,2,2,2,2,3,2,2,2,2,2,1,1,3,3,1,1,0,0,0,1,0,1,1,1,1,0,0,1,0,0,0,0,0,1,1,1,3,3,4,1,2.0,2,,2,,1,2.0,1,2.0,1,2.0,2,1,2,2,2,1,3,3,2,3,2,2,3,2,2,1,1,1,1,2,2,2,2,2,2,2,2,35000.0,3,1,1,2,2,2,2,1,2,1,3,2,3,3,2,1,3,3,2,,,,,1,3.0,1.0,3.0,1.0,2,,,,,2,,,,,2,,,,2,,,,2,,,,2,,,,2,,,,2,,,,2,,,,,,,,,2.0,1.0,2.0,2.0,2.0,,,,,,,,,,,,,,,,,,,,,,,,,,,,,,,,,,,,,,,,,,,,,2,773,3091,773.0,3091.0,U,2,279,6284,True,"Robo vehículo, Robo en vivienda, Robo en calle",Mujer
38724,1403306.02,1403306.02.01,1403306.02.01.01,1403306,2,1,A,1,2,33,2.0,14,JALISCO,39,GUADALAJARA,2,0,1,0,0,1,0,0,0,1,0,0,0,0,0,1,2,2,1,2,2,3,1,1,2,2,2,1,2,1,3,0,0,0,0,0,0,0,1,1,0,0,0,0,0,1,0,0,0,0,1,1,2,1,3,1,2,,2,,2,,2,,1,1.0,1,1.0,2,1,2,1,1,1,3,1,1,1,2,1,1,2,2,1,1,1,2,1,2,1,2,2,2,2,2,3000.0,1,1,2,1,1,3,1,1,1,1,2,3,1,3,2,2,1,1,1,2.0,1.0,2.0,1.0,1,2.0,1.0,2.0,2.0,1,2.0,1.0,2.0,1.0,1,1.0,1.0,2.0,1.0,1,1.0,2.0,2.0,1,3.0,1.0,3.0,1,3.0,1.0,2.0,1,1.0,2.0,1.0,1,1.0,2.0,1.0,1,1.0,2.0,1.0,1,3.0,1.0,3.0,1.0,1.0,2.0,2.0,2.0,1.0,1.0,2.0,2.0,2.0,2.0,1.0,2.0,2.0,2.0,2.0,1.0,1.0,2.0,2.0,2.0,2.0,2.0,1.0,2.0,2.0,2.0,1.0,1.0,2.0,2.0,2.0,2.0,1.0,2.0,2.0,1.0,2.0,1.0,2.0,2.0,1.0,2.0,1.0,2.0,2.0,2.0,2.0,1.0,2.0,2.0,2.0,1.0,2.0,2,773,773,773.0,773.0,U,2,279,6284,True,"Robo accesorios vehículo, Robo en calle, Delito sexual",Mujer
38725,1403306.04,1403306.04.01,1403306.04.01.05,1403306,4,1,A,5,2,36,2.0,14,JALISCO,39,GUADALAJARA,3,0,0,0,0,1,1,0,0,0,0,1,0,0,0,1,1,2,1,1,1,3,2,2,2,2,2,1,2,1,3,1,1,1,0,0,0,0,0,1,0,1,0,0,0,0,0,0,0,0,1,1,1,1,4,1,1,1.0,1,2.0,1,2.0,2,,1,1.0,1,1.0,1,1,1,1,1,1,3,1,1,1,1,1,1,1,1,1,2,2,2,2,2,2,2,2,2,2,2,,1,1,3,3,1,3,3,2,2,3,2,2,1,2,2,1,1,2,1,3.0,1.0,2.0,2.0,2,,,,,1,2.0,1.0,2.0,1.0,1,1.0,2.0,1.0,1.0,2,,,,1,2.0,2.0,2.0,2,,,,1,1.0,2.0,1.0,2,,,,1,1.0,2.0,1.0,2,,,,1.0,1.0,1.0,1.0,2.0,,,,,,1.0,1.0,1.0,1.0,2.0,1.0,1.0,1.0,1.0,2.0,,,,,,2.0,1.0,1.0,1.0,2.0,,,,,,1.0,1.0,1.0,1.0,2.0,,,,,,1.0,1.0,1.0,1.0,2.0,,,,,2,773,1546,773.0,1546.0,U,2,279,6284,True,"Robo en calle, Secuestro, Amenazas",Mujer
38726,1403306.05,1403306.05.01,1403306.05.01.01,1403306,5,1,B,1,1,57,2.0,14,JALISCO,39,GUADALAJARA,3,0,1,0,1,0,0,0,0,1,0,0,0,0,0,1,1,1,1,1,1,3,1,1,1,1,1,1,1,1,2,1,1,0,0,1,0,0,1,1,1,0,0,0,0,0,0,0,0,0,1,2,1,1,1,1,1,1.0,2,,2,,2,,1,2.0,2,,2,2,2,2,2,2,3,3,2,3,2,2,3,2,2,2,2,2,2,2,2,2,2,2,2,2,2,,1,3,2,3,3,3,3,3,3,3,3,3,2,3,2,5,2,2,1,3.0,1.0,3.0,2.0,1,3.0,1.0,3.0,2.0,1,3.0,1.0,3.0,2.0,1,2.0,2.0,2.0,1.0,2,,,,2,,,,2,,,,1,2.0,2.0,2.0,2,,,,2,,,,2,,,,1.0,1.0,2.0,2.0,2.0,1.0,1.0,2.0,1.0,2.0,2.0,1.0,2.0,2.0,2.0,2.0,1.0,2.0,2.0,2.0,,,,,,,,,,,,,,,,2.0,1.0,2.0,1.0,2.0,,,,,,,,,,,,,,,2,773,2318,773.0,2318.0,U,2,279,6284,True,"Robo accesorios vehículo, Robo en transporte público, Delito sexual",Hombre
38727,1403318.01,1403318.01.01,1403318.01.01.01,1403318,1,1,B,1,1,44,2.0,14,JALISCO,39,GUADALAJARA,3,0,0,0,0,1,0,0,0,1,1,0,0,0,0,1,2,2,1,2,2,3,2,2,2,2,3,1,1,1,2,0,0,0,0,1,0,0,0,1,0,0,0,0,1,0,0,0,0,0,1,1,1,1,1,1,2,,2,,1,2.0,2,,1,1.0,1,1.0,1,1,1,3,3,1,3,2,2,3,2,2,2,2,2,2,1,2,2,1,2,2,2,2,2,2,2,3000.0,1,1,1,1,1,2,2,1,2,1,1,1,1,2,1,1,1,2,1,2.0,1.0,2.0,1.0,1,2.0,1.0,2.0,1.0,1,2.0,1.0,2.0,1.0,1,2.0,1.0,2.0,1.0,1,2.0,1.0,2.0,1,2.0,1.0,2.0,1,2.0,1.0,2.0,1,2.0,1.0,2.0,2,,,,2,,,,2,,,,1.0,1.0,2.0,2.0,2.0,1.0,1.0,2.0,2.0,2.0,1.0,1.0,2.0,2.0,2.0,1.0,1.0,1.0,2.0,2.0,1.0,1.0,2.0,2.0,2.0,1.0,2.0,2.0,2.0,2.0,2.0,2.0,2.0,1.0,2.0,2.0,1.0,2.0,1.0,2.0,,,,,,,,,,,,,,,3,1032,1032,1032.0,1032.0,U,4,281,6452,True,"Robo en calle, Delito sexual, Lesiones",Hombre
38728,1403318.02,1403318.02.01,1403318.02.01.01,1403318,2,1,B,1,2,49,2.0,14,JALISCO,39,GUADALAJARA,3,0,0,0,0,0,0,0,1,0,1,1,0,0,0,2,2,2,2,3,2,3,2,2,2,2,3,2,2,1,3,1,1,0,0,0,0,0,1,1,0,1,0,0,0,0,0,0,0,0,1,1,1,3,4,4,2,,2,,1,1.0,2,,1,1.0,1,1.0,2,2,2,2,2,2,3,2,2,2,2,2,2,2,2,2,2,2,2,2,2,1,2,2,2,2,2,300.0,1,1,1,1,3,3,3,3,3,3,3,3,3,3,3,5,2,1,1,3.0,1.0,3.0,2.0,1,3.0,1.0,3.0,2.0,2,,,,,2,,,,,2,,,,2,,,,2,,,,2,,,,2,,,,2,,,,2,,,,2.0,1.0,2.0,2.0,2.0,2.0,1.0,2.0,2.0,2.0,,,,,,,,,,,,,,,,,,,,,,,,,,,,,,,,,,,,,,,,,,,,,3,1032,1032,1032.0,1032.0,U,4,281,6452,True,"Extorsión, Lesiones, Amenazas",Mujer
38729,1403318.03,1403318.03.01,1403318.03.01.05,1403318,3,1,A,5,2,25,2.0,14,JALISCO,39,GUADALAJARA,3,0,0,1,0,1,1,0,0,0,0,0,0,0,0,2,2,2,1,3,2,3,2,2,2,2,2,2,3,1,3,1,0,0,0,1,0,0,0,1,1,0,0,0,1,0,0,0,0,0,1,1,1,4,1,1,2,,2,,1,2.0,2,,1,2.0,9,,1,1,1,1,1,1,3,1,1,1,1,3,3,3,3,1,1,1,1,2,2,2,2,2,2,2,2,9999999.0,2,2,3,3,3,3,3,3,2,2,3,3,2,2,3,5,1,1,1,4.0,1.0,3.0,2.0,2,,,,,1,4.0,1.0,3.0,2.0,2,,,,,2,,,,1,4.0,1.0,3.0,2,,,,1,3.0,2.0,3.0,2,,,,1,4.0,2.0,3.0,1,3.0,1.0,3.0,2.0,1.0,2.0,2.0,2.0,,,,,,2.0,2.0,2.0,1.0,2.0,,,,,,,,,,,2.0,2.0,2.0,1.0,2.0,,,,,,2.0,1.0,2.0,2.0,2.0,,,,,,2.0,2.0,2.0,1.0,2.0,2.0,1.0,2.0,2.0,9,1032,5160,1032.0,5160.0,U,4,281,6452,True,"Robo en vivienda, Robo en calle, Secuestro",Mujer
38730,1403318.04,1403318.04.01,1403318.04.01.01,1403318,4,1,B,1,2,64,2.0,14,JALISCO,39,GUADALAJARA,3,1,0,0,1,0,0,0,0,0,1,0,0,0,0,2,2,1,1,2,2,3,1,1,2,2,2,2,2,2,3,1,0,0,0,0,0,0,1,1,0,0,0,0,0,1,0,0,0,0,1,2,1,1,1,1,2,,2,,2,,2,,1,2.0,2,,2,2,1,2,2,2,3,3,2,2,2,2,3,2,2,2,2,2,2,2,2,2,2,2,2,2,2,,1,1,2,2,2,2,2,2,2,2,2,2,2,2,1,5,1,1,2,,,,,1,2.0,2.0,2.0,1.0,1,1.0,2.0,1.0,1.0,1,1.0,2.0,1.0,1.0,2,,,,1,2.0,2.0,2.0,2,,,,1,1.0,2.0,1.0,2,,,,2,,,,2,,,,,,,,,2.0,1.0,1.0,1.0,2.0,2.0,1.0,2.0,2.0,2.0,2.0,1.0,2.0,1.0,2.0,,,,,,2.0,1.0,2.0,1.0,2.0,,,,,,2.0,2.0,2.0,1.0,2.0,,,,,,,,,,,,,,,4,1032,3096,1032.0,3096.0,U,4,281,6452,True,"Robo vehículo, Robo en transporte público, Lesiones",Mujer
38731,1403318.05,1403318.05.01,1403318.05.01.03,1403318,5,1,B,3,1,23,2.0,14,JALISCO,39,GUADALAJARA,3,0,1,0,0,0,0,1,0,0,1,0,0,0,0,1,1,1,1,1,1,1,1,1,1,1,3,1,1,1,2,1,0,0,0,0,0,0,0,0,0,0,0,0,0,0,0,0,0,0,2,2,1,2,2,4,2,,2,,1,2.0,2,,1,2.0,2,,2,2,2,2,3,1,2,2,2,2,2,2,2,2,2,2,2,2,2,2,2,2,2,2,2,2,2,,1,1,3,3,1,2,2,3,3,1,3,3,1,3,3,1,1,1,1,3.0,1.0,2.0,1.0,1,2.0,1.0,2.0,2.0,1,2.0,1.0,2.0,1.0,1,2.0,1.0,2.0,1.0,2,,,,2,,,,2,,,,2,,,,2,,,,2,,,,2,,,,1.0,1.0,2.0,1.0,2.0,1.0,1.0,2.0,2.0,2.0,1.0,1.0,2.0,2.0,2.0,2.0,1.0,2.0,2.0,2.0,,,,,,,,,,,,,,,,,,,,,,,,,,,,,,,,,,,3,1032,4128,1032.0,4128.0,U,4,281,6452,True,"Robo accesorios vehículo, Fraude bancario, Lesiones",Hombre
38732,1403338.01,1403338.01.01,1403338.01.01.02,1403338,1,1,A,2,1,47,2.0,14,JALISCO,39,GUADALAJARA,3,0,1,0,0,0,0,0,1,0,1,0,0,0,0,1,2,2,1,1,1,3,1,3,2,1,3,1,1,1,4,0,0,0,0,0,0,0,0,0,0,0,0,0,1,0,0,1,0,0,2,2,2,2,1,1,2,,2,,2,,2,,2,,2,,2,2,2,2,3,2,3,2,2,2,2,2,3,3,3,2,2,2,2,2,2,2,2,2,2,2,2,,2,3,1,2,2,3,3,3,2,3,2,2,1,3,1,5,1,1,1,2.0,1.0,2.0,1.0,1,3.0,1.0,3.0,1.0,1,1.0,2.0,2.0,1.0,1,1.0,2.0,1.0,1.0,1,2.0,1.0,1.0,1,3.0,1.0,3.0,1,2.0,2.0,3.0,1,1.0,2.0,1.0,1,1.0,2.0,1.0,1,1.0,2.0,1.0,1,4.0,1.0,4.0,1.0,1.0,1.0,2.0,2.0,1.0,1.0,1.0,2.0,2.0,1.0,1.0,1.0,2.0,2.0,1.0,1.0,1.0,2.0,2.0,1.0,2.0,1.0,2.0,2.0,1.0,2.0,1.0,2.0,2.0,1.0,2.0,1.0,2.0,2.0,1.0,1.0,1.0,2.0,2.0,1.0,2.0,1.0,2.0,2.0,2.0,2.0,1.0,2.0,2.0,1.0,1.0,1.0,2.0,3,828,1656,828.0,1656.0,U,2,279,6275,True,"Robo accesorios vehículo, Extorsión, Lesiones",Hombre
38733,1403338.02,1403338.02.01,1403338.02.01.01,1403338,2,1,B,1,1,50,2.0,14,JALISCO,39,GUADALAJARA,3,1,0,0,0,1,0,1,0,0,0,0,0,0,0,1,2,1,1,1,1,3,1,1,1,1,1,1,1,3,2,0,0,0,0,0,0,0,0,0,0,0,0,0,0,0,0,0,1,0,2,2,2,2,1,1,2,,2,,2,,2,,2,,2,,2,2,2,2,2,2,3,3,2,2,2,2,3,2,2,2,2,2,2,2,2,2,2,2,2,2,2,,1,1,1,1,1,3,3,3,2,1,2,2,2,3,1,1,1,1,1,1.0,2.0,1.0,1.0,1,1.0,2.0,1.0,1.0,1,1.0,2.0,1.0,1.0,1,1.0,2.0,1.0,1.0,1,1.0,2.0,1.0,1,1.0,2.0,1.0,1,1.0,2.0,1.0,1,1.0,2.0,1.0,1,1.0,2.0,1.0,1,1.0,2.0,1.0,1,1.0,2.0,1.0,1.0,1.0,2.0,1.0,2.0,1.0,1.0,2.0,1.0,2.0,1.0,1.0,1.0,1.0,2.0,1.0,1.0,1.0,1.0,2.0,2.0,1.0,2.0,2.0,2.0,2.0,2.0,2.0,1.0,2.0,2.0,1.0,2.0,1.0,2.0,1.0,1.0,2.0,1.0,2.0,1.0,1.0,1.0,1.0,2.0,1.0,1.0,2.0,1.0,2.0,1.0,2.0,1.0,2.0,1,828,1656,828.0,1656.0,U,2,279,6275,True,"Robo vehículo, Robo en calle, Fraude bancario",Hombre
38734,1403338.03,1403338.03.01,1403338.03.01.03,1403338,3,1,A,3,1,23,2.0,14,JALISCO,39,GUADALAJARA,3,0,0,0,1,1,0,0,0,0,0,1,0,0,0,2,2,2,1,1,2,3,1,1,2,2,2,2,2,2,3,0,1,0,0,0,1,0,1,1,1,1,0,0,1,0,0,0,0,0,1,1,1,4,4,4,1,1.0,1,1.0,1,1.0,1,2.0,1,2.0,1,1.0,1,1,1,1,1,1,3,2,1,1,1,2,1,1,1,1,1,1,1,1,2,1,1,1,2,2,2,100000.0,3,3,3,3,3,1,1,1,3,3,3,3,3,3,1,1,1,1,1,4.0,1.0,4.0,2.0,2,,,,,1,2.0,1.0,3.0,2.0,1,2.0,2.0,2.0,1.0,1,2.0,2.0,2.0,1,1.0,2.0,1.0,1,1.0,2.0,2.0,1,4.0,1.0,3.0,1,1.0,2.0,1.0,1,1.0,2.0,1.0,2,,,,1.0,1.0,1.0,2.0,2.0,,,,,,1.0,1.0,1.0,1.0,2.0,2.0,1.0,1.0,1.0,2.0,1.0,1.0,1.0,1.0,2.0,1.0,1.0,1.0,1.0,2.0,1.0,1.0,1.0,1.0,2.0,1.0,1.0,1.0,1.0,2.0,2.0,1.0,1.0,1.0,2.0,1.0,1.0,1.0,1.0,2.0,,,,,2,828,4141,828.0,4141.0,U,2,279,6275,True,"Robo en transporte público, Robo en calle, Amenazas",Hombre
38735,1403338.05,1403338.05.01,1403338.05.01.02,1403338,5,1,A,2,2,58,2.0,14,JALISCO,39,GUADALAJARA,3,0,0,0,1,1,0,1,0,0,0,0,0,0,0,2,2,2,1,3,2,3,1,1,3,3,3,2,2,1,4,0,0,0,0,0,0,0,0,1,0,0,0,0,0,0,0,0,0,0,1,2,1,1,1,4,2,,2,,2,,2,,1,2.0,2,,1,1,2,2,3,2,3,3,3,3,2,3,3,2,2,2,2,2,2,2,2,1,2,2,2,2,2,0.0,1,1,2,2,2,3,3,2,1,1,1,2,2,3,2,5,1,2,1,3.0,1.0,3.0,1.0,1,2.0,2.0,1.0,1.0,1,3.0,9.0,3.0,1.0,1,1.0,2.0,3.0,1.0,2,,,,2,,,,2,,,,1,4.0,1.0,3.0,2,,,,2,,,,2,,,,1.0,1.0,2.0,1.0,2.0,1.0,1.0,1.0,1.0,2.0,2.0,1.0,2.0,1.0,2.0,2.0,1.0,2.0,1.0,2.0,,,,,,,,,,,,,,,,2.0,1.0,2.0,1.0,2.0,,,,,,,,,,,,,,,9,828,4141,828.0,4141.0,U,2,279,6275,True,"Robo en transporte público, Robo en calle, Fraude bancario",Mujer
38736,1403423.01,1403423.01.01,1403423.01.01.03,1403423,1,1,A,3,1,28,2.0,14,JALISCO,39,GUADALAJARA,3,0,0,0,0,1,0,0,0,1,1,0,0,0,0,2,2,2,1,1,2,3,1,1,2,2,2,1,2,2,3,0,1,0,0,0,0,0,1,1,1,1,1,0,1,0,0,0,0,0,1,1,2,1,2,2,1,1.0,1,1.0,1,1.0,1,1.0,1,1.0,9,,2,2,2,2,2,1,3,2,2,1,2,1,2,2,2,1,2,1,1,1,2,2,2,2,2,2,2,7000.0,1,3,1,1,3,3,3,3,3,1,1,1,1,3,2,2,1,1,1,2.0,1.0,2.0,2.0,1,2.0,2.0,2.0,1.0,1,1.0,2.0,1.0,1.0,1,1.0,2.0,1.0,1.0,2,,,,2,,,,1,1.0,2.0,2.0,2,,,,2,,,,2,,,,2,,,,1.0,1.0,2.0,2.0,2.0,1.0,1.0,2.0,2.0,2.0,1.0,1.0,2.0,2.0,2.0,1.0,2.0,2.0,2.0,2.0,,,,,,,,,,,2.0,1.0,2.0,2.0,2.0,,,,,,,,,,,,,,,,,,,,2,1127,4508,1127.0,4508.0,U,3,280,6294,True,"Robo en calle, Delito sexual, Lesiones",Hombre
38737,1403423.02,1403423.02.01,1403423.02.01.03,1403423,2,1,B,3,2,50,2.0,14,JALISCO,39,GUADALAJARA,3,1,0,0,1,1,0,0,0,0,0,0,0,0,0,2,2,2,1,3,2,3,2,2,2,2,2,2,2,2,3,0,0,0,0,0,0,0,1,1,0,0,0,0,0,0,0,0,0,0,1,1,2,4,4,4,1,2.0,2,,2,,1,2.0,1,1.0,2,,2,2,2,2,2,1,3,2,1,1,2,2,3,2,2,2,2,2,2,2,2,2,2,2,2,2,2,,3,3,3,1,3,2,2,2,2,2,2,2,2,2,1,5,1,1,2,,,,,2,,,,,2,,,,,2,,,,,2,,,,2,,,,2,,,,2,,,,2,,,,2,,,,2,,,,,,,,,,,,,,,,,,,,,,,,,,,,,,,,,,,,,,,,,,,,,,,,,,,,,,,,,,3,1127,3381,1127.0,3381.0,U,3,280,6294,True,"Robo vehículo, Robo en transporte público, Robo en calle",Mujer
38738,1403423.03,1403423.03.01,1403423.03.01.01,1403423,3,1,A,1,1,37,2.0,14,JALISCO,39,GUADALAJARA,3,0,0,1,0,0,0,0,0,0,1,1,0,0,0,2,2,2,1,2,2,3,2,2,2,2,2,2,2,1,4,0,1,1,0,0,1,0,1,1,0,1,0,0,1,0,0,0,0,0,1,1,2,3,4,4,2,,2,,2,,2,,1,2.0,1,2.0,1,1,1,3,3,1,3,2,1,1,2,2,2,2,1,2,2,2,1,2,2,2,2,2,2,2,2,1200.0,1,1,1,1,1,3,3,1,1,1,3,3,1,3,1,5,1,3,1,1.0,1.0,1.0,1.0,1,4.0,1.0,2.0,1.0,1,2.0,2.0,1.0,1.0,1,1.0,2.0,1.0,1.0,1,2.0,2.0,2.0,1,2.0,2.0,2.0,1,2.0,2.0,2.0,1,1.0,2.0,1.0,1,1.0,2.0,1.0,1,1.0,2.0,1.0,1,2.0,1.0,2.0,2.0,1.0,2.0,2.0,2.0,1.0,2.0,2.0,2.0,2.0,2.0,1.0,2.0,2.0,2.0,2.0,1.0,2.0,2.0,2.0,2.0,1.0,2.0,2.0,2.0,2.0,2.0,2.0,1.0,2.0,2.0,2.0,2.0,1.0,2.0,2.0,1.0,2.0,2.0,2.0,2.0,2.0,2.0,1.0,2.0,2.0,2.0,2.0,1.0,2.0,2.0,2.0,1.0,2.0,3,1127,2254,1127.0,2254.0,U,3,280,6294,True,"Robo en vivienda, Lesiones, Amenazas",Hombre
38739,1403423.04,1403423.04.01,1403423.04.01.02,1403423,4,1,B,2,2,26,2.0,14,JALISCO,39,GUADALAJARA,3,1,0,0,0,1,0,0,0,0,0,1,0,0,0,2,2,2,1,1,2,3,1,1,2,2,2,2,2,1,4,1,1,0,1,1,1,0,1,1,1,1,0,1,1,0,0,1,0,0,1,1,2,3,3,3,2,,2,,1,1.0,1,2.0,1,2.0,1,1.0,1,1,2,1,2,1,3,2,2,1,2,2,2,2,2,2,2,2,2,2,2,2,2,2,2,2,2,,2,3,3,3,3,3,3,3,3,3,3,3,3,3,1,1,1,1,1,2.0,1.0,2.0,1.0,1,3.0,1.0,2.0,1.0,2,,,,,2,,,,,2,,,,2,,,,2,,,,2,,,,2,,,,2,,,,2,,,,2.0,1.0,2.0,2.0,2.0,2.0,1.0,2.0,2.0,2.0,,,,,,,,,,,,,,,,,,,,,,,,,,,,,,,,,,,,,,,,,,,,,4,1127,2254,1127.0,2254.0,U,3,280,6294,True,"Robo vehículo, Robo en calle, Amenazas",Mujer
38740,1403423.05,1403423.05.01,1403423.05.01.01,1403423,5,1,B,1,2,64,2.0,14,JALISCO,39,GUADALAJARA,3,0,0,0,0,1,0,1,0,0,1,0,0,0,0,2,2,2,1,1,2,3,1,1,1,1,2,1,1,1,3,1,1,0,0,0,1,0,1,1,1,1,1,0,1,1,0,0,0,0,1,1,1,4,3,3,2,,2,,1,2.0,1,1.0,1,1.0,1,1.0,1,1,2,1,2,1,3,2,1,1,2,2,3,2,2,2,2,2,2,2,2,2,2,2,2,2,2,,1,1,2,2,2,2,2,1,2,1,3,3,2,2,2,5,1,1,2,,,,,2,,,,,2,,,,,2,,,,,2,,,,2,,,,2,,,,2,,,,2,,,,2,,,,2,,,,,,,,,,,,,,,,,,,,,,,,,,,,,,,,,,,,,,,,,,,,,,,,,,,,,,,,,,4,1127,2254,1127.0,2254.0,U,3,280,6294,True,"Robo en calle, Fraude bancario, Lesiones",Mujer
38741,1403432.01,1403432.01.01,1403432.01.01.02,1403432,1,1,A,2,2,39,2.0,14,JALISCO,39,GUADALAJARA,3,0,0,0,0,1,0,0,0,1,1,0,0,0,0,2,2,2,1,1,2,3,2,2,1,2,2,1,2,2,3,1,0,1,0,0,0,0,0,1,0,1,0,1,1,1,0,0,0,0,1,1,1,1,3,3,1,9.0,1,9.0,1,9.0,9,,1,9.0,1,9.0,1,1,1,1,1,1,3,1,1,1,2,1,3,3,1,2,2,2,2,1,2,1,2,2,2,2,2,9999999.0,2,2,2,2,2,2,2,2,2,2,2,2,1,3,2,2,1,1,1,2.0,9.0,9.0,1.0,1,2.0,9.0,9.0,1.0,1,2.0,9.0,9.0,1.0,1,9.0,9.0,9.0,1.0,2,,,,1,9.0,9.0,9.0,1,9.0,9.0,9.0,1,9.0,9.0,9.0,1,9.0,9.0,9.0,1,9.0,9.0,9.0,1,9.0,9.0,9.0,2.0,1.0,2.0,2.0,2.0,2.0,1.0,2.0,2.0,2.0,2.0,1.0,2.0,1.0,2.0,2.0,1.0,2.0,1.0,2.0,,,,,,2.0,1.0,2.0,1.0,2.0,2.0,1.0,2.0,1.0,2.0,2.0,1.0,2.0,1.0,2.0,2.0,1.0,2.0,1.0,2.0,2.0,1.0,2.0,1.0,2.0,2.0,2.0,1.0,2.0,4,954,1907,954.0,1907.0,U,3,280,6348,True,"Robo en calle, Delito sexual, Lesiones",Mujer
38742,1403432.02,1403432.02.01,1403432.02.01.01,1403432,2,1,A,1,2,32,2.0,14,JALISCO,39,GUADALAJARA,3,0,0,0,0,1,0,0,0,0,1,1,0,0,0,2,2,2,1,3,2,3,2,2,2,2,2,2,2,2,3,1,1,0,0,1,0,1,1,1,1,1,0,0,1,1,0,0,0,0,1,2,2,4,4,4,1,2.0,2,,1,2.0,1,1.0,1,1.0,1,1.0,1,1,2,1,1,2,3,2,2,2,2,2,2,2,1,2,1,1,1,2,2,2,2,2,2,2,2,30000.0,1,3,3,3,3,3,2,3,1,3,3,3,3,2,1,5,1,2,1,4.0,1.0,3.0,2.0,1,4.0,1.0,4.0,2.0,1,4.0,1.0,3.0,1.0,2,,,,,2,,,,2,,,,2,,,,1,2.0,2.0,2.0,2,,,,1,2.0,2.0,3.0,2,,,,2.0,1.0,2.0,2.0,2.0,2.0,1.0,1.0,2.0,2.0,2.0,1.0,1.0,1.0,2.0,,,,,,,,,,,,,,,,,,,,,2.0,1.0,2.0,1.0,2.0,,,,,,2.0,1.0,2.0,2.0,2.0,,,,,3,954,3814,954.0,3814.0,U,3,280,6348,True,"Robo en calle, Lesiones, Amenazas",Mujer
38743,1403432.04,1403432.04.01,1403432.04.01.01,1403432,4,1,B,1,1,62,2.0,14,JALISCO,39,GUADALAJARA,3,0,0,1,0,1,0,0,0,0,0,1,0,0,0,2,2,2,1,1,2,3,2,2,2,2,2,1,2,1,3,1,0,0,1,1,0,1,1,1,1,0,0,0,0,1,0,0,0,0,2,2,1,1,1,1,2,,2,,2,,2,,1,2.0,1,2.0,1,2,1,1,1,1,3,1,1,1,2,1,3,1,2,2,1,2,2,2,2,2,2,2,2,2,2,10000.0,1,1,3,1,1,3,3,3,3,1,1,1,1,3,2,2,1,2,1,2.0,2.0,2.0,1.0,1,2.0,2.0,2.0,1.0,1,3.0,1.0,3.0,1.0,1,1.0,2.0,1.0,1.0,2,,,,1,3.0,1.0,4.0,1,4.0,1.0,4.0,2,,,,2,,,,2,,,,2,,,,1.0,1.0,2.0,2.0,2.0,1.0,2.0,2.0,2.0,2.0,2.0,2.0,1.0,2.0,2.0,1.0,1.0,1.0,1.0,2.0,,,,,,1.0,2.0,2.0,2.0,2.0,1.0,2.0,2.0,2.0,2.0,,,,,,,,,,,,,,,,,,,,4,954,3814,954.0,3814.0,U,3,280,6348,True,"Robo en vivienda, Robo en calle, Amenazas",Hombre
38744,1403438.02,1403438.02.01,1403438.02.01.02,1403438,2,1,B,2,2,20,2.0,14,JALISCO,39,GUADALAJARA,2,1,0,0,0,1,0,0,1,0,0,0,0,0,0,1,2,2,1,1,2,3,2,2,2,2,2,1,2,2,3,1,1,0,0,0,0,1,1,1,1,0,0,0,0,0,0,1,0,0,1,1,2,3,4,4,2,,2,,2,,2,,1,2.0,2,,1,1,2,1,2,1,3,2,2,2,2,2,1,1,1,2,1,1,2,2,2,2,2,2,2,2,2,500.0,1,1,3,3,3,3,3,1,1,1,3,3,1,3,3,3,1,2,1,3.0,1.0,2.0,2.0,1,2.0,1.0,1.0,1.0,1,2.0,1.0,2.0,2.0,1,1.0,1.0,1.0,1.0,1,3.0,1.0,3.0,1,2.0,1.0,2.0,2,,,,1,1.0,2.0,1.0,2,,,,1,1.0,1.0,3.0,2,,,,1.0,1.0,2.0,2.0,2.0,1.0,1.0,2.0,2.0,2.0,1.0,1.0,2.0,2.0,2.0,1.0,1.0,2.0,2.0,2.0,1.0,1.0,2.0,2.0,2.0,1.0,1.0,2.0,2.0,2.0,,,,,,1.0,1.0,2.0,2.0,2.0,,,,,,1.0,1.0,2.0,2.0,2.0,,,,,4,1076,2153,1076.0,2153.0,U,2,279,6218,True,"Robo vehículo, Robo en calle, Extorsión",Mujer
38745,1403438.03,1403438.03.01,1403438.03.01.01,1403438,3,1,B,1,1,29,2.0,14,JALISCO,39,GUADALAJARA,2,1,1,1,0,0,0,0,0,0,0,0,0,0,0,1,1,1,1,1,1,3,1,1,1,1,3,1,1,1,2,1,1,1,1,0,0,0,1,0,0,0,0,0,0,0,0,0,0,0,1,1,2,2,2,2,1,2.0,2,,1,1.0,1,2.0,2,,2,,2,1,2,2,3,2,3,2,2,2,2,2,2,2,2,2,2,2,2,2,2,2,2,2,2,2,2,,1,1,1,1,1,2,2,1,1,1,3,1,1,3,2,1,1,1,1,2.0,1.0,2.0,1.0,1,2.0,1.0,2.0,1.0,1,2.0,1.0,2.0,1.0,1,2.0,1.0,2.0,1.0,2,,,,1,1.0,1.0,2.0,2,,,,1,1.0,2.0,2.0,1,2.0,2.0,2.0,1,1.0,2.0,2.0,2,,,,1.0,2.0,2.0,2.0,2.0,1.0,1.0,2.0,2.0,2.0,1.0,1.0,2.0,2.0,2.0,1.0,1.0,2.0,1.0,2.0,,,,,,1.0,1.0,2.0,2.0,2.0,,,,,,2.0,2.0,2.0,1.0,2.0,2.0,2.0,2.0,1.0,2.0,2.0,2.0,2.0,1.0,2.0,,,,,2,1076,2153,1076.0,2153.0,U,2,279,6218,True,"Robo vehículo, Robo accesorios vehículo, Robo en vivienda",Hombre
38746,1403438.05,1403438.05.01,1403438.05.01.01,1403438,5,1,B,1,1,53,2.0,14,JALISCO,39,GUADALAJARA,3,0,0,0,1,1,0,0,0,0,1,0,0,0,0,1,2,2,1,1,2,3,1,1,3,3,2,1,2,2,3,1,1,1,0,1,0,0,1,1,1,1,0,0,1,0,0,0,0,0,1,1,1,1,1,1,2,,2,,1,2.0,2,,1,1.0,9,,2,2,2,2,2,2,3,3,2,1,2,3,2,2,1,2,2,1,2,2,2,1,2,2,2,2,2,5000.0,1,1,2,1,1,2,3,3,2,3,3,3,3,3,2,1,2,4,1,4.0,1.0,4.0,2.0,1,2.0,1.0,2.0,1.0,1,3.0,1.0,3.0,2.0,1,3.0,1.0,3.0,1.0,2,,,,1,4.0,1.0,3.0,2,,,,1,1.0,2.0,2.0,1,2.0,2.0,2.0,1,1.0,2.0,1.0,1,2.0,2.0,3.0,1.0,1.0,1.0,2.0,2.0,1.0,1.0,2.0,2.0,2.0,2.0,1.0,2.0,2.0,2.0,2.0,1.0,2.0,2.0,2.0,,,,,,2.0,2.0,2.0,1.0,2.0,,,,,,2.0,1.0,2.0,1.0,2.0,2.0,2.0,2.0,1.0,2.0,2.0,2.0,2.0,1.0,2.0,2.0,2.0,1.0,2.0,3,1076,2153,1076.0,2153.0,U,2,279,6218,True,"Robo en transporte público, Robo en calle, Lesiones",Hombre
38747,1403440.01,1403440.01.01,1403440.01.01.03,1403440,1,1,B,3,1,30,2.0,14,JALISCO,39,GUADALAJARA,3,0,0,0,0,1,1,0,1,0,0,0,0,0,0,1,2,2,1,1,1,3,3,3,2,2,1,1,1,3,2,1,0,1,0,0,1,0,1,0,1,0,0,0,0,0,0,0,0,0,1,2,1,3,3,3,2,,2,,2,,2,,1,2.0,9,,2,2,2,2,2,1,3,3,2,2,2,2,3,3,3,2,2,2,2,2,2,2,2,2,2,2,2,,3,1,2,3,3,3,3,3,3,3,3,3,3,3,4,1,1,3,1,4.0,1.0,4.0,2.0,1,4.0,1.0,4.0,2.0,1,4.0,1.0,3.0,2.0,1,4.0,1.0,4.0,2.0,1,4.0,1.0,2.0,1,4.0,1.0,3.0,2,,,,1,4.0,1.0,2.0,1,2.0,2.0,2.0,1,4.0,1.0,2.0,2,,,,2.0,1.0,2.0,2.0,2.0,1.0,1.0,1.0,1.0,2.0,1.0,1.0,1.0,1.0,2.0,1.0,1.0,1.0,1.0,2.0,1.0,1.0,1.0,1.0,2.0,2.0,1.0,1.0,1.0,2.0,,,,,,1.0,1.0,1.0,1.0,2.0,2.0,2.0,2.0,1.0,2.0,2.0,2.0,2.0,1.0,2.0,,,,,4,915,2746,915.0,2746.0,U,2,279,6256,True,"Robo en calle, Secuestro, Extorsión",Hombre
38748,1403440.02,1403440.02.01,1403440.02.01.01,1403440,2,1,B,1,2,29,2.0,14,JALISCO,39,GUADALAJARA,3,0,0,0,1,1,0,0,1,0,0,0,0,0,0,1,2,2,1,1,2,3,1,1,2,2,3,2,1,1,3,1,1,0,0,1,0,1,1,1,1,1,0,0,1,0,0,0,0,0,1,1,1,3,3,1,2,,2,,1,2.0,1,2.0,1,2.0,1,2.0,2,1,2,2,2,1,3,2,2,2,2,2,2,2,2,2,2,2,2,2,2,2,2,2,2,2,2,,3,3,1,2,2,3,3,2,2,3,1,1,2,3,3,1,1,2,1,2.0,1.0,2.0,2.0,1,2.0,1.0,2.0,1.0,1,2.0,1.0,2.0,1.0,1,2.0,1.0,2.0,1.0,2,,,,2,,,,2,,,,1,2.0,2.0,2.0,2,,,,2,,,,2,,,,1.0,1.0,2.0,2.0,2.0,1.0,1.0,2.0,2.0,2.0,2.0,1.0,2.0,2.0,2.0,2.0,1.0,2.0,1.0,2.0,,,,,,,,,,,,,,,,2.0,2.0,1.0,1.0,2.0,,,,,,,,,,,,,,,3,915,915,915.0,915.0,U,2,279,6256,True,"Robo en transporte público, Robo en calle, Extorsión",Mujer
38749,1403440.03,1403440.03.01,1403440.03.01.02,1403440,3,1,B,2,2,39,2.0,14,JALISCO,39,GUADALAJARA,3,0,1,0,1,0,0,0,0,1,0,0,0,0,0,2,2,2,1,1,2,3,1,2,2,2,1,1,2,2,3,1,1,1,0,1,0,1,1,1,1,1,0,0,0,1,0,0,0,0,2,2,2,3,3,3,2,,2,,1,2.0,2,,1,2.0,2,,2,1,2,2,2,1,3,2,2,2,2,1,3,2,2,2,2,2,2,2,2,2,2,2,2,2,2,,3,3,3,3,3,3,3,3,3,1,3,3,3,3,3,2,1,2,1,2.0,1.0,3.0,1.0,1,3.0,1.0,2.0,1.0,2,,,,,2,,,,,2,,,,2,,,,2,,,,2,,,,2,,,,2,,,,2,,,,2.0,2.0,2.0,1.0,2.0,2.0,2.0,1.0,2.0,2.0,,,,,,,,,,,,,,,,,,,,,,,,,,,,,,,,,,,,,,,,,,,,,4,915,1831,915.0,1831.0,U,2,279,6256,True,"Robo accesorios vehículo, Robo en transporte público, Delito sexual",Mujer
38750,1403440.04,1403440.04.01,1403440.04.01.01,1403440,4,1,B,1,2,87,2.0,14,JALISCO,39,GUADALAJARA,3,1,0,0,0,0,0,0,0,0,1,1,0,0,0,1,1,1,1,3,1,3,1,3,2,3,3,1,3,3,2,0,0,0,0,0,0,0,0,0,0,0,0,0,0,0,0,0,1,0,2,2,2,1,1,1,2,,2,,2,,2,,2,,2,,2,2,2,2,3,2,3,3,2,3,2,1,3,3,3,3,2,2,2,2,2,2,2,2,2,2,2,,2,2,2,2,2,2,2,2,2,2,2,2,2,2,1,5,1,1,2,,,,,2,,,,,2,,,,,2,,,,,2,,,,2,,,,2,,,,2,,,,2,,,,2,,,,2,,,,,,,,,,,,,,,,,,,,,,,,,,,,,,,,,,,,,,,,,,,,,,,,,,,,,,,,,,2,915,1831,915.0,1831.0,U,2,279,6256,True,"Robo vehículo, Lesiones, Amenazas",Mujer
38751,1403440.05,1403440.05.01,1403440.05.01.02,1403440,5,1,B,2,1,40,2.0,14,JALISCO,39,GUADALAJARA,3,0,0,0,1,1,0,0,0,0,0,1,0,0,0,1,2,2,1,1,2,3,2,2,2,2,2,2,2,1,3,1,1,1,1,1,1,1,1,1,1,1,0,0,1,1,0,1,0,0,1,1,1,3,3,3,2,,2,,2,,2,,2,,1,2.0,2,1,2,2,2,2,3,2,2,1,2,2,2,2,2,2,2,2,2,2,2,2,2,2,2,2,2,,1,1,3,3,3,2,3,3,2,1,1,1,1,3,2,2,1,1,1,2.0,1.0,3.0,2.0,1,2.0,1.0,3.0,1.0,1,2.0,1.0,3.0,1.0,1,1.0,2.0,1.0,1.0,1,2.0,1.0,3.0,1,2.0,2.0,2.0,1,2.0,2.0,2.0,1,1.0,2.0,1.0,2,,,,1,1.0,2.0,1.0,1,1.0,2.0,1.0,1.0,2.0,1.0,2.0,2.0,1.0,2.0,2.0,1.0,2.0,2.0,1.0,2.0,2.0,2.0,2.0,1.0,2.0,2.0,2.0,1.0,2.0,1.0,2.0,2.0,2.0,2.0,2.0,1.0,2.0,2.0,2.0,2.0,1.0,2.0,2.0,1.0,1.0,2.0,2.0,,,,,,2.0,2.0,1.0,1.0,2.0,2.0,1.0,2.0,2.0,3,915,1831,915.0,1831.0,U,2,279,6256,True,"Robo en transporte público, Robo en calle, Amenazas",Hombre
38752,1403454.01,1403454.01.01,1403454.01.01.01,1403454,1,1,B,1,1,34,2.0,14,JALISCO,39,GUADALAJARA,3,0,0,0,0,1,0,0,0,1,1,0,0,0,0,1,2,2,1,1,2,3,1,1,1,2,2,1,1,2,2,0,1,1,0,0,0,0,1,1,1,1,0,0,1,0,0,0,0,0,1,1,9,2,4,4,2,,2,,1,1.0,2,,1,1.0,1,1.0,2,2,2,2,2,2,3,2,2,2,2,2,3,2,2,2,2,2,2,2,2,2,2,2,2,2,2,,3,1,3,3,2,3,3,1,1,2,3,3,1,3,2,1,1,1,1,2.0,1.0,3.0,1.0,1,2.0,2.0,2.0,1.0,2,,,,,1,1.0,2.0,1.0,1.0,2,,,,1,2.0,1.0,3.0,1,3.0,2.0,3.0,1,1.0,2.0,1.0,2,,,,2,,,,2,,,,2.0,1.0,2.0,2.0,2.0,1.0,1.0,2.0,2.0,2.0,,,,,,2.0,1.0,2.0,1.0,2.0,,,,,,1.0,2.0,1.0,2.0,2.0,2.0,2.0,1.0,2.0,2.0,2.0,1.0,2.0,1.0,2.0,,,,,,,,,,,,,,,4,968,1935,968.0,1935.0,U,4,281,6467,True,"Robo en calle, Delito sexual, Lesiones",Hombre
38753,1403454.03,1403454.03.01,1403454.03.01.01,1403454,3,1,A,1,1,39,2.0,14,JALISCO,39,GUADALAJARA,3,0,0,1,0,1,0,0,1,0,0,0,0,0,0,2,2,2,1,2,2,3,2,2,2,2,3,2,2,2,3,1,1,1,1,1,0,0,1,1,1,1,0,0,0,0,0,0,0,0,1,1,1,3,3,3,2,,2,,1,9.0,1,2.0,1,9.0,1,9.0,2,2,1,3,3,1,3,2,1,1,2,2,2,2,1,2,2,2,2,2,2,2,2,2,2,2,2,,2,2,3,2,2,2,2,2,2,2,2,3,2,2,3,3,2,2,1,4.0,1.0,4.0,2.0,1,4.0,1.0,4.0,2.0,1,4.0,1.0,4.0,2.0,1,4.0,1.0,4.0,2.0,1,4.0,1.0,4.0,1,4.0,1.0,4.0,1,4.0,1.0,4.0,1,3.0,1.0,3.0,2,,,,2,,,,1,4.0,1.0,4.0,1.0,2.0,2.0,2.0,2.0,1.0,2.0,2.0,1.0,2.0,1.0,1.0,2.0,1.0,2.0,1.0,1.0,1.0,1.0,2.0,1.0,1.0,1.0,1.0,2.0,1.0,1.0,1.0,1.0,2.0,1.0,1.0,1.0,1.0,2.0,1.0,1.0,1.0,1.0,2.0,,,,,,,,,,,1.0,1.0,1.0,2.0,4,968,1935,968.0,1935.0,U,4,281,6467,True,"Robo en vivienda, Robo en calle, Extorsión",Hombre
38754,1403454.05,1403454.05.01,1403454.05.01.01,1403454,5,1,A,1,2,39,2.0,14,JALISCO,39,GUADALAJARA,3,1,0,0,0,1,0,0,1,0,0,0,0,0,0,2,2,2,1,2,2,3,2,2,2,2,3,2,2,2,4,1,1,1,1,1,1,0,1,1,1,1,1,1,1,1,1,1,0,0,1,1,1,4,4,4,1,2.0,1,1.0,2,,1,2.0,1,2.0,2,,1,1,2,3,3,1,3,1,1,1,2,2,3,2,1,2,2,2,2,2,2,2,2,2,2,2,2,,1,3,3,3,3,3,3,1,3,1,3,3,3,3,3,2,1,1,1,3.0,1.0,4.0,2.0,1,2.0,1.0,2.0,1.0,1,4.0,2.0,2.0,2.0,1,1.0,2.0,1.0,1.0,2,,,,1,4.0,1.0,4.0,1,4.0,1.0,2.0,1,2.0,2.0,2.0,1,1.0,2.0,2.0,1,1.0,2.0,2.0,1,3.0,1.0,2.0,1.0,2.0,1.0,2.0,2.0,1.0,1.0,1.0,1.0,2.0,1.0,1.0,1.0,1.0,2.0,1.0,1.0,1.0,1.0,2.0,,,,,,2.0,1.0,1.0,2.0,2.0,2.0,2.0,1.0,1.0,2.0,2.0,1.0,1.0,1.0,2.0,2.0,1.0,1.0,1.0,2.0,2.0,2.0,2.0,1.0,2.0,1.0,1.0,1.0,2.0,2,968,968,968.0,968.0,U,4,281,6467,True,"Robo vehículo, Robo en calle, Extorsión",Mujer
38755,1403475.01,1403475.01.01,1403475.01.01.02,1403475,1,1,A,2,2,37,2.0,14,JALISCO,39,GUADALAJARA,3,1,1,0,0,0,0,0,0,1,0,0,0,0,0,2,2,2,1,1,2,3,2,2,2,2,2,2,2,2,3,1,1,1,1,1,1,0,1,1,1,1,1,0,1,0,0,0,0,0,1,1,1,3,3,3,1,2.0,1,2.0,1,2.0,1,2.0,1,2.0,1,2.0,1,1,2,2,3,1,2,1,1,1,1,2,1,1,2,2,2,1,1,1,2,2,2,2,2,2,2,100.0,1,1,3,3,1,3,3,3,3,3,3,3,1,3,1,1,1,1,1,4.0,1.0,4.0,2.0,1,3.0,1.0,4.0,2.0,1,3.0,1.0,4.0,2.0,1,3.0,1.0,4.0,2.0,2,,,,1,3.0,1.0,4.0,1,3.0,1.0,4.0,1,3.0,1.0,4.0,1,3.0,1.0,4.0,1,3.0,1.0,4.0,1,3.0,1.0,4.0,1.0,1.0,2.0,2.0,2.0,1.0,1.0,2.0,2.0,2.0,1.0,1.0,2.0,2.0,2.0,2.0,1.0,2.0,2.0,2.0,,,,,,1.0,1.0,2.0,2.0,2.0,2.0,2.0,2.0,1.0,2.0,2.0,2.0,2.0,1.0,2.0,2.0,1.0,2.0,1.0,2.0,2.0,1.0,2.0,1.0,2.0,1.0,2.0,2.0,2.0,3,974,1948,974.0,1948.0,U,3,280,6334,True,"Robo vehículo, Robo accesorios vehículo, Delito sexual",Mujer
38756,1403475.03,1403475.03.01,1403475.03.01.02,1403475,3,1,A,2,2,32,2.0,14,JALISCO,39,GUADALAJARA,3,0,0,0,0,1,1,0,1,0,0,0,0,0,0,2,2,2,1,3,2,3,1,1,2,2,2,2,2,2,3,1,1,1,0,1,1,0,1,1,1,0,0,0,1,0,0,1,0,0,2,2,2,4,4,4,1,2.0,1,2.0,1,2.0,1,2.0,2,,2,,2,2,1,2,2,2,2,2,1,2,2,1,3,2,2,2,2,2,2,2,2,1,2,2,2,2,2,0.0,1,1,2,3,1,3,3,3,1,1,3,3,2,2,2,5,1,2,1,2.0,1.0,2.0,2.0,1,2.0,1.0,2.0,1.0,1,3.0,1.0,4.0,2.0,1,2.0,1.0,2.0,1.0,2,,,,2,,,,2,,,,1,2.0,1.0,4.0,1,2.0,1.0,2.0,1,2.0,1.0,3.0,2,,,,2.0,1.0,2.0,1.0,2.0,2.0,1.0,2.0,1.0,2.0,2.0,2.0,2.0,1.0,2.0,2.0,1.0,2.0,2.0,2.0,,,,,,,,,,,,,,,,2.0,1.0,1.0,2.0,2.0,2.0,2.0,2.0,1.0,2.0,2.0,2.0,2.0,1.0,2.0,,,,,2,974,2922,974.0,2922.0,U,3,280,6334,True,"Robo en calle, Secuestro, Extorsión",Mujer
38757,1403475.04,1403475.04.01,1403475.04.01.02,1403475,4,1,B,2,2,35,2.0,14,JALISCO,39,GUADALAJARA,3,0,0,0,0,1,0,1,0,1,0,0,0,0,0,2,1,1,2,1,2,3,1,1,2,2,1,1,2,1,3,1,1,1,0,1,1,1,1,0,1,0,0,0,0,0,0,1,0,0,1,1,2,3,2,4,1,2.0,1,2.0,9,,1,2.0,2,,9,,1,3,1,2,2,1,3,2,2,1,2,1,3,2,2,1,2,1,2,1,2,2,2,2,2,2,2,4000.0,3,3,1,1,1,2,2,3,3,3,3,3,1,2,2,1,1,1,1,2.0,1.0,3.0,2.0,2,,,,,1,4.0,1.0,4.0,2.0,1,2.0,1.0,2.0,1.0,2,,,,1,2.0,2.0,2.0,2,,,,1,2.0,2.0,2.0,1,2.0,2.0,2.0,1,2.0,2.0,2.0,1,2.0,2.0,2.0,1.0,1.0,2.0,2.0,2.0,,,,,,1.0,1.0,2.0,2.0,2.0,2.0,1.0,2.0,1.0,2.0,,,,,,1.0,2.0,1.0,1.0,2.0,,,,,,2.0,1.0,2.0,1.0,2.0,2.0,1.0,2.0,1.0,2.0,2.0,2.0,2.0,1.0,2.0,1.0,1.0,1.0,2.0,2,974,1948,974.0,1948.0,U,3,280,6334,True,"Robo en calle, Fraude bancario, Delito sexual",Mujer
38758,1403475.05,1403475.05.01,1403475.05.01.02,1403475,5,1,A,2,1,30,2.0,14,JALISCO,39,GUADALAJARA,3,0,0,0,1,1,0,0,0,1,0,0,0,0,0,1,1,1,1,1,2,3,3,1,1,2,1,1,1,1,2,0,0,0,0,0,0,0,0,0,0,0,0,0,0,0,0,0,1,0,1,2,1,2,1,1,2,,2,,2,,2,,2,,2,,2,3,2,1,2,1,3,2,2,2,2,2,2,2,2,2,2,2,2,2,2,2,2,2,2,2,2,,3,1,2,2,2,3,3,3,3,2,2,2,3,2,1,1,1,1,1,2.0,2.0,3.0,9.0,2,,,,,1,1.0,2.0,1.0,1.0,1,1.0,2.0,1.0,1.0,2,,,,2,,,,2,,,,1,1.0,2.0,1.0,1,1.0,2.0,1.0,1,1.0,2.0,1.0,1,2.0,1.0,3.0,2.0,1.0,2.0,2.0,2.0,,,,,,2.0,1.0,2.0,2.0,2.0,2.0,1.0,2.0,2.0,2.0,,,,,,,,,,,,,,,,2.0,1.0,2.0,2.0,2.0,2.0,2.0,2.0,1.0,2.0,2.0,2.0,2.0,1.0,2.0,2.0,1.0,2.0,2.0,4,974,1948,974.0,1948.0,U,3,280,6334,True,"Robo en transporte público, Robo en calle, Delito sexual",Hombre
38759,1403518.01,1403518.01.01,1403518.01.01.01,1403518,1,1,B,1,1,30,2.0,14,JALISCO,39,GUADALAJARA,2,0,1,0,1,0,1,0,0,0,0,0,0,0,0,1,2,2,1,1,2,3,1,1,1,2,3,1,2,1,2,1,0,0,0,0,0,0,1,1,0,0,0,0,0,0,0,1,0,0,1,1,1,2,1,3,1,9.0,2,,1,9.0,2,,1,1.0,9,,2,3,2,3,3,1,3,2,2,3,2,2,1,2,2,2,2,2,2,2,2,2,2,2,2,2,2,,1,3,1,2,2,3,3,2,3,1,2,2,3,3,3,1,1,1,1,4.0,1.0,3.0,2.0,1,2.0,1.0,2.0,1.0,1,2.0,1.0,2.0,1.0,1,4.0,1.0,4.0,2.0,2,,,,1,2.0,2.0,2.0,2,,,,1,2.0,2.0,2.0,1,2.0,2.0,2.0,1,2.0,2.0,2.0,1,2.0,1.0,2.0,1.0,1.0,2.0,2.0,2.0,2.0,1.0,2.0,2.0,2.0,2.0,1.0,2.0,2.0,2.0,1.0,1.0,2.0,2.0,2.0,,,,,,2.0,2.0,2.0,1.0,2.0,,,,,,2.0,1.0,2.0,2.0,2.0,2.0,2.0,2.0,1.0,2.0,2.0,1.0,2.0,1.0,2.0,2.0,1.0,1.0,2.0,3,1070,2141,1070.0,2141.0,U,4,281,6440,True,"Robo accesorios vehículo, Robo en transporte público, Secuestro",Hombre
38760,1403518.02,1403518.02.01,1403518.02.01.01,1403518,2,1,B,1,2,59,2.0,14,JALISCO,39,GUADALAJARA,3,0,0,1,0,0,0,0,1,0,0,1,0,0,0,2,2,2,2,2,2,3,2,2,2,2,3,2,1,2,5,1,0,0,0,0,0,0,1,1,1,0,0,0,1,0,0,0,0,0,1,1,1,1,4,3,2,,2,,2,,2,,1,2.0,9,,2,3,2,3,3,2,3,2,2,3,2,2,3,2,2,2,2,2,1,2,2,2,2,2,2,2,2,600.0,2,3,3,3,2,3,3,3,2,3,3,3,2,3,1,1,1,1,1,4.0,1.0,3.0,2.0,1,3.0,1.0,3.0,1.0,1,3.0,1.0,3.0,1.0,1,1.0,2.0,1.0,1.0,2,,,,2,,,,2,,,,1,1.0,2.0,1.0,2,,,,1,1.0,2.0,1.0,2,,,,2.0,1.0,2.0,2.0,2.0,2.0,1.0,2.0,2.0,2.0,2.0,1.0,2.0,2.0,2.0,2.0,1.0,2.0,2.0,2.0,,,,,,,,,,,,,,,,2.0,1.0,2.0,2.0,2.0,,,,,,2.0,2.0,2.0,1.0,2.0,,,,,4,1070,2141,1070.0,2141.0,U,4,281,6440,True,"Robo en vivienda, Extorsión, Amenazas",Mujer
38761,1403518.05,1403518.05.01,1403518.05.01.01,1403518,5,1,B,1,1,73,2.0,14,JALISCO,39,GUADALAJARA,2,0,0,0,1,1,0,0,0,0,1,0,0,0,0,1,2,2,1,3,1,3,3,3,1,3,3,1,1,3,5,0,0,1,0,0,0,0,0,0,0,0,0,0,0,0,0,0,0,0,2,2,2,2,3,1,2,,2,,2,,2,,2,,9,,3,3,2,3,3,2,3,3,2,3,2,2,3,2,2,2,2,2,2,2,2,2,2,2,2,2,2,,2,3,1,2,2,3,3,3,2,1,1,1,2,2,1,5,1,1,1,4.0,1.0,4.0,2.0,1,1.0,2.0,2.0,1.0,2,,,,,1,1.0,2.0,1.0,1.0,2,,,,1,2.0,2.0,2.0,2,,,,1,1.0,2.0,1.0,2,,,,2,,,,2,,,,1.0,1.0,2.0,2.0,2.0,1.0,1.0,2.0,2.0,2.0,,,,,,2.0,1.0,2.0,1.0,2.0,,,,,,1.0,2.0,1.0,1.0,2.0,,,,,,2.0,1.0,1.0,1.0,2.0,,,,,,,,,,,,,,,2,1070,1070,1070.0,1070.0,U,4,281,6440,True,"Robo en transporte público, Robo en calle, Lesiones",Hombre
38762,1403555.02,1403555.02.01,1403555.02.01.02,1403555,2,1,B,2,1,40,2.0,14,JALISCO,39,GUADALAJARA,3,0,0,0,1,1,0,1,0,0,0,0,0,0,0,1,2,2,2,2,2,3,2,2,2,2,2,2,2,2,3,0,0,0,0,0,0,0,0,0,0,0,0,0,0,0,0,0,1,0,1,2,1,3,3,3,2,,2,,2,,2,,2,,9,,1,1,3,1,3,1,3,2,2,3,1,2,3,3,1,2,2,2,2,2,2,2,2,2,2,2,2,,3,2,2,2,2,3,3,3,2,2,3,3,3,9,3,3,3,3,1,3.0,1.0,3.0,2.0,2,,,,,1,4.0,1.0,3.0,2.0,1,3.0,1.0,3.0,1.0,2,,,,2,,,,2,,,,1,3.0,1.0,3.0,1,2.0,2.0,3.0,1,1.0,1.0,2.0,2,,,,1.0,1.0,1.0,1.0,2.0,,,,,,1.0,1.0,1.0,1.0,2.0,2.0,1.0,2.0,1.0,2.0,,,,,,,,,,,,,,,,2.0,1.0,2.0,1.0,2.0,2.0,2.0,2.0,1.0,2.0,2.0,1.0,2.0,1.0,2.0,,,,,4,1109,3327,1109.0,3327.0,U,4,281,6422,True,"Robo en transporte público, Robo en calle, Fraude bancario",Hombre
38763,1403555.04,1403555.04.01,1403555.04.01.01,1403555,4,1,B,1,1,77,2.0,14,JALISCO,39,GUADALAJARA,3,0,0,0,0,1,0,0,1,0,0,1,0,0,0,1,2,2,1,3,2,3,1,1,2,2,3,1,2,1,3,0,0,0,0,0,0,0,0,0,0,0,0,0,0,0,0,0,1,0,2,2,2,2,1,1,2,,2,,2,,2,,2,,2,,2,2,2,2,2,1,3,2,2,3,2,3,3,2,2,2,2,2,1,2,2,2,2,2,2,2,2,8000.0,1,1,3,3,3,3,3,3,1,1,3,3,3,3,1,5,1,2,1,2.0,1.0,2.0,2.0,1,2.0,1.0,2.0,1.0,1,2.0,1.0,2.0,1.0,1,1.0,2.0,1.0,1.0,1,2.0,1.0,3.0,1,2.0,1.0,2.0,2,,,,1,1.0,2.0,1.0,1,1.0,2.0,1.0,1,1.0,2.0,1.0,1,4.0,1.0,3.0,2.0,2.0,2.0,1.0,2.0,2.0,2.0,2.0,1.0,2.0,2.0,2.0,2.0,1.0,2.0,2.0,2.0,2.0,1.0,2.0,2.0,2.0,2.0,1.0,2.0,2.0,2.0,2.0,1.0,2.0,,,,,,2.0,2.0,2.0,1.0,2.0,2.0,2.0,2.0,1.0,2.0,2.0,2.0,2.0,1.0,2.0,2.0,2.0,1.0,2.0,9,1109,2218,1109.0,2218.0,U,4,281,6422,True,"Robo en calle, Extorsión, Amenazas",Hombre
38764,1403582.01,1403582.01.01,1403582.01.01.01,1403582,1,1,A,1,2,72,2.0,14,JALISCO,39,GUADALAJARA,3,1,1,0,0,1,0,0,0,0,0,0,0,0,0,1,2,2,2,3,2,3,2,1,1,2,2,2,2,2,4,0,0,0,0,0,0,0,0,1,0,0,0,0,0,0,0,0,0,0,1,1,1,9,3,9,2,,2,,2,,2,,1,1.0,9,,1,1,1,1,1,1,3,1,1,1,1,1,3,2,1,2,2,2,2,2,1,2,2,2,2,2,2,3600.0,1,3,2,2,2,1,2,2,2,2,2,2,1,2,1,5,1,1,1,2.0,2.0,1.0,2.0,2,,,,,2,,,,,1,3.0,1.0,2.0,2.0,2,,,,2,,,,2,,,,1,3.0,9.0,2.0,1,9.0,9.0,9.0,1,9.0,9.0,9.0,2,,,,2.0,1.0,2.0,2.0,2.0,,,,,,,,,,,2.0,1.0,2.0,1.0,2.0,,,,,,,,,,,,,,,,2.0,1.0,2.0,1.0,9.0,2.0,2.0,2.0,1.0,2.0,2.0,2.0,2.0,1.0,2.0,,,,,9,1000,1000,1000.0,1000.0,U,4,281,6461,True,"Robo vehículo, Robo accesorios vehículo, Robo en calle",Mujer
38765,1403582.02,1403582.02.01,1403582.02.01.01,1403582,2,1,A,1,2,73,2.0,14,JALISCO,39,GUADALAJARA,3,0,0,1,0,1,0,0,1,0,0,0,0,0,0,2,2,2,2,3,2,3,2,2,2,2,3,2,2,2,4,0,0,0,0,0,0,0,1,0,0,0,0,1,1,1,0,0,0,0,1,1,1,9,9,9,1,1.0,1,2.0,1,1.0,2,,1,1.0,1,1.0,1,1,1,1,1,1,3,1,1,1,1,2,1,2,1,2,1,1,2,1,2,2,2,2,2,2,9,4000.0,1,3,1,3,3,1,1,1,1,1,3,3,3,9,1,5,1,1,1,3.0,1.0,2.0,1.0,1,2.0,1.0,3.0,1.0,1,1.0,1.0,2.0,1.0,1,4.0,1.0,4.0,2.0,2,,,,1,4.0,1.0,3.0,1,4.0,1.0,2.0,1,4.0,1.0,4.0,1,9.0,9.0,9.0,1,9.0,1.0,2.0,1,4.0,1.0,4.0,1.0,1.0,1.0,1.0,2.0,1.0,1.0,1.0,1.0,2.0,1.0,1.0,1.0,1.0,2.0,2.0,1.0,1.0,1.0,2.0,,,,,,1.0,2.0,1.0,1.0,2.0,2.0,2.0,2.0,1.0,2.0,2.0,1.0,2.0,1.0,2.0,2.0,2.0,2.0,1.0,2.0,2.0,2.0,2.0,1.0,2.0,1.0,1.0,1.0,2.0,4,1000,3001,1000.0,3001.0,U,4,281,6461,True,"Robo en vivienda, Robo en calle, Extorsión",Mujer
38766,1403582.03,1403582.03.01,1403582.03.01.01,1403582,3,1,B,1,2,34,2.0,14,JALISCO,39,GUADALAJARA,3,0,0,0,1,0,0,0,0,1,1,0,0,0,0,1,1,2,1,1,1,3,1,1,2,2,3,1,1,1,3,0,0,0,0,0,0,0,0,0,0,0,0,0,0,0,0,0,1,0,1,2,1,2,4,4,2,,2,,2,,2,,2,,2,,2,1,2,2,2,1,3,2,2,1,2,2,2,2,2,2,2,2,2,1,2,2,2,2,2,2,9,0.0,2,3,2,2,2,2,2,2,2,1,3,2,2,9,1,1,1,1,1,3.0,1.0,2.0,9.0,1,1.0,1.0,2.0,1.0,1,2.0,1.0,2.0,1.0,1,2.0,2.0,1.0,1.0,1,3.0,1.0,1.0,1,3.0,1.0,2.0,1,3.0,1.0,2.0,2,,,,2,,,,2,,,,2,,,,1.0,1.0,1.0,1.0,9.0,1.0,1.0,1.0,1.0,9.0,2.0,1.0,2.0,1.0,9.0,2.0,1.0,2.0,1.0,9.0,1.0,2.0,2.0,2.0,9.0,1.0,1.0,2.0,1.0,9.0,1.0,2.0,2.0,1.0,9.0,,,,,,,,,,,,,,,,,,,,2,1000,1000,1000.0,1000.0,U,4,281,6461,True,"Robo en transporte público, Delito sexual, Lesiones",Mujer
38767,1403582.04,1403582.04.01,1403582.04.01.03,1403582,4,1,A,3,2,24,2.0,14,JALISCO,39,GUADALAJARA,3,0,0,0,1,1,0,0,0,0,1,0,0,0,0,2,2,2,2,1,2,3,2,1,2,2,3,1,2,2,4,0,0,1,0,0,0,1,1,1,0,1,0,1,1,0,0,0,0,0,1,1,1,4,3,3,2,,1,1.0,2,,2,,1,1.0,1,1.0,1,1,1,1,1,1,3,2,1,1,1,2,2,2,1,2,2,1,2,1,1,1,2,2,2,2,2,6000.0,2,3,2,3,2,1,2,2,2,3,3,3,1,9,3,2,1,1,1,3.0,1.0,3.0,2.0,2,,,,,1,3.0,1.0,2.0,1.0,1,2.0,1.0,2.0,1.0,2,,,,1,2.0,1.0,2.0,2,,,,2,,,,2,,,,2,,,,2,,,,1.0,1.0,1.0,1.0,2.0,,,,,,2.0,1.0,1.0,1.0,2.0,2.0,1.0,1.0,1.0,2.0,,,,,,2.0,2.0,1.0,1.0,2.0,,,,,,,,,,,,,,,,,,,,,,,,,3,1000,3001,1000.0,3001.0,U,4,281,6461,True,"Robo en transporte público, Robo en calle, Lesiones",Mujer
38768,1403619.01,1403619.01.01,1403619.01.01.04,1403619,1,1,B,4,2,23,2.0,14,JALISCO,39,GUADALAJARA,3,0,0,0,1,1,0,0,0,0,0,1,0,0,0,2,2,2,1,1,2,3,1,1,2,2,3,1,1,2,3,0,0,0,0,0,0,0,1,1,0,0,0,0,1,0,0,0,0,0,1,1,1,3,3,3,1,1.0,2,,2,,2,,1,9.0,1,2.0,2,1,2,2,2,1,3,2,2,1,2,2,3,2,2,1,2,2,2,2,2,2,2,2,2,2,2,,3,3,1,2,2,3,3,2,2,3,3,3,3,3,2,1,1,1,1,3.0,1.0,2.0,1.0,1,3.0,1.0,2.0,1.0,1,3.0,1.0,2.0,1.0,1,2.0,9.0,2.0,1.0,2,,,,1,3.0,1.0,2.0,1,3.0,1.0,2.0,1,2.0,2.0,2.0,1,2.0,1.0,2.0,1,2.0,1.0,2.0,2,,,,2.0,1.0,2.0,1.0,2.0,2.0,1.0,2.0,1.0,2.0,2.0,1.0,2.0,1.0,2.0,2.0,1.0,2.0,1.0,2.0,,,,,,2.0,2.0,2.0,1.0,2.0,2.0,2.0,2.0,1.0,2.0,2.0,1.0,2.0,1.0,2.0,2.0,1.0,2.0,1.0,2.0,2.0,1.0,2.0,1.0,2.0,,,,,2,1018,4071,1018.0,4071.0,U,2,279,6228,True,"Robo en transporte público, Robo en calle, Amenazas",Mujer
38769,1403619.02,1403619.02.01,1403619.02.01.03,1403619,2,1,A,3,1,26,2.0,14,JALISCO,39,GUADALAJARA,3,0,0,0,0,1,0,0,1,1,0,0,0,0,0,2,2,2,1,1,2,1,2,2,2,2,1,1,1,2,3,1,1,1,0,1,1,1,1,1,1,0,0,1,0,1,0,1,0,0,1,1,1,3,3,3,2,,1,2.0,1,2.0,1,2.0,1,2.0,1,2.0,1,1,1,1,2,2,2,1,1,1,1,2,2,1,1,2,2,1,2,2,2,2,2,2,2,2,2,600.0,1,2,3,3,3,3,2,3,3,1,3,3,3,3,3,1,1,1,1,3.0,1.0,3.0,2.0,2,,,,,1,3.0,1.0,3.0,1.0,1,3.0,1.0,3.0,1.0,1,4.0,1.0,4.0,1,4.0,1.0,4.0,1,4.0,1.0,4.0,1,2.0,1.0,2.0,1,2.0,1.0,2.0,2,,,,2,,,,1.0,1.0,1.0,1.0,2.0,,,,,,1.0,1.0,1.0,1.0,2.0,2.0,2.0,1.0,1.0,2.0,1.0,1.0,1.0,1.0,2.0,2.0,2.0,1.0,1.0,2.0,2.0,2.0,2.0,1.0,2.0,2.0,1.0,1.0,1.0,2.0,2.0,1.0,1.0,1.0,2.0,,,,,,,,,,3,1018,3054,1018.0,3054.0,U,2,279,6228,True,"Robo en calle, Extorsión, Delito sexual",Hombre
38770,1403619.03,1403619.03.01,1403619.03.01.01,1403619,3,1,B,1,1,58,2.0,14,JALISCO,39,GUADALAJARA,3,0,1,0,0,0,0,0,0,1,1,0,0,0,0,1,1,1,1,1,1,3,1,1,1,1,1,1,2,1,2,0,0,0,0,0,0,0,0,0,0,0,0,0,0,0,0,0,1,0,9,9,9,2,9,9,2,,2,,2,,2,,2,,2,,2,2,2,2,2,2,3,2,2,1,2,2,2,2,2,2,2,2,2,2,2,2,2,2,2,2,2,,1,1,1,1,1,3,2,1,1,3,2,2,1,3,2,2,2,1,1,3.0,1.0,3.0,1.0,1,3.0,1.0,3.0,1.0,1,3.0,1.0,2.0,1.0,1,2.0,9.0,1.0,1.0,1,2.0,1.0,2.0,1,2.0,1.0,2.0,1,2.0,1.0,2.0,1,2.0,2.0,2.0,1,2.0,1.0,2.0,1,2.0,2.0,2.0,2,,,,2.0,1.0,2.0,1.0,2.0,2.0,1.0,2.0,1.0,2.0,2.0,1.0,2.0,1.0,2.0,2.0,1.0,2.0,1.0,2.0,2.0,1.0,2.0,1.0,2.0,2.0,1.0,2.0,1.0,2.0,2.0,2.0,2.0,1.0,2.0,2.0,1.0,2.0,1.0,2.0,2.0,1.0,2.0,1.0,2.0,2.0,1.0,2.0,1.0,2.0,,,,,9,1018,1018,1018.0,1018.0,U,2,279,6228,True,"Robo accesorios vehículo, Delito sexual, Lesiones",Hombre
38771,1403619.04,1403619.04.01,1403619.04.01.01,1403619,4,1,B,1,1,51,2.0,14,JALISCO,39,GUADALAJARA,3,0,0,0,0,1,0,1,0,0,1,0,0,0,0,2,2,2,1,1,1,3,1,1,2,3,2,2,2,1,3,0,0,0,0,0,0,0,0,1,0,0,0,0,0,0,0,0,0,0,1,1,2,9,3,4,2,,1,2.0,1,2.0,2,,2,,2,,3,1,1,1,2,1,3,3,2,3,2,3,3,1,2,2,2,1,2,2,2,2,2,2,2,2,2,500.0,2,3,3,3,3,3,3,2,2,1,3,3,3,3,3,1,1,3,1,2.0,1.0,2.0,9.0,1,3.0,1.0,3.0,9.0,1,2.0,9.0,9.0,9.0,2,,,,,2,,,,2,,,,2,,,,2,,,,2,,,,2,,,,2,,,,2.0,1.0,2.0,1.0,2.0,2.0,1.0,2.0,1.0,2.0,2.0,1.0,2.0,1.0,2.0,,,,,,,,,,,,,,,,,,,,,,,,,,,,,,,,,,,,,,,,9,1018,2036,1018.0,2036.0,U,2,279,6228,True,"Robo en calle, Fraude bancario, Lesiones",Hombre
38772,1403619.05,1403619.05.01,1403619.05.01.01,1403619,5,1,A,1,1,51,2.0,14,JALISCO,39,GUADALAJARA,3,0,0,0,0,1,0,0,1,0,0,1,0,0,0,2,2,2,1,1,1,3,1,3,1,1,1,1,2,1,3,0,0,0,0,0,0,0,0,0,0,0,0,0,0,0,0,0,1,0,1,2,2,1,1,1,2,,2,,2,,2,,2,,2,,1,1,2,2,2,1,3,3,2,1,2,1,3,3,2,1,2,1,2,2,2,2,2,2,2,2,2,750.0,2,2,3,1,2,3,3,3,2,3,2,2,3,3,2,1,3,1,1,2.0,1.0,2.0,2.0,1,2.0,1.0,2.0,2.0,1,2.0,1.0,2.0,2.0,1,2.0,2.0,2.0,1.0,1,2.0,1.0,2.0,1,2.0,2.0,2.0,2,,,,1,1.0,2.0,1.0,2,,,,1,1.0,2.0,1.0,2,,,,2.0,1.0,2.0,1.0,2.0,2.0,1.0,2.0,1.0,2.0,2.0,1.0,2.0,1.0,2.0,2.0,1.0,2.0,1.0,2.0,2.0,1.0,2.0,1.0,2.0,2.0,2.0,2.0,1.0,2.0,,,,,,2.0,1.0,2.0,1.0,2.0,,,,,,2.0,2.0,2.0,1.0,2.0,,,,,1,1018,3054,1018.0,3054.0,U,2,279,6228,True,"Robo en calle, Extorsión, Amenazas",Hombre
38773,1403657.01,1403657.01.01,1403657.01.01.01,1403657,1,1,B,1,1,84,2.0,14,JALISCO,39,GUADALAJARA,3,0,0,1,1,1,0,0,0,0,0,0,0,0,0,2,2,2,2,3,2,3,2,2,2,3,3,2,2,2,3,1,1,0,0,1,0,0,1,1,1,1,1,1,0,0,0,0,0,0,1,1,1,4,4,4,1,2.0,2,,2,,2,,2,,2,,3,3,1,1,1,1,3,3,2,3,2,2,3,3,1,2,2,1,1,2,2,2,2,2,2,2,2,5000.0,3,3,3,3,3,3,3,3,3,3,3,3,3,3,3,5,1,3,1,4.0,1.0,4.0,2.0,1,4.0,1.0,4.0,2.0,1,9.0,1.0,4.0,2.0,1,2.0,9.0,3.0,1.0,2,,,,1,4.0,1.0,4.0,2,,,,1,2.0,2.0,3.0,1,4.0,1.0,3.0,2,,,,2,,,,1.0,1.0,2.0,2.0,2.0,2.0,2.0,1.0,1.0,2.0,2.0,1.0,1.0,2.0,2.0,2.0,1.0,1.0,2.0,2.0,,,,,,2.0,1.0,1.0,2.0,2.0,,,,,,2.0,1.0,1.0,2.0,2.0,2.0,1.0,1.0,2.0,2.0,,,,,,,,,,9,907,2720,907.0,2720.0,U,3,280,6367,True,"Robo en vivienda, Robo en transporte público, Robo en calle",Hombre
38774,1403657.02,1403657.02.01,1403657.02.01.05,1403657,2,1,B,5,1,71,2.0,14,JALISCO,39,GUADALAJARA,3,0,0,1,1,1,0,0,0,0,0,0,0,0,0,2,2,2,1,3,2,3,9,9,2,2,9,1,2,2,4,0,1,0,0,1,0,0,1,1,0,0,0,0,0,0,0,0,0,0,2,2,2,4,4,4,2,,2,,2,,2,,2,,2,,3,3,2,9,9,2,3,3,3,2,2,3,3,3,2,2,2,2,2,2,2,2,2,2,2,2,2,,2,1,2,3,3,3,3,3,3,3,2,2,2,2,2,5,2,2,2,,,,,1,4.0,1.0,4.0,2.0,1,4.0,1.0,4.0,2.0,1,4.0,2.0,2.0,1.0,2,,,,2,,,,2,,,,1,2.0,2.0,3.0,2,,,,2,,,,2,,,,,,,,,2.0,1.0,1.0,1.0,2.0,2.0,1.0,2.0,2.0,2.0,2.0,1.0,1.0,1.0,2.0,,,,,,,,,,,,,,,,2.0,1.0,2.0,1.0,2.0,,,,,,,,,,,,,,,3,907,5440,907.0,5440.0,U,3,280,6367,True,"Robo en vivienda, Robo en transporte público, Robo en calle",Hombre
38775,1403657.03,1403657.03.01,1403657.03.01.03,1403657,3,1,B,3,2,43,2.0,14,JALISCO,39,GUADALAJARA,3,0,0,0,0,1,0,0,1,1,0,0,0,0,0,2,2,2,1,1,2,3,1,1,1,2,2,1,1,1,3,1,0,1,0,1,0,1,1,1,1,1,1,0,0,1,0,0,0,0,1,2,1,3,3,3,2,,2,,1,1.0,2,,1,1.0,1,1.0,1,1,2,2,2,1,3,2,2,1,2,2,3,2,3,1,2,2,2,2,2,2,2,2,2,2,2,,3,1,2,2,2,2,2,2,2,2,3,3,2,2,3,2,2,3,1,2.0,1.0,3.0,2.0,1,2.0,2.0,2.0,1.0,2,,,,,1,2.0,2.0,2.0,1.0,2,,,,2,,,,2,,,,1,2.0,2.0,2.0,2,,,,2,,,,2,,,,1.0,2.0,2.0,2.0,2.0,2.0,2.0,1.0,2.0,2.0,,,,,,2.0,2.0,1.0,2.0,2.0,,,,,,,,,,,,,,,,2.0,2.0,1.0,2.0,2.0,,,,,,,,,,,,,,,3,907,2720,907.0,2720.0,U,3,280,6367,True,"Robo en calle, Extorsión, Delito sexual",Mujer
38776,1403700.01,1403700.01.01,1403700.01.01.02,1403700,1,1,A,2,2,36,2.0,14,JALISCO,39,GUADALAJARA,3,0,0,0,1,0,0,0,1,0,0,1,0,0,0,1,2,2,1,1,1,3,1,1,2,2,2,2,2,1,2,0,0,0,0,1,0,0,1,1,1,1,0,0,0,0,0,0,0,0,1,1,1,2,3,4,2,,1,2.0,2,,2,,2,,2,,2,1,2,2,2,1,3,2,2,1,2,2,3,2,2,2,2,2,2,2,2,2,2,2,2,2,2,,3,3,3,3,3,3,3,3,3,3,3,3,3,3,3,2,2,2,1,2.0,1.0,3.0,1.0,2,,,,,2,,,,,1,1.0,2.0,1.0,1.0,2,,,,2,,,,2,,,,2,,,,2,,,,2,,,,2,,,,2.0,1.0,2.0,2.0,2.0,,,,,,,,,,,2.0,1.0,2.0,2.0,2.0,,,,,,,,,,,,,,,,,,,,,,,,,,,,,,,,,,,3,1133,2265,1133.0,2265.0,U,4,281,6414,True,"Robo en transporte público, Extorsión, Amenazas",Mujer
38777,1403700.02,1403700.02.01,1403700.02.01.02,1403700,2,1,B,2,2,39,2.0,14,JALISCO,39,GUADALAJARA,3,0,0,0,0,1,0,0,1,1,0,0,0,0,0,2,2,2,2,1,2,3,2,2,1,1,2,2,2,2,4,1,1,1,0,0,0,0,1,1,1,0,0,0,0,1,1,1,0,0,1,1,1,3,3,3,2,,2,,2,,2,,2,,2,,1,1,2,1,1,2,3,2,1,1,2,2,2,2,1,2,2,2,2,2,2,2,2,2,2,2,2,,3,3,3,3,3,3,3,3,3,3,3,3,3,3,1,1,1,1,2,,,,,1,2.0,2.0,3.0,2.0,2,,,,,2,,,,,2,,,,2,,,,2,,,,2,,,,2,,,,2,,,,2,,,,,,,,,2.0,1.0,2.0,2.0,2.0,,,,,,,,,,,,,,,,,,,,,,,,,,,,,,,,,,,,,,,,,,,,,2,1133,2265,1133.0,2265.0,U,4,281,6414,True,"Robo en calle, Extorsión, Delito sexual",Mujer
38778,1403700.04,1403700.04.01,1403700.04.01.01,1403700,4,1,B,1,2,55,2.0,14,JALISCO,39,GUADALAJARA,3,0,0,0,0,1,0,1,0,0,1,0,0,0,0,2,2,2,2,2,2,3,2,2,2,2,2,2,3,2,3,0,0,0,0,0,0,0,0,1,0,1,0,0,0,0,0,0,0,0,1,1,1,3,4,4,2,,2,,2,,2,,1,2.0,9,,1,3,1,1,1,1,3,3,1,1,1,1,3,2,3,1,2,2,2,2,2,2,2,2,2,2,2,,2,3,2,2,2,2,2,2,2,2,2,2,2,2,2,2,1,3,2,,,,,1,3.0,9.0,3.0,1.0,1,2.0,9.0,3.0,1.0,1,9.0,9.0,3.0,1.0,2,,,,1,3.0,9.0,4.0,2,,,,1,2.0,2.0,3.0,1,3.0,1.0,3.0,1,2.0,9.0,2.0,2,,,,,,,,,2.0,1.0,1.0,1.0,2.0,2.0,1.0,1.0,1.0,2.0,2.0,1.0,1.0,2.0,2.0,,,,,,2.0,1.0,2.0,1.0,2.0,,,,,,2.0,1.0,2.0,2.0,2.0,2.0,2.0,2.0,1.0,2.0,2.0,2.0,2.0,1.0,2.0,,,,,4,1133,1133,1133.0,1133.0,U,4,281,6414,True,"Robo en calle, Fraude bancario, Lesiones",Mujer
38779,1403700.05,1403700.05.01,1403700.05.01.02,1403700,5,1,B,2,2,60,2.0,14,JALISCO,39,GUADALAJARA,3,0,0,0,1,1,0,0,1,0,0,0,0,0,0,2,2,2,2,3,2,2,2,2,2,2,2,2,2,2,4,0,0,0,0,0,0,0,0,1,0,1,0,0,1,1,0,0,0,0,1,1,1,1,1,1,2,,2,,2,,2,,2,,2,,1,3,1,1,1,1,3,3,1,1,1,1,1,1,1,1,2,2,2,2,2,2,2,2,2,2,2,,3,3,2,2,2,3,3,3,3,3,3,3,3,3,1,5,1,1,2,,,,,1,2.0,2.0,3.0,2.0,2,,,,,2,,,,,1,3.0,2.0,3.0,2,,,,2,,,,2,,,,2,,,,2,,,,2,,,,,,,,,2.0,1.0,1.0,2.0,2.0,,,,,,,,,,,2.0,1.0,1.0,2.0,2.0,,,,,,,,,,,,,,,,,,,,,,,,,,,,,,3,1133,4531,1133.0,4531.0,U,4,281,6414,True,"Robo en transporte público, Robo en calle, Extorsión",Mujer
38780,1403741.01,1403741.01.01,1403741.01.01.03,1403741,1,1,A,3,2,31,2.0,14,JALISCO,39,GUADALAJARA,3,0,0,0,1,1,0,1,0,0,0,0,0,0,0,2,2,2,1,1,2,3,1,1,1,2,3,1,1,1,4,1,1,1,0,1,0,0,1,1,0,1,0,0,1,1,0,0,0,0,1,1,1,3,4,3,2,,1,2.0,1,2.0,2,,1,2.0,1,9.0,2,2,2,1,3,2,3,2,2,3,2,2,3,2,2,2,2,1,2,2,2,2,2,2,2,2,2,500.0,3,3,3,3,3,3,3,1,3,1,3,3,2,3,2,2,1,2,1,4.0,1.0,4.0,2.0,1,4.0,1.0,4.0,2.0,1,4.0,1.0,4.0,2.0,1,2.0,2.0,1.0,1.0,2,,,,2,,,,2,,,,1,1.0,2.0,1.0,2,,,,2,,,,1,2.0,1.0,3.0,1.0,1.0,2.0,2.0,2.0,1.0,1.0,2.0,2.0,2.0,1.0,1.0,1.0,2.0,2.0,2.0,1.0,2.0,1.0,2.0,,,,,,,,,,,,,,,,2.0,1.0,2.0,1.0,2.0,,,,,,,,,,,2.0,1.0,1.0,2.0,4,978,3911,978.0,3911.0,U,3,280,6332,True,"Robo en transporte público, Robo en calle, Fraude bancario",Mujer
38781,1403741.02,1403741.02.01,1403741.02.01.01,1403741,2,1,B,1,1,54,2.0,14,JALISCO,39,GUADALAJARA,3,1,0,0,0,0,0,0,1,0,1,0,0,0,0,1,1,2,1,1,1,3,3,1,1,1,3,1,1,1,2,1,0,0,0,1,0,0,1,1,1,0,0,0,0,0,0,0,0,0,2,2,2,3,3,3,2,,2,,1,2.0,2,,1,2.0,2,,2,3,2,3,3,2,2,2,2,3,2,2,3,2,2,2,2,2,2,2,2,2,2,2,2,2,2,,3,3,1,2,2,3,3,2,3,1,3,3,2,2,2,5,2,5,1,3.0,1.0,3.0,2.0,1,3.0,1.0,3.0,2.0,1,3.0,1.0,3.0,2.0,1,2.0,1.0,2.0,1.0,2,,,,2,,,,2,,,,1,2.0,2.0,2.0,1,1.0,2.0,2.0,1,1.0,2.0,2.0,2,,,,1.0,1.0,2.0,2.0,2.0,2.0,1.0,2.0,2.0,2.0,2.0,1.0,2.0,2.0,2.0,2.0,1.0,2.0,2.0,2.0,,,,,,,,,,,,,,,,2.0,1.0,2.0,2.0,2.0,2.0,2.0,2.0,1.0,2.0,2.0,2.0,2.0,1.0,2.0,,,,,4,978,1956,978.0,1956.0,U,3,280,6332,True,"Robo vehículo, Extorsión, Lesiones",Hombre
38782,1403741.02,1403741.02.02,1403741.02.02.01,1403741,2,2,A,1,1,20,2.0,14,JALISCO,39,GUADALAJARA,3,1,0,0,0,0,1,0,0,0,1,0,0,0,0,2,2,2,1,3,2,3,1,1,1,3,1,1,1,1,3,1,0,0,0,1,0,0,1,1,0,0,0,0,0,0,0,0,0,0,1,1,1,1,1,1,1,9.0,2,,1,9.0,2,,2,,2,,2,3,2,2,2,2,3,2,2,3,2,2,2,2,2,2,2,2,2,2,2,2,2,2,2,2,2,,2,3,3,2,2,3,3,1,2,1,2,2,2,2,1,5,1,1,1,3.0,1.0,3.0,2.0,1,3.0,1.0,3.0,2.0,1,3.0,1.0,3.0,2.0,1,3.0,2.0,3.0,1.0,2,,,,2,,,,2,,,,1,2.0,2.0,2.0,2,,,,2,,,,2,,,,2.0,1.0,2.0,2.0,2.0,2.0,1.0,2.0,2.0,2.0,2.0,1.0,2.0,2.0,2.0,2.0,1.0,2.0,2.0,2.0,,,,,,,,,,,,,,,,2.0,1.0,2.0,2.0,2.0,,,,,,,,,,,,,,,4,978,978,978.0,978.0,U,3,280,6332,True,"Robo vehículo, Secuestro, Lesiones",Hombre
38783,1403741.03,1403741.03.01,1403741.03.01.01,1403741,3,1,B,1,2,79,2.0,14,JALISCO,39,GUADALAJARA,3,0,1,1,0,1,0,0,0,0,0,0,0,0,0,1,2,2,1,3,2,3,1,2,1,3,3,2,2,2,3,0,1,1,0,0,0,0,1,1,0,0,0,0,0,1,0,0,0,0,1,2,2,3,3,1,2,,2,,1,2.0,2,,2,,9,,2,2,2,3,3,2,3,3,2,3,3,3,3,2,2,2,2,2,2,2,2,2,2,2,2,2,2,,3,1,1,2,2,3,3,3,3,3,2,2,2,2,1,5,1,1,2,,,,,2,,,,,2,,,,,2,,,,,2,,,,2,,,,2,,,,1,1.0,2.0,1.0,2,,,,2,,,,2,,,,,,,,,,,,,,,,,,,,,,,,,,,,,,,,,,,,,,,2.0,1.0,2.0,1.0,2.0,,,,,,,,,,,,,,,3,978,2933,978.0,2933.0,U,3,280,6332,True,"Robo accesorios vehículo, Robo en vivienda, Robo en calle",Mujer
38784,1403741.04,1403741.04.01,1403741.04.01.01,1403741,4,1,B,1,1,48,2.0,14,JALISCO,39,GUADALAJARA,3,0,0,1,1,0,0,0,1,0,0,0,0,0,0,1,1,1,1,1,1,3,1,1,1,1,1,1,2,1,2,1,0,0,0,0,0,0,1,0,1,1,0,0,1,0,0,0,0,0,2,2,2,1,3,3,2,,2,,1,2.0,2,,2,,2,,2,2,2,2,2,2,3,2,2,3,2,2,3,2,2,2,2,2,2,2,2,2,2,2,2,2,2,,2,1,1,1,2,3,3,3,3,3,3,3,2,2,1,1,1,1,1,4.0,1.0,4.0,2.0,1,4.0,1.0,4.0,1.0,1,4.0,1.0,4.0,2.0,1,2.0,1.0,2.0,1.0,2,,,,2,,,,2,,,,1,4.0,1.0,3.0,2,,,,2,,,,2,,,,2.0,1.0,2.0,2.0,2.0,2.0,1.0,2.0,2.0,2.0,2.0,1.0,2.0,2.0,2.0,2.0,1.0,2.0,1.0,2.0,,,,,,,,,,,,,,,,2.0,1.0,2.0,1.0,2.0,,,,,,,,,,,,,,,3,978,2933,978.0,2933.0,U,3,280,6332,True,"Robo en vivienda, Robo en transporte público, Extorsión",Hombre
38785,1403741.05,1403741.05.01,1403741.05.01.01,1403741,5,1,B,1,1,79,2.0,14,JALISCO,39,GUADALAJARA,3,0,0,0,1,1,0,0,0,0,0,1,0,0,0,1,2,2,1,3,2,3,1,1,1,2,3,1,3,2,5,1,0,0,1,1,0,0,1,0,1,0,0,0,0,0,0,1,0,0,2,2,2,2,3,3,2,,2,,1,9.0,2,,1,2.0,9,,3,3,2,3,3,2,3,3,2,3,3,3,3,2,2,2,2,2,2,2,2,2,2,2,2,2,2,,2,1,2,2,2,3,3,2,3,1,2,2,2,2,1,5,1,2,1,2.0,1.0,2.0,1.0,1,2.0,2.0,2.0,1.0,1,2.0,9.0,2.0,9.0,1,1.0,2.0,1.0,1.0,2,,,,2,,,,2,,,,1,1.0,2.0,1.0,2,,,,2,,,,2,,,,2.0,1.0,2.0,2.0,2.0,2.0,1.0,2.0,2.0,2.0,2.0,1.0,2.0,2.0,2.0,2.0,1.0,2.0,2.0,2.0,,,,,,,,,,,,,,,,2.0,1.0,2.0,2.0,2.0,,,,,,,,,,,,,,,4,978,1956,978.0,1956.0,U,3,280,6332,True,"Robo en transporte público, Robo en calle, Amenazas",Hombre
38786,1403742.01,1403742.01.01,1403742.01.01.03,1403742,1,1,A,3,2,39,2.0,14,JALISCO,39,GUADALAJARA,3,1,0,1,0,1,0,0,0,0,0,0,0,0,0,2,2,2,1,3,2,3,2,2,2,2,2,2,2,1,3,1,1,0,1,1,0,0,1,1,1,0,0,0,0,1,0,0,0,0,1,1,1,3,1,1,1,2.0,1,2.0,1,2.0,2,,1,2.0,2,,2,2,2,2,2,2,3,2,2,3,2,2,3,2,2,2,2,1,1,1,2,2,2,2,2,2,2,5000.0,1,3,1,2,1,3,3,3,3,3,1,2,1,2,3,5,2,2,1,3.0,1.0,2.0,2.0,1,2.0,2.0,2.0,1.0,1,2.0,1.0,2.0,2.0,1,1.0,2.0,2.0,1.0,2,,,,1,2.0,1.0,3.0,2,,,,1,1.0,2.0,1.0,2,,,,1,1.0,2.0,1.0,2,,,,2.0,1.0,2.0,2.0,2.0,1.0,1.0,2.0,2.0,2.0,2.0,1.0,2.0,2.0,2.0,2.0,1.0,2.0,1.0,2.0,,,,,,1.0,2.0,2.0,2.0,2.0,,,,,,2.0,1.0,2.0,1.0,2.0,,,,,,2.0,1.0,2.0,1.0,2.0,,,,,2,1001,6006,1001.0,6006.0,U,2,279,6234,True,"Robo vehículo, Robo en vivienda, Robo en calle",Mujer
38787,1403742.02,1403742.02.01,1403742.02.01.02,1403742,2,1,B,2,2,31,2.0,14,JALISCO,39,GUADALAJARA,3,0,0,1,0,1,0,0,0,0,1,0,0,0,0,2,2,2,1,3,2,3,2,1,2,2,2,2,2,2,3,1,1,1,0,0,0,0,1,1,0,0,0,0,1,1,0,0,0,0,1,1,1,3,4,4,1,2.0,2,,1,2.0,2,,1,2.0,1,2.0,2,3,2,2,2,2,3,2,2,3,2,2,3,2,2,2,2,2,2,2,2,2,2,2,2,2,2,,2,3,3,3,3,3,3,3,3,3,3,3,2,2,2,5,1,2,1,4.0,1.0,4.0,2.0,1,3.0,1.0,2.0,2.0,1,3.0,2.0,2.0,2.0,1,2.0,2.0,2.0,1.0,2,,,,1,3.0,1.0,2.0,2,,,,1,2.0,2.0,2.0,2,,,,2,,,,2,,,,2.0,1.0,2.0,2.0,2.0,2.0,1.0,2.0,2.0,2.0,2.0,1.0,2.0,2.0,2.0,2.0,1.0,2.0,2.0,2.0,,,,,,2.0,2.0,2.0,1.0,2.0,,,,,,2.0,1.0,2.0,1.0,2.0,,,,,,,,,,,,,,,3,1001,2002,1001.0,2002.0,U,2,279,6234,True,"Robo en vivienda, Robo en calle, Lesiones",Mujer
38788,1403742.03,1403742.03.01,1403742.03.01.01,1403742,3,1,A,1,1,31,2.0,14,JALISCO,39,GUADALAJARA,3,0,0,1,0,0,0,1,1,0,0,0,0,0,0,1,2,2,1,1,2,3,2,1,1,1,2,1,1,1,2,1,1,0,0,1,0,0,1,0,1,0,1,0,1,0,0,1,0,0,1,1,1,3,4,4,1,2.0,1,2.0,1,2.0,2,,2,,2,,2,3,2,2,2,1,3,2,2,3,2,2,1,2,2,2,2,2,2,2,2,2,2,2,2,2,2,,1,3,3,3,3,3,3,3,3,3,3,3,3,3,3,3,1,1,1,4.0,1.0,4.0,2.0,1,4.0,1.0,4.0,2.0,1,4.0,1.0,3.0,2.0,1,1.0,2.0,1.0,1.0,2,,,,2,,,,2,,,,1,1.0,2.0,1.0,2,,,,2,,,,2,,,,1.0,1.0,2.0,2.0,2.0,2.0,1.0,2.0,2.0,2.0,2.0,1.0,2.0,2.0,2.0,2.0,1.0,2.0,1.0,2.0,,,,,,,,,,,,,,,,2.0,1.0,2.0,2.0,2.0,,,,,,,,,,,,,,,4,1001,3003,1001.0,3003.0,U,2,279,6234,True,"Robo en vivienda, Fraude bancario, Extorsión",Hombre
38789,1403742.04,1403742.04.01,1403742.04.01.02,1403742,4,1,B,2,2,57,2.0,14,JALISCO,39,GUADALAJARA,3,0,0,0,1,0,0,1,0,0,0,0,1,0,0,1,1,2,1,1,2,3,2,1,3,3,1,1,3,1,3,0,0,1,0,0,0,0,0,0,0,0,0,0,0,0,0,0,0,0,1,2,1,2,3,3,2,,2,,2,,2,,2,,2,,3,3,2,2,2,2,3,2,2,3,2,3,3,2,2,2,2,2,2,2,2,2,2,2,2,2,2,,3,3,2,2,2,3,3,3,3,3,2,2,2,2,2,2,1,2,1,3.0,1.0,3.0,2.0,1,3.0,1.0,3.0,9.0,2,,,,,1,2.0,9.0,2.0,9.0,2,,,,2,,,,2,,,,1,2.0,2.0,2.0,2,,,,2,,,,1,3.0,1.0,3.0,2.0,1.0,2.0,2.0,2.0,2.0,1.0,2.0,2.0,2.0,,,,,,2.0,1.0,2.0,2.0,2.0,,,,,,,,,,,,,,,,2.0,1.0,2.0,2.0,2.0,,,,,,,,,,,1.0,2.0,2.0,2.0,4,1001,2002,1001.0,2002.0,U,2,279,6234,True,"Robo en transporte público, Fraude bancario, Homicidio familiar",Mujer
38790,1403742.05,1403742.05.01,1403742.05.01.02,1403742,5,1,B,2,2,37,2.0,14,JALISCO,39,GUADALAJARA,3,0,0,0,1,1,0,0,0,0,0,1,0,0,0,2,2,2,2,2,2,3,2,2,2,2,2,2,2,2,3,1,1,0,0,1,0,0,1,1,1,0,0,0,0,0,0,0,0,0,1,1,2,3,3,1,2,,2,,2,,2,,2,,2,,2,2,2,2,2,2,3,2,2,3,2,2,3,2,2,2,2,2,2,2,2,2,2,2,2,2,2,,2,3,3,3,3,3,1,1,3,1,3,3,3,3,1,1,1,1,1,2.0,1.0,2.0,1.0,1,2.0,1.0,2.0,1.0,1,1.0,2.0,1.0,1.0,1,1.0,2.0,1.0,1.0,1,1.0,2.0,1.0,1,1.0,2.0,1.0,1,1.0,2.0,1.0,1,1.0,2.0,1.0,2,,,,1,1.0,2.0,1.0,1,1.0,2.0,1.0,2.0,1.0,2.0,2.0,2.0,2.0,1.0,2.0,2.0,2.0,2.0,1.0,2.0,2.0,2.0,2.0,1.0,2.0,1.0,2.0,2.0,1.0,2.0,2.0,2.0,2.0,2.0,2.0,1.0,2.0,2.0,2.0,2.0,1.0,2.0,2.0,1.0,2.0,1.0,2.0,,,,,,2.0,1.0,2.0,1.0,2.0,2.0,2.0,1.0,2.0,1,1001,2002,1001.0,2002.0,U,2,279,6234,True,"Robo en transporte público, Robo en calle, Amenazas",Mujer
38791,1403761.01,1403761.01.01,1403761.01.01.01,1403761,1,1,B,1,1,56,2.0,14,JALISCO,39,GUADALAJARA,3,0,0,0,1,0,0,1,0,0,1,0,0,0,0,1,1,2,1,1,1,3,1,1,1,1,1,1,1,1,2,1,0,0,0,0,0,0,1,1,0,0,0,0,0,0,0,0,0,0,2,2,2,2,3,1,2,,1,2.0,1,2.0,2,,1,2.0,9,,2,3,2,2,2,2,3,2,2,3,2,2,3,2,2,2,2,2,2,2,2,2,2,2,2,2,2,,1,3,1,2,2,3,3,3,2,1,2,2,2,2,2,5,2,2,1,3.0,1.0,3.0,2.0,1,3.0,1.0,3.0,2.0,2,,,,,1,2.0,2.0,2.0,1.0,2,,,,2,,,,2,,,,1,1.0,2.0,1.0,2,,,,2,,,,2,,,,1.0,1.0,2.0,2.0,2.0,2.0,1.0,2.0,2.0,2.0,,,,,,2.0,1.0,2.0,2.0,2.0,,,,,,,,,,,,,,,,2.0,1.0,2.0,2.0,2.0,,,,,,,,,,,,,,,3,964,964,964.0,964.0,U,3,280,6337,True,"Robo en transporte público, Fraude bancario, Lesiones",Hombre
38792,1403761.01,1403761.01.02,1403761.01.02.01,1403761,1,2,A,1,2,25,2.0,14,JALISCO,39,GUADALAJARA,3,0,0,0,1,0,0,0,0,1,1,0,0,0,0,1,2,2,1,1,2,3,1,2,1,2,1,1,2,1,2,1,0,0,0,1,0,0,1,0,1,0,0,0,0,0,0,0,0,0,1,2,2,1,3,1,1,2.0,2,,1,2.0,2,,1,2.0,2,,2,2,2,2,2,1,3,2,2,3,2,2,3,2,2,2,2,2,2,2,2,2,2,2,2,2,2,,3,3,1,1,3,3,3,2,3,1,1,1,2,2,3,3,1,1,1,2.0,2.0,2.0,1.0,1,3.0,1.0,3.0,2.0,2,,,,,1,2.0,2.0,2.0,1.0,2,,,,2,,,,2,,,,1,1.0,2.0,2.0,2,,,,2,,,,2,,,,2.0,1.0,2.0,2.0,2.0,2.0,1.0,2.0,2.0,2.0,,,,,,2.0,1.0,2.0,1.0,2.0,,,,,,,,,,,,,,,,2.0,1.0,2.0,2.0,2.0,,,,,,,,,,,,,,,2,964,1928,964.0,1928.0,U,3,280,6337,True,"Robo en transporte público, Delito sexual, Lesiones",Mujer
38793,1403761.03,1403761.03.01,1403761.03.01.02,1403761,3,1,B,2,2,37,2.0,14,JALISCO,39,GUADALAJARA,3,0,0,0,0,1,0,1,1,0,0,0,0,0,0,2,2,2,2,2,2,3,2,2,2,2,2,1,1,2,3,0,0,0,0,0,0,0,0,1,0,0,0,0,0,0,0,0,0,0,1,2,2,1,1,1,2,,2,,1,2.0,2,,1,2.0,2,,2,2,2,2,2,2,3,2,2,3,2,2,3,2,2,2,2,2,2,2,2,2,2,2,2,2,2,,2,3,2,3,3,3,3,3,3,3,3,3,3,3,4,5,1,1,1,2.0,1.0,3.0,1.0,1,3.0,1.0,3.0,2.0,2,,,,,1,1.0,2.0,1.0,1.0,2,,,,1,2.0,9.0,2.0,2,,,,1,1.0,2.0,1.0,2,,,,1,1.0,2.0,1.0,2,,,,1.0,1.0,2.0,2.0,2.0,2.0,1.0,2.0,2.0,2.0,,,,,,2.0,1.0,2.0,1.0,2.0,,,,,,2.0,2.0,1.0,1.0,2.0,,,,,,2.0,1.0,2.0,1.0,2.0,,,,,,2.0,2.0,2.0,1.0,2.0,,,,,4,964,1928,964.0,1928.0,U,3,280,6337,True,"Robo en calle, Fraude bancario, Extorsión",Mujer
38794,1403761.04,1403761.04.01,1403761.04.01.02,1403761,4,1,B,2,2,71,2.0,14,JALISCO,39,GUADALAJARA,3,0,0,0,1,1,0,0,0,0,0,1,0,0,0,1,2,2,1,3,2,3,1,1,3,3,3,1,1,1,2,0,0,0,0,0,0,0,0,0,0,0,0,0,1,0,0,0,0,0,2,2,2,1,4,4,2,,1,2.0,2,,2,,2,,2,,2,3,2,2,3,2,3,3,2,3,2,2,3,2,2,2,2,2,2,2,2,2,2,2,2,2,2,,2,1,1,1,2,3,3,3,3,3,1,1,2,2,1,5,1,1,1,3.0,1.0,2.0,1.0,2,,,,,1,2.0,1.0,3.0,1.0,1,3.0,9.0,3.0,1.0,2,,,,1,3.0,2.0,2.0,2,,,,1,2.0,2.0,3.0,1,2.0,2.0,2.0,1,1.0,2.0,2.0,2,,,,2.0,1.0,2.0,2.0,2.0,,,,,,2.0,1.0,2.0,2.0,2.0,2.0,1.0,2.0,2.0,2.0,,,,,,1.0,2.0,2.0,2.0,2.0,,,,,,2.0,1.0,2.0,1.0,2.0,2.0,2.0,2.0,1.0,2.0,2.0,2.0,2.0,1.0,2.0,,,,,3,964,3855,964.0,3855.0,U,3,280,6337,True,"Robo en transporte público, Robo en calle, Amenazas",Mujer
38795,1403761.05,1403761.05.01,1403761.05.01.03,1403761,5,1,A,3,2,21,2.0,14,JALISCO,39,GUADALAJARA,3,1,1,0,0,1,0,0,0,0,0,0,0,0,0,2,2,2,1,3,2,1,3,1,1,2,2,1,2,2,4,1,1,0,0,0,0,0,1,1,1,1,0,0,0,0,0,1,0,0,1,1,1,3,1,1,2,,2,,2,,1,2.0,1,2.0,1,2.0,2,3,1,1,2,2,2,2,2,3,2,2,3,2,2,2,2,1,2,2,2,2,2,1,2,2,2,3000.0,1,3,3,3,3,3,3,3,3,3,3,3,1,3,4,1,1,1,1,4.0,1.0,3.0,2.0,1,4.0,1.0,2.0,1.0,1,2.0,1.0,2.0,1.0,1,1.0,2.0,1.0,1.0,2,,,,1,4.0,1.0,3.0,2,,,,1,1.0,1.0,2.0,1,2.0,2.0,1.0,2,,,,1,3.0,1.0,3.0,1.0,1.0,2.0,2.0,2.0,2.0,1.0,2.0,2.0,2.0,2.0,1.0,2.0,2.0,2.0,2.0,1.0,2.0,2.0,2.0,,,,,,2.0,2.0,1.0,1.0,2.0,,,,,,2.0,1.0,2.0,2.0,2.0,2.0,2.0,2.0,1.0,2.0,,,,,,2.0,2.0,1.0,2.0,3,964,2891,964.0,2891.0,U,3,280,6337,True,"Robo vehículo, Robo accesorios vehículo, Robo en calle",Mujer
38796,1403774.01,1403774.01.01,1403774.01.01.03,1403774,1,1,B,3,2,26,2.0,14,JALISCO,39,GUADALAJARA,3,0,0,1,0,0,0,1,1,0,0,0,0,0,0,1,2,2,1,3,2,3,1,2,2,2,2,1,2,2,3,1,1,1,0,0,0,0,1,0,1,1,0,0,0,0,0,1,0,0,1,1,1,1,1,1,1,1.0,1,1.0,1,2.0,2,,1,1.0,2,,1,3,2,1,2,1,2,2,2,3,2,2,3,1,2,2,2,2,2,2,2,2,2,2,2,2,2,,3,2,1,1,3,3,3,3,1,1,2,2,3,3,2,5,1,1,2,,,,,1,3.0,1.0,2.0,1.0,2,,,,,1,2.0,1.0,2.0,1.0,2,,,,2,,,,2,,,,1,2.0,1.0,2.0,2,,,,1,2.0,1.0,2.0,2,,,,,,,,,2.0,1.0,2.0,2.0,2.0,,,,,,2.0,1.0,2.0,2.0,2.0,,,,,,,,,,,,,,,,2.0,1.0,2.0,2.0,2.0,,,,,,2.0,2.0,2.0,1.0,2.0,,,,,2,959,3836,959.0,3836.0,U,2,279,6247,True,"Robo en vivienda, Fraude bancario, Extorsión",Mujer
38797,1403774.01,1403774.01.02,1403774.01.02.02,1403774,1,2,B,2,1,52,2.0,14,JALISCO,39,GUADALAJARA,3,1,0,1,0,0,0,0,0,0,1,0,0,0,0,1,1,1,1,3,1,3,1,1,1,1,1,1,2,1,2,1,0,1,0,0,0,0,1,1,0,1,0,0,0,0,0,0,0,0,1,1,2,3,3,3,2,,2,,1,1.0,2,,1,2.0,2,,2,3,2,2,2,2,3,2,2,3,2,2,2,2,2,2,2,2,2,2,2,1,2,2,2,2,2,0.0,3,3,3,2,2,3,3,1,1,3,2,1,3,3,1,5,1,3,1,2.0,2.0,2.0,1.0,1,2.0,1.0,2.0,1.0,1,2.0,1.0,2.0,1.0,1,2.0,2.0,2.0,1.0,2,,,,1,2.0,2.0,2.0,2,,,,1,1.0,2.0,1.0,1,1.0,2.0,1.0,1,1.0,2.0,1.0,1,2.0,1.0,2.0,1.0,1.0,2.0,2.0,2.0,2.0,1.0,2.0,2.0,2.0,2.0,1.0,2.0,2.0,2.0,2.0,1.0,2.0,2.0,2.0,,,,,,2.0,2.0,2.0,1.0,2.0,,,,,,2.0,1.0,2.0,2.0,2.0,2.0,2.0,2.0,1.0,2.0,2.0,2.0,2.0,1.0,2.0,2.0,2.0,1.0,2.0,3,959,1918,959.0,1918.0,U,2,279,6247,True,"Robo vehículo, Robo en vivienda, Lesiones",Hombre
38798,1403774.02,1403774.02.01,1403774.02.01.01,1403774,2,1,B,1,1,32,2.0,14,JALISCO,39,GUADALAJARA,1,0,1,0,0,0,0,1,0,1,0,0,0,0,0,1,1,1,1,1,1,3,3,1,3,3,3,1,1,3,2,0,0,1,0,0,0,0,1,0,0,1,0,0,0,0,0,0,0,0,2,2,2,1,1,1,2,,1,2.0,1,2.0,2,,2,,2,,2,2,2,3,3,2,3,2,2,3,2,3,3,2,2,2,2,2,2,2,2,2,2,2,2,2,2,,1,1,1,2,2,3,3,3,3,1,2,2,2,2,4,4,2,4,1,2.0,2.0,2.0,1.0,1,2.0,2.0,2.0,1.0,1,2.0,9.0,2.0,1.0,1,1.0,2.0,1.0,1.0,2,,,,2,,,,2,,,,1,1.0,2.0,1.0,2,,,,1,1.0,2.0,1.0,2,,,,2.0,1.0,2.0,2.0,2.0,2.0,1.0,2.0,2.0,2.0,2.0,1.0,2.0,2.0,2.0,2.0,1.0,2.0,1.0,2.0,,,,,,,,,,,,,,,,2.0,1.0,2.0,1.0,2.0,,,,,,2.0,1.0,2.0,1.0,2.0,,,,,3,959,1918,959.0,1918.0,U,2,279,6247,True,"Robo accesorios vehículo, Fraude bancario, Delito sexual",Hombre
38799,1403774.03,1403774.03.01,1403774.03.01.01,1403774,3,1,B,1,1,50,2.0,14,JALISCO,39,GUADALAJARA,3,1,0,0,0,0,0,1,0,0,1,0,0,0,0,1,1,1,1,3,1,3,3,3,3,3,3,1,3,3,5,1,0,1,0,0,0,0,1,0,0,0,0,0,0,0,0,0,0,0,2,2,2,2,4,4,1,2.0,1,2.0,1,2.0,2,,1,2.0,9,,3,3,2,2,3,2,3,3,3,3,3,2,3,3,3,2,2,2,2,2,2,2,2,2,2,2,2,,2,3,3,2,3,3,3,3,3,3,3,2,2,2,4,5,1,3,1,3.0,1.0,3.0,2.0,1,3.0,1.0,3.0,2.0,1,3.0,1.0,3.0,2.0,1,2.0,1.0,2.0,1.0,2,,,,1,3.0,1.0,3.0,2,,,,1,1.0,2.0,1.0,2,,,,1,1.0,2.0,1.0,2,,,,2.0,1.0,2.0,2.0,2.0,2.0,1.0,2.0,2.0,2.0,2.0,1.0,2.0,2.0,2.0,2.0,1.0,2.0,1.0,2.0,,,,,,2.0,2.0,2.0,1.0,2.0,,,,,,2.0,1.0,2.0,1.0,2.0,,,,,,2.0,1.0,2.0,1.0,2.0,,,,,4,959,959,959.0,959.0,U,2,279,6247,True,"Robo vehículo, Fraude bancario, Lesiones",Hombre
38800,1403774.04,1403774.04.01,1403774.04.01.02,1403774,4,1,A,2,2,31,2.0,14,JALISCO,39,GUADALAJARA,3,0,0,0,0,1,0,0,0,1,1,0,0,0,0,2,2,2,1,3,2,3,2,1,1,2,2,1,1,2,3,1,1,1,1,1,0,1,1,1,1,1,0,0,1,1,0,1,0,0,1,2,2,1,3,3,1,2.0,1,2.0,1,2.0,2,,1,2.0,9,,2,2,2,2,2,2,3,2,2,3,2,2,3,2,2,2,2,2,2,2,2,2,2,2,2,2,2,,3,3,3,2,2,3,3,1,3,3,1,1,3,3,2,4,1,3,1,2.0,1.0,2.0,1.0,1,2.0,1.0,2.0,1.0,2,,,,,1,2.0,9.0,3.0,1.0,2,,,,1,2.0,1.0,2.0,2,,,,1,1.0,2.0,1.0,2,,,,1,1.0,2.0,1.0,2,,,,1.0,1.0,2.0,2.0,2.0,2.0,1.0,2.0,2.0,2.0,,,,,,2.0,1.0,2.0,2.0,2.0,,,,,,2.0,2.0,2.0,1.0,2.0,,,,,,2.0,1.0,2.0,2.0,2.0,,,,,,2.0,2.0,2.0,1.0,2.0,,,,,3,959,1918,959.0,1918.0,U,2,279,6247,True,"Robo en calle, Delito sexual, Lesiones",Mujer
38801,1403774.05,1403774.05.01,1403774.05.01.03,1403774,5,1,B,3,2,23,2.0,14,JALISCO,39,GUADALAJARA,3,0,0,0,0,1,0,0,0,1,1,0,0,0,0,1,2,2,1,3,2,3,2,2,2,2,2,1,2,2,2,1,1,0,0,0,0,0,1,0,1,0,0,0,1,0,0,1,0,0,1,1,2,2,3,4,1,2.0,1,2.0,1,2.0,2,,1,2.0,2,,2,2,2,3,2,1,3,2,2,3,2,2,3,2,2,2,2,2,2,2,2,2,2,2,2,2,2,,1,3,2,2,3,3,3,1,3,1,2,2,3,3,1,5,1,2,1,4.0,1.0,3.0,2.0,1,3.0,1.0,3.0,1.0,2,,,,,1,2.0,1.0,1.0,1.0,2,,,,2,,,,2,,,,1,1.0,2.0,2.0,2,,,,2,,,,2,,,,2.0,1.0,2.0,2.0,2.0,2.0,1.0,2.0,2.0,2.0,,,,,,2.0,1.0,2.0,2.0,2.0,,,,,,,,,,,,,,,,2.0,1.0,2.0,2.0,2.0,,,,,,,,,,,,,,,1,959,2877,959.0,2877.0,U,2,279,6247,True,"Robo en calle, Delito sexual, Lesiones",Mujer
38802,1403846.01,1403846.01.01,1403846.01.01.03,1403846,1,1,B,3,2,44,2.0,14,JALISCO,39,GUADALAJARA,3,0,0,1,1,0,0,0,0,0,1,0,0,0,0,2,2,2,1,1,2,9,1,2,2,2,2,2,2,2,3,1,0,0,0,0,0,0,0,1,0,0,0,0,0,0,0,0,0,0,2,2,2,3,3,3,2,,2,,9,,9,,1,2.0,9,,1,1,1,1,1,2,2,1,1,1,1,2,1,1,1,2,2,2,2,2,2,2,2,2,2,2,2,,3,3,3,3,3,3,3,3,3,3,3,3,2,2,3,2,1,1,2,,,,,2,,,,,2,,,,,2,,,,,2,,,,2,,,,2,,,,2,,,,2,,,,2,,,,2,,,,,,,,,,,,,,,,,,,,,,,,,,,,,,,,,,,,,,,,,,,,,,,,,,,,,,,,,,3,1199,3597,1199.0,3597.0,U,4,281,6397,True,"Robo en vivienda, Robo en transporte público, Lesiones",Mujer
38803,1403846.02,1403846.02.01,1403846.02.01.02,1403846,2,1,A,2,2,51,2.0,14,JALISCO,39,GUADALAJARA,3,1,0,0,0,0,0,0,0,1,1,0,0,0,0,1,1,2,2,1,2,3,2,2,2,2,2,2,2,2,3,0,0,0,0,0,0,0,0,0,0,0,0,0,0,0,0,0,1,0,1,2,2,3,3,4,3,,2,,1,9.0,2,,2,,1,9.0,1,1,2,3,3,1,3,2,2,2,2,2,3,2,2,2,1,1,2,1,2,1,1,2,2,2,2,9999999.0,3,1,3,3,3,1,3,2,1,1,3,3,3,3,1,1,1,1,2,,,,,2,,,,,2,,,,,2,,,,,2,,,,2,,,,2,,,,2,,,,2,,,,2,,,,2,,,,,,,,,,,,,,,,,,,,,,,,,,,,,,,,,,,,,,,,,,,,,,,,,,,,,,,,,,4,1199,4797,1199.0,4797.0,U,4,281,6397,True,"Robo vehículo, Delito sexual, Lesiones",Mujer
38804,1403846.03,1403846.03.01,1403846.03.01.01,1403846,3,1,B,1,2,38,2.0,14,JALISCO,39,GUADALAJARA,3,0,0,0,1,0,0,0,0,1,1,0,0,0,0,1,2,2,9,9,9,3,3,9,9,9,9,9,9,9,2,0,0,0,0,0,0,0,0,0,0,0,0,0,0,0,0,0,1,0,1,2,9,9,9,9,2,,1,1.0,2,,2,,9,,2,,1,3,2,2,2,3,3,3,3,3,3,3,3,3,3,2,2,2,2,2,2,2,2,2,2,2,2,,1,1,3,3,3,3,3,2,2,2,3,3,3,3,2,2,2,2,2,,,,,2,,,,,2,,,,,2,,,,,2,,,,2,,,,2,,,,2,,,,2,,,,2,,,,2,,,,,,,,,,,,,,,,,,,,,,,,,,,,,,,,,,,,,,,,,,,,,,,,,,,,,,,,,,9,1199,1199,1199.0,1199.0,U,4,281,6397,True,"Robo en transporte público, Delito sexual, Lesiones",Mujer
38805,1403846.04,1403846.04.01,1403846.04.01.02,1403846,4,1,B,2,2,42,2.0,14,JALISCO,39,GUADALAJARA,3,0,0,0,0,1,0,0,1,0,0,1,0,0,0,1,2,2,1,3,2,3,2,2,2,2,2,2,2,2,3,1,0,0,0,0,0,0,1,1,0,0,0,0,0,0,0,0,0,0,1,2,1,2,4,4,2,,1,2.0,2,,2,,2,,2,,1,1,2,1,1,2,3,2,2,1,2,1,3,2,2,2,1,2,1,2,2,2,2,2,2,2,2,9999999.0,3,3,3,3,3,3,3,3,3,3,3,3,3,3,2,5,1,1,1,4.0,1.0,3.0,2.0,2,,,,,2,,,,,1,2.0,9.0,9.0,1.0,2,,,,2,,,,2,,,,1,3.0,1.0,4.0,2,,,,2,,,,2,,,,2.0,1.0,2.0,2.0,2.0,,,,,,,,,,,2.0,1.0,2.0,2.0,2.0,,,,,,,,,,,,,,,,2.0,1.0,2.0,2.0,2.0,,,,,,,,,,,,,,,4,1199,2398,1199.0,2398.0,U,4,281,6397,True,"Robo en calle, Extorsión, Amenazas",Mujer
38806,1403846.05,1403846.05.01,1403846.05.01.03,1403846,5,1,A,3,2,44,2.0,14,JALISCO,39,GUADALAJARA,3,0,1,1,0,1,0,0,0,0,0,0,0,0,0,2,2,2,2,1,2,3,2,2,2,2,2,2,2,2,4,1,0,0,0,0,0,0,0,1,0,1,0,0,0,0,0,0,0,0,1,1,1,3,4,4,2,,1,9.0,2,,2,,1,9.0,1,9.0,1,1,2,2,2,1,3,2,1,2,2,1,2,1,1,1,1,1,1,1,2,9,1,1,2,2,2,9999999.0,3,3,2,3,3,2,3,3,3,3,3,3,3,2,2,1,1,1,1,4.0,9.0,2.0,9.0,2,,,,,1,4.0,1.0,3.0,9.0,1,2.0,9.0,3.0,9.0,2,,,,1,2.0,1.0,3.0,1,4.0,1.0,4.0,1,2.0,9.0,3.0,1,2.0,1.0,3.0,1,2.0,9.0,3.0,2,,,,2.0,1.0,2.0,2.0,2.0,,,,,,2.0,1.0,2.0,2.0,2.0,2.0,1.0,2.0,2.0,2.0,,,,,,2.0,2.0,2.0,1.0,2.0,2.0,2.0,2.0,1.0,2.0,2.0,2.0,2.0,1.0,2.0,2.0,2.0,2.0,1.0,2.0,2.0,2.0,2.0,1.0,2.0,,,,,4,1199,3597,1199.0,3597.0,U,4,281,6397,True,"Robo accesorios vehículo, Robo en vivienda, Robo en calle",Mujer
38807,1403854.01,1403854.01.01,1403854.01.01.01,1403854,1,1,B,1,2,47,2.0,14,JALISCO,39,GUADALAJARA,3,1,0,0,0,1,0,0,0,1,0,0,0,0,0,2,2,2,1,1,2,3,2,1,2,2,2,2,2,2,3,1,1,0,0,1,0,0,0,1,0,0,0,0,0,0,0,0,0,0,1,2,2,1,3,1,2,,2,,1,2.0,2,,1,2.0,2,,2,1,2,2,2,2,3,2,2,2,2,2,2,2,2,2,2,2,2,2,2,2,2,2,2,2,2,,3,1,2,3,3,3,3,3,2,2,3,3,2,2,2,1,1,3,2,,,,,1,2.0,1.0,2.0,1.0,1,2.0,2.0,2.0,1.0,1,2.0,2.0,2.0,1.0,2,,,,2,,,,2,,,,1,1.0,2.0,2.0,1,2.0,2.0,1.0,1,2.0,2.0,1.0,2,,,,,,,,,2.0,1.0,2.0,2.0,2.0,2.0,1.0,2.0,2.0,2.0,2.0,1.0,2.0,2.0,2.0,,,,,,,,,,,,,,,,2.0,1.0,2.0,2.0,2.0,2.0,1.0,2.0,2.0,2.0,2.0,1.0,2.0,2.0,2.0,,,,,2,883,883,883.0,883.0,U,2,279,6261,True,"Robo vehículo, Robo en calle, Delito sexual",Mujer
38808,1403854.02,1403854.02.01,1403854.02.01.01,1403854,2,1,A,1,1,22,2.0,14,JALISCO,39,GUADALAJARA,1,1,0,0,0,1,0,0,1,0,0,0,0,0,0,2,1,1,1,2,2,3,2,1,1,2,3,1,1,1,4,1,1,0,0,1,0,0,1,1,0,1,0,1,0,0,0,0,0,0,1,1,1,3,2,3,2,,2,,2,,2,,1,2.0,2,,1,3,2,3,3,2,3,1,1,1,1,1,1,1,1,2,2,2,2,2,2,2,2,2,2,2,2,,2,2,2,2,2,2,2,2,2,2,2,2,2,2,2,2,1,1,1,4.0,1.0,3.0,2.0,1,4.0,1.0,3.0,2.0,1,4.0,1.0,4.0,2.0,1,4.0,2.0,2.0,1.0,1,4.0,1.0,3.0,1,4.0,1.0,1.0,2,,,,1,2.0,2.0,1.0,1,2.0,2.0,1.0,1,2.0,2.0,3.0,2,,,,1.0,1.0,2.0,1.0,2.0,1.0,2.0,2.0,1.0,2.0,1.0,1.0,1.0,1.0,2.0,1.0,1.0,2.0,2.0,2.0,1.0,1.0,2.0,2.0,2.0,2.0,2.0,1.0,1.0,2.0,,,,,,2.0,1.0,2.0,2.0,2.0,2.0,1.0,2.0,1.0,2.0,1.0,2.0,1.0,1.0,2.0,,,,,2,883,2648,883.0,2648.0,U,2,279,6261,True,"Robo vehículo, Robo en calle, Extorsión",Hombre
38809,1403854.03,1403854.03.01,1403854.03.01.04,1403854,3,1,A,4,1,28,2.0,14,JALISCO,39,GUADALAJARA,3,0,1,1,0,0,0,0,1,0,0,0,0,0,0,2,2,1,1,3,2,3,2,2,1,1,1,1,1,1,3,1,0,0,0,0,1,1,1,1,1,1,1,0,1,0,0,0,0,0,2,2,2,1,1,1,2,,2,,1,1.0,2,,2,,1,2.0,1,2,1,3,3,1,3,3,1,3,3,3,3,3,3,3,2,2,2,2,2,2,2,2,2,2,2,,2,2,2,2,2,2,3,2,2,3,3,3,2,2,4,5,4,5,2,,,,,2,,,,,2,,,,,2,,,,,2,,,,2,,,,2,,,,1,4.0,1.0,4.0,2,,,,2,,,,2,,,,,,,,,,,,,,,,,,,,,,,,,,,,,,,,,,,,,,,1.0,1.0,1.0,1.0,2.0,,,,,,,,,,,,,,,5,883,5296,883.0,5296.0,U,2,279,6261,True,"Robo accesorios vehículo, Robo en vivienda, Extorsión",Hombre
38810,1403854.04,1403854.04.01,1403854.04.01.04,1403854,4,1,B,4,2,47,2.0,14,JALISCO,39,GUADALAJARA,3,1,1,0,1,0,0,0,0,0,0,0,0,0,0,2,2,2,1,3,1,3,1,1,1,2,2,1,2,1,2,1,1,0,0,0,0,0,1,1,1,1,0,0,0,1,0,0,0,0,1,2,2,1,1,1,2,,2,,2,,2,,1,2.0,2,,2,2,2,2,2,2,3,2,2,2,2,2,2,2,2,2,2,2,2,2,2,2,2,2,2,2,2,,2,1,2,3,2,2,3,2,2,3,2,2,3,2,3,5,1,5,1,3.0,1.0,2.0,1.0,2,,,,,1,3.0,1.0,2.0,1.0,1,2.0,2.0,3.0,1.0,2,,,,2,,,,2,,,,1,2.0,2.0,2.0,1,2.0,2.0,2.0,2,,,,2,,,,2.0,1.0,2.0,2.0,2.0,,,,,,2.0,2.0,2.0,1.0,2.0,2.0,2.0,1.0,2.0,2.0,,,,,,,,,,,,,,,,1.0,2.0,2.0,2.0,2.0,2.0,2.0,2.0,1.0,2.0,,,,,,,,,,3,883,5296,883.0,5296.0,U,2,279,6261,True,"Robo vehículo, Robo accesorios vehículo, Robo en transporte público",Mujer
38811,1403854.05,1403854.05.01,1403854.05.01.02,1403854,5,1,B,2,2,29,2.0,14,JALISCO,39,GUADALAJARA,3,0,1,1,0,1,0,0,0,0,0,0,0,0,0,1,1,2,1,3,1,3,1,1,2,2,1,1,2,1,2,1,0,0,0,0,0,0,0,1,0,1,0,0,0,0,0,0,0,0,1,2,2,1,1,1,2,,2,,2,,1,2.0,1,2.0,1,2.0,2,2,2,2,2,2,2,2,2,2,2,2,2,2,2,2,2,2,2,2,2,2,2,2,2,2,2,,2,1,1,1,1,2,1,1,1,1,1,1,2,2,1,3,1,1,1,3.0,1.0,2.0,1.0,2,,,,,1,3.0,1.0,2.0,2.0,1,1.0,2.0,1.0,1.0,2,,,,2,,,,2,,,,1,1.0,2.0,1.0,1,1.0,2.0,1.0,1,1.0,2.0,1.0,2,,,,2.0,1.0,2.0,2.0,2.0,,,,,,2.0,1.0,2.0,2.0,2.0,2.0,1.0,2.0,2.0,2.0,,,,,,,,,,,,,,,,2.0,2.0,2.0,1.0,2.0,2.0,2.0,2.0,1.0,2.0,2.0,2.0,2.0,1.0,2.0,,,,,3,883,1765,883.0,1765.0,U,2,279,6261,True,"Robo accesorios vehículo, Robo en vivienda, Robo en calle",Mujer
38812,1403880.01,1403880.01.01,1403880.01.01.02,1403880,1,1,A,2,2,60,2.0,14,JALISCO,39,GUADALAJARA,3,0,0,0,1,1,0,0,0,0,1,0,0,0,0,1,2,2,2,2,2,3,2,2,2,2,3,1,2,3,3,0,0,1,0,0,0,0,1,1,0,0,0,0,0,0,0,0,0,0,1,2,2,4,4,4,2,,1,2.0,2,,2,,1,2.0,9,,1,3,2,1,3,1,3,2,1,1,2,1,3,2,1,2,2,2,2,2,2,2,2,2,2,2,2,,2,1,3,3,9,3,3,3,3,3,3,3,2,2,2,1,1,1,1,4.0,1.0,3.0,2.0,2,,,,,2,,,,,1,4.0,1.0,3.0,2.0,2,,,,2,,,,2,,,,1,2.0,9.0,2.0,1,2.0,9.0,9.0,1,3.0,9.0,2.0,2,,,,2.0,1.0,2.0,2.0,2.0,,,,,,,,,,,2.0,1.0,2.0,2.0,2.0,,,,,,,,,,,,,,,,2.0,1.0,2.0,2.0,2.0,2.0,2.0,2.0,1.0,2.0,2.0,2.0,2.0,1.0,2.0,,,,,4,1090,2181,1090.0,2181.0,U,4,281,6432,True,"Robo en transporte público, Robo en calle, Lesiones",Mujer
38813,1403880.02,1403880.02.01,1403880.02.01.02,1403880,2,1,B,2,2,49,2.0,14,JALISCO,39,GUADALAJARA,3,0,0,1,0,1,0,0,0,0,0,1,0,0,0,2,2,2,1,1,2,3,1,2,1,2,2,1,2,1,3,0,0,0,0,0,0,0,0,1,0,0,0,0,0,0,0,0,0,0,1,2,1,1,3,2,1,1.0,2,,1,1.0,2,,1,1.0,2,,1,1,2,3,2,1,3,3,1,1,2,1,3,2,1,2,2,1,2,1,2,1,2,2,2,2,2,1000.0,1,1,3,3,1,3,3,3,3,3,3,3,1,2,2,5,1,1,1,2.0,2.0,2.0,1.0,2,,,,,1,2.0,2.0,2.0,1.0,1,2.0,2.0,2.0,1.0,2,,,,2,,,,1,2.0,2.0,2.0,1,1.0,2.0,1.0,1,1.0,2.0,1.0,1,2.0,2.0,1.0,2,,,,2.0,1.0,2.0,2.0,2.0,,,,,,2.0,1.0,2.0,2.0,2.0,2.0,1.0,2.0,2.0,2.0,,,,,,,,,,,2.0,2.0,2.0,1.0,2.0,2.0,2.0,2.0,1.0,2.0,2.0,2.0,2.0,1.0,2.0,2.0,2.0,2.0,1.0,2.0,,,,,2,1090,2181,1090.0,2181.0,U,4,281,6432,True,"Robo en vivienda, Robo en calle, Amenazas",Mujer
38814,1403880.04,1403880.04.01,1403880.04.01.02,1403880,4,1,B,2,2,60,2.0,14,JALISCO,39,GUADALAJARA,3,0,1,1,0,1,0,0,0,0,0,0,0,0,0,2,2,2,2,2,3,3,1,1,2,2,2,2,2,1,4,0,0,0,0,0,0,0,1,0,1,1,0,0,0,0,0,0,0,0,1,2,1,3,3,3,1,2.0,2,,1,2.0,1,2.0,1,2.0,2,,1,3,1,1,1,1,3,1,1,1,1,1,1,1,1,1,1,1,2,2,2,2,2,2,2,2,2,9999999.0,3,3,3,3,3,3,1,3,3,1,3,3,3,3,2,5,1,1,2,,,,,2,,,,,2,,,,,2,,,,,2,,,,2,,,,2,,,,2,,,,2,,,,2,,,,2,,,,,,,,,,,,,,,,,,,,,,,,,,,,,,,,,,,,,,,,,,,,,,,,,,,,,,,,,,3,1090,3271,1090.0,3271.0,U,4,281,6432,True,"Robo accesorios vehículo, Robo en vivienda, Robo en calle",Mujer
38815,1403880.05,1403880.05.01,1403880.05.01.02,1403880,5,1,B,2,2,42,2.0,14,JALISCO,39,GUADALAJARA,3,0,0,1,1,1,0,0,0,0,0,0,0,0,0,1,2,2,1,1,2,3,1,1,2,2,3,2,2,2,3,0,0,0,0,0,0,0,0,0,0,0,0,0,0,0,0,0,1,0,1,1,1,2,3,3,1,2.0,2,,2,,2,,1,2.0,1,1.0,3,3,2,2,3,2,3,2,2,2,3,2,3,2,2,2,2,2,2,1,2,1,2,2,2,2,2,9999999.0,2,3,1,2,2,3,3,2,2,2,2,2,2,2,1,1,1,1,2,,,,,2,,,,,2,,,,,2,,,,,2,,,,2,,,,2,,,,2,,,,2,,,,2,,,,2,,,,,,,,,,,,,,,,,,,,,,,,,,,,,,,,,,,,,,,,,,,,,,,,,,,,,,,,,,9,1090,2181,1090.0,2181.0,U,4,281,6432,True,"Robo en vivienda, Robo en transporte público, Robo en calle",Mujer
38816,1403886.02,1403886.02.01,1403886.02.01.01,1403886,2,1,A,1,2,41,2.0,14,JALISCO,39,GUADALAJARA,3,0,0,0,1,1,0,0,0,0,1,0,0,0,0,2,2,2,1,1,2,2,2,1,2,2,3,2,2,2,3,0,0,0,0,0,0,0,0,0,0,0,0,0,0,0,0,0,1,0,1,2,1,3,3,3,1,2.0,2,,2,,2,,2,,2,,2,3,2,3,3,1,3,1,2,1,1,1,3,2,2,2,2,2,1,2,2,2,2,2,2,2,2,9999999.0,3,3,3,3,3,3,3,3,3,3,3,3,3,3,3,3,1,5,2,,,,,2,,,,,2,,,,,2,,,,,2,,,,2,,,,2,,,,2,,,,2,,,,2,,,,2,,,,,,,,,,,,,,,,,,,,,,,,,,,,,,,,,,,,,,,,,,,,,,,,,,,,,,,,,,9,1145,4580,1145.0,4580.0,U,4,281,6411,True,"Robo en transporte público, Robo en calle, Lesiones",Mujer
38817,1403886.03,1403886.03.01,1403886.03.01.04,1403886,3,1,A,4,1,37,2.0,14,JALISCO,39,GUADALAJARA,3,0,0,0,0,1,0,0,1,0,0,1,0,0,0,1,2,2,2,2,2,3,3,1,2,2,3,2,2,1,3,0,0,1,0,0,0,0,0,1,0,0,0,0,0,0,0,0,0,0,1,1,2,1,1,1,2,,2,,2,,9,,1,2.0,2,,2,2,2,3,3,2,3,2,2,2,2,2,2,2,2,2,2,1,2,1,2,2,2,2,2,2,2,9999999.0,3,1,1,1,3,3,3,3,3,1,3,3,3,3,3,3,1,1,2,,,,,2,,,,,2,,,,,2,,,,,2,,,,2,,,,2,,,,2,,,,2,,,,2,,,,2,,,,,,,,,,,,,,,,,,,,,,,,,,,,,,,,,,,,,,,,,,,,,,,,,,,,,,,,,,4,1145,4580,1145.0,4580.0,U,4,281,6411,True,"Robo en calle, Extorsión, Amenazas",Hombre
38818,1403886.05,1403886.05.01,1403886.05.01.02,1403886,5,1,A,2,2,49,2.0,14,JALISCO,39,GUADALAJARA,3,0,0,0,0,1,0,0,1,0,1,0,0,0,0,2,2,2,2,3,2,3,2,2,1,1,2,1,2,1,3,0,0,0,0,0,0,0,0,1,0,0,0,0,0,1,0,0,0,0,1,2,1,3,3,3,2,,2,,2,,2,,1,2.0,1,1.0,1,1,2,1,1,2,3,2,1,2,2,3,3,2,2,1,1,1,1,1,2,2,2,2,2,2,2,9999999.0,3,3,1,2,3,3,1,3,1,1,3,3,1,3,1,5,1,1,2,,,,,2,,,,,2,,,,,2,,,,,2,,,,2,,,,2,,,,2,,,,2,,,,2,,,,2,,,,,,,,,,,,,,,,,,,,,,,,,,,,,,,,,,,,,,,,,,,,,,,,,,,,,,,,,,3,1145,3435,1145.0,3435.0,U,4,281,6411,True,"Robo en calle, Extorsión, Lesiones",Mujer
38819,1403891.01,1403891.01.01,1403891.01.01.02,1403891,1,1,B,2,2,72,2.0,14,JALISCO,39,GUADALAJARA,3,0,1,0,0,0,1,0,0,0,0,1,0,0,0,1,2,2,2,3,2,3,1,1,3,3,3,1,1,1,3,0,0,0,0,0,0,0,0,0,0,0,0,0,0,0,0,0,1,0,1,2,2,1,1,1,2,,1,2.0,1,2.0,2,,2,,9,,1,3,2,2,3,2,3,2,2,1,2,2,3,2,2,2,2,2,2,2,2,2,2,2,2,2,2,,3,1,1,2,2,2,3,3,2,3,3,3,3,3,1,5,1,1,2,,,,,2,,,,,2,,,,,2,,,,,2,,,,2,,,,2,,,,2,,,,2,,,,2,,,,2,,,,,,,,,,,,,,,,,,,,,,,,,,,,,,,,,,,,,,,,,,,,,,,,,,,,,,,,,,9,930,2791,930.0,2791.0,U,3,280,6359,True,"Robo accesorios vehículo, Secuestro, Amenazas",Mujer
38820,1403891.04,1403891.04.01,1403891.04.01.02,1403891,4,1,B,2,2,52,2.0,14,JALISCO,39,GUADALAJARA,3,0,0,0,0,1,0,0,1,0,0,1,0,0,0,2,2,2,1,3,2,3,2,2,2,2,2,2,3,2,3,1,0,0,0,1,1,0,1,0,0,0,0,0,0,1,1,1,0,0,1,1,1,3,3,3,2,,2,,2,,2,,2,,2,,1,1,2,2,2,1,3,3,2,1,2,3,3,2,2,2,2,2,2,2,2,2,2,2,2,2,2,,1,1,3,3,3,3,3,3,3,3,3,3,3,3,2,5,1,4,2,,,,,2,,,,,2,,,,,2,,,,,2,,,,2,,,,2,,,,2,,,,2,,,,2,,,,2,,,,,,,,,,,,,,,,,,,,,,,,,,,,,,,,,,,,,,,,,,,,,,,,,,,,,,,,,,3,930,3721,930.0,3721.0,U,3,280,6359,True,"Robo en calle, Extorsión, Amenazas",Mujer
38821,1403891.05,1403891.05.01,1403891.05.01.03,1403891,5,1,A,3,2,39,2.0,14,JALISCO,39,GUADALAJARA,3,0,1,0,0,1,0,1,0,0,0,0,0,0,0,2,2,2,1,1,2,3,2,2,2,2,2,2,2,2,3,1,0,0,0,0,0,0,1,0,1,0,0,0,0,0,0,1,0,0,1,2,1,3,3,3,2,,1,2.0,1,1.0,1,2.0,1,2.0,1,2.0,1,1,1,3,2,1,3,1,1,1,1,1,3,3,3,1,2,1,2,1,2,1,2,2,2,2,2,3000.0,3,1,1,1,1,3,3,1,1,1,1,1,3,3,1,1,1,1,1,2.0,1.0,2.0,2.0,1,2.0,1.0,2.0,1.0,1,1.0,1.0,2.0,2.0,1,1.0,1.0,2.0,1.0,2,,,,1,2.0,1.0,2.0,1,2.0,1.0,2.0,1,1.0,1.0,2.0,1,1.0,1.0,1.0,1,1.0,2.0,1.0,2,,,,1.0,2.0,2.0,2.0,2.0,2.0,2.0,1.0,2.0,2.0,2.0,1.0,2.0,2.0,2.0,2.0,1.0,2.0,2.0,2.0,,,,,,2.0,2.0,1.0,2.0,2.0,2.0,2.0,1.0,2.0,2.0,2.0,1.0,2.0,2.0,2.0,2.0,2.0,2.0,1.0,2.0,2.0,2.0,2.0,1.0,2.0,,,,,2,930,3721,930.0,3721.0,U,3,280,6359,True,"Robo accesorios vehículo, Robo en calle, Fraude bancario",Mujer
38822,1403898.02,1403898.02.01,1403898.02.01.01,1403898,2,1,B,1,1,47,2.0,14,JALISCO,39,GUADALAJARA,1,0,0,1,0,1,0,0,0,0,1,0,0,0,0,9,1,1,1,1,1,3,1,1,1,1,3,1,1,1,1,0,0,0,0,0,0,0,0,0,0,0,0,0,0,0,0,0,1,0,1,2,1,2,2,2,2,,2,,2,,2,,2,,2,,2,3,2,3,3,2,3,2,2,2,2,2,2,2,2,2,2,2,2,2,2,2,2,2,2,2,2,,1,1,2,1,2,2,2,2,2,2,2,2,2,2,1,1,1,1,2,,,,,2,,,,,2,,,,,2,,,,,2,,,,2,,,,2,,,,2,,,,2,,,,2,,,,2,,,,,,,,,,,,,,,,,,,,,,,,,,,,,,,,,,,,,,,,,,,,,,,,,,,,,,,,,,9,1070,1070,1070.0,1070.0,U,4,281,6441,True,"Robo en vivienda, Robo en calle, Lesiones",Hombre
38823,1403898.03,1403898.03.01,1403898.03.01.01,1403898,3,1,A,1,1,36,2.0,14,JALISCO,39,GUADALAJARA,3,0,0,0,1,0,0,1,0,1,0,0,0,0,0,1,2,2,1,1,2,3,1,1,2,2,2,1,1,2,3,0,1,0,0,0,0,0,1,0,1,1,0,0,0,0,0,0,0,0,1,2,2,1,3,3,2,,1,2.0,2,,2,,1,1.0,2,,1,3,1,2,2,1,3,1,1,1,1,1,1,2,2,2,2,2,2,2,2,1,2,2,2,2,2,0.0,1,1,3,3,3,3,3,3,3,3,3,3,3,3,1,1,1,1,1,4.0,1.0,2.0,2.0,2,,,,,1,4.0,1.0,3.0,1.0,1,2.0,2.0,1.0,1.0,2,,,,1,2.0,1.0,2.0,2,,,,1,1.0,2.0,1.0,2,,,,2,,,,2,,,,2.0,1.0,2.0,2.0,2.0,,,,,,2.0,1.0,2.0,2.0,2.0,2.0,1.0,2.0,2.0,2.0,,,,,,2.0,1.0,2.0,2.0,2.0,,,,,,2.0,1.0,2.0,2.0,2.0,,,,,,,,,,,,,,,4,1070,1070,1070.0,1070.0,U,4,281,6441,True,"Robo en transporte público, Fraude bancario, Delito sexual",Hombre
38824,1403898.04,1403898.04.01,1403898.04.01.02,1403898,4,1,B,2,2,46,2.0,14,JALISCO,39,GUADALAJARA,3,0,0,0,0,1,0,0,1,0,1,0,0,0,0,1,1,1,1,1,1,3,1,1,1,1,3,1,1,1,2,1,0,0,0,0,0,0,1,0,0,0,0,0,0,0,0,0,0,0,2,2,2,4,4,4,1,1.0,2,,2,,2,,2,,2,,2,3,2,2,3,2,3,2,2,2,2,2,2,2,2,2,2,2,2,2,2,1,2,2,2,2,2,9999999.0,2,1,2,3,2,3,1,1,2,1,3,3,1,3,1,1,1,1,1,2.0,9.0,2.0,1.0,2,,,,,1,2.0,1.0,2.0,1.0,1,2.0,1.0,2.0,1.0,2,,,,1,2.0,9.0,2.0,1,2.0,9.0,2.0,1,2.0,9.0,2.0,1,2.0,2.0,2.0,1,2.0,9.0,2.0,1,2.0,9.0,2.0,2.0,1.0,2.0,2.0,2.0,,,,,,2.0,2.0,1.0,2.0,2.0,2.0,2.0,2.0,1.0,2.0,,,,,,2.0,2.0,2.0,1.0,2.0,2.0,2.0,2.0,1.0,2.0,2.0,2.0,2.0,1.0,2.0,2.0,2.0,2.0,1.0,2.0,2.0,2.0,2.0,1.0,2.0,2.0,2.0,1.0,2.0,2,1070,2140,1070.0,2140.0,U,4,281,6441,True,"Robo en calle, Extorsión, Lesiones",Mujer
38825,1403920.01,1403920.01.01,1403920.01.01.04,1403920,1,1,B,4,1,34,2.0,14,JALISCO,39,GUADALAJARA,3,0,1,0,0,0,0,1,0,0,0,1,0,0,0,2,2,2,2,3,2,3,1,1,3,3,1,2,3,1,3,0,0,0,0,0,0,0,0,0,0,0,0,0,0,0,0,0,1,0,1,1,1,4,4,4,2,,2,,1,2.0,2,,2,,2,,1,3,2,1,1,1,3,1,1,3,2,3,2,1,1,1,1,1,2,2,2,2,2,2,2,2,2,0.0,1,3,3,1,3,1,1,3,3,1,3,3,3,3,1,5,2,2,2,,,,,2,,,,,2,,,,,2,,,,,2,,,,2,,,,2,,,,2,,,,2,,,,2,,,,2,,,,,,,,,,,,,,,,,,,,,,,,,,,,,,,,,,,,,,,,,,,,,,,,,,,,,,,,,,4,1150,4599,1150.0,4599.0,U,4,281,6409,True,"Robo accesorios vehículo, Fraude bancario, Amenazas",Hombre
38826,1403920.02,1403920.02.01,1403920.02.01.01,1403920,2,1,B,1,1,43,2.0,14,JALISCO,39,GUADALAJARA,3,1,1,0,0,0,0,0,0,0,1,0,0,0,0,1,2,2,1,1,1,3,1,1,1,1,3,3,1,1,2,1,0,0,0,0,0,0,0,0,0,0,0,0,0,0,0,0,0,0,2,2,2,2,3,3,2,,2,,2,,2,,2,,2,,3,2,3,3,3,2,3,3,2,3,2,3,3,2,2,3,2,2,2,2,2,2,2,2,2,2,2,,3,1,1,1,1,3,3,3,3,3,3,3,3,3,3,2,2,3,1,2.0,1.0,2.0,1.0,2,,,,,2,,,,,1,2.0,2.0,2.0,1.0,2,,,,2,,,,2,,,,1,2.0,2.0,2.0,2,,,,2,,,,2,,,,2.0,1.0,2.0,2.0,2.0,,,,,,,,,,,2.0,1.0,2.0,2.0,2.0,,,,,,,,,,,,,,,,2.0,1.0,2.0,2.0,2.0,,,,,,,,,,,,,,,2,1150,3449,1150.0,3449.0,U,4,281,6409,True,"Robo vehículo, Robo accesorios vehículo, Lesiones",Hombre
38827,1403920.03,1403920.03.01,1403920.03.01.01,1403920,3,1,B,1,2,40,2.0,14,JALISCO,39,GUADALAJARA,2,1,1,1,0,0,0,0,0,0,0,0,0,0,0,1,2,2,1,1,2,3,1,1,2,2,2,2,2,2,2,0,0,0,0,0,0,0,0,0,0,0,0,0,0,0,0,0,1,0,3,3,1,2,4,4,2,,2,,2,,2,,2,,2,,1,1,2,2,3,1,3,1,1,1,2,1,1,1,2,2,2,2,2,2,2,2,2,2,2,2,2,,3,3,3,3,3,3,3,3,3,3,3,3,3,3,1,1,1,1,2,,,,,2,,,,,2,,,,,2,,,,,2,,,,2,,,,2,,,,2,,,,2,,,,2,,,,2,,,,,,,,,,,,,,,,,,,,,,,,,,,,,,,,,,,,,,,,,,,,,,,,,,,,,,,,,,3,1150,1150,1150.0,1150.0,U,4,281,6409,True,"Robo vehículo, Robo accesorios vehículo, Robo en vivienda",Mujer
38828,1403920.05,1403920.05.01,1403920.05.01.02,1403920,5,1,B,2,2,40,2.0,14,JALISCO,39,GUADALAJARA,3,0,0,1,0,1,0,0,0,0,0,1,0,0,0,1,2,2,2,2,3,2,2,2,2,2,2,2,2,2,3,0,1,0,0,0,0,0,0,0,0,1,0,0,0,0,0,0,0,0,1,1,1,3,4,4,1,1.0,2,,1,1.0,2,,1,2.0,9,,1,1,1,1,1,2,3,3,2,2,1,1,3,1,1,2,1,1,1,1,1,1,1,1,2,2,2,9999999.0,1,3,2,2,2,3,1,2,1,1,3,3,2,2,1,1,1,1,1,3.0,1.0,2.0,2.0,2,,,,,2,,,,,1,3.0,9.0,3.0,2.0,2,,,,1,4.0,1.0,2.0,2,,,,1,3.0,9.0,3.0,2,,,,2,,,,2,,,,2.0,1.0,2.0,2.0,2.0,,,,,,,,,,,2.0,1.0,2.0,2.0,2.0,,,,,,2.0,1.0,2.0,2.0,2.0,,,,,,2.0,1.0,2.0,2.0,2.0,,,,,,,,,,,,,,,9,1150,2299,1150.0,2299.0,U,4,281,6409,True,"Robo en vivienda, Robo en calle, Amenazas",Mujer
38829,1403938.01,1403938.01.01,1403938.01.01.02,1403938,1,1,B,2,2,67,2.0,14,JALISCO,39,GUADALAJARA,3,1,1,1,0,0,0,0,0,0,0,0,0,0,0,2,2,2,1,3,2,3,2,1,2,2,3,3,2,2,4,0,1,0,0,0,0,0,0,1,1,1,1,0,0,0,0,0,0,0,1,2,2,1,1,1,2,,2,,2,,2,,2,,1,2.0,3,3,2,3,2,2,3,3,1,1,3,3,3,3,3,2,2,2,2,2,2,2,2,2,2,2,2,,2,3,3,3,3,3,3,3,3,3,3,3,3,3,4,5,4,4,2,,,,,2,,,,,2,,,,,2,,,,,2,,,,2,,,,2,,,,2,,,,2,,,,2,,,,2,,,,,,,,,,,,,,,,,,,,,,,,,,,,,,,,,,,,,,,,,,,,,,,,,,,,,,,,,,4,986,2959,986.0,2959.0,U,2,279,6243,True,"Robo vehículo, Robo accesorios vehículo, Robo en vivienda",Mujer
38830,1403938.02,1403938.02.01,1403938.02.01.03,1403938,2,1,B,3,1,98,2.0,14,JALISCO,39,GUADALAJARA,3,0,0,0,0,1,0,0,1,0,0,1,0,0,0,2,2,2,2,2,2,3,2,2,2,2,1,2,2,2,4,1,1,1,0,0,0,0,1,1,1,1,0,0,0,0,0,1,0,0,1,1,1,4,4,4,1,2.0,2,,1,2.0,1,2.0,1,2.0,1,2.0,1,1,1,3,2,1,3,3,1,1,1,3,3,3,1,2,1,2,2,1,2,2,2,2,2,2,2,9999999.0,3,3,1,3,3,3,3,3,3,3,3,3,3,3,1,1,1,1,2,,,,,2,,,,,2,,,,,2,,,,,2,,,,2,,,,2,,,,2,,,,2,,,,2,,,,2,,,,,,,,,,,,,,,,,,,,,,,,,,,,,,,,,,,,,,,,,,,,,,,,,,,,,,,,,,4,986,3945,986.0,3945.0,U,2,279,6243,True,"Robo en calle, Extorsión, Amenazas",Hombre
38831,1403938.03,1403938.03.01,1403938.03.01.01,1403938,3,1,B,1,1,57,2.0,14,JALISCO,39,GUADALAJARA,3,0,1,0,0,0,0,0,0,0,1,1,0,0,0,2,2,2,2,1,2,3,2,2,2,2,2,1,2,2,3,1,0,0,0,0,0,0,0,1,0,1,0,1,0,0,0,1,0,0,1,1,1,2,2,2,1,2.0,2,,2,,2,,1,2.0,1,2.0,1,3,1,1,1,1,3,1,2,1,1,1,1,1,2,2,1,1,1,1,2,2,2,2,2,2,2,2000.0,1,1,1,1,1,3,1,1,1,1,1,1,1,3,2,2,2,2,1,3.0,1.0,2.0,1.0,1,3.0,1.0,2.0,1.0,1,2.0,2.0,2.0,1.0,1,2.0,2.0,2.0,1.0,1,2.0,2.0,2.0,1,2.0,2.0,2.0,1,2.0,2.0,2.0,1,2.0,2.0,2.0,1,2.0,2.0,2.0,1,2.0,2.0,2.0,1,2.0,2.0,2.0,2.0,1.0,2.0,2.0,2.0,2.0,2.0,2.0,1.0,2.0,2.0,2.0,1.0,2.0,2.0,1.0,2.0,2.0,2.0,2.0,1.0,2.0,2.0,2.0,2.0,1.0,2.0,2.0,2.0,2.0,1.0,2.0,2.0,2.0,2.0,2.0,1.0,2.0,2.0,2.0,2.0,2.0,2.0,1.0,2.0,2.0,2.0,2.0,1.0,2.0,1.0,2.0,2.0,2.0,2,986,986,986.0,986.0,U,2,279,6243,True,"Robo accesorios vehículo, Lesiones, Amenazas",Hombre
38832,1403938.05,1403938.05.01,1403938.05.01.01,1403938,5,1,B,1,2,79,2.0,14,JALISCO,39,GUADALAJARA,3,0,0,1,0,1,0,0,1,0,0,0,0,0,0,1,1,2,1,3,1,3,1,1,3,3,1,3,3,3,5,1,0,0,0,0,0,0,0,0,0,0,0,0,0,0,0,0,0,0,1,2,2,1,1,1,2,,2,,1,2.0,2,,2,,2,,3,3,3,1,1,1,3,3,2,1,3,3,3,3,3,3,2,2,2,1,2,2,2,2,2,2,2,9999999.0,3,3,3,3,3,3,3,3,3,3,3,3,3,3,1,5,1,1,2,,,,,2,,,,,2,,,,,2,,,,,2,,,,2,,,,2,,,,2,,,,2,,,,2,,,,2,,,,,,,,,,,,,,,,,,,,,,,,,,,,,,,,,,,,,,,,,,,,,,,,,,,,,,,,,,4,986,4932,986.0,4932.0,U,2,279,6243,True,"Robo en vivienda, Robo en calle, Extorsión",Mujer
38833,1403947.03,1403947.03.01,1403947.03.01.01,1403947,3,1,B,1,2,28,2.0,14,JALISCO,39,GUADALAJARA,2,0,1,0,0,1,0,0,0,0,0,1,0,0,0,1,2,2,1,1,1,1,1,1,2,2,2,1,2,2,3,0,0,0,0,0,0,0,0,0,0,0,0,0,0,0,0,0,1,0,1,1,1,2,3,3,1,2.0,2,,1,2.0,2,,1,2.0,9,,1,3,1,1,1,1,2,2,1,1,2,2,3,2,1,2,1,1,2,2,2,2,2,2,2,1,2,9999999.0,3,3,3,3,3,3,3,3,3,1,3,3,3,3,3,1,1,1,1,4.0,1.0,3.0,1.0,2,,,,,1,4.0,1.0,3.0,2.0,1,4.0,1.0,4.0,2.0,2,,,,2,,,,2,,,,2,,,,2,,,,2,,,,2,,,,2.0,1.0,2.0,2.0,2.0,,,,,,2.0,1.0,2.0,2.0,2.0,2.0,1.0,2.0,2.0,2.0,,,,,,,,,,,,,,,,,,,,,,,,,,,,,,,,,,,3,1151,1151,1151.0,1151.0,U,4,281,6408,True,"Robo accesorios vehículo, Robo en calle, Amenazas",Mujer
38834,1403947.03,1403947.03.02,1403947.03.02.01,1403947,3,2,B,1,2,30,2.0,14,JALISCO,39,GUADALAJARA,2,1,0,1,0,1,0,0,0,0,0,0,0,0,0,2,2,2,1,1,2,3,2,1,1,2,2,1,2,1,3,0,0,0,0,0,0,0,0,1,0,0,0,0,0,0,0,0,0,0,1,2,2,3,4,4,1,2.0,2,,2,,2,,1,2.0,9,,1,3,3,1,1,1,3,2,1,1,2,2,3,2,1,2,2,1,2,2,2,2,2,2,2,2,2,500.0,2,2,2,2,2,2,2,2,2,2,2,2,2,2,2,1,1,1,1,2.0,1.0,2.0,2.0,1,3.0,1.0,3.0,2.0,1,4.0,1.0,4.0,2.0,1,4.0,1.0,4.0,2.0,2,,,,2,,,,2,,,,1,2.0,1.0,3.0,2,,,,1,2.0,2.0,2.0,2,,,,2.0,1.0,2.0,2.0,2.0,2.0,1.0,2.0,2.0,2.0,1.0,1.0,2.0,2.0,2.0,2.0,1.0,1.0,1.0,2.0,,,,,,,,,,,,,,,,1.0,1.0,1.0,1.0,2.0,,,,,,2.0,2.0,2.0,1.0,2.0,,,,,4,1151,1151,1151.0,1151.0,U,4,281,6408,True,"Robo vehículo, Robo en vivienda, Robo en calle",Mujer
38835,1403947.03,1403947.03.03,1403947.03.03.01,1403947,3,3,B,1,1,29,2.0,14,JALISCO,39,GUADALAJARA,3,0,0,1,0,1,0,0,1,0,0,0,0,0,0,2,2,2,2,1,2,3,3,1,2,1,2,2,2,2,4,0,0,0,0,0,0,0,0,1,0,0,0,0,0,0,0,0,0,0,1,1,1,3,3,3,2,,2,,2,,2,,1,2.0,9,,1,3,2,3,2,1,3,2,2,1,2,1,3,2,2,2,2,1,2,2,2,2,2,1,2,2,2,9999999.0,2,3,3,2,2,2,2,2,2,2,3,3,3,2,4,1,1,1,2,,,,,2,,,,,2,,,,,2,,,,,2,,,,2,,,,2,,,,2,,,,2,,,,2,,,,2,,,,,,,,,,,,,,,,,,,,,,,,,,,,,,,,,,,,,,,,,,,,,,,,,,,,,,,,,,3,1151,1151,1151.0,1151.0,U,4,281,6408,True,"Robo en vivienda, Robo en calle, Extorsión",Hombre
38836,1403947.04,1403947.04.01,1403947.04.01.01,1403947,4,1,B,1,1,40,2.0,14,JALISCO,39,GUADALAJARA,9,0,0,0,0,1,0,0,1,0,1,0,0,0,0,1,2,2,1,1,2,3,2,2,2,2,3,1,1,1,5,0,0,0,0,0,0,0,0,0,0,0,0,0,0,0,0,0,1,0,1,2,1,1,1,1,1,2.0,2,,2,,2,,2,,2,,1,1,1,3,3,2,3,3,2,1,2,3,3,2,2,2,2,2,2,2,2,1,2,2,2,2,2,0.0,1,3,3,2,2,3,3,3,3,3,3,3,3,3,1,1,1,1,2,,,,,2,,,,,2,,,,,1,2.0,2.0,2.0,1.0,2,,,,2,,,,2,,,,1,2.0,2.0,1.0,2,,,,2,,,,2,,,,,,,,,,,,,,,,,,,2.0,1.0,2.0,2.0,2.0,,,,,,,,,,,,,,,,2.0,1.0,2.0,2.0,2.0,,,,,,,,,,,,,,,9,1151,3452,1151.0,3452.0,U,4,281,6408,True,"Robo en calle, Extorsión, Lesiones",Hombre
38837,1403960.01,1403960.01.01,1403960.01.01.04,1403960,1,1,B,4,1,24,2.0,14,JALISCO,39,GUADALAJARA,3,0,1,0,1,1,0,0,0,0,0,0,0,0,0,1,1,1,1,1,1,3,1,1,1,2,1,1,1,1,2,0,0,0,0,0,0,0,0,0,0,0,0,0,0,0,0,0,1,0,2,2,2,1,1,1,2,,2,,2,,2,,2,,2,,2,2,2,2,2,2,2,2,2,2,2,2,2,2,2,2,2,2,2,2,2,2,2,2,2,2,2,,1,1,1,1,1,2,3,3,2,1,3,3,1,2,1,1,1,1,1,2.0,1.0,1.0,2.0,2,,,,,1,2.0,2.0,3.0,1.0,1,2.0,2.0,2.0,1.0,1,2.0,2.0,2.0,2,,,,2,,,,1,1.0,2.0,2.0,1,2.0,2.0,2.0,1,2.0,2.0,1.0,2,,,,2.0,2.0,2.0,1.0,2.0,,,,,,2.0,1.0,2.0,2.0,2.0,2.0,2.0,2.0,1.0,2.0,2.0,2.0,2.0,1.0,2.0,,,,,,,,,,,2.0,2.0,2.0,1.0,2.0,2.0,2.0,2.0,1.0,2.0,2.0,2.0,2.0,1.0,2.0,,,,,1,962,3847,962.0,3847.0,U,3,280,6339,True,"Robo accesorios vehículo, Robo en transporte público, Robo en calle",Hombre
38838,1403960.02,1403960.02.01,1403960.02.01.04,1403960,2,1,A,4,2,25,2.0,14,JALISCO,39,GUADALAJARA,3,0,0,1,1,0,0,0,0,0,0,1,0,0,0,1,2,2,1,1,2,3,1,1,2,2,2,1,2,2,3,0,0,0,1,1,0,0,1,0,1,1,0,0,0,1,1,1,0,0,1,1,2,3,4,4,1,2.0,1,2.0,1,2.0,2,,2,,2,,1,3,2,1,1,2,2,2,2,1,2,1,1,2,2,2,1,1,2,2,2,2,2,2,2,2,2,3000.0,3,3,3,1,3,3,3,3,1,3,3,3,3,3,1,1,2,1,1,4.0,1.0,2.0,2.0,2,,,,,2,,,,,1,4.0,2.0,3.0,2.0,2,,,,1,2.0,1.0,3.0,2,,,,2,,,,1,2.0,2.0,2.0,1,2.0,2.0,2.0,1,3.0,1.0,3.0,1.0,1.0,2.0,2.0,2.0,,,,,,,,,,,1.0,1.0,1.0,1.0,2.0,,,,,,2.0,2.0,1.0,1.0,2.0,,,,,,,,,,,2.0,2.0,1.0,1.0,2.0,2.0,2.0,1.0,1.0,2.0,2.0,1.0,1.0,2.0,4,962,4808,962.0,4808.0,U,3,280,6339,True,"Robo en vivienda, Robo en transporte público, Amenazas",Mujer
38839,1403960.03,1403960.03.01,1403960.03.01.03,1403960,3,1,A,3,1,18,2.0,14,JALISCO,39,GUADALAJARA,3,0,0,0,1,1,0,0,0,1,0,0,0,0,0,1,1,1,1,1,2,1,1,1,1,1,2,1,1,2,3,1,0,0,0,0,0,0,1,1,0,0,0,0,0,0,0,0,0,0,1,2,2,3,3,3,2,,2,,2,,2,,1,2.0,2,,1,1,1,2,2,2,2,1,2,2,2,2,2,2,2,1,1,1,2,2,2,2,2,2,2,2,2,1500.0,1,1,1,1,1,3,3,1,1,1,1,1,1,2,1,1,1,1,1,2.0,2.0,2.0,1.0,1,1.0,2.0,1.0,1.0,1,1.0,2.0,2.0,1.0,1,1.0,2.0,2.0,1.0,2,,,,1,2.0,2.0,2.0,2,,,,2,,,,2,,,,2,,,,2,,,,2.0,1.0,2.0,2.0,2.0,2.0,1.0,1.0,1.0,2.0,2.0,1.0,2.0,2.0,2.0,2.0,1.0,2.0,2.0,2.0,,,,,,2.0,1.0,2.0,2.0,2.0,,,,,,,,,,,,,,,,,,,,,,,,,2,962,2885,962.0,2885.0,U,3,280,6339,True,"Robo en transporte público, Robo en calle, Delito sexual",Hombre
38840,1403960.05,1403960.05.01,1403960.05.01.04,1403960,5,1,B,4,1,20,2.0,14,JALISCO,39,GUADALAJARA,3,1,0,1,0,1,0,0,0,0,0,0,0,0,0,2,2,2,1,3,2,3,2,2,2,2,1,1,2,2,2,1,0,1,0,0,1,0,1,1,1,1,0,0,1,0,0,0,0,0,1,1,1,1,1,1,1,1.0,1,1.0,1,1.0,2,,1,1.0,1,1.0,1,2,2,1,2,1,2,1,1,1,1,1,3,1,2,2,2,2,2,2,2,2,2,2,2,2,2,,3,3,1,3,1,3,1,1,1,1,1,1,1,2,1,5,1,1,1,2.0,1.0,2.0,1.0,1,2.0,1.0,2.0,1.0,1,1.0,2.0,1.0,1.0,1,1.0,2.0,1.0,1.0,2,,,,1,1.0,2.0,1.0,1,1.0,2.0,1.0,1,1.0,2.0,1.0,1,1.0,2.0,1.0,1,1.0,2.0,1.0,1,1.0,2.0,1.0,1.0,1.0,2.0,2.0,2.0,1.0,1.0,2.0,2.0,2.0,2.0,1.0,2.0,2.0,2.0,2.0,1.0,2.0,2.0,2.0,,,,,,2.0,1.0,1.0,2.0,2.0,2.0,1.0,1.0,1.0,2.0,2.0,1.0,1.0,1.0,2.0,2.0,2.0,1.0,1.0,2.0,2.0,1.0,1.0,1.0,2.0,2.0,1.0,1.0,2.0,1,962,3847,962.0,3847.0,U,3,280,6339,True,"Robo vehículo, Robo en vivienda, Robo en calle",Hombre
38841,1404011.02,1404011.02.01,1404011.02.01.01,1404011,2,1,B,1,2,77,2.0,14,JALISCO,39,GUADALAJARA,3,0,0,0,0,1,0,1,0,0,1,0,0,0,0,2,2,2,1,3,1,3,1,1,2,1,3,2,2,3,3,1,0,1,0,0,0,0,0,0,1,0,0,0,0,0,0,0,0,0,2,2,2,1,1,1,2,,2,,1,1.0,2,,1,1.0,3,,2,3,2,3,2,2,3,2,3,2,2,2,2,2,2,2,2,2,2,2,2,2,2,2,2,2,2,,3,1,1,1,1,3,2,3,3,1,3,3,3,2,1,3,1,1,2,,,,,1,2.0,2.0,1.0,1.0,1,2.0,2.0,2.0,1.0,2,,,,,2,,,,2,,,,2,,,,1,2.0,2.0,1.0,2,,,,2,,,,2,,,,,,,,,2.0,2.0,2.0,1.0,2.0,2.0,2.0,2.0,1.0,2.0,,,,,,,,,,,,,,,,,,,,,2.0,2.0,2.0,1.0,2.0,,,,,,,,,,,,,,,2,1112,1112,1112.0,1112.0,U,4,281,6420,True,"Robo en calle, Fraude bancario, Lesiones",Mujer
38842,1404011.03,1404011.03.01,1404011.03.01.01,1404011,3,1,A,1,1,45,2.0,14,JALISCO,39,GUADALAJARA,3,0,0,0,1,1,0,0,0,0,1,0,0,0,0,1,2,2,1,1,2,3,3,2,2,2,3,1,2,1,1,1,0,0,0,0,0,0,1,1,1,0,0,0,0,0,0,0,0,0,2,2,2,2,1,4,2,,2,,2,,2,,1,1.0,9,,2,3,2,3,3,1,3,2,2,2,2,2,3,2,2,2,2,1,2,1,2,2,2,2,2,2,2,3000.0,1,1,1,2,2,3,3,1,2,3,3,3,2,2,3,2,1,1,1,4.0,1.0,3.0,2.0,2,,,,,1,2.0,1.0,3.0,1.0,1,2.0,9.0,2.0,9.0,2,,,,1,2.0,1.0,3.0,2,,,,1,2.0,9.0,2.0,2,,,,2,,,,2,,,,1.0,2.0,2.0,2.0,2.0,,,,,,2.0,1.0,2.0,2.0,2.0,2.0,1.0,2.0,2.0,2.0,,,,,,1.0,2.0,2.0,2.0,2.0,,,,,,2.0,1.0,2.0,2.0,2.0,,,,,,,,,,,,,,,4,1112,1112,1112.0,1112.0,U,4,281,6420,True,"Robo en transporte público, Robo en calle, Lesiones",Hombre
38843,1404011.04,1404011.04.01,1404011.04.01.01,1404011,4,1,B,1,2,75,2.0,14,JALISCO,39,GUADALAJARA,3,0,1,0,1,1,0,0,0,0,0,0,0,0,0,2,2,2,1,3,2,3,2,2,2,2,2,2,2,2,5,1,0,1,0,0,0,0,0,1,1,0,0,0,1,0,0,0,0,0,1,1,1,1,1,1,2,,2,,2,,2,,2,,2,,2,3,3,1,3,2,2,2,2,3,2,2,2,2,2,2,2,2,2,2,2,2,2,2,2,2,2,,2,2,2,2,2,2,2,2,2,2,2,2,2,2,1,3,1,1,1,2.0,1.0,2.0,1.0,2,,,,,2,,,,,2,,,,,2,,,,2,,,,1,2.0,1.0,2.0,2,,,,2,,,,2,,,,2,,,,2.0,2.0,2.0,1.0,2.0,,,,,,,,,,,,,,,,,,,,,,,,,,2.0,2.0,2.0,1.0,2.0,,,,,,,,,,,,,,,,,,,,9,1112,1112,1112.0,1112.0,U,4,281,6420,True,"Robo accesorios vehículo, Robo en transporte público, Robo en calle",Mujer
38844,1404011.05,1404011.05.01,1404011.05.01.01,1404011,5,1,A,1,1,32,2.0,14,JALISCO,39,GUADALAJARA,3,0,0,1,0,1,0,0,1,0,0,0,0,0,0,2,2,2,1,1,2,3,1,1,1,1,1,3,3,2,3,1,1,1,0,0,0,0,1,1,1,1,0,0,0,0,0,1,0,0,1,2,2,3,3,4,1,2.0,2,,1,2.0,1,2.0,1,2.0,9,,1,3,1,2,2,1,2,1,1,3,1,2,3,1,2,2,2,2,2,2,2,2,2,2,2,2,2,,3,3,1,3,3,3,3,3,3,3,3,3,1,3,2,2,1,1,1,4.0,1.0,4.0,2.0,1,2.0,2.0,3.0,2.0,1,2.0,2.0,2.0,1.0,1,3.0,2.0,3.0,1.0,2,,,,1,1.0,2.0,2.0,1,2.0,1.0,4.0,1,3.0,1.0,3.0,1,1.0,2.0,1.0,1,1.0,2.0,1.0,1,4.0,1.0,4.0,1.0,1.0,1.0,1.0,2.0,1.0,1.0,1.0,1.0,2.0,1.0,1.0,1.0,1.0,2.0,2.0,1.0,1.0,1.0,2.0,,,,,,1.0,1.0,1.0,1.0,2.0,1.0,1.0,1.0,1.0,2.0,1.0,1.0,1.0,1.0,2.0,2.0,2.0,1.0,1.0,2.0,2.0,1.0,1.0,1.0,2.0,2.0,1.0,1.0,2.0,2,1112,1112,1112.0,1112.0,U,4,281,6420,True,"Robo en vivienda, Robo en calle, Extorsión",Hombre
38845,1404011.05,1404011.05.02,1404011.05.02.01,1404011,5,2,B,1,2,25,2.0,14,JALISCO,39,GUADALAJARA,1,0,0,0,1,1,0,1,0,0,0,0,0,0,0,2,2,2,1,1,2,2,2,2,1,2,2,2,2,2,3,1,1,1,0,1,1,0,0,1,0,0,0,0,0,0,0,1,0,0,1,1,1,4,4,4,2,,2,,1,2.0,1,2.0,1,2.0,1,2.0,1,3,1,1,1,1,1,1,1,1,1,1,1,2,1,2,1,1,2,2,2,1,1,1,1,2,2,20000.0,3,3,3,3,3,1,1,1,1,1,1,1,1,3,1,1,1,1,1,2.0,2.0,2.0,1.0,1,2.0,2.0,2.0,1.0,1,2.0,2.0,2.0,1.0,1,2.0,2.0,2.0,1.0,1,2.0,2.0,2.0,1,2.0,2.0,2.0,1,2.0,2.0,2.0,1,2.0,2.0,2.0,1,2.0,2.0,2.0,1,2.0,2.0,2.0,1,2.0,2.0,2.0,2.0,2.0,1.0,2.0,2.0,2.0,2.0,1.0,2.0,2.0,2.0,2.0,1.0,2.0,2.0,2.0,2.0,1.0,2.0,2.0,2.0,2.0,1.0,2.0,2.0,2.0,2.0,1.0,2.0,2.0,2.0,2.0,1.0,2.0,2.0,2.0,2.0,1.0,2.0,2.0,2.0,2.0,1.0,2.0,2.0,2.0,2.0,1.0,2.0,2.0,2.0,1.0,2.0,2.0,2,1112,1112,1112.0,1112.0,U,4,281,6420,True,"Robo en transporte público, Robo en calle, Fraude bancario",Mujer
38846,1404079.01,1404079.01.01,1404079.01.01.01,1404079,1,1,A,1,2,57,2.0,14,JALISCO,39,GUADALAJARA,3,0,0,0,1,0,0,1,0,0,0,1,0,0,0,1,2,2,1,1,1,3,1,1,1,1,3,1,1,3,2,0,0,0,0,0,0,0,1,1,1,0,0,0,0,0,0,0,0,0,2,2,2,2,3,4,2,,1,1.0,2,,2,,1,1.0,2,,2,3,2,3,3,2,3,2,2,2,2,2,3,2,2,2,2,2,2,2,2,2,2,2,2,2,2,,3,3,3,3,3,2,2,2,2,3,3,3,3,3,1,2,1,1,2,,,,,2,,,,,1,2.0,1.0,2.0,2.0,1,2.0,2.0,3.0,1.0,1,3.0,2.0,3.0,1,2.0,2.0,2.0,1,3.0,2.0,2.0,1,2.0,2.0,2.0,1,2.0,2.0,2.0,1,3.0,2.0,3.0,1,4.0,1.0,3.0,,,,,,,,,,,2.0,1.0,1.0,2.0,2.0,2.0,1.0,1.0,2.0,2.0,2.0,1.0,1.0,2.0,2.0,2.0,1.0,1.0,2.0,2.0,2.0,1.0,1.0,2.0,2.0,2.0,1.0,1.0,2.0,2.0,2.0,1.0,1.0,1.0,2.0,2.0,1.0,1.0,1.0,2.0,2.0,1.0,1.0,2.0,3,777,777,777.0,777.0,U,3,280,6384,True,"Robo en transporte público, Fraude bancario, Amenazas",Mujer
38847,1404079.02,1404079.02.01,1404079.02.01.01,1404079,2,1,B,1,2,41,2.0,14,JALISCO,39,GUADALAJARA,3,0,0,1,0,1,0,0,0,0,0,1,0,0,0,1,2,2,1,3,1,3,1,1,2,2,1,1,2,1,2,1,0,0,0,1,0,0,1,1,1,0,0,0,1,0,0,1,0,0,1,1,1,3,3,3,2,,1,2.0,1,2.0,1,2.0,1,2.0,1,2.0,2,1,2,2,2,2,3,2,2,1,2,1,3,2,2,1,2,2,2,2,2,2,2,2,2,2,2,,1,1,1,1,3,2,2,3,3,1,3,3,1,3,2,5,1,2,2,,,,,2,,,,,2,,,,,1,2.0,1.0,9.0,1.0,2,,,,2,,,,1,2.0,1.0,2.0,1,2.0,1.0,1.0,1,1.0,2.0,1.0,1,1.0,2.0,1.0,2,,,,,,,,,,,,,,,,,,,2.0,1.0,2.0,2.0,2.0,,,,,,,,,,,2.0,2.0,2.0,1.0,2.0,2.0,2.0,2.0,1.0,2.0,2.0,2.0,2.0,1.0,2.0,2.0,2.0,2.0,1.0,2.0,,,,,3,777,1553,777.0,1553.0,U,3,280,6384,True,"Robo en vivienda, Robo en calle, Amenazas",Mujer
38848,1404079.03,1404079.03.01,1404079.03.01.02,1404079,3,1,B,2,2,35,2.0,14,JALISCO,39,GUADALAJARA,3,0,1,0,0,1,0,0,0,0,1,0,0,0,0,1,2,2,1,1,1,3,1,1,2,2,2,1,1,1,3,1,1,0,0,0,0,0,1,1,1,0,0,0,0,1,0,0,0,0,2,1,2,2,1,1,2,,1,2.0,1,2.0,2,,1,1.0,1,2.0,2,1,2,3,3,2,3,2,2,1,2,2,3,2,2,2,2,2,2,2,2,1,2,2,2,2,2,0.0,1,3,1,1,2,2,2,3,3,1,3,3,3,3,3,5,1,1,1,2.0,2.0,1.0,1.0,1,2.0,2.0,2.0,1.0,1,2.0,2.0,2.0,1.0,1,2.0,2.0,2.0,1.0,2,,,,1,2.0,2.0,2.0,1,2.0,2.0,2.0,1,1.0,2.0,1.0,1,1.0,2.0,1.0,1,1.0,2.0,1.0,1,2.0,1.0,2.0,2.0,1.0,2.0,1.0,2.0,2.0,1.0,2.0,1.0,2.0,2.0,1.0,2.0,1.0,2.0,2.0,1.0,2.0,1.0,2.0,,,,,,2.0,1.0,2.0,1.0,2.0,2.0,1.0,2.0,1.0,2.0,2.0,1.0,2.0,1.0,2.0,2.0,1.0,2.0,1.0,2.0,2.0,1.0,2.0,1.0,2.0,2.0,2.0,1.0,2.0,2,777,1553,777.0,1553.0,U,3,280,6384,True,"Robo accesorios vehículo, Robo en calle, Lesiones",Mujer
38849,1404079.04,1404079.04.01,1404079.04.01.01,1404079,4,1,A,1,1,25,2.0,14,JALISCO,39,GUADALAJARA,2,0,0,0,0,1,0,1,0,0,0,1,0,0,0,1,2,2,1,1,1,3,1,1,1,1,3,1,2,1,2,0,0,0,0,0,0,0,0,1,0,0,0,1,1,0,0,0,0,0,1,1,1,1,4,4,1,1.0,1,1.0,2,,2,,1,2.0,9,,1,1,1,1,2,1,3,1,1,1,1,2,3,2,1,2,1,1,2,2,2,2,2,2,2,2,2,3500.0,2,2,2,3,3,2,3,3,3,1,3,3,3,3,1,1,1,1,1,3.0,1.0,3.0,1.0,2,,,,,1,3.0,1.0,3.0,1.0,1,2.0,1.0,2.0,1.0,2,,,,1,2.0,1.0,2.0,1,2.0,1.0,2.0,1,2.0,2.0,1.0,1,9.0,2.0,1.0,1,1.0,2.0,2.0,1,4.0,1.0,3.0,1.0,1.0,2.0,2.0,2.0,,,,,,2.0,1.0,2.0,2.0,2.0,2.0,1.0,2.0,2.0,2.0,,,,,,2.0,2.0,1.0,2.0,2.0,2.0,2.0,1.0,2.0,2.0,2.0,2.0,1.0,2.0,2.0,2.0,2.0,2.0,1.0,2.0,2.0,2.0,2.0,1.0,2.0,2.0,1.0,1.0,2.0,3,777,1553,777.0,1553.0,U,3,280,6384,True,"Robo en calle, Fraude bancario, Amenazas",Hombre
38850,1404079.05,1404079.05.01,1404079.05.01.01,1404079,5,1,B,1,2,53,2.0,14,JALISCO,39,GUADALAJARA,3,1,1,0,0,0,0,0,1,0,0,0,0,0,0,2,2,2,2,1,2,3,2,1,1,2,2,1,2,2,4,1,1,1,1,1,1,0,1,1,1,0,0,1,0,1,0,0,0,0,1,1,1,1,1,1,2,,1,9.0,1,2.0,1,2.0,1,2.0,1,9.0,1,1,1,1,1,1,3,1,1,1,1,2,3,1,1,1,2,1,1,2,2,2,2,2,2,2,2,5000.0,3,3,3,3,2,3,3,2,2,3,2,2,3,3,3,3,1,3,2,,,,,1,3.0,1.0,2.0,2.0,1,2.0,1.0,2.0,2.0,1,1.0,2.0,1.0,1.0,2,,,,1,4.0,1.0,2.0,2,,,,1,2.0,9.0,2.0,1,2.0,9.0,3.0,2,,,,2,,,,,,,,,2.0,1.0,2.0,1.0,2.0,2.0,1.0,2.0,1.0,2.0,2.0,1.0,2.0,1.0,2.0,,,,,,2.0,2.0,2.0,1.0,2.0,,,,,,2.0,1.0,2.0,1.0,2.0,2.0,2.0,2.0,1.0,2.0,,,,,,,,,,3,777,1553,777.0,1553.0,U,3,280,6384,True,"Robo vehículo, Robo accesorios vehículo, Extorsión",Mujer
38851,1404182.01,1404182.01.01,1404182.01.01.02,1404182,1,1,A,2,2,26,2.0,14,JALISCO,39,GUADALAJARA,3,0,0,0,0,0,0,1,1,0,1,0,0,0,0,2,2,2,1,3,2,3,2,2,2,2,2,2,2,2,3,0,0,0,0,0,0,0,1,0,1,0,1,0,0,0,0,0,0,0,1,2,1,4,4,1,1,2.0,2,,1,2.0,2,,1,2.0,2,,1,2,2,2,2,1,3,1,2,3,2,2,3,2,2,2,2,2,2,2,2,2,2,2,2,2,2,,3,1,3,1,2,3,2,2,1,3,2,2,2,2,3,5,1,5,2,,,,,2,,,,,1,3.0,1.0,3.0,1.0,1,1.0,2.0,1.0,1.0,2,,,,1,2.0,2.0,3.0,2,,,,1,1.0,2.0,1.0,2,,,,2,,,,2,,,,,,,,,,,,,,2.0,1.0,2.0,2.0,2.0,2.0,1.0,2.0,2.0,2.0,,,,,,2.0,2.0,2.0,1.0,2.0,,,,,,2.0,1.0,2.0,2.0,2.0,,,,,,,,,,,,,,,3,897,4483,897.0,4483.0,U,3,280,6370,True,"Fraude bancario, Extorsión, Lesiones",Mujer
38852,1404182.02,1404182.02.01,1404182.02.01.03,1404182,2,1,B,3,1,41,2.0,14,JALISCO,39,GUADALAJARA,3,0,0,0,1,0,0,0,0,1,0,1,0,0,0,1,1,1,1,1,1,3,1,1,1,1,3,3,1,2,2,1,0,1,0,0,1,1,1,1,1,1,0,0,0,0,0,1,0,0,1,1,2,1,1,1,1,1.0,1,1.0,1,1.0,2,,1,2.0,2,,2,3,2,3,3,2,3,2,2,3,2,2,2,2,2,2,2,2,2,2,2,1,2,2,2,2,2,0.0,3,1,3,3,2,3,1,3,1,1,2,1,3,3,1,1,1,1,1,1.0,2.0,2.0,1.0,1,4.0,1.0,2.0,1.0,1,1.0,2.0,1.0,1.0,1,1.0,2.0,1.0,1.0,1,1.0,2.0,1.0,1,3.0,1.0,2.0,1,1.0,2.0,1.0,1,1.0,2.0,1.0,2,,,,1,1.0,2.0,1.0,2,,,,1.0,1.0,2.0,2.0,2.0,1.0,1.0,2.0,2.0,2.0,1.0,1.0,2.0,2.0,2.0,1.0,1.0,2.0,1.0,2.0,2.0,1.0,2.0,1.0,2.0,2.0,2.0,2.0,1.0,2.0,2.0,2.0,2.0,1.0,2.0,2.0,1.0,2.0,2.0,2.0,,,,,,2.0,1.0,2.0,1.0,2.0,,,,,2,897,3586,897.0,3586.0,U,3,280,6370,True,"Robo en transporte público, Delito sexual, Amenazas",Hombre
38853,1404182.03,1404182.03.01,1404182.03.01.01,1404182,3,1,B,1,2,82,2.0,14,JALISCO,39,GUADALAJARA,3,0,0,0,1,0,0,0,0,0,1,1,0,0,0,2,2,2,2,3,2,3,3,3,3,3,3,2,2,3,5,0,1,1,0,0,0,0,1,1,1,1,0,1,0,1,0,0,0,0,1,1,1,3,3,1,2,,1,1.0,1,1.0,2,,1,1.0,9,,3,3,2,2,3,2,3,3,3,3,2,3,3,3,2,2,2,2,2,2,2,1,2,2,2,2,2,0.0,2,3,1,2,2,3,3,3,3,3,2,2,3,3,2,5,1,1,2,,,,,2,,,,,2,,,,,1,1.0,2.0,1.0,1.0,2,,,,2,,,,2,,,,1,1.0,2.0,1.0,2,,,,1,1.0,2.0,1.0,2,,,,,,,,,,,,,,,,,,,2.0,1.0,2.0,2.0,2.0,,,,,,,,,,,,,,,,2.0,1.0,2.0,2.0,2.0,,,,,,2.0,1.0,2.0,1.0,2.0,,,,,3,897,2690,897.0,2690.0,U,3,280,6370,True,"Robo en transporte público, Lesiones, Amenazas",Mujer
38854,1404248.01,1404248.01.01,1404248.01.01.02,1404248,1,1,B,2,2,24,2.0,14,JALISCO,39,GUADALAJARA,1,0,0,0,0,1,0,0,0,1,1,0,0,0,0,2,2,2,2,2,2,3,1,1,2,2,2,2,2,1,4,1,1,1,1,1,1,0,1,1,1,1,0,1,1,1,1,1,0,0,1,1,1,3,3,3,2,,1,2.0,1,1.0,2,,1,2.0,9,,1,1,1,1,1,1,3,2,1,1,2,2,2,2,2,2,2,2,2,2,2,2,2,2,2,2,2,,3,3,3,3,3,3,3,3,3,3,3,3,3,3,3,2,2,2,2,,,,,2,,,,,2,,,,,2,,,,,2,,,,2,,,,2,,,,2,,,,2,,,,2,,,,2,,,,,,,,,,,,,,,,,,,,,,,,,,,,,,,,,,,,,,,,,,,,,,,,,,,,,,,,,,4,891,1783,891.0,1783.0,U,3,280,6372,True,"Robo en calle, Delito sexual, Lesiones",Mujer
38855,1404248.02,1404248.02.01,1404248.02.01.01,1404248,2,1,B,1,2,65,2.0,14,JALISCO,39,GUADALAJARA,3,0,0,0,1,1,0,0,0,1,0,0,0,0,0,2,2,2,2,2,2,2,2,2,2,2,2,2,2,2,3,0,0,1,0,1,0,0,0,0,0,0,0,0,0,0,0,0,0,0,1,1,1,3,3,3,2,,1,2.0,2,,2,,2,,2,,1,3,2,1,1,1,3,3,1,1,2,2,3,1,1,2,2,2,2,2,2,2,2,2,2,2,2,,3,3,3,3,3,3,3,3,3,3,3,3,3,3,1,1,1,1,2,,,,,2,,,,,2,,,,,2,,,,,2,,,,2,,,,2,,,,2,,,,2,,,,2,,,,2,,,,,,,,,,,,,,,,,,,,,,,,,,,,,,,,,,,,,,,,,,,,,,,,,,,,,,,,,,3,891,891,891.0,891.0,U,3,280,6372,True,"Robo en transporte público, Robo en calle, Delito sexual",Mujer
38856,1404248.03,1404248.03.01,1404248.03.01.02,1404248,3,1,B,2,2,27,2.0,14,JALISCO,39,GUADALAJARA,3,0,0,1,0,1,0,0,0,0,0,1,0,0,0,2,2,2,1,1,2,3,2,2,2,2,2,1,1,2,4,0,0,0,0,0,0,0,1,1,0,0,0,0,0,1,0,0,0,0,1,1,1,3,4,4,2,,1,2.0,1,2.0,2,,1,2.0,1,2.0,1,3,1,1,1,1,3,3,1,1,1,1,3,1,1,2,2,2,2,2,2,2,2,2,2,2,2,,2,2,2,3,3,3,3,3,3,3,3,3,3,3,9,1,1,1,1,4.0,1.0,4.0,2.0,2,,,,,1,4.0,1.0,4.0,2.0,2,,,,,2,,,,1,2.0,1.0,4.0,1,3.0,1.0,4.0,2,,,,2,,,,2,,,,2,,,,2.0,1.0,1.0,1.0,2.0,,,,,,2.0,1.0,1.0,1.0,2.0,,,,,,,,,,,2.0,1.0,1.0,1.0,2.0,1.0,2.0,1.0,1.0,2.0,,,,,,,,,,,,,,,,,,,,4,891,1783,891.0,1783.0,U,3,280,6372,True,"Robo en vivienda, Robo en calle, Amenazas",Mujer
38857,1404248.04,1404248.04.01,1404248.04.01.01,1404248,4,1,A,1,2,23,2.0,14,JALISCO,39,GUADALAJARA,2,0,0,0,1,1,0,1,0,0,0,0,0,0,0,1,2,2,1,3,1,1,1,1,9,9,3,2,2,1,3,0,0,0,0,0,0,0,0,0,0,0,0,0,0,0,0,0,1,0,1,1,1,2,3,3,2,,1,2.0,2,,2,,2,,2,,1,3,1,1,1,1,2,2,2,3,2,2,3,2,2,2,2,2,2,2,2,2,2,2,2,2,2,,2,3,2,2,3,3,3,3,2,3,3,3,3,3,3,2,1,1,1,2.0,9.0,9.0,2.0,1,2.0,1.0,3.0,9.0,1,3.0,1.0,3.0,9.0,1,2.0,9.0,2.0,9.0,2,,,,1,3.0,1.0,3.0,1,3.0,9.0,2.0,1,2.0,1.0,2.0,1,3.0,9.0,2.0,1,2.0,9.0,2.0,2,,,,2.0,2.0,1.0,1.0,2.0,2.0,2.0,1.0,1.0,2.0,2.0,2.0,1.0,1.0,2.0,2.0,1.0,1.0,1.0,2.0,,,,,,2.0,2.0,1.0,1.0,2.0,2.0,2.0,1.0,1.0,2.0,2.0,2.0,1.0,1.0,2.0,2.0,2.0,2.0,1.0,2.0,2.0,2.0,1.0,2.0,2.0,,,,,2,891,891,891.0,891.0,U,3,280,6372,True,"Robo en transporte público, Robo en calle, Fraude bancario",Mujer
38858,1404248.05,1404248.05.01,1404248.05.01.01,1404248,5,1,B,1,1,44,2.0,14,JALISCO,39,GUADALAJARA,3,0,0,1,0,1,0,0,0,1,0,0,0,0,0,2,2,2,1,2,2,3,1,1,2,2,2,2,2,2,3,0,0,0,0,0,0,1,1,1,0,0,0,0,1,0,0,0,0,0,2,2,2,9,3,1,2,,1,2.0,2,,2,,2,,2,,1,3,2,1,1,1,3,2,2,1,2,1,3,2,1,2,2,2,2,2,2,2,2,2,2,2,2,,1,2,2,2,2,3,3,3,3,3,3,3,3,3,1,3,2,1,2,,,,,2,,,,,2,,,,,1,2.0,1.0,2.0,2.0,2,,,,2,,,,2,,,,1,2.0,2.0,4.0,2,,,,2,,,,2,,,,,,,,,,,,,,,,,,,2.0,1.0,2.0,2.0,2.0,,,,,,,,,,,,,,,,2.0,1.0,2.0,2.0,2.0,,,,,,,,,,,,,,,3,891,1783,891.0,1783.0,U,3,280,6372,True,"Robo en vivienda, Robo en calle, Delito sexual",Hombre
38859,1404258.01,1404258.01.01,1404258.01.01.01,1404258,1,1,B,1,1,36,2.0,14,JALISCO,39,GUADALAJARA,3,0,0,0,1,1,0,0,0,0,1,0,0,0,0,2,2,2,1,1,2,3,2,2,2,2,2,2,2,2,3,0,0,0,0,0,0,0,1,1,0,1,0,0,0,0,0,0,0,0,1,1,1,1,1,1,2,,2,,2,,2,,2,,2,,1,1,1,1,1,1,3,3,2,2,2,2,2,2,2,2,2,2,2,2,2,2,2,2,2,2,2,,3,3,3,3,3,2,2,2,2,2,3,3,3,3,1,1,1,1,2,,,,,2,,,,,1,1.0,2.0,2.0,2.0,2,,,,,2,,,,2,,,,2,,,,2,,,,2,,,,2,,,,2,,,,,,,,,,,,,,2.0,1.0,1.0,1.0,2.0,,,,,,,,,,,,,,,,,,,,,,,,,,,,,,,,,,,,,,,,3,713,1426,713.0,1426.0,U,3,280,6387,True,"Robo en transporte público, Robo en calle, Lesiones",Hombre
38860,1404258.02,1404258.02.01,1404258.02.01.01,1404258,2,1,B,1,2,52,2.0,14,JALISCO,39,GUADALAJARA,3,0,0,0,0,1,0,0,0,1,1,0,0,0,0,2,2,2,1,2,2,3,2,2,2,2,2,2,2,2,4,0,0,0,0,0,0,0,0,1,1,0,0,0,0,0,0,0,0,0,1,1,1,3,3,3,2,,2,,1,2.0,2,,1,2.0,2,,1,1,2,1,1,2,3,3,2,2,2,2,3,2,2,2,2,2,2,2,2,2,2,2,2,2,2,,3,1,2,2,1,3,3,3,3,2,3,3,3,3,3,4,1,1,1,4.0,1.0,4.0,2.0,1,4.0,1.0,4.0,2.0,1,4.0,1.0,4.0,2.0,1,4.0,2.0,4.0,1.0,2,,,,2,,,,2,,,,1,2.0,2.0,3.0,2,,,,2,,,,2,,,,2.0,1.0,2.0,2.0,2.0,2.0,1.0,2.0,2.0,2.0,2.0,1.0,2.0,2.0,2.0,2.0,1.0,2.0,2.0,2.0,,,,,,,,,,,,,,,,2.0,1.0,2.0,2.0,2.0,,,,,,,,,,,,,,,4,713,2139,713.0,2139.0,U,3,280,6387,True,"Robo en calle, Delito sexual, Lesiones",Mujer
38861,1404258.03,1404258.03.01,1404258.03.01.01,1404258,3,1,B,1,2,75,2.0,14,JALISCO,39,GUADALAJARA,3,0,0,1,0,0,0,0,0,1,1,0,0,0,0,1,1,1,1,3,2,3,1,1,9,9,9,2,2,2,9,0,0,0,0,0,0,0,1,0,0,0,0,0,0,0,0,0,0,0,2,2,2,3,3,3,2,,1,2.0,2,,2,,1,2.0,9,,2,3,2,2,2,2,3,3,2,2,2,2,3,2,2,2,2,2,2,2,2,2,2,2,2,2,2,,3,3,3,3,3,3,3,3,3,3,2,2,2,2,3,5,1,1,2,,,,,2,,,,,2,,,,,2,,,,,2,,,,2,,,,2,,,,2,,,,2,,,,2,,,,2,,,,,,,,,,,,,,,,,,,,,,,,,,,,,,,,,,,,,,,,,,,,,,,,,,,,,,,,,,9,713,2852,713.0,2852.0,U,3,280,6387,True,"Robo en vivienda, Delito sexual, Lesiones",Mujer
38862,1404284.01,1404284.01.01,1404284.01.01.01,1404284,1,1,B,1,2,72,2.0,14,JALISCO,39,GUADALAJARA,3,0,0,0,1,1,0,0,0,0,1,0,0,0,0,1,2,2,1,3,2,3,3,2,2,3,2,3,2,2,3,1,0,0,0,0,0,0,0,0,0,0,0,0,0,0,0,0,0,0,1,1,2,2,9,4,1,2.0,2,,2,,2,,2,,9,,3,2,2,2,2,2,3,3,2,3,2,3,3,2,1,1,2,2,2,2,2,2,2,2,2,2,2,,2,3,2,2,2,3,3,3,3,3,2,2,2,2,2,5,1,5,1,9.0,9.0,9.0,9.0,1,2.0,9.0,9.0,1.0,1,9.0,9.0,9.0,1.0,1,2.0,2.0,9.0,1.0,2,,,,2,,,,2,,,,1,2.0,2.0,2.0,2,,,,2,,,,2,,,,2.0,1.0,2.0,2.0,2.0,2.0,1.0,2.0,2.0,2.0,2.0,1.0,2.0,2.0,2.0,2.0,1.0,2.0,2.0,2.0,,,,,,,,,,,,,,,,2.0,1.0,2.0,2.0,2.0,,,,,,,,,,,,,,,9,855,855,855.0,855.0,U,1,278,6198,True,"Robo en transporte público, Robo en calle, Lesiones",Mujer
38863,1404284.02,1404284.02.01,1404284.02.01.01,1404284,2,1,B,1,1,67,2.0,14,JALISCO,39,GUADALAJARA,3,0,0,0,0,1,0,0,0,0,1,1,0,0,0,2,2,2,1,3,2,3,2,1,1,1,1,1,1,1,2,1,1,1,0,0,0,1,1,1,1,1,0,0,1,1,0,1,0,0,2,2,2,3,3,9,1,2.0,2,,1,2.0,1,2.0,1,2.0,9,,2,3,2,2,2,2,3,3,2,3,2,2,3,2,2,2,2,2,2,2,2,2,2,2,2,2,2,,1,3,1,1,3,3,3,3,3,3,2,2,3,3,4,5,1,3,1,4.0,1.0,4.0,2.0,1,4.0,1.0,4.0,2.0,1,4.0,1.0,4.0,2.0,1,3.0,1.0,3.0,9.0,1,4.0,1.0,4.0,1,4.0,1.0,3.0,1,3.0,1.0,3.0,1,3.0,1.0,2.0,2,,,,1,2.0,1.0,2.0,1,4.0,1.0,3.0,2.0,1.0,2.0,2.0,2.0,2.0,1.0,2.0,2.0,2.0,2.0,1.0,2.0,2.0,2.0,1.0,1.0,2.0,2.0,2.0,2.0,1.0,2.0,2.0,2.0,1.0,2.0,2.0,2.0,2.0,2.0,2.0,2.0,1.0,2.0,2.0,1.0,2.0,2.0,2.0,,,,,,2.0,1.0,2.0,1.0,2.0,1.0,1.0,1.0,2.0,4,855,1709,855.0,1709.0,U,1,278,6198,True,"Robo en calle, Lesiones, Amenazas",Hombre
38864,1404284.03,1404284.03.01,1404284.03.01.01,1404284,3,1,B,1,2,51,2.0,14,JALISCO,39,GUADALAJARA,3,0,0,0,1,1,1,0,0,0,0,0,0,0,0,2,2,2,2,2,2,3,1,3,3,3,2,1,2,3,3,1,0,1,0,1,0,0,1,0,0,0,0,0,0,0,0,0,0,0,2,2,2,3,3,3,2,,2,,2,,2,,2,,9,,2,3,2,2,2,2,3,3,2,3,2,3,3,3,2,2,2,2,2,2,2,2,2,2,2,2,2,,2,3,3,2,2,3,3,2,2,2,2,2,2,2,1,5,1,2,1,3.0,9.0,2.0,9.0,1,2.0,2.0,3.0,9.0,2,,,,,1,2.0,2.0,2.0,9.0,2,,,,2,,,,2,,,,1,2.0,2.0,2.0,2,,,,2,,,,2,,,,2.0,1.0,2.0,2.0,2.0,2.0,1.0,2.0,2.0,2.0,,,,,,2.0,1.0,2.0,2.0,2.0,,,,,,,,,,,,,,,,2.0,1.0,2.0,2.0,2.0,,,,,,,,,,,,,,,4,855,855,855.0,855.0,U,1,278,6198,True,"Robo en transporte público, Robo en calle, Secuestro",Mujer
38865,1404285.01,1404285.01.01,1404285.01.01.01,1404285,1,1,B,1,1,56,2.0,14,JALISCO,39,GUADALAJARA,3,0,0,0,1,1,0,0,0,0,1,0,0,0,0,1,1,2,1,1,2,3,1,3,3,3,1,2,2,3,5,1,1,0,0,0,0,1,1,1,1,0,0,0,0,0,0,0,0,0,1,9,9,3,3,3,2,,2,,1,2.0,2,,1,2.0,9,,2,3,2,3,2,2,3,3,2,3,2,3,3,3,2,3,2,2,2,2,2,2,2,2,2,2,2,,2,3,3,3,2,3,3,3,3,3,3,3,2,2,2,5,2,5,1,2.0,2.0,2.0,1.0,1,2.0,2.0,2.0,1.0,1,2.0,2.0,3.0,9.0,2,,,,,2,,,,1,2.0,1.0,3.0,2,,,,1,1.0,2.0,1.0,2,,,,2,,,,2,,,,2.0,1.0,2.0,2.0,2.0,2.0,1.0,2.0,2.0,2.0,2.0,1.0,2.0,2.0,2.0,,,,,,,,,,,1.0,2.0,2.0,2.0,2.0,,,,,,2.0,1.0,2.0,2.0,2.0,,,,,,,,,,,,,,,3,1029,1029,1029.0,1029.0,U,2,279,6225,True,"Robo en transporte público, Robo en calle, Lesiones",Hombre
38866,1404285.02,1404285.02.01,1404285.02.01.04,1404285,2,1,A,4,2,23,2.0,14,JALISCO,39,GUADALAJARA,3,0,0,0,0,1,0,0,1,0,0,1,0,0,0,2,2,2,1,1,2,3,1,1,1,2,2,1,2,2,4,1,1,1,0,1,1,1,1,1,1,0,0,0,0,1,0,1,0,0,1,1,1,3,3,3,1,1.0,2,,1,1.0,1,2.0,1,2.0,1,2.0,2,3,2,2,2,2,3,2,2,3,2,2,2,2,2,2,2,2,2,2,2,2,2,2,2,2,2,,1,3,3,3,3,3,3,2,2,3,3,3,3,3,4,1,1,1,1,2.0,2.0,3.0,1.0,1,2.0,2.0,3.0,1.0,2,,,,,1,1.0,2.0,2.0,1.0,2,,,,2,,,,2,,,,1,2.0,2.0,2.0,1,2.0,2.0,2.0,1,2.0,2.0,2.0,1,2.0,2.0,2.0,2.0,1.0,2.0,2.0,2.0,2.0,1.0,2.0,2.0,2.0,,,,,,2.0,1.0,2.0,2.0,2.0,,,,,,,,,,,,,,,,2.0,1.0,2.0,2.0,2.0,2.0,1.0,2.0,1.0,2.0,2.0,1.0,2.0,1.0,2.0,2.0,2.0,1.0,2.0,4,1029,4116,1029.0,4116.0,U,2,279,6225,True,"Robo en calle, Extorsión, Amenazas",Mujer
38867,1404285.03,1404285.03.01,1404285.03.01.01,1404285,3,1,B,1,1,54,2.0,14,JALISCO,39,GUADALAJARA,3,1,0,0,0,0,0,0,0,1,1,0,0,0,0,1,1,2,1,1,2,3,1,1,1,1,2,2,1,1,3,1,0,0,0,0,1,0,1,1,1,0,0,0,0,0,0,0,0,0,1,1,1,1,3,1,2,,2,,1,2.0,2,,1,2.0,2,,1,2,2,2,2,2,3,2,2,3,2,2,3,2,2,2,2,2,2,2,2,2,2,2,2,2,2,,1,1,1,2,2,3,3,3,3,1,2,2,3,3,1,2,1,2,1,3.0,1.0,2.0,2.0,1,3.0,1.0,3.0,1.0,1,3.0,1.0,3.0,2.0,1,2.0,2.0,2.0,1.0,2,,,,2,,,,2,,,,1,1.0,2.0,2.0,2,,,,1,1.0,2.0,1.0,1,4.0,1.0,4.0,1.0,1.0,2.0,2.0,2.0,2.0,1.0,2.0,2.0,2.0,2.0,1.0,2.0,2.0,2.0,2.0,1.0,2.0,2.0,2.0,,,,,,,,,,,,,,,,2.0,1.0,2.0,2.0,2.0,,,,,,2.0,2.0,2.0,1.0,2.0,1.0,2.0,1.0,2.0,4,1029,3087,1029.0,3087.0,U,2,279,6225,True,"Robo vehículo, Delito sexual, Lesiones",Hombre
38868,1404285.04,1404285.04.01,1404285.04.01.01,1404285,4,1,B,1,2,50,2.0,14,JALISCO,39,GUADALAJARA,3,0,1,0,1,0,0,1,0,0,0,0,0,0,0,1,2,2,1,1,2,3,1,1,2,2,1,1,1,1,5,0,1,0,0,0,0,1,1,1,0,0,0,0,0,1,0,1,0,0,1,1,1,1,3,3,1,2.0,1,2.0,1,2.0,2,,1,2.0,9,,2,2,2,2,2,2,3,2,2,3,2,2,3,2,2,1,2,2,2,2,2,2,2,2,2,2,2,,3,3,3,2,2,3,3,2,3,3,2,2,2,2,3,3,2,3,1,3.0,1.0,3.0,2.0,1,3.0,1.0,3.0,2.0,2,,,,,1,2.0,2.0,2.0,1.0,2,,,,2,,,,2,,,,1,2.0,9.0,2.0,2,,,,2,,,,2,,,,2.0,1.0,2.0,2.0,2.0,2.0,1.0,2.0,2.0,2.0,,,,,,2.0,1.0,2.0,2.0,2.0,,,,,,,,,,,,,,,,2.0,1.0,2.0,1.0,2.0,,,,,,,,,,,,,,,3,1029,6173,1029.0,6173.0,U,2,279,6225,True,"Robo accesorios vehículo, Robo en transporte público, Fraude bancario",Mujer
38869,1404309.01,1404309.01.01,1404309.01.01.01,1404309,1,1,A,1,2,62,2.0,14,JALISCO,39,GUADALAJARA,3,0,1,0,0,1,0,0,0,0,0,1,0,0,0,2,2,2,2,2,2,3,2,2,2,2,2,2,2,3,4,1,1,0,0,1,0,0,1,1,0,0,0,0,1,0,0,0,0,0,2,2,2,1,3,1,2,,2,,1,1.0,2,,1,1.0,9,,1,3,2,3,2,2,3,3,2,3,2,1,3,2,2,2,2,1,2,2,2,1,2,2,2,2,2,3000.0,1,1,1,2,2,3,1,1,3,1,2,2,2,2,1,3,1,5,1,3.0,1.0,3.0,2.0,1,2.0,1.0,3.0,1.0,2,,,,,1,2.0,2.0,1.0,1.0,2,,,,1,2.0,1.0,3.0,2,,,,1,1.0,2.0,1.0,2,,,,2,,,,2,,,,2.0,1.0,2.0,2.0,2.0,2.0,1.0,2.0,2.0,2.0,,,,,,2.0,1.0,2.0,2.0,2.0,,,,,,1.0,2.0,2.0,2.0,2.0,,,,,,2.0,1.0,2.0,2.0,2.0,,,,,,,,,,,,,,,4,848,848,848.0,848.0,U,2,279,6271,True,"Robo accesorios vehículo, Robo en calle, Amenazas",Mujer
38870,1404309.04,1404309.04.01,1404309.04.01.01,1404309,4,1,B,1,1,63,2.0,14,JALISCO,39,GUADALAJARA,3,0,1,0,0,1,0,0,0,0,1,0,0,0,0,2,2,2,1,3,2,3,1,1,3,3,3,1,3,3,3,1,1,0,0,1,0,0,1,1,0,0,1,0,0,0,0,0,0,0,1,1,2,3,3,1,2,,2,,1,1.0,2,,1,1.0,9,,2,2,2,2,2,2,3,3,2,3,2,3,3,2,2,2,2,2,2,2,2,1,2,2,2,2,2,0.0,2,1,3,3,2,3,3,2,1,1,2,2,2,2,3,5,1,1,1,3.0,1.0,3.0,2.0,1,3.0,1.0,3.0,1.0,1,4.0,1.0,3.0,1.0,1,2.0,2.0,2.0,1.0,2,,,,2,,,,2,,,,1,1.0,2.0,1.0,2,,,,1,1.0,2.0,1.0,2,,,,2.0,1.0,2.0,2.0,2.0,2.0,1.0,2.0,2.0,2.0,2.0,1.0,2.0,2.0,2.0,2.0,1.0,2.0,2.0,2.0,,,,,,,,,,,,,,,,2.0,1.0,2.0,2.0,2.0,,,,,,2.0,1.0,2.0,2.0,2.0,,,,,4,848,2543,848.0,2543.0,U,2,279,6271,True,"Robo accesorios vehículo, Robo en calle, Lesiones",Hombre
38871,1404309.05,1404309.05.01,1404309.05.01.01,1404309,5,1,B,1,2,71,2.0,14,JALISCO,39,GUADALAJARA,3,0,0,0,1,1,0,1,0,0,0,0,0,0,0,2,2,2,1,1,2,3,1,3,3,1,1,1,3,3,3,1,0,0,0,0,0,0,1,1,0,0,0,0,0,0,0,0,0,0,1,2,2,1,3,9,1,1.0,2,,2,,2,,1,1.0,9,,2,2,2,3,2,2,3,3,2,3,2,2,3,3,3,2,2,2,2,2,2,1,2,2,2,2,2,0.0,2,3,1,2,2,3,3,3,3,3,2,2,2,2,1,1,1,5,1,2.0,1.0,2.0,9.0,1,2.0,1.0,2.0,1.0,2,,,,,2,,,,,2,,,,2,,,,2,,,,1,2.0,2.0,1.0,2,,,,2,,,,2,,,,2.0,1.0,2.0,2.0,2.0,2.0,1.0,2.0,2.0,2.0,,,,,,,,,,,,,,,,,,,,,,,,,,2.0,1.0,2.0,2.0,2.0,,,,,,,,,,,,,,,3,848,1695,848.0,1695.0,U,2,279,6271,True,"Robo en transporte público, Robo en calle, Fraude bancario",Mujer
38872,1404323.01,1404323.01.01,1404323.01.01.04,1404323,1,1,B,4,2,76,2.0,14,JALISCO,39,GUADALAJARA,2,0,0,1,0,1,0,0,1,0,0,0,0,0,0,1,2,2,1,3,2,3,1,1,2,2,3,2,2,2,3,0,0,0,0,0,0,0,0,0,0,0,0,0,0,0,0,0,1,0,3,3,3,2,3,3,2,,2,,2,,2,,2,,2,,2,3,2,2,3,2,3,2,2,2,1,2,2,2,2,2,2,2,2,2,2,2,2,2,2,2,2,,2,1,2,2,2,2,2,2,2,2,2,2,2,2,1,5,1,1,2,,,,,1,2.0,2.0,2.0,1.0,1,2.0,2.0,2.0,1.0,1,2.0,2.0,2.0,1.0,2,,,,2,,,,2,,,,2,,,,2,,,,2,,,,2,,,,,,,,,2.0,2.0,1.0,2.0,2.0,2.0,1.0,2.0,2.0,2.0,2.0,1.0,2.0,2.0,2.0,,,,,,,,,,,,,,,,,,,,,,,,,,,,,,,,,,,2,978,3914,978.0,3914.0,U,3,280,6331,True,"Robo en vivienda, Robo en calle, Extorsión",Mujer
38873,1404323.02,1404323.02.01,1404323.02.01.01,1404323,2,1,A,1,2,36,2.0,14,JALISCO,39,GUADALAJARA,2,1,0,0,0,1,0,0,1,0,0,0,0,0,0,1,2,2,1,1,2,3,1,1,2,2,2,2,2,2,2,1,1,1,1,1,0,1,1,1,1,0,1,0,0,0,0,1,0,0,1,1,1,3,3,3,1,1.0,1,1.0,1,1.0,2,,1,9.0,1,2.0,2,2,2,2,2,2,2,2,2,2,2,2,2,2,2,2,2,2,2,2,2,2,2,2,2,2,2,,1,1,2,2,1,3,3,3,3,3,3,3,3,3,3,1,1,1,1,4.0,1.0,4.0,2.0,2,,,,,1,3.0,1.0,3.0,1.0,1,3.0,9.0,3.0,2.0,2,,,,2,,,,2,,,,2,,,,2,,,,2,,,,2,,,,2.0,1.0,2.0,2.0,2.0,,,,,,2.0,1.0,2.0,2.0,2.0,2.0,2.0,2.0,1.0,2.0,,,,,,,,,,,,,,,,,,,,,,,,,,,,,,,,,,,4,978,1957,978.0,1957.0,U,3,280,6331,True,"Robo vehículo, Robo en calle, Extorsión",Mujer
38874,1404323.03,1404323.03.01,1404323.03.01.06,1404323,3,1,B,6,2,25,2.0,14,JALISCO,39,GUADALAJARA,3,0,0,0,1,0,0,1,0,0,1,0,0,0,0,2,2,2,1,1,3,2,2,1,1,2,2,1,2,2,4,0,0,0,0,0,0,0,1,0,1,1,0,0,0,0,0,1,0,0,1,2,1,3,4,4,2,,1,2.0,2,,2,,2,,1,2.0,1,3,2,2,2,1,3,2,2,1,1,2,3,1,1,2,2,2,2,2,2,2,2,2,2,2,2,,3,1,3,3,3,3,1,3,3,1,2,2,2,2,4,2,1,1,1,4.0,1.0,3.0,2.0,2,,,,,2,,,,,1,3.0,9.0,2.0,1.0,2,,,,2,,,,2,,,,1,3.0,9.0,2.0,2,,,,1,3.0,2.0,2.0,2,,,,2.0,1.0,2.0,2.0,2.0,,,,,,,,,,,2.0,2.0,2.0,1.0,2.0,,,,,,,,,,,,,,,,2.0,2.0,2.0,1.0,2.0,,,,,,2.0,2.0,2.0,1.0,2.0,,,,,2,978,3914,978.0,3914.0,U,3,280,6331,True,"Robo en transporte público, Fraude bancario, Lesiones",Mujer
38875,1404323.05,1404323.05.01,1404323.05.01.01,1404323,5,1,A,1,1,43,2.0,14,JALISCO,39,GUADALAJARA,3,1,0,0,0,0,0,0,0,1,0,0,0,0,0,1,1,2,1,1,1,3,1,1,1,1,1,1,3,1,2,0,0,0,0,0,1,0,0,1,0,0,0,0,0,1,0,0,0,0,2,2,2,3,3,3,1,2.0,1,1.0,2,,2,,1,1.0,2,,2,1,2,2,2,1,3,2,2,1,2,1,1,2,1,1,2,2,2,2,2,2,2,2,2,2,2,,3,3,3,3,3,3,3,3,3,3,3,3,3,3,1,4,1,1,2,,,,,2,,,,,1,4.0,1.0,3.0,1.0,1,4.0,2.0,3.0,2.0,2,,,,2,,,,2,,,,1,3.0,2.0,3.0,2,,,,2,,,,2,,,,,,,,,,,,,,2.0,1.0,2.0,2.0,2.0,2.0,1.0,2.0,2.0,2.0,,,,,,,,,,,,,,,,2.0,1.0,2.0,2.0,2.0,,,,,,,,,,,,,,,4,978,1957,978.0,1957.0,U,3,280,6331,True,"Robo vehículo, Delito sexual",Hombre
38876,1404355.01,1404355.01.01,1404355.01.01.02,1404355,1,1,A,2,2,79,2.0,14,JALISCO,39,GUADALAJARA,3,0,1,0,1,1,0,0,0,0,0,0,0,0,0,1,2,2,2,3,2,3,3,1,2,2,3,1,1,3,5,0,1,0,0,0,0,0,0,0,0,0,0,0,0,0,0,0,0,0,1,2,2,1,1,1,2,,2,,2,,2,,2,,2,,3,2,2,2,3,1,3,3,3,2,2,1,3,2,2,2,2,1,2,2,2,2,2,2,2,2,2,400.0,1,1,3,1,2,3,3,2,1,1,2,2,1,3,1,5,1,5,2,,,,,1,2.0,2.0,3.0,2.0,2,,,,,1,2.0,2.0,1.0,2.0,2,,,,2,,,,2,,,,1,2.0,2.0,2.0,1,2.0,2.0,3.0,1,2.0,2.0,1.0,1,2.0,2.0,3.0,,,,,,1.0,2.0,2.0,1.0,2.0,,,,,,1.0,1.0,2.0,1.0,2.0,,,,,,,,,,,,,,,,2.0,2.0,2.0,1.0,2.0,2.0,1.0,2.0,1.0,2.0,2.0,2.0,2.0,1.0,2.0,2.0,2.0,1.0,2.0,4,1164,2328,1164.0,2328.0,U,4,281,6404,True,"Robo accesorios vehículo, Robo en transporte público, Robo en calle",Mujer
38877,1404355.03,1404355.03.01,1404355.03.01.01,1404355,3,1,A,1,1,65,2.0,14,JALISCO,39,GUADALAJARA,3,1,0,0,0,0,0,0,1,1,0,0,0,0,0,2,2,2,1,1,1,3,2,2,2,2,3,2,2,2,3,1,0,0,0,0,0,0,0,1,0,0,0,0,0,0,0,0,0,0,1,1,2,1,1,1,2,,2,,2,,2,,1,2.0,2,,2,2,2,3,3,3,3,3,1,1,2,2,3,2,2,2,2,2,2,2,2,2,2,2,2,2,2,,3,3,1,2,2,2,3,3,2,1,1,1,2,3,1,5,1,5,1,4.0,1.0,2.0,1.0,1,1.0,2.0,2.0,1.0,1,1.0,2.0,1.0,1.0,1,1.0,2.0,1.0,1.0,2,,,,2,,,,2,,,,1,1.0,2.0,1.0,1,1.0,2.0,1.0,1,1.0,2.0,1.0,2,,,,1.0,1.0,2.0,1.0,2.0,2.0,1.0,2.0,1.0,2.0,2.0,1.0,2.0,1.0,2.0,2.0,1.0,2.0,1.0,2.0,,,,,,,,,,,,,,,,2.0,1.0,2.0,1.0,2.0,2.0,1.0,2.0,1.0,2.0,2.0,1.0,2.0,1.0,2.0,,,,,9,1164,2328,1164.0,2328.0,U,4,281,6404,True,"Robo vehículo, Extorsión, Delito sexual",Hombre
38878,1404355.04,1404355.04.01,1404355.04.01.01,1404355,4,1,B,1,1,87,2.0,14,JALISCO,39,GUADALAJARA,3,1,0,0,1,0,0,1,0,0,0,0,0,0,0,1,1,1,1,3,1,3,1,3,3,3,3,1,1,1,5,1,0,0,0,0,0,0,0,0,0,0,0,0,0,0,0,0,0,0,2,2,2,2,2,2,2,,1,9.0,2,,2,,2,,2,,3,2,3,3,3,3,3,3,2,3,2,3,3,3,3,3,2,2,2,2,2,2,2,2,2,2,2,,2,3,2,2,2,3,3,2,2,1,2,2,2,3,1,5,1,5,1,1.0,1.0,2.0,1.0,1,9.0,1.0,9.0,1.0,1,2.0,9.0,2.0,1.0,2,,,,,2,,,,2,,,,2,,,,1,1.0,2.0,1.0,2,,,,2,,,,2,,,,1.0,2.0,2.0,1.0,2.0,2.0,1.0,2.0,1.0,2.0,2.0,2.0,2.0,1.0,2.0,,,,,,,,,,,,,,,,,,,,,2.0,1.0,2.0,1.0,2.0,,,,,,,,,,,,,,,2,1164,1164,1164.0,1164.0,U,4,281,6404,True,"Robo vehículo, Robo en transporte público, Fraude bancario",Hombre
38879,1404355.05,1404355.05.01,1404355.05.01.01,1404355,5,1,B,1,1,45,2.0,14,JALISCO,39,GUADALAJARA,3,0,1,0,0,1,0,0,0,0,1,0,0,0,0,1,1,1,1,1,1,3,1,1,1,1,1,1,1,1,2,0,0,0,0,0,0,0,1,0,0,0,0,0,0,0,0,0,0,0,1,1,1,2,4,4,2,,2,,2,,2,,1,1.0,1,1.0,2,2,2,1,2,1,3,2,2,1,2,2,2,2,1,2,2,2,2,2,2,2,2,2,2,2,2,,2,1,2,2,2,2,1,2,2,1,2,2,2,2,2,1,1,1,1,3.0,1.0,3.0,1.0,1,2.0,1.0,3.0,1.0,1,3.0,1.0,3.0,1.0,1,2.0,2.0,1.0,1.0,2,,,,2,,,,2,,,,1,2.0,2.0,1.0,2,,,,2,,,,2,,,,1.0,1.0,1.0,1.0,2.0,1.0,1.0,1.0,1.0,2.0,2.0,1.0,1.0,1.0,2.0,2.0,1.0,1.0,1.0,2.0,,,,,,,,,,,,,,,,2.0,1.0,1.0,1.0,2.0,,,,,,,,,,,,,,,9,1164,1164,1164.0,1164.0,U,4,281,6404,True,"Robo accesorios vehículo, Robo en calle, Lesiones",Hombre
38880,1404388.01,1404388.01.01,1404388.01.01.01,1404388,1,1,A,1,1,36,2.0,14,JALISCO,39,GUADALAJARA,3,0,0,1,0,1,0,0,1,0,0,0,0,0,0,1,2,2,1,1,2,3,3,1,2,2,3,1,1,1,2,1,1,0,0,0,0,1,1,0,0,0,0,0,0,0,0,0,0,0,1,1,1,2,1,1,2,,2,,1,2.0,2,,1,2.0,3,,2,1,2,2,2,1,3,2,2,2,2,2,2,2,2,2,2,2,2,2,2,2,2,2,2,2,2,,1,2,2,2,2,3,3,3,3,3,2,2,2,3,2,2,1,1,1,3.0,1.0,3.0,1.0,2,,,,,1,3.0,1.0,2.0,1.0,1,2.0,2.0,2.0,1.0,1,2.0,1.0,2.0,1,3.0,1.0,2.0,1,2.0,9.0,2.0,1,2.0,1.0,2.0,2,,,,1,2.0,2.0,2.0,2,,,,1.0,1.0,2.0,2.0,2.0,,,,,,2.0,1.0,2.0,2.0,2.0,2.0,1.0,2.0,2.0,2.0,2.0,2.0,1.0,2.0,2.0,2.0,2.0,1.0,2.0,2.0,2.0,2.0,1.0,2.0,2.0,2.0,1.0,1.0,2.0,2.0,,,,,,2.0,1.0,1.0,2.0,2.0,,,,,3,926,1851,926.0,1851.0,U,3,280,6363,True,"Robo en vivienda, Robo en calle, Extorsión",Hombre
38881,1404388.02,1404388.02.01,1404388.02.01.02,1404388,2,1,A,2,1,80,2.0,14,JALISCO,39,GUADALAJARA,3,0,0,0,0,1,0,0,0,0,1,1,0,0,0,2,2,2,2,3,2,3,2,2,2,2,2,2,2,2,4,1,0,0,0,0,0,0,0,1,0,0,0,0,1,0,0,0,0,0,1,1,1,1,1,1,1,1.0,1,1.0,1,1.0,2,,1,1.0,2,,2,2,1,2,2,2,3,3,2,1,2,3,3,2,2,2,2,1,2,2,2,2,2,2,2,2,2,0.0,2,3,2,2,2,3,3,3,3,1,2,2,3,9,4,5,2,4,1,3.0,1.0,2.0,2.0,1,3.0,1.0,3.0,2.0,1,3.0,1.0,3.0,2.0,1,3.0,1.0,3.0,2.0,1,9.0,9.0,3.0,2,,,,1,3.0,1.0,3.0,1,2.0,2.0,2.0,2,,,,1,2.0,2.0,2.0,2,,,,2.0,1.0,2.0,1.0,2.0,2.0,1.0,2.0,1.0,2.0,2.0,1.0,2.0,1.0,2.0,2.0,1.0,2.0,1.0,2.0,2.0,2.0,2.0,1.0,2.0,,,,,,2.0,2.0,2.0,1.0,2.0,2.0,1.0,2.0,1.0,2.0,,,,,,2.0,1.0,2.0,1.0,2.0,,,,,4,926,1851,926.0,1851.0,U,3,280,6363,True,"Robo en calle, Lesiones, Amenazas",Hombre
38882,1404388.03,1404388.03.01,1404388.03.01.01,1404388,3,1,B,1,1,71,2.0,14,JALISCO,39,GUADALAJARA,3,0,0,0,1,0,0,1,0,0,1,0,0,0,0,2,2,2,1,2,2,3,1,3,2,2,3,1,1,3,3,1,0,0,0,0,0,0,1,0,0,0,0,0,1,0,0,0,0,0,1,1,2,3,4,4,2,,1,9.0,1,9.0,2,,2,,2,,2,2,2,3,3,2,3,3,3,3,2,2,3,3,2,2,2,2,2,2,2,2,2,2,2,2,2,,1,2,2,2,3,3,3,3,2,3,2,2,2,3,1,2,1,2,2,,,,,2,,,,,2,,,,,2,,,,,2,,,,2,,,,2,,,,1,2.0,2.0,2.0,2,,,,1,1.0,2.0,2.0,2,,,,,,,,,,,,,,,,,,,,,,,,,,,,,,,,,,,,,,,2.0,2.0,2.0,1.0,2.0,,,,,,2.0,2.0,2.0,1.0,2.0,,,,,4,926,1851,926.0,1851.0,U,3,280,6363,True,"Robo en transporte público, Fraude bancario, Lesiones",Hombre
38883,1404388.04,1404388.04.01,1404388.04.01.02,1404388,4,1,B,2,2,60,2.0,14,JALISCO,39,GUADALAJARA,3,0,0,0,0,0,0,1,1,0,0,1,0,0,0,1,2,2,1,3,1,3,1,1,2,2,1,1,2,1,3,0,0,0,0,0,0,0,0,1,0,1,0,1,0,0,0,0,0,0,2,2,2,2,1,9,2,,1,2.0,2,,2,,1,2.0,1,2.0,1,1,2,2,2,1,3,2,2,1,2,1,3,2,1,2,2,2,2,2,2,2,2,2,2,2,2,,1,1,1,2,1,2,3,3,3,3,3,3,1,3,2,5,1,5,1,3.0,2.0,2.0,2.0,1,2.0,9.0,2.0,1.0,2,,,,,1,1.0,2.0,2.0,1.0,2,,,,1,2.0,2.0,2.0,1,2.0,2.0,2.0,1,1.0,2.0,1.0,2,,,,2,,,,2,,,,2.0,1.0,2.0,1.0,2.0,2.0,1.0,2.0,1.0,2.0,,,,,,2.0,1.0,2.0,1.0,2.0,,,,,,2.0,2.0,2.0,1.0,2.0,2.0,2.0,2.0,1.0,2.0,2.0,1.0,2.0,1.0,2.0,,,,,,,,,,,,,,,4,926,2777,926.0,2777.0,U,3,280,6363,True,"Fraude bancario, Extorsión, Amenazas",Mujer
38884,1404388.05,1404388.05.01,1404388.05.01.03,1404388,5,1,A,3,1,18,2.0,14,JALISCO,39,GUADALAJARA,3,0,0,1,0,1,0,0,0,1,0,0,0,0,0,1,2,2,1,2,2,3,2,2,2,2,2,1,2,2,3,1,1,1,0,0,0,0,1,0,0,0,0,0,0,0,0,0,0,0,1,1,1,2,4,4,2,,2,,1,9.0,2,,1,1.0,2,,1,1,1,1,2,1,3,3,1,1,2,2,2,2,2,2,2,2,2,2,2,2,2,2,2,2,2,,2,2,2,3,3,3,3,2,1,3,3,3,3,3,1,1,1,2,1,4.0,1.0,2.0,1.0,1,4.0,1.0,2.0,1.0,1,3.0,1.0,2.0,1.0,1,4.0,1.0,2.0,1.0,2,,,,1,4.0,1.0,2.0,2,,,,1,4.0,2.0,2.0,2,,,,2,,,,2,,,,2.0,1.0,1.0,1.0,2.0,2.0,1.0,1.0,1.0,2.0,2.0,1.0,1.0,1.0,2.0,2.0,1.0,1.0,1.0,2.0,,,,,,2.0,2.0,2.0,1.0,2.0,,,,,,2.0,2.0,2.0,1.0,2.0,,,,,,,,,,,,,,,4,926,2777,926.0,2777.0,U,3,280,6363,True,"Robo en vivienda, Robo en calle, Delito sexual",Hombre
38885,1404392.01,1404392.01.01,1404392.01.01.02,1404392,1,1,B,2,2,64,2.0,14,JALISCO,39,GUADALAJARA,3,0,0,0,0,1,0,1,0,0,1,0,0,0,0,1,2,2,1,3,3,3,1,3,3,3,1,2,2,3,5,0,0,0,0,0,0,0,0,0,0,1,0,0,0,0,0,0,0,0,1,2,2,1,1,1,2,,1,2.0,3,,3,,2,,2,,3,3,1,2,2,2,3,3,1,1,1,3,3,2,2,2,2,2,2,2,2,2,2,2,2,2,2,,1,1,2,2,3,2,2,3,3,3,3,3,3,3,3,5,1,5,2,,,,,2,,,,,2,,,,,2,,,,,2,,,,2,,,,2,,,,2,,,,2,,,,2,,,,2,,,,,,,,,,,,,,,,,,,,,,,,,,,,,,,,,,,,,,,,,,,,,,,,,,,,,,,,,,3,961,1922,961.0,1922.0,U,3,280,6343,True,"Robo en calle, Fraude bancario, Lesiones",Mujer
38886,1404392.01,1404392.01.02,1404392.01.02.01,1404392,1,2,B,1,2,55,2.0,14,JALISCO,39,GUADALAJARA,3,0,0,0,1,0,0,1,0,0,0,1,0,0,0,1,2,2,1,1,1,3,2,2,2,2,2,2,2,2,4,0,0,0,0,0,0,1,0,0,0,1,0,1,1,0,0,0,0,0,1,2,1,3,3,3,2,,1,2.0,1,1.0,2,,2,,2,,1,1,2,1,2,1,3,3,3,2,2,1,3,2,1,2,2,2,2,2,2,2,2,2,2,2,2,,1,1,1,1,2,3,2,2,2,3,2,2,2,3,1,1,1,1,2,,,,,2,,,,,2,,,,,2,,,,,2,,,,2,,,,2,,,,1,1.0,9.0,2.0,2,,,,2,,,,2,,,,,,,,,,,,,,,,,,,,,,,,,,,,,,,,,,,,,,,2.0,1.0,2.0,1.0,2.0,,,,,,,,,,,,,,,3,961,961,961.0,961.0,U,3,280,6343,True,"Robo en transporte público, Fraude bancario, Amenazas",Mujer
38887,1404392.02,1404392.02.01,1404392.02.01.01,1404392,2,1,A,1,2,53,2.0,14,JALISCO,39,GUADALAJARA,3,0,0,0,0,1,0,0,1,0,0,1,0,0,0,2,2,2,1,2,2,3,1,1,2,2,3,1,1,3,2,1,1,0,0,0,0,0,1,1,1,0,1,0,0,0,0,0,0,0,1,1,1,1,1,1,2,,2,,2,,2,,1,2.0,2,,2,2,2,2,2,2,3,2,2,2,2,2,3,2,2,2,1,2,2,1,2,2,2,2,2,2,2,6000.0,1,1,1,1,2,2,2,2,1,1,1,1,1,3,1,1,1,1,1,3.0,1.0,3.0,1.0,1,2.0,1.0,2.0,1.0,1,2.0,1.0,2.0,1.0,1,2.0,1.0,2.0,1.0,1,2.0,1.0,2.0,1,2.0,1.0,2.0,1,2.0,1.0,2.0,1,1.0,1.0,1.0,2,,,,2,,,,2,,,,2.0,1.0,1.0,1.0,2.0,2.0,1.0,1.0,1.0,2.0,2.0,1.0,1.0,2.0,2.0,2.0,1.0,1.0,1.0,2.0,2.0,1.0,1.0,1.0,2.0,2.0,1.0,1.0,1.0,2.0,2.0,1.0,1.0,1.0,2.0,2.0,1.0,1.0,1.0,2.0,,,,,,,,,,,,,,,3,961,961,961.0,961.0,U,3,280,6343,True,"Robo en calle, Extorsión, Amenazas",Mujer
38888,1404392.03,1404392.03.01,1404392.03.01.02,1404392,3,1,B,2,1,52,2.0,14,JALISCO,39,GUADALAJARA,3,1,0,0,1,0,0,1,0,0,0,0,0,0,0,2,2,2,1,1,1,3,1,1,2,2,2,1,2,1,2,1,0,0,0,0,0,0,0,0,1,0,0,0,0,0,0,0,0,0,1,1,1,4,4,4,2,,1,2.0,2,,2,,1,2.0,1,2.0,2,2,2,1,2,2,3,3,2,1,2,2,2,2,1,2,1,2,2,1,2,2,2,2,2,2,2,1500.0,1,1,1,1,3,3,3,2,1,1,2,2,1,3,2,1,1,1,1,4.0,1.0,3.0,2.0,2,,,,,1,2.0,1.0,2.0,1.0,1,2.0,1.0,1.0,1.0,2,,,,2,,,,2,,,,1,2.0,2.0,2.0,1,1.0,2.0,2.0,1,1.0,2.0,1.0,1,4.0,1.0,3.0,2.0,2.0,2.0,1.0,2.0,,,,,,2.0,2.0,2.0,1.0,2.0,2.0,2.0,2.0,1.0,2.0,,,,,,,,,,,,,,,,2.0,1.0,2.0,1.0,2.0,2.0,1.0,2.0,1.0,2.0,2.0,1.0,2.0,1.0,2.0,2.0,2.0,1.0,2.0,4,961,4805,961.0,4805.0,U,3,280,6343,True,"Robo vehículo, Robo en transporte público, Fraude bancario",Hombre
38889,1404392.04,1404392.04.01,1404392.04.01.03,1404392,4,1,B,3,1,20,2.0,14,JALISCO,39,GUADALAJARA,3,0,0,0,0,1,0,1,0,0,0,1,0,0,0,1,2,2,1,1,2,3,3,1,2,2,2,1,2,2,3,1,0,0,1,0,0,0,1,1,0,0,0,0,0,0,0,1,0,0,1,2,1,2,3,3,1,9.0,2,,2,,2,,3,,2,,1,1,2,2,3,2,3,2,2,3,2,2,1,2,2,1,2,2,2,2,2,2,2,2,2,2,2,,3,1,3,3,3,1,2,3,3,3,2,2,3,3,1,1,1,1,1,4.0,1.0,3.0,2.0,1,4.0,1.0,3.0,2.0,1,4.0,1.0,4.0,2.0,1,4.0,1.0,3.0,2.0,1,4.0,2.0,4.0,1,3.0,1.0,3.0,1,3.0,1.0,3.0,1,3.0,1.0,3.0,1,3.0,1.0,3.0,1,3.0,1.0,3.0,2,,,,1.0,1.0,1.0,1.0,2.0,1.0,1.0,1.0,1.0,2.0,1.0,1.0,1.0,1.0,2.0,2.0,1.0,2.0,1.0,2.0,2.0,2.0,2.0,1.0,2.0,2.0,2.0,2.0,1.0,2.0,2.0,2.0,2.0,1.0,2.0,1.0,1.0,1.0,1.0,2.0,2.0,2.0,2.0,1.0,2.0,2.0,2.0,2.0,1.0,2.0,,,,,3,961,2883,961.0,2883.0,U,3,280,6343,True,"Robo en calle, Fraude bancario, Amenazas",Hombre
38890,1404409.01,1404409.01.01,1404409.01.01.01,1404409,1,1,B,1,1,30,2.0,14,JALISCO,39,GUADALAJARA,3,1,0,0,0,1,0,0,1,0,0,0,0,0,0,1,2,2,1,1,1,3,1,1,2,2,2,1,1,1,2,0,0,0,0,0,0,0,0,1,0,0,0,0,0,0,0,0,0,0,1,1,1,3,3,3,1,2.0,2,,2,,2,,1,2.0,2,,1,3,1,1,1,1,3,1,1,1,1,1,1,1,1,1,2,2,1,1,2,2,1,1,2,2,2,5000.0,1,1,1,3,2,1,2,2,1,1,2,2,1,2,2,1,1,1,1,4.0,1.0,2.0,1.0,1,4.0,1.0,2.0,1.0,1,4.0,2.0,2.0,1.0,1,9.0,1.0,2.0,1.0,1,9.0,9.0,2.0,2,,,,2,,,,1,2.0,1.0,2.0,1,2.0,2.0,2.0,1,2.0,2.0,2.0,2,,,,1.0,2.0,2.0,2.0,2.0,1.0,2.0,2.0,2.0,2.0,1.0,2.0,2.0,2.0,2.0,2.0,2.0,2.0,1.0,2.0,2.0,2.0,2.0,1.0,2.0,,,,,,,,,,,2.0,2.0,1.0,2.0,2.0,2.0,2.0,1.0,2.0,2.0,2.0,2.0,1.0,2.0,2.0,,,,,2,1056,1056,1056.0,1056.0,U,4,281,6447,True,"Robo vehículo, Robo en calle, Extorsión",Hombre
38891,1404409.02,1404409.02.01,1404409.02.01.02,1404409,2,1,B,2,2,70,2.0,14,JALISCO,39,GUADALAJARA,3,0,0,1,0,0,0,1,0,0,1,0,0,0,0,1,1,2,1,3,2,3,1,2,3,3,3,1,2,3,4,0,0,0,0,0,0,0,0,1,0,0,0,0,0,0,0,1,0,0,1,2,2,2,3,3,2,,1,2.0,1,2.0,2,,2,,2,,1,3,1,1,3,1,3,1,1,1,2,1,3,2,1,1,1,1,1,1,2,2,2,2,2,2,2,8000.0,1,1,2,2,3,2,2,2,2,2,2,2,2,2,4,3,1,4,2,,,,,2,,,,,2,,,,,1,3.0,2.0,3.0,1.0,2,,,,2,,,,2,,,,2,,,,2,,,,2,,,,2,,,,,,,,,,,,,,,,,,,1.0,2.0,2.0,2.0,2.0,,,,,,,,,,,,,,,,,,,,,,,,,,,,,,,,,,,4,1056,2113,1056.0,2113.0,U,4,281,6447,True,"Robo en vivienda, Fraude bancario, Lesiones",Mujer
38892,1404409.03,1404409.03.01,1404409.03.01.02,1404409,3,1,A,2,2,28,2.0,14,JALISCO,39,GUADALAJARA,3,0,0,0,1,0,0,1,0,0,1,0,0,0,0,1,2,2,1,2,2,3,1,1,2,2,3,1,2,1,4,0,1,0,0,0,0,1,0,1,0,0,0,0,0,0,0,0,0,0,1,1,1,4,4,4,2,,2,,1,1.0,2,,1,1.0,1,1.0,1,1,1,1,1,1,3,2,1,1,2,2,2,2,1,1,1,1,1,2,2,1,2,2,2,2,2,5000.0,1,3,3,3,3,3,3,3,3,2,3,3,1,2,1,1,1,1,1,3.0,1.0,1.0,1.0,1,4.0,1.0,3.0,1.0,1,4.0,1.0,3.0,1.0,1,4.0,1.0,3.0,1.0,1,2.0,1.0,2.0,1,2.0,2.0,2.0,1,2.0,2.0,2.0,1,3.0,1.0,1.0,1,3.0,2.0,1.0,1,3.0,2.0,2.0,1,2.0,1.0,2.0,1.0,2.0,2.0,2.0,2.0,1.0,2.0,2.0,2.0,2.0,1.0,2.0,2.0,2.0,2.0,1.0,2.0,2.0,2.0,2.0,2.0,2.0,1.0,2.0,2.0,2.0,2.0,1.0,2.0,2.0,2.0,2.0,1.0,2.0,2.0,2.0,2.0,2.0,1.0,2.0,2.0,2.0,2.0,1.0,2.0,2.0,2.0,2.0,1.0,2.0,1.0,2.0,2.0,2.0,4,1056,2113,1056.0,2113.0,U,4,281,6447,True,"Robo en transporte público, Fraude bancario, Lesiones",Mujer
38893,1404409.04,1404409.04.01,1404409.04.01.02,1404409,4,1,A,2,1,34,2.0,14,JALISCO,39,GUADALAJARA,3,0,0,1,0,1,0,0,1,0,0,0,0,0,0,2,2,2,1,1,2,3,3,1,2,2,2,1,2,1,3,0,0,0,0,0,0,0,0,0,0,0,0,0,0,0,0,1,0,0,1,1,2,3,3,3,2,,2,,2,,2,,2,,2,,1,3,2,1,1,1,3,2,1,1,1,2,1,2,1,1,1,1,2,1,2,1,2,2,2,2,2,5000.0,2,2,3,3,3,2,2,1,2,1,3,3,2,2,1,1,1,1,1,3.0,1.0,2.0,2.0,1,3.0,1.0,3.0,1.0,1,3.0,1.0,2.0,1.0,1,2.0,1.0,2.0,1.0,2,,,,2,,,,2,,,,1,2.0,1.0,2.0,1,2.0,2.0,2.0,1,1.0,2.0,2.0,2,,,,2.0,1.0,2.0,2.0,2.0,2.0,1.0,2.0,2.0,2.0,2.0,1.0,2.0,2.0,2.0,2.0,1.0,2.0,2.0,2.0,,,,,,,,,,,,,,,,2.0,1.0,2.0,2.0,2.0,2.0,2.0,2.0,1.0,2.0,1.0,2.0,2.0,2.0,2.0,,,,,4,1056,2113,1056.0,2113.0,U,4,281,6447,True,"Robo en vivienda, Robo en calle, Extorsión",Hombre
38894,1404409.05,1404409.05.01,1404409.05.01.01,1404409,5,1,B,1,2,66,2.0,14,JALISCO,39,GUADALAJARA,3,0,0,0,0,1,0,1,1,0,0,0,0,0,0,2,2,2,1,2,1,3,1,1,2,2,2,1,1,1,1,0,0,0,0,0,0,0,0,1,0,0,0,0,0,0,0,1,0,0,1,2,1,4,4,4,2,,1,1.0,2,,2,,1,1.0,3,,1,3,1,1,1,1,3,1,1,1,1,1,3,2,1,1,2,2,2,2,2,1,2,2,2,2,2,9999999.0,1,1,3,3,3,3,3,2,3,3,3,3,1,2,2,2,1,2,1,1.0,1.0,1.0,1.0,1,4.0,1.0,4.0,1.0,1,3.0,1.0,4.0,1.0,1,4.0,1.0,4.0,2.0,2,,,,2,,,,2,,,,1,4.0,1.0,1.0,2,,,,1,1.0,1.0,1.0,2,,,,2.0,1.0,2.0,2.0,2.0,2.0,1.0,2.0,2.0,2.0,2.0,1.0,2.0,2.0,2.0,2.0,2.0,2.0,1.0,2.0,,,,,,,,,,,,,,,,2.0,1.0,2.0,2.0,2.0,,,,,,2.0,2.0,2.0,1.0,2.0,,,,,4,1056,2113,1056.0,2113.0,U,4,281,6447,True,"Robo en calle, Fraude bancario, Extorsión",Mujer
38895,1404432.01,1404432.01.01,1404432.01.01.02,1404432,1,1,B,2,2,55,2.0,14,JALISCO,39,GUADALAJARA,3,0,0,0,1,1,0,0,0,0,0,1,0,0,0,2,2,2,1,3,2,3,2,1,1,2,2,2,2,2,3,1,0,0,0,1,0,0,1,1,0,1,0,0,1,0,0,0,0,0,2,2,2,1,1,1,1,2.0,2,,2,,1,2.0,1,2.0,2,,2,2,2,2,2,1,3,1,1,1,1,2,3,2,2,2,2,1,2,2,2,2,2,2,2,2,2,300.0,3,1,1,1,2,3,3,2,3,3,3,3,3,3,1,5,1,1,1,3.0,1.0,3.0,2.0,1,4.0,1.0,3.0,1.0,1,3.0,1.0,3.0,2.0,1,3.0,1.0,3.0,2.0,2,,,,2,,,,2,,,,1,2.0,2.0,2.0,1,2.0,2.0,2.0,1,2.0,2.0,2.0,2,,,,1.0,1.0,1.0,1.0,2.0,1.0,1.0,1.0,1.0,2.0,1.0,1.0,1.0,1.0,2.0,2.0,2.0,2.0,1.0,2.0,,,,,,,,,,,,,,,,2.0,1.0,2.0,1.0,2.0,2.0,2.0,2.0,1.0,2.0,2.0,2.0,2.0,1.0,2.0,,,,,4,1014,3041,1014.0,3041.0,U,3,280,6314,True,"Robo en transporte público, Robo en calle, Amenazas",Mujer
38896,1404432.02,1404432.02.01,1404432.02.01.02,1404432,2,1,B,2,2,62,2.0,14,JALISCO,39,GUADALAJARA,3,0,0,0,0,0,0,0,0,0,0,0,0,1,0,9,1,1,1,3,1,3,1,1,1,1,1,1,1,1,5,0,0,0,0,0,0,0,0,0,0,0,0,0,0,0,0,0,1,0,2,2,2,9,3,1,1,1.0,2,,2,,2,,2,,9,,3,3,2,1,3,2,3,2,3,2,2,2,3,3,2,2,2,2,2,2,2,2,2,2,2,2,2,,1,1,1,2,1,2,2,2,2,3,2,2,1,2,3,5,1,1,2,,,,,2,,,,,2,,,,,1,2.0,9.0,2.0,1.0,2,,,,2,,,,2,,,,2,,,,2,,,,2,,,,2,,,,,,,,,,,,,,,,,,,2.0,2.0,2.0,1.0,2.0,,,,,,,,,,,,,,,,,,,,,,,,,,,,,,,,,,,4,1014,2027,1014.0,2027.0,U,3,280,6314,True,Otro,Mujer
38897,1404432.03,1404432.03.01,1404432.03.01.02,1404432,3,1,A,2,2,51,2.0,14,JALISCO,39,GUADALAJARA,3,0,0,1,0,1,0,0,1,0,0,0,0,0,0,1,2,2,2,2,2,3,1,1,3,3,1,1,2,3,3,0,0,0,0,0,0,1,1,1,1,1,0,0,1,1,0,0,0,0,1,1,1,1,3,3,2,,1,1.0,2,,2,,2,,9,,1,1,2,3,2,1,3,3,3,1,3,3,3,3,1,1,2,2,2,2,2,2,2,2,2,2,2,,3,1,3,3,3,3,1,3,2,1,2,2,3,3,1,4,1,1,1,3.0,1.0,3.0,2.0,2,,,,,1,3.0,2.0,3.0,1.0,1,3.0,1.0,4.0,9.0,1,9.0,9.0,9.0,2,,,,2,,,,1,2.0,2.0,2.0,2,,,,2,,,,2,,,,2.0,1.0,1.0,1.0,2.0,,,,,,2.0,1.0,1.0,1.0,2.0,2.0,1.0,2.0,1.0,2.0,2.0,2.0,2.0,1.0,2.0,,,,,,,,,,,2.0,2.0,2.0,1.0,2.0,,,,,,,,,,,,,,,3,1014,4055,1014.0,4055.0,U,3,280,6314,True,"Robo en vivienda, Robo en calle, Extorsión",Mujer
38898,1404432.04,1404432.04.01,1404432.04.01.04,1404432,4,1,A,4,2,24,2.0,14,JALISCO,39,GUADALAJARA,3,0,0,0,0,1,0,1,0,0,0,1,0,0,0,1,1,1,1,1,2,3,1,1,1,1,1,1,1,2,2,0,0,0,0,0,0,0,1,1,1,0,0,0,0,0,0,0,0,0,2,2,2,2,4,4,2,,1,2.0,2,,2,,2,,2,,1,1,2,2,2,1,3,2,2,2,2,2,3,2,2,2,1,1,2,1,2,2,2,2,2,2,2,3000.0,2,2,2,3,3,3,3,2,3,3,2,2,2,3,2,1,1,1,2,,,,,2,,,,,2,,,,,2,,,,,2,,,,2,,,,2,,,,2,,,,2,,,,2,,,,2,,,,,,,,,,,,,,,,,,,,,,,,,,,,,,,,,,,,,,,,,,,,,,,,,,,,,,,,,,2,1014,4055,1014.0,4055.0,U,3,280,6314,True,"Robo en calle, Fraude bancario, Amenazas",Mujer
38899,1404432.05,1404432.05.01,1404432.05.01.01,1404432,5,1,B,1,1,73,2.0,14,JALISCO,39,GUADALAJARA,3,0,0,1,0,0,0,0,1,0,0,1,0,0,0,2,2,2,1,1,2,3,1,1,1,2,3,1,2,2,4,1,1,0,0,0,1,0,0,1,0,0,0,0,0,0,0,0,0,0,1,1,1,3,3,3,2,,2,,2,,2,,1,2.0,9,,1,3,1,3,3,1,3,3,1,1,1,1,3,1,1,2,2,1,1,2,2,2,1,2,2,2,2,10000.0,1,1,1,1,1,2,2,1,1,1,2,2,1,3,2,1,1,1,1,4.0,1.0,3.0,2.0,1,4.0,1.0,4.0,1.0,1,3.0,1.0,3.0,1.0,1,2.0,1.0,2.0,1.0,1,3.0,1.0,3.0,1,3.0,1.0,2.0,2,,,,1,1.0,2.0,1.0,1,2.0,1.0,2.0,1,1.0,2.0,1.0,2,,,,2.0,1.0,2.0,1.0,2.0,2.0,1.0,2.0,1.0,2.0,2.0,1.0,2.0,1.0,2.0,2.0,1.0,2.0,1.0,2.0,2.0,2.0,2.0,1.0,2.0,2.0,2.0,2.0,1.0,2.0,,,,,,2.0,1.0,2.0,1.0,2.0,2.0,2.0,2.0,1.0,2.0,2.0,2.0,2.0,1.0,2.0,,,,,3,1014,1014,1014.0,1014.0,U,3,280,6314,True,"Robo en vivienda, Extorsión, Amenazas",Hombre
38900,1404488.01,1404488.01.01,1404488.01.01.01,1404488,1,1,B,1,1,56,2.0,14,JALISCO,39,GUADALAJARA,3,1,1,0,0,0,0,0,1,0,0,0,0,0,0,2,2,2,2,1,2,3,2,2,2,2,2,2,2,2,3,1,0,0,0,0,0,0,1,1,1,0,0,0,1,0,0,1,0,0,1,1,1,3,3,3,1,2.0,2,,1,1.0,2,,1,1.0,1,1.0,2,3,2,2,2,2,3,2,2,2,2,2,2,2,2,2,1,1,1,2,2,1,2,1,2,2,2,3000.0,3,3,3,3,3,3,3,3,3,3,3,3,3,3,3,3,3,3,2,,,,,2,,,,,2,,,,,2,,,,,2,,,,2,,,,2,,,,2,,,,2,,,,2,,,,2,,,,,,,,,,,,,,,,,,,,,,,,,,,,,,,,,,,,,,,,,,,,,,,,,,,,,,,,,,3,811,4057,811.0,4057.0,U,2,279,6280,True,"Robo vehículo, Robo accesorios vehículo, Extorsión",Hombre
38901,1404488.02,1404488.02.01,1404488.02.01.01,1404488,2,1,B,1,2,83,2.0,14,JALISCO,39,GUADALAJARA,3,0,0,0,0,1,0,0,1,1,0,0,0,0,0,2,2,2,2,3,2,3,1,3,3,3,3,1,3,3,5,0,0,0,0,0,0,0,0,0,0,0,0,0,0,1,0,0,0,0,1,2,2,9,4,4,1,1.0,1,1.0,1,2.0,2,,1,2.0,2,,3,3,2,3,3,2,3,3,3,3,3,3,3,2,3,2,2,2,2,2,2,2,2,2,2,2,2,,2,2,2,2,2,2,2,2,2,3,3,3,3,2,5,5,1,5,2,,,,,2,,,,,2,,,,,2,,,,,2,,,,2,,,,2,,,,2,,,,2,,,,2,,,,2,,,,,,,,,,,,,,,,,,,,,,,,,,,,,,,,,,,,,,,,,,,,,,,,,,,,,,,,,,4,811,811,811.0,811.0,U,2,279,6280,True,"Robo en calle, Extorsión, Delito sexual",Mujer
38902,1404488.03,1404488.03.01,1404488.03.01.01,1404488,3,1,B,1,1,87,2.0,14,JALISCO,39,GUADALAJARA,3,1,0,0,1,1,0,0,0,0,0,0,0,0,0,1,2,2,1,3,2,3,3,2,3,3,3,3,3,3,3,0,0,0,0,0,0,0,0,0,0,0,0,0,0,0,0,0,1,0,3,3,3,2,3,3,2,,2,,2,,2,,2,,2,,3,3,3,3,3,3,3,3,3,3,3,3,3,3,3,3,2,2,2,2,2,2,2,2,2,2,2,,2,1,2,2,2,2,2,2,2,2,2,2,2,2,2,5,1,5,2,,,,,1,1.0,1.0,9.0,1.0,1,9.0,9.0,9.0,9.0,2,,,,,2,,,,2,,,,2,,,,2,,,,2,,,,2,,,,2,,,,,,,,,2.0,1.0,1.0,2.0,2.0,2.0,1.0,1.0,2.0,2.0,,,,,,,,,,,,,,,,,,,,,,,,,,,,,,,,,,,,,,,,9,811,1623,811.0,1623.0,U,2,279,6280,True,"Robo vehículo, Robo en transporte público, Robo en calle",Hombre
38903,1404488.05,1404488.05.01,1404488.05.01.01,1404488,5,1,B,1,2,37,2.0,14,JALISCO,39,GUADALAJARA,3,0,0,1,1,0,0,1,0,0,0,0,0,0,0,2,1,2,1,1,2,3,2,2,1,2,2,1,2,2,3,1,0,0,0,0,0,0,0,1,0,0,0,0,0,0,0,0,0,0,1,2,1,1,1,1,1,2.0,1,2.0,2,,2,,1,1.0,2,,1,3,1,3,1,1,3,1,1,1,2,2,3,2,1,2,2,2,2,1,2,2,2,2,2,2,2,9999999.0,2,3,3,2,3,3,3,3,2,1,2,2,3,2,3,1,1,1,2,,,,,2,,,,,2,,,,,2,,,,,2,,,,2,,,,2,,,,2,,,,2,,,,2,,,,2,,,,,,,,,,,,,,,,,,,,,,,,,,,,,,,,,,,,,,,,,,,,,,,,,,,,,,,,,,9,811,811,811.0,811.0,U,2,279,6280,True,"Robo en vivienda, Robo en transporte público, Fraude bancario",Mujer
38904,1404491.02,1404491.02.01,1404491.02.01.02,1404491,2,1,A,2,1,49,2.0,14,JALISCO,39,GUADALAJARA,3,0,0,1,1,1,0,0,0,0,0,0,0,0,0,2,2,2,2,1,2,3,1,1,1,2,1,1,1,3,4,1,1,1,1,0,0,0,1,1,1,0,0,0,0,0,0,0,0,0,1,1,2,3,4,4,2,,2,,1,2.0,1,2.0,1,2.0,2,,2,2,2,2,2,1,3,2,2,1,2,2,2,2,2,2,1,1,1,1,2,2,1,2,2,2,2,7000.0,3,3,3,3,3,3,3,3,3,3,3,3,3,3,4,4,4,4,2,,,,,2,,,,,2,,,,,2,,,,,2,,,,2,,,,2,,,,2,,,,2,,,,2,,,,2,,,,,,,,,,,,,,,,,,,,,,,,,,,,,,,,,,,,,,,,,,,,,,,,,,,,,,,,,,4,836,2509,836.0,2509.0,U,3,280,6381,True,"Robo en vivienda, Robo en transporte público, Robo en calle",Hombre
38905,1404491.03,1404491.03.01,1404491.03.01.01,1404491,3,1,A,1,1,33,2.0,14,JALISCO,39,GUADALAJARA,3,0,0,1,0,1,0,0,0,0,1,0,0,0,0,1,1,1,1,1,1,3,1,1,1,1,1,1,1,1,2,1,0,0,0,0,1,0,1,1,1,0,0,0,0,0,0,1,0,0,1,1,2,3,3,3,1,9.0,2,,1,2.0,2,,1,2.0,9,,2,3,2,2,2,2,3,2,2,2,2,2,2,2,2,2,2,1,2,2,2,1,2,2,2,2,2,9999999.0,1,3,3,2,2,2,2,2,2,3,2,2,2,2,5,1,1,1,1,4.0,1.0,3.0,9.0,1,3.0,1.0,4.0,9.0,1,4.0,1.0,4.0,9.0,1,4.0,9.0,9.0,2.0,1,4.0,9.0,9.0,2,,,,2,,,,1,4.0,9.0,9.0,2,,,,2,,,,2,,,,2.0,1.0,2.0,2.0,2.0,2.0,1.0,2.0,2.0,2.0,2.0,1.0,2.0,2.0,2.0,2.0,1.0,2.0,2.0,2.0,2.0,1.0,2.0,1.0,2.0,,,,,,,,,,,2.0,1.0,2.0,2.0,2.0,,,,,,,,,,,,,,,4,836,836,836.0,836.0,U,3,280,6381,True,"Robo en vivienda, Robo en calle, Lesiones",Hombre
38906,1404544.01,1404544.01.01,1404544.01.01.02,1404544,1,1,B,2,2,55,2.0,14,JALISCO,39,GUADALAJARA,3,0,0,0,0,1,0,0,1,0,0,1,0,0,0,2,2,2,2,2,2,3,2,2,2,2,2,2,2,2,3,1,1,1,1,1,1,1,1,1,1,1,1,0,1,1,0,0,0,0,1,1,1,3,4,3,1,2.0,1,2.0,2,,2,,1,1.0,9,,2,3,2,3,2,2,3,2,2,3,2,2,3,2,2,2,2,2,1,2,2,1,2,2,2,2,2,9000.0,1,1,1,2,2,3,3,1,1,1,2,2,2,2,2,2,1,2,1,3.0,1.0,3.0,2.0,1,3.0,1.0,2.0,2.0,1,3.0,1.0,3.0,2.0,1,2.0,2.0,1.0,1.0,2,,,,2,,,,2,,,,1,3.0,1.0,2.0,1,1.0,2.0,1.0,1,1.0,2.0,1.0,2,,,,2.0,1.0,2.0,2.0,2.0,2.0,1.0,2.0,2.0,2.0,2.0,1.0,2.0,2.0,2.0,2.0,1.0,2.0,2.0,2.0,,,,,,,,,,,,,,,,2.0,1.0,2.0,2.0,2.0,2.0,2.0,2.0,1.0,2.0,2.0,2.0,2.0,1.0,2.0,,,,,4,946,2839,946.0,2839.0,U,4,281,6471,True,"Robo en calle, Extorsión, Amenazas",Mujer
38907,1404544.02,1404544.02.01,1404544.02.01.03,1404544,2,1,B,3,2,60,2.0,14,JALISCO,39,GUADALAJARA,3,0,1,0,0,1,0,0,1,0,0,0,0,0,0,2,2,2,1,1,2,3,1,2,2,2,2,1,2,1,4,1,1,0,0,1,0,0,1,1,1,0,0,1,0,0,0,0,0,0,1,1,1,1,1,1,2,,2,,2,,2,,1,1.0,2,,2,3,2,1,2,1,3,2,2,3,2,2,3,2,2,2,2,2,2,2,2,1,2,2,2,2,2,0.0,1,1,1,2,2,3,3,3,3,3,2,2,1,2,1,1,1,1,1,2.0,2.0,2.0,1.0,1,2.0,9.0,2.0,1.0,2,,,,,1,1.0,2.0,1.0,1.0,2,,,,2,,,,2,,,,1,1.0,2.0,1.0,2,,,,1,1.0,2.0,1.0,2,,,,2.0,1.0,2.0,2.0,2.0,2.0,1.0,2.0,2.0,2.0,,,,,,2.0,1.0,2.0,2.0,2.0,,,,,,,,,,,,,,,,2.0,1.0,2.0,2.0,2.0,,,,,,2.0,2.0,2.0,1.0,2.0,,,,,3,946,4732,946.0,4732.0,U,4,281,6471,True,"Robo accesorios vehículo, Robo en calle, Extorsión",Mujer
38908,1404544.03,1404544.03.01,1404544.03.01.01,1404544,3,1,B,1,2,36,2.0,14,JALISCO,39,GUADALAJARA,3,0,0,0,0,1,0,0,0,1,1,0,0,0,0,2,2,2,1,1,2,3,1,1,2,2,2,2,2,1,4,1,0,0,0,1,0,0,1,1,0,0,0,0,0,0,0,0,0,0,1,1,2,1,3,1,2,,2,,1,2.0,2,,1,9.0,9,,1,3,2,2,2,1,3,2,2,3,2,2,3,2,2,2,2,2,2,2,2,2,2,2,2,2,2,,2,3,2,1,2,3,3,2,2,3,1,2,2,2,3,2,1,1,1,3.0,1.0,2.0,1.0,1,4.0,1.0,3.0,2.0,1,4.0,1.0,4.0,2.0,1,2.0,1.0,2.0,1.0,2,,,,1,3.0,1.0,2.0,2,,,,1,1.0,2.0,1.0,2,,,,2,,,,1,3.0,1.0,3.0,2.0,1.0,2.0,1.0,2.0,2.0,1.0,2.0,1.0,2.0,2.0,1.0,2.0,1.0,2.0,2.0,1.0,2.0,1.0,2.0,,,,,,2.0,2.0,2.0,1.0,2.0,,,,,,2.0,1.0,2.0,1.0,2.0,,,,,,,,,,,2.0,2.0,1.0,2.0,2,946,946,946.0,946.0,U,4,281,6471,True,"Robo en calle, Delito sexual, Lesiones",Mujer
38909,1404544.04,1404544.04.01,1404544.04.01.01,1404544,4,1,B,1,1,60,2.0,14,JALISCO,39,GUADALAJARA,3,0,0,0,1,1,0,0,0,0,1,0,0,0,0,1,2,2,1,1,2,3,1,3,3,3,1,1,1,3,5,1,0,0,0,0,0,0,1,0,0,0,0,0,1,0,0,0,0,0,9,9,9,2,3,1,2,,2,,2,,2,,2,,9,,3,3,2,3,2,2,3,3,2,3,2,3,3,2,2,2,2,2,2,2,2,2,2,2,2,2,2,,2,1,2,1,1,3,3,2,2,1,2,2,2,2,2,1,1,1,1,2.0,9.0,2.0,1.0,1,2.0,9.0,2.0,1.0,1,2.0,9.0,2.0,1.0,1,2.0,2.0,2.0,1.0,2,,,,1,2.0,9.0,2.0,2,,,,1,1.0,2.0,1.0,2,,,,1,1.0,2.0,1.0,2,,,,2.0,1.0,2.0,2.0,2.0,2.0,1.0,2.0,2.0,2.0,2.0,1.0,2.0,2.0,2.0,2.0,1.0,2.0,2.0,2.0,,,,,,2.0,2.0,2.0,1.0,2.0,,,,,,2.0,1.0,2.0,2.0,2.0,,,,,,2.0,1.0,2.0,2.0,2.0,,,,,2,946,946,946.0,946.0,U,4,281,6471,True,"Robo en transporte público, Robo en calle, Lesiones",Hombre
38910,1404544.05,1404544.05.01,1404544.05.01.01,1404544,5,1,A,1,2,32,2.0,14,JALISCO,39,GUADALAJARA,3,0,0,1,1,0,0,0,0,0,0,1,0,0,0,1,2,2,1,1,2,3,2,1,1,2,2,2,2,2,4,1,0,0,0,1,0,0,1,1,0,0,0,0,0,0,0,1,0,0,1,1,2,3,3,3,1,2.0,1,1.0,1,9.0,2,,1,2.0,9,,1,3,2,3,2,2,3,2,2,3,1,1,3,2,2,2,2,2,2,2,2,2,2,2,2,2,2,,2,3,3,2,2,3,2,3,3,1,2,2,3,3,2,1,1,1,1,3.0,1.0,3.0,2.0,1,3.0,1.0,3.0,2.0,1,3.0,9.0,2.0,2.0,1,2.0,1.0,2.0,9.0,2,,,,1,2.0,2.0,2.0,2,,,,1,4.0,1.0,3.0,1,2.0,2.0,2.0,1,2.0,2.0,2.0,1,2.0,2.0,2.0,1.0,1.0,2.0,2.0,2.0,2.0,1.0,2.0,2.0,2.0,2.0,1.0,2.0,2.0,2.0,2.0,1.0,2.0,2.0,2.0,,,,,,1.0,2.0,2.0,2.0,2.0,,,,,,2.0,1.0,2.0,2.0,2.0,2.0,2.0,2.0,1.0,2.0,2.0,2.0,2.0,1.0,2.0,1.0,2.0,2.0,2.0,4,946,946,946.0,946.0,U,4,281,6471,True,"Robo en vivienda, Robo en transporte público, Amenazas",Mujer
38911,1404547.01,1404547.01.01,1404547.01.01.01,1404547,1,1,A,1,1,54,2.0,14,JALISCO,39,GUADALAJARA,3,0,0,1,0,1,0,0,1,0,0,0,0,0,0,2,2,2,2,1,2,3,2,2,2,2,2,2,2,2,3,1,1,1,1,1,1,1,1,1,1,1,1,1,1,1,1,1,0,0,1,1,1,4,4,4,1,2.0,1,2.0,1,2.0,1,2.0,1,2.0,1,2.0,1,2,2,2,2,2,3,3,3,2,3,2,2,2,2,1,2,2,2,1,2,2,2,2,2,2,2,2000.0,3,3,3,3,3,3,3,3,3,3,3,3,3,3,3,2,2,2,1,4.0,1.0,4.0,2.0,1,4.0,1.0,4.0,2.0,1,4.0,1.0,4.0,2.0,1,4.0,9.0,4.0,1.0,1,4.0,1.0,4.0,1,4.0,1.0,4.0,1,2.0,2.0,2.0,1,2.0,2.0,2.0,1,2.0,2.0,2.0,1,2.0,2.0,2.0,1,4.0,1.0,4.0,1.0,2.0,2.0,2.0,2.0,1.0,2.0,2.0,2.0,2.0,1.0,2.0,2.0,2.0,2.0,2.0,1.0,2.0,2.0,2.0,1.0,2.0,2.0,2.0,2.0,1.0,2.0,2.0,2.0,2.0,2.0,1.0,2.0,2.0,2.0,2.0,1.0,2.0,2.0,2.0,2.0,1.0,2.0,2.0,2.0,2.0,1.0,2.0,2.0,2.0,1.0,2.0,2.0,2.0,2,838,1676,838.0,1676.0,U,3,280,6379,True,"Robo en vivienda, Robo en calle, Extorsión",Hombre
38912,1404547.02,1404547.02.01,1404547.02.01.01,1404547,2,1,B,1,1,73,2.0,14,JALISCO,39,GUADALAJARA,3,0,0,1,0,1,0,0,1,0,0,0,0,0,0,1,2,2,1,1,1,3,1,1,2,3,1,2,2,2,5,0,0,0,0,0,0,0,0,0,0,0,0,0,0,0,0,0,1,0,1,1,1,4,1,1,2,,2,,1,2.0,2,,1,2.0,9,,2,3,3,2,2,1,3,2,1,1,2,1,3,2,1,1,2,2,2,1,2,1,2,2,2,2,2,7000.0,1,1,1,1,1,3,3,3,3,1,3,3,3,3,1,1,4,5,2,,,,,2,,,,,1,4.0,1.0,3.0,2.0,1,1.0,2.0,1.0,1.0,2,,,,2,,,,2,,,,1,1.0,2.0,1.0,2,,,,1,1.0,2.0,1.0,2,,,,,,,,,,,,,,2.0,2.0,2.0,1.0,2.0,2.0,1.0,2.0,2.0,2.0,,,,,,,,,,,,,,,,2.0,1.0,2.0,2.0,2.0,,,,,,2.0,1.0,2.0,2.0,2.0,,,,,4,838,1676,838.0,1676.0,U,3,280,6379,True,"Robo en vivienda, Robo en calle, Extorsión",Hombre
38913,1404547.03,1404547.03.01,1404547.03.01.01,1404547,3,1,B,1,1,34,2.0,14,JALISCO,39,GUADALAJARA,3,0,0,1,0,1,0,0,0,1,0,0,0,0,0,1,2,2,1,1,1,3,1,1,2,2,2,1,2,2,2,1,0,0,0,0,0,0,0,0,0,0,0,0,0,0,0,0,0,0,1,1,1,3,3,3,2,,2,,1,2.0,2,,2,,2,,2,3,2,1,2,1,3,2,2,1,2,2,2,2,2,2,2,2,2,1,2,2,2,2,2,2,2,2000.0,1,1,3,3,3,3,3,3,3,3,3,3,3,3,4,4,4,1,1,3.0,1.0,3.0,2.0,1,3.0,1.0,4.0,1.0,1,2.0,1.0,3.0,1.0,1,2.0,2.0,2.0,1.0,2,,,,1,4.0,1.0,2.0,2,,,,1,3.0,1.0,4.0,2,,,,2,,,,2,,,,2.0,1.0,2.0,2.0,2.0,2.0,1.0,2.0,2.0,2.0,2.0,1.0,2.0,2.0,2.0,2.0,1.0,2.0,2.0,2.0,,,,,,2.0,1.0,2.0,2.0,2.0,,,,,,2.0,1.0,2.0,2.0,2.0,,,,,,,,,,,,,,,4,838,1676,838.0,1676.0,U,3,280,6379,True,"Robo en vivienda, Robo en calle, Delito sexual",Hombre
38914,1404547.05,1404547.05.01,1404547.05.01.01,1404547,5,1,A,1,1,51,2.0,14,JALISCO,39,GUADALAJARA,3,0,0,1,0,1,0,0,0,1,0,0,0,0,0,2,2,2,2,2,2,3,2,1,2,2,3,2,2,1,3,1,0,0,0,0,0,1,0,0,1,1,0,0,1,0,0,1,0,0,1,1,1,3,3,3,1,2.0,2,,1,2.0,2,,1,2.0,1,2.0,1,3,1,3,3,1,3,1,1,1,1,1,2,2,1,2,1,1,1,2,2,2,2,2,2,2,2,20000.0,1,3,3,3,3,3,3,3,1,3,3,3,3,3,2,1,1,1,1,3.0,1.0,2.0,9.0,1,3.0,1.0,2.0,1.0,1,2.0,1.0,2.0,1.0,1,2.0,2.0,2.0,1.0,2,,,,1,2.0,1.0,2.0,1,2.0,1.0,2.0,1,2.0,2.0,2.0,1,2.0,2.0,2.0,1,2.0,2.0,2.0,2,,,,2.0,1.0,2.0,2.0,2.0,2.0,1.0,2.0,2.0,2.0,2.0,1.0,2.0,2.0,2.0,2.0,1.0,2.0,2.0,2.0,,,,,,2.0,1.0,2.0,2.0,2.0,2.0,1.0,2.0,2.0,2.0,2.0,1.0,2.0,2.0,2.0,2.0,1.0,2.0,2.0,2.0,2.0,1.0,2.0,2.0,2.0,,,,,9,838,1676,838.0,1676.0,U,3,280,6379,True,"Robo en vivienda, Robo en calle, Delito sexual",Hombre
38915,1404587.01,1404587.01.01,1404587.01.01.02,1404587,1,1,A,2,2,62,2.0,14,JALISCO,39,GUADALAJARA,3,0,1,0,1,0,0,0,0,0,0,1,0,0,0,2,2,2,1,3,2,3,1,1,3,3,1,2,2,2,5,0,0,0,0,1,0,0,0,1,0,1,0,0,0,0,0,0,0,0,1,1,1,1,4,4,1,2.0,1,2.0,1,2.0,2,,1,2.0,2,,1,1,2,2,2,2,3,3,3,2,2,1,3,3,3,1,2,2,2,2,2,2,2,2,2,2,2,,1,1,1,1,2,3,3,3,3,1,3,3,3,2,3,5,2,5,2,,,,,1,4.0,1.0,2.0,2.0,2,,,,,1,2.0,2.0,2.0,1.0,2,,,,1,3.0,1.0,3.0,1,2.0,1.0,3.0,1,2.0,2.0,1.0,2,,,,1,2.0,2.0,1.0,1,4.0,1.0,2.0,,,,,,2.0,1.0,2.0,2.0,2.0,,,,,,2.0,1.0,2.0,2.0,2.0,,,,,,2.0,2.0,2.0,1.0,2.0,2.0,2.0,2.0,1.0,2.0,2.0,1.0,2.0,1.0,2.0,,,,,,2.0,2.0,2.0,1.0,2.0,2.0,2.0,1.0,2.0,4,1066,3198,1066.0,3198.0,U,4,281,6443,True,"Robo accesorios vehículo, Robo en transporte público, Amenazas",Mujer
38916,1404587.03,1404587.03.01,1404587.03.01.02,1404587,3,1,B,2,2,63,2.0,14,JALISCO,39,GUADALAJARA,3,0,0,1,0,1,0,0,1,0,0,0,0,0,0,2,2,2,2,2,3,2,2,1,2,2,2,1,1,2,4,0,0,0,0,0,0,0,0,1,0,0,0,0,0,0,0,0,0,0,1,2,2,4,4,4,2,,1,2.0,2,,2,,1,1.0,2,,1,1,1,1,2,2,3,2,1,2,1,2,1,2,1,2,1,1,1,1,2,1,2,2,2,2,2,20000.0,1,1,2,2,1,2,1,2,1,1,1,1,1,2,2,4,3,3,1,2.0,1.0,2.0,1.0,1,3.0,1.0,2.0,1.0,1,2.0,1.0,2.0,1.0,1,2.0,1.0,2.0,1.0,2,,,,2,,,,2,,,,1,2.0,2.0,2.0,1,2.0,2.0,2.0,1,2.0,2.0,2.0,1,4.0,1.0,4.0,1.0,1.0,1.0,2.0,2.0,1.0,1.0,2.0,2.0,2.0,1.0,1.0,2.0,2.0,2.0,1.0,1.0,2.0,2.0,2.0,,,,,,,,,,,,,,,,1.0,1.0,2.0,2.0,2.0,1.0,1.0,2.0,2.0,2.0,1.0,1.0,2.0,2.0,2.0,1.0,2.0,2.0,2.0,4,1066,3198,1066.0,3198.0,U,4,281,6443,True,"Robo en vivienda, Robo en calle, Extorsión",Mujer
38917,1404587.04,1404587.04.01,1404587.04.01.03,1404587,4,1,B,3,2,76,2.0,14,JALISCO,39,GUADALAJARA,3,0,0,0,0,0,0,1,0,1,0,1,0,0,0,2,2,2,1,3,1,3,2,2,2,2,3,1,1,1,3,1,0,0,0,0,0,1,1,1,0,0,0,1,0,1,0,0,0,0,1,2,1,3,3,3,2,,2,,1,2.0,2,,2,,2,,1,2,2,1,2,2,3,2,1,1,1,1,1,1,1,1,1,2,2,1,2,1,2,2,2,2,2,9999999.0,2,1,1,3,3,2,1,2,2,1,3,3,3,3,1,5,1,5,1,4.0,1.0,2.0,1.0,1,4.0,1.0,3.0,1.0,1,3.0,1.0,2.0,1.0,1,3.0,1.0,2.0,1.0,2,,,,1,4.0,1.0,3.0,1,4.0,1.0,3.0,1,3.0,1.0,2.0,1,2.0,2.0,2.0,1,3.0,1.0,3.0,1,4.0,1.0,3.0,2.0,1.0,2.0,2.0,2.0,2.0,1.0,2.0,1.0,2.0,2.0,2.0,2.0,1.0,2.0,2.0,2.0,2.0,1.0,2.0,,,,,,2.0,2.0,2.0,1.0,2.0,2.0,2.0,2.0,1.0,2.0,2.0,2.0,2.0,1.0,2.0,2.0,2.0,2.0,1.0,2.0,2.0,2.0,2.0,1.0,2.0,2.0,2.0,1.0,2.0,4,1066,3198,1066.0,3198.0,U,4,281,6443,True,"Fraude bancario, Delito sexual, Amenazas",Mujer
38918,1404587.05,1404587.05.01,1404587.05.01.01,1404587,5,1,B,1,2,98,2.0,14,JALISCO,39,GUADALAJARA,3,1,0,1,1,0,0,0,0,0,0,0,0,0,0,2,2,2,1,1,2,3,2,2,2,2,2,1,2,2,2,1,1,0,0,0,0,0,1,0,0,0,0,0,0,0,0,0,0,0,1,1,1,3,3,3,1,2.0,1,2.0,2,,2,,2,,2,,2,2,2,2,2,2,2,2,2,2,2,2,2,2,2,2,2,2,2,2,2,2,2,2,2,2,2,,1,3,2,1,2,2,2,2,3,2,2,2,1,2,3,1,1,1,2,,,,,1,2.0,2.0,2.0,1.0,1,2.0,2.0,2.0,1.0,1,2.0,2.0,2.0,1.0,2,,,,2,,,,2,,,,1,1.0,2.0,2.0,1,2.0,2.0,2.0,1,2.0,2.0,2.0,2,,,,,,,,,2.0,1.0,2.0,1.0,2.0,2.0,1.0,2.0,1.0,2.0,2.0,1.0,2.0,1.0,2.0,,,,,,,,,,,,,,,,2.0,1.0,2.0,1.0,2.0,2.0,1.0,2.0,1.0,2.0,2.0,1.0,2.0,1.0,2.0,,,,,3,1066,1066,1066.0,1066.0,U,4,281,6443,True,"Robo vehículo, Robo en vivienda, Robo en transporte público",Mujer
38919,1404608.01,1404608.01.01,1404608.01.01.02,1404608,1,1,A,2,2,42,2.0,14,JALISCO,39,GUADALAJARA,3,0,0,0,1,1,0,0,0,0,1,0,0,0,0,1,2,2,1,1,2,3,1,1,1,2,2,1,1,1,4,1,1,0,1,0,0,0,1,1,1,0,0,0,0,0,0,0,0,0,2,2,1,3,4,4,2,,2,,2,,1,2.0,1,2.0,1,2.0,1,3,2,1,1,1,2,2,1,1,1,1,1,1,1,1,1,1,2,1,2,1,2,2,2,2,2,10000.0,3,1,2,3,2,3,3,3,3,3,3,3,2,2,2,2,1,2,1,4.0,1.0,4.0,2.0,1,4.0,1.0,3.0,2.0,2,,,,,1,2.0,2.0,2.0,1.0,2,,,,2,,,,2,,,,1,1.0,2.0,2.0,2,,,,2,,,,2,,,,1.0,2.0,2.0,2.0,2.0,2.0,1.0,2.0,2.0,2.0,,,,,,2.0,2.0,2.0,1.0,2.0,,,,,,,,,,,,,,,,2.0,2.0,2.0,1.0,2.0,,,,,,,,,,,,,,,4,1151,2302,1151.0,2302.0,U,4,281,6407,True,"Robo en transporte público, Robo en calle, Lesiones",Mujer
38920,1404608.03,1404608.03.01,1404608.03.01.02,1404608,3,1,A,2,2,53,2.0,14,JALISCO,39,GUADALAJARA,3,0,0,0,0,1,0,0,1,0,1,0,0,0,0,2,2,2,1,2,2,3,2,2,2,2,2,2,2,2,2,1,0,1,1,1,0,0,1,1,1,1,0,0,0,1,0,1,0,0,1,2,2,3,3,3,2,,2,,2,,2,,1,2.0,2,,1,1,2,2,2,2,3,2,2,1,2,2,3,2,1,1,1,2,2,1,2,2,2,2,2,2,2,4000.0,1,1,1,2,3,3,3,3,3,3,3,3,3,3,1,1,1,1,1,2.0,2.0,2.0,1.0,1,2.0,1.0,3.0,2.0,2,,,,,2,,,,,1,2.0,2.0,3.0,1,2.0,2.0,3.0,1,2.0,2.0,3.0,1,2.0,2.0,1.0,2,,,,2,,,,1,3.0,1.0,3.0,2.0,1.0,2.0,2.0,2.0,2.0,2.0,1.0,2.0,2.0,,,,,,,,,,,1.0,2.0,2.0,2.0,2.0,1.0,2.0,1.0,2.0,2.0,1.0,2.0,1.0,2.0,2.0,2.0,1.0,2.0,2.0,2.0,,,,,,,,,,,2.0,1.0,2.0,2.0,3,1151,3453,1151.0,3453.0,U,4,281,6407,True,"Robo en calle, Extorsión, Lesiones",Mujer
38921,1404608.04,1404608.04.01,1404608.04.01.01,1404608,4,1,B,1,1,63,2.0,14,JALISCO,39,GUADALAJARA,3,1,0,0,0,1,0,0,0,0,1,0,0,0,0,1,2,2,1,1,1,3,3,1,1,1,2,1,2,1,2,1,0,0,0,0,0,0,1,1,1,0,0,0,1,0,0,0,0,0,1,2,2,2,1,3,2,,2,,1,1.0,2,,1,1.0,1,1.0,2,3,2,2,3,2,3,3,3,3,2,2,3,2,2,2,1,1,1,2,2,2,2,2,2,2,2,0.0,1,1,2,3,1,3,3,3,1,1,3,3,1,2,1,3,1,1,1,4.0,1.0,4.0,2.0,1,2.0,2.0,2.0,1.0,1,2.0,9.0,2.0,1.0,1,3.0,1.0,3.0,2.0,1,1.0,2.0,2.0,1,4.0,1.0,4.0,1,4.0,1.0,3.0,1,1.0,2.0,1.0,1,9.0,2.0,2.0,1,1.0,2.0,1.0,1,3.0,1.0,3.0,2.0,2.0,1.0,2.0,2.0,2.0,1.0,2.0,2.0,2.0,2.0,1.0,2.0,2.0,2.0,2.0,1.0,2.0,2.0,2.0,1.0,2.0,2.0,2.0,2.0,1.0,2.0,2.0,2.0,2.0,2.0,2.0,2.0,1.0,2.0,2.0,1.0,2.0,2.0,2.0,2.0,2.0,2.0,1.0,2.0,2.0,2.0,2.0,1.0,2.0,2.0,2.0,1.0,2.0,4,1151,2302,1151.0,2302.0,U,4,281,6407,True,"Robo vehículo, Robo en calle, Lesiones",Hombre
38922,1404671.01,1404671.01.01,1404671.01.01.01,1404671,1,1,B,1,2,30,2.0,14,JALISCO,39,GUADALAJARA,1,0,0,0,1,1,0,0,0,0,0,1,0,0,0,2,2,2,1,3,2,3,2,3,2,2,2,1,3,1,2,0,0,0,0,0,0,0,0,0,0,0,0,0,0,0,0,0,1,0,2,2,2,3,9,4,2,,2,,2,,2,,2,,2,,2,2,2,2,1,1,3,2,2,3,2,3,3,2,2,2,2,2,2,2,2,2,2,2,2,2,2,,3,3,3,3,3,3,3,3,3,3,3,3,3,3,1,5,4,4,1,3.0,1.0,3.0,2.0,1,3.0,1.0,2.0,1.0,1,2.0,1.0,3.0,1.0,1,2.0,1.0,2.0,1.0,2,,,,1,2.0,1.0,2.0,1,2.0,1.0,2.0,1,3.0,1.0,2.0,1,2.0,1.0,2.0,1,2.0,1.0,2.0,2,,,,1.0,1.0,1.0,1.0,2.0,1.0,2.0,1.0,1.0,2.0,1.0,1.0,1.0,1.0,2.0,1.0,1.0,1.0,1.0,2.0,,,,,,1.0,1.0,1.0,1.0,2.0,1.0,1.0,1.0,1.0,2.0,1.0,1.0,1.0,1.0,2.0,1.0,1.0,1.0,1.0,2.0,2.0,2.0,2.0,1.0,2.0,,,,,4,924,924,924.0,924.0,U,3,280,6365,True,"Robo en transporte público, Robo en calle, Amenazas",Mujer
38923,1404671.02,1404671.02.01,1404671.02.01.03,1404671,2,1,A,3,1,21,2.0,14,JALISCO,39,GUADALAJARA,3,0,0,0,1,1,0,0,0,0,1,0,0,0,0,2,2,2,1,1,2,1,3,1,1,2,2,2,2,2,3,1,0,1,0,1,0,0,1,1,1,0,0,0,1,0,0,1,0,0,1,1,1,1,1,1,2,,1,2.0,1,2.0,2,,1,2.0,9,,1,3,1,2,2,1,2,2,1,2,2,1,3,2,2,2,2,2,2,2,2,2,2,2,2,2,2,,2,1,3,3,3,3,3,3,3,3,3,3,3,2,3,1,1,1,2,,,,,2,,,,,2,,,,,2,,,,,2,,,,2,,,,2,,,,2,,,,2,,,,2,,,,2,,,,,,,,,,,,,,,,,,,,,,,,,,,,,,,,,,,,,,,,,,,,,,,,,,,,,,,,,,4,924,2771,924.0,2771.0,U,3,280,6365,True,"Robo en transporte público, Robo en calle, Lesiones",Hombre
38924,1404671.03,1404671.03.01,1404671.03.01.03,1404671,3,1,B,3,1,21,2.0,14,JALISCO,39,GUADALAJARA,3,0,0,1,0,0,0,0,1,1,0,0,0,0,0,1,1,1,1,1,1,1,1,1,2,2,2,1,1,3,2,0,0,0,0,0,0,0,0,0,0,1,0,0,0,0,0,0,0,0,2,2,2,2,3,4,1,2.0,2,,1,2.0,2,,2,,2,,2,3,2,3,2,2,2,2,3,3,2,2,3,2,1,2,1,1,2,1,2,2,2,2,2,2,2,9999999.0,2,2,2,2,2,3,3,2,2,3,3,3,2,3,2,1,1,1,2,,,,,2,,,,,1,3.0,2.0,3.0,1.0,1,1.0,2.0,2.0,1.0,2,,,,2,,,,2,,,,1,1.0,2.0,2.0,2,,,,2,,,,2,,,,,,,,,,,,,,2.0,1.0,2.0,2.0,2.0,2.0,1.0,2.0,2.0,2.0,,,,,,,,,,,,,,,,2.0,1.0,2.0,2.0,2.0,,,,,,,,,,,,,,,2,924,2771,924.0,2771.0,U,3,280,6365,True,"Robo en vivienda, Extorsión, Delito sexual",Hombre
38925,1404709.01,1404709.01.01,1404709.01.01.01,1404709,1,1,B,1,1,70,2.0,14,JALISCO,39,GUADALAJARA,3,0,0,1,0,1,0,0,0,0,1,0,0,0,0,2,2,2,2,2,2,3,2,2,2,2,2,2,2,3,5,1,0,0,1,0,0,1,1,1,1,1,1,1,1,1,0,0,0,0,1,1,1,3,3,3,2,,2,,1,2.0,2,,1,2.0,9,,3,3,3,2,2,2,3,3,2,3,2,2,3,2,2,2,2,2,2,2,2,2,2,2,2,2,2,,2,3,3,3,3,3,3,3,3,3,3,3,3,3,1,5,1,5,1,4.0,1.0,3.0,2.0,1,4.0,1.0,3.0,2.0,1,4.0,1.0,3.0,2.0,1,2.0,2.0,2.0,1.0,2,,,,2,,,,2,,,,1,1.0,2.0,1.0,2,,,,1,1.0,2.0,1.0,2,,,,2.0,1.0,2.0,2.0,2.0,2.0,1.0,2.0,2.0,2.0,2.0,1.0,2.0,2.0,2.0,2.0,1.0,2.0,2.0,2.0,,,,,,,,,,,,,,,,2.0,1.0,2.0,2.0,2.0,,,,,,2.0,1.0,2.0,2.0,2.0,,,,,4,969,1938,969.0,1938.0,U,3,280,6335,True,"Robo en vivienda, Robo en calle, Lesiones",Hombre
38926,1404709.02,1404709.02.01,1404709.02.01.01,1404709,2,1,B,1,2,83,2.0,14,JALISCO,39,GUADALAJARA,3,1,0,0,1,0,0,1,0,0,0,0,0,0,0,1,1,2,1,3,2,3,3,3,3,3,3,1,1,3,5,0,0,0,0,0,0,0,0,1,0,0,0,0,0,0,0,0,0,0,2,2,2,1,1,1,2,,1,9.0,1,9.0,2,,1,9.0,9,,3,2,3,3,3,2,3,3,3,3,3,3,3,3,2,3,2,2,2,2,2,2,2,2,2,2,2,,2,3,2,2,2,3,2,2,2,2,2,2,2,2,1,5,1,5,2,,,,,1,2.0,9.0,2.0,1.0,2,,,,,2,,,,,2,,,,2,,,,2,,,,1,2.0,9.0,2.0,2,,,,2,,,,2,,,,,,,,,2.0,1.0,2.0,2.0,2.0,,,,,,,,,,,,,,,,,,,,,,,,,,2.0,1.0,2.0,2.0,2.0,,,,,,,,,,,,,,,9,969,2906,969.0,2906.0,U,3,280,6335,True,"Robo vehículo, Robo en transporte público, Fraude bancario",Mujer
38927,1404709.03,1404709.03.01,1404709.03.01.01,1404709,3,1,A,1,2,28,2.0,14,JALISCO,39,GUADALAJARA,3,1,0,0,0,1,0,0,1,0,0,0,0,0,0,2,2,2,1,1,2,3,1,1,1,2,3,2,2,2,3,0,1,1,0,0,0,1,1,1,1,1,1,1,1,0,0,1,0,0,1,1,2,3,3,3,1,2.0,2,,1,2.0,1,2.0,1,2.0,1,9.0,1,2,2,3,3,1,3,2,2,3,2,2,3,2,2,2,2,1,2,2,2,2,2,2,2,2,2,5000.0,3,3,3,2,2,3,1,3,3,1,2,2,3,3,1,1,1,1,1,4.0,1.0,4.0,2.0,1,2.0,1.0,3.0,9.0,1,2.0,1.0,2.0,1.0,1,2.0,1.0,2.0,1.0,2,,,,1,4.0,1.0,3.0,1,4.0,1.0,3.0,1,1.0,2.0,2.0,1,2.0,1.0,2.0,1,3.0,1.0,2.0,1,4.0,1.0,4.0,1.0,1.0,2.0,2.0,2.0,2.0,1.0,2.0,2.0,2.0,2.0,1.0,2.0,2.0,2.0,2.0,1.0,2.0,2.0,2.0,,,,,,1.0,2.0,2.0,2.0,2.0,1.0,2.0,2.0,2.0,2.0,2.0,1.0,2.0,2.0,2.0,2.0,2.0,2.0,1.0,2.0,2.0,1.0,2.0,1.0,2.0,1.0,2.0,2.0,2.0,3,969,1938,969.0,1938.0,U,3,280,6335,True,"Robo vehículo, Robo en calle, Extorsión",Mujer
38928,1404709.04,1404709.04.01,1404709.04.01.01,1404709,4,1,B,1,1,52,2.0,14,JALISCO,39,GUADALAJARA,2,1,0,0,1,1,0,0,0,0,0,0,0,0,0,2,2,2,1,2,2,3,1,2,2,2,2,2,2,2,3,1,0,1,0,1,0,0,1,1,1,0,0,0,1,1,0,1,0,0,1,1,1,1,3,3,1,2.0,1,2.0,1,2.0,2,,1,2.0,9,,2,3,2,2,2,2,3,3,2,3,2,2,2,2,2,2,2,2,2,2,2,2,2,2,2,2,2,,2,3,1,2,2,3,3,2,3,3,2,2,2,2,4,2,2,3,1,3.0,1.0,2.0,1.0,1,3.0,1.0,3.0,2.0,1,4.0,1.0,3.0,2.0,1,2.0,2.0,2.0,9.0,2,,,,1,3.0,1.0,3.0,2,,,,1,1.0,2.0,1.0,2,,,,2,,,,1,3.0,1.0,3.0,1.0,1.0,2.0,2.0,2.0,1.0,1.0,2.0,2.0,2.0,2.0,1.0,2.0,2.0,2.0,2.0,1.0,2.0,2.0,2.0,,,,,,1.0,2.0,2.0,2.0,2.0,,,,,,2.0,1.0,2.0,1.0,2.0,,,,,,,,,,,1.0,1.0,1.0,2.0,3,969,969,969.0,969.0,U,3,280,6335,True,"Robo vehículo, Robo en transporte público, Robo en calle",Hombre
38929,1404709.05,1404709.05.01,1404709.05.01.01,1404709,5,1,B,1,1,43,2.0,14,JALISCO,39,GUADALAJARA,3,0,1,1,0,1,0,0,0,0,0,0,0,0,0,2,2,2,1,2,2,3,2,1,1,2,2,2,2,2,3,1,1,0,1,1,1,0,1,1,1,1,0,0,1,1,0,1,0,0,1,1,1,3,3,3,2,,2,,2,,2,,1,2.0,2,,2,2,2,2,2,2,3,2,2,3,2,2,3,2,2,1,2,1,2,1,2,2,2,2,2,2,2,3000.0,1,3,1,2,1,3,3,3,3,3,3,3,2,3,4,4,2,2,1,4.0,1.0,3.0,2.0,1,4.0,1.0,3.0,2.0,1,4.0,1.0,3.0,2.0,1,2.0,2.0,2.0,1.0,2,,,,2,,,,2,,,,1,2.0,2.0,2.0,2,,,,1,1.0,1.0,2.0,2,,,,2.0,1.0,2.0,2.0,2.0,2.0,1.0,2.0,2.0,2.0,2.0,1.0,2.0,2.0,2.0,2.0,1.0,2.0,2.0,2.0,,,,,,,,,,,,,,,,2.0,1.0,2.0,2.0,2.0,,,,,,2.0,2.0,2.0,1.0,2.0,,,,,4,969,1938,969.0,1938.0,U,3,280,6335,True,"Robo accesorios vehículo, Robo en vivienda, Robo en calle",Hombre
38930,1404718.01,1404718.01.01,1404718.01.01.01,1404718,1,1,B,1,1,53,2.0,14,JALISCO,39,GUADALAJARA,3,0,0,0,0,1,0,0,0,1,1,0,0,0,0,1,2,2,1,1,1,3,1,1,2,2,3,1,1,1,2,1,0,0,0,0,0,0,1,0,0,0,0,0,0,0,0,0,0,0,2,2,2,3,3,3,1,1.0,1,2.0,1,2.0,2,,2,,2,,2,2,2,3,3,2,3,2,2,3,2,2,3,2,2,2,2,2,2,2,2,1,2,2,2,2,2,0.0,3,3,3,3,3,3,3,3,3,3,2,2,2,3,1,1,1,1,1,3.0,1.0,3.0,2.0,1,3.0,1.0,4.0,2.0,1,3.0,1.0,4.0,2.0,1,3.0,1.0,3.0,9.0,2,,,,1,4.0,1.0,4.0,2,,,,1,3.0,1.0,2.0,2,,,,1,3.0,1.0,2.0,2,,,,1.0,1.0,2.0,2.0,2.0,2.0,1.0,2.0,2.0,2.0,2.0,1.0,2.0,2.0,2.0,2.0,1.0,2.0,2.0,2.0,,,,,,2.0,2.0,2.0,1.0,2.0,,,,,,2.0,1.0,2.0,2.0,2.0,,,,,,2.0,1.0,2.0,2.0,2.0,,,,,4,961,2883,961.0,2883.0,U,3,280,6342,True,"Robo en calle, Delito sexual, Lesiones",Hombre
38931,1404718.02,1404718.02.01,1404718.02.01.01,1404718,2,1,B,1,2,69,2.0,14,JALISCO,39,GUADALAJARA,3,0,0,0,1,1,0,0,0,0,1,0,0,0,0,2,2,2,2,2,2,3,2,3,1,2,2,1,2,2,3,0,0,0,0,0,0,0,0,0,0,0,0,0,0,0,0,0,1,0,2,2,2,3,4,3,2,,2,,2,,2,,2,,9,,3,2,2,2,2,2,3,2,2,3,2,3,3,3,2,2,2,2,2,2,2,2,2,2,2,2,2,,2,1,2,2,2,3,2,2,2,2,2,2,2,2,1,5,1,5,2,,,,,1,2.0,1.0,3.0,9.0,2,,,,,2,,,,,2,,,,2,,,,2,,,,1,2.0,9.0,2.0,2,,,,2,,,,2,,,,,,,,,2.0,1.0,2.0,2.0,2.0,,,,,,,,,,,,,,,,,,,,,,,,,,2.0,1.0,2.0,2.0,2.0,,,,,,,,,,,,,,,3,961,961,961.0,961.0,U,3,280,6342,True,"Robo en transporte público, Robo en calle, Lesiones",Mujer
38932,1404718.03,1404718.03.01,1404718.03.01.01,1404718,3,1,A,1,1,38,2.0,14,JALISCO,39,GUADALAJARA,3,0,0,0,0,1,0,1,1,0,0,0,0,0,0,2,2,2,2,1,2,3,2,1,2,2,3,2,1,1,3,1,0,0,1,1,0,1,1,1,1,1,0,1,1,0,0,0,0,0,1,1,1,3,3,3,1,2.0,1,2.0,1,2.0,2,,1,2.0,9,,1,2,2,3,3,1,3,2,1,3,1,2,3,2,2,2,2,1,2,1,2,2,2,2,2,2,2,6000.0,1,3,3,3,3,3,3,3,2,3,3,3,2,3,3,1,1,1,1,2.0,1.0,2.0,1.0,1,2.0,1.0,2.0,1.0,1,2.0,1.0,2.0,1.0,1,2.0,1.0,2.0,1.0,2,,,,1,2.0,1.0,2.0,1,2.0,1.0,2.0,1,2.0,1.0,2.0,2,,,,1,2.0,1.0,2.0,1,2.0,1.0,2.0,2.0,1.0,2.0,2.0,1.0,2.0,1.0,2.0,2.0,1.0,2.0,1.0,2.0,2.0,2.0,2.0,1.0,2.0,2.0,2.0,,,,,,1.0,2.0,2.0,2.0,2.0,2.0,2.0,2.0,1.0,2.0,2.0,1.0,2.0,2.0,2.0,,,,,,2.0,1.0,2.0,1.0,2.0,1.0,2.0,2.0,2.0,3,961,1922,961.0,1922.0,U,3,280,6342,True,"Robo en calle, Fraude bancario, Extorsión",Hombre
38933,1404718.04,1404718.04.01,1404718.04.01.04,1404718,4,1,B,4,2,31,2.0,14,JALISCO,39,GUADALAJARA,3,0,1,0,1,1,0,0,0,0,0,0,0,0,0,1,2,2,1,1,2,3,1,1,1,2,1,1,1,1,3,1,0,1,1,1,0,1,1,1,1,1,0,0,1,0,0,1,0,0,1,1,1,2,4,3,2,,2,,2,,2,,1,2.0,9,,2,2,2,2,2,2,3,2,2,2,2,2,3,2,2,2,2,2,2,2,2,2,2,2,2,2,2,,1,1,3,1,3,3,3,2,2,3,2,2,3,3,4,3,3,3,1,4.0,1.0,3.0,2.0,1,4.0,1.0,3.0,2.0,2,,,,,1,2.0,1.0,3.0,1.0,2,,,,2,,,,1,2.0,1.0,2.0,1,2.0,2.0,2.0,2,,,,2,,,,2,,,,2.0,1.0,1.0,2.0,2.0,1.0,1.0,2.0,1.0,2.0,,,,,,2.0,1.0,2.0,2.0,2.0,,,,,,,,,,,1.0,2.0,2.0,1.0,2.0,2.0,1.0,2.0,2.0,2.0,,,,,,,,,,,,,,,4,961,4806,961.0,4806.0,U,3,280,6342,True,"Robo accesorios vehículo, Robo en transporte público, Robo en calle",Mujer
38934,1404718.05,1404718.05.01,1404718.05.01.04,1404718,5,1,A,4,1,29,2.0,14,JALISCO,39,GUADALAJARA,3,0,1,0,0,1,0,0,1,0,0,0,0,0,0,2,2,2,1,1,2,3,2,1,2,2,2,2,2,2,3,0,0,0,0,0,0,0,0,1,0,1,0,0,1,0,0,0,0,0,2,2,2,1,1,1,2,,2,,1,9.0,2,,1,2.0,9,,2,2,2,2,2,1,3,2,2,3,2,2,3,2,2,2,2,2,2,2,2,2,2,2,2,2,2,,3,1,3,2,2,3,3,1,2,3,3,2,2,2,2,2,1,1,1,2.0,1.0,3.0,1.0,1,2.0,1.0,3.0,1.0,1,2.0,1.0,3.0,1.0,1,2.0,1.0,3.0,1.0,2,,,,1,2.0,1.0,3.0,1,2.0,1.0,2.0,1,2.0,1.0,2.0,2,,,,1,2.0,1.0,2.0,2,,,,2.0,1.0,2.0,2.0,2.0,2.0,1.0,2.0,2.0,2.0,2.0,1.0,2.0,2.0,2.0,2.0,1.0,2.0,2.0,2.0,,,,,,1.0,2.0,2.0,2.0,2.0,2.0,2.0,2.0,1.0,2.0,2.0,1.0,2.0,2.0,2.0,,,,,,2.0,1.0,2.0,1.0,2.0,,,,,2,961,3844,961.0,3844.0,U,3,280,6342,True,"Robo accesorios vehículo, Robo en calle, Extorsión",Hombre
38935,1404775.02,1404775.02.01,1404775.02.01.01,1404775,2,1,B,1,1,78,2.0,14,JALISCO,39,GUADALAJARA,3,0,0,0,0,1,0,0,1,0,1,0,0,0,0,2,2,2,1,2,2,3,1,1,2,2,2,2,2,2,3,0,1,0,0,0,0,0,1,1,0,0,0,0,0,0,0,0,0,0,1,1,2,3,3,3,2,,2,,2,,2,,2,,2,,1,3,1,1,1,1,3,3,1,1,2,2,2,1,2,2,2,2,2,2,2,2,2,2,2,2,2,,3,3,3,3,3,3,3,3,3,3,2,2,2,2,4,4,1,1,2,,,,,2,,,,,1,3.0,2.0,3.0,2.0,2,,,,,2,,,,2,,,,2,,,,2,,,,2,,,,2,,,,2,,,,,,,,,,,,,,2.0,1.0,1.0,1.0,2.0,,,,,,,,,,,,,,,,,,,,,,,,,,,,,,,,,,,,,,,,3,1050,2099,1050.0,2099.0,U,3,280,6301,True,"Robo en calle, Extorsión, Lesiones",Hombre
38936,1404775.04,1404775.04.01,1404775.04.01.01,1404775,4,1,B,1,2,65,2.0,14,JALISCO,39,GUADALAJARA,3,1,0,0,0,1,0,0,0,1,0,0,0,0,0,2,2,2,1,3,2,3,2,2,2,2,2,2,2,2,1,1,0,0,0,0,0,0,0,0,1,1,0,0,1,0,0,0,0,0,1,1,1,1,3,4,1,2.0,1,1.0,1,1.0,2,,1,2.0,9,,1,3,1,1,1,1,3,3,3,1,2,3,3,3,2,2,2,2,2,2,2,2,2,2,2,2,2,,3,3,2,2,2,2,3,2,1,3,3,3,3,3,2,3,1,1,1,3.0,1.0,3.0,1.0,1,3.0,9.0,3.0,1.0,2,,,,,2,,,,,2,,,,2,,,,2,,,,1,9.0,9.0,9.0,1,9.0,9.0,9.0,2,,,,2,,,,2.0,1.0,2.0,2.0,2.0,2.0,1.0,2.0,2.0,2.0,,,,,,,,,,,,,,,,,,,,,,,,,,2.0,1.0,2.0,2.0,2.0,2.0,1.0,2.0,2.0,2.0,,,,,,,,,,9,1050,1050,1050.0,1050.0,U,3,280,6301,True,"Robo vehículo, Robo en calle, Delito sexual",Mujer
38937,1404775.05,1404775.05.01,1404775.05.01.01,1404775,5,1,B,1,1,36,2.0,14,JALISCO,39,GUADALAJARA,3,1,0,1,0,1,0,0,0,0,0,0,0,0,0,9,2,2,1,1,2,3,2,2,2,2,2,2,2,2,3,1,1,1,0,0,1,1,1,1,1,0,0,1,0,0,0,0,0,0,1,1,1,1,1,1,2,,2,,2,,1,2.0,1,2.0,1,2.0,1,3,1,1,1,1,3,1,2,1,1,2,3,2,2,2,2,1,2,2,2,2,2,2,2,2,2,600.0,3,1,3,3,3,3,3,3,1,3,2,2,2,2,2,2,1,2,1,3.0,1.0,4.0,2.0,1,2.0,1.0,2.0,1.0,2,,,,,2,,,,,2,,,,2,,,,2,,,,2,,,,2,,,,2,,,,2,,,,2.0,1.0,1.0,2.0,2.0,2.0,1.0,2.0,2.0,2.0,,,,,,,,,,,,,,,,,,,,,,,,,,,,,,,,,,,,,,,,,,,,,2,1050,1050,1050.0,1050.0,U,3,280,6301,True,"Robo vehículo, Robo en vivienda, Robo en calle",Hombre
38938,1404815.01,1404815.01.01,1404815.01.01.05,1404815,1,1,B,5,1,59,2.0,14,JALISCO,39,GUADALAJARA,3,0,1,1,1,0,0,0,0,0,0,0,0,0,0,2,2,2,2,3,2,3,2,2,2,2,2,2,2,2,2,1,0,1,0,0,1,0,0,0,0,0,0,0,0,0,0,0,0,0,1,1,1,2,3,3,2,,2,,2,,2,,2,,2,,2,3,2,2,2,2,3,3,2,2,1,2,3,3,2,2,2,2,2,2,2,2,2,2,2,2,2,,2,2,2,2,2,3,3,3,3,3,2,2,2,2,2,4,2,2,2,,,,,1,2.0,2.0,4.0,2.0,2,,,,,2,,,,,2,,,,2,,,,2,,,,2,,,,2,,,,2,,,,2,,,,,,,,,1.0,2.0,2.0,2.0,2.0,,,,,,,,,,,,,,,,,,,,,,,,,,,,,,,,,,,,,,,,,,,,,2,994,6957,994.0,6957.0,U,4,281,6462,True,"Robo accesorios vehículo, Robo en vivienda, Robo en transporte público",Hombre
38939,1404815.02,1404815.02.01,1404815.02.01.02,1404815,2,1,B,2,1,40,2.0,14,JALISCO,39,GUADALAJARA,3,0,0,0,0,1,0,0,1,1,0,0,0,0,0,2,2,2,2,2,2,3,1,1,2,3,3,2,2,2,3,0,1,0,0,0,0,0,1,1,0,0,0,0,0,0,0,0,0,0,1,1,1,1,3,3,2,,1,2.0,2,,2,,2,,2,,2,3,2,2,2,1,3,2,2,3,2,2,3,2,2,2,1,1,2,1,2,2,2,2,2,2,2,20000.0,1,1,1,2,2,2,2,2,2,2,2,2,2,2,2,2,1,1,2,,,,,2,,,,,2,,,,,2,,,,,2,,,,2,,,,2,,,,1,2.0,2.0,4.0,2,,,,2,,,,2,,,,,,,,,,,,,,,,,,,,,,,,,,,,,,,,,,,,,,,2.0,1.0,1.0,2.0,2.0,,,,,,,,,,,,,,,4,994,1988,994.0,1988.0,U,4,281,6462,True,"Robo en calle, Extorsión, Delito sexual",Hombre
38940,1404815.03,1404815.03.01,1404815.03.01.03,1404815,3,1,B,3,1,40,2.0,14,JALISCO,39,GUADALAJARA,3,0,1,0,1,1,0,0,0,0,0,0,0,0,0,2,2,2,1,2,2,3,2,2,2,2,2,2,2,2,3,1,0,0,0,0,0,0,1,1,0,0,0,0,0,0,0,0,0,0,1,1,1,3,3,3,2,,2,,2,,2,,2,,2,,2,2,2,2,2,2,3,2,2,2,2,2,3,2,2,2,2,2,2,2,2,2,2,2,2,2,2,,3,3,3,3,3,3,3,2,2,2,2,2,2,2,3,2,3,3,1,3.0,2.0,3.0,2.0,2,,,,,2,,,,,2,,,,,2,,,,2,,,,2,,,,2,,,,2,,,,2,,,,2,,,,2.0,1.0,1.0,1.0,2.0,,,,,,,,,,,,,,,,,,,,,,,,,,,,,,,,,,,,,,,,,,,,,,,,,,3,994,3975,994.0,3975.0,U,4,281,6462,True,"Robo accesorios vehículo, Robo en transporte público, Robo en calle",Hombre
38941,1404815.04,1404815.04.01,1404815.04.01.01,1404815,4,1,B,1,2,75,2.0,14,JALISCO,39,GUADALAJARA,3,0,0,0,0,1,0,0,1,0,1,0,0,0,0,2,2,2,2,3,2,3,2,2,2,2,2,2,2,2,4,1,1,0,0,0,0,0,1,1,0,0,0,0,0,0,0,0,0,0,1,1,1,3,3,3,2,,2,,2,,2,,2,,3,,1,3,1,1,1,1,3,3,1,1,2,2,3,2,2,2,2,2,2,2,2,2,2,2,2,2,2,,3,3,3,3,3,3,3,3,3,3,3,3,3,3,3,2,2,3,2,,,,,2,,,,,2,,,,,2,,,,,2,,,,2,,,,2,,,,2,,,,2,,,,2,,,,2,,,,,,,,,,,,,,,,,,,,,,,,,,,,,,,,,,,,,,,,,,,,,,,,,,,,,,,,,,3,994,994,994.0,994.0,U,4,281,6462,True,"Robo en calle, Extorsión, Lesiones",Mujer
38942,1404815.05,1404815.05.01,1404815.05.01.02,1404815,5,1,B,2,1,67,2.0,14,JALISCO,39,GUADALAJARA,3,0,1,0,0,1,0,0,1,0,0,0,0,0,0,2,2,2,1,3,2,3,2,2,2,2,9,1,2,2,4,0,1,0,0,0,0,0,1,1,0,0,0,0,0,0,0,0,0,0,1,1,1,3,3,3,2,,2,,2,,2,,2,,2,,1,3,1,1,1,1,3,3,1,1,2,2,3,3,3,2,2,2,2,2,2,2,2,2,2,2,2,,2,1,2,2,2,3,3,2,2,1,2,2,2,2,1,5,3,3,2,,,,,1,4.0,2.0,2.0,1.0,2,,,,,2,,,,,2,,,,2,,,,2,,,,2,,,,2,,,,2,,,,2,,,,,,,,,2.0,1.0,2.0,2.0,2.0,,,,,,,,,,,,,,,,,,,,,,,,,,,,,,,,,,,,,,,,,,,,,4,994,2982,994.0,2982.0,U,4,281,6462,True,"Robo accesorios vehículo, Robo en calle, Extorsión",Hombre
38943,1404852.01,1404852.01.01,1404852.01.01.03,1404852,1,1,B,3,1,25,2.0,14,JALISCO,39,GUADALAJARA,3,0,0,0,1,0,0,1,0,0,0,1,0,0,0,2,2,2,2,2,2,3,2,1,2,2,2,1,2,2,3,0,0,0,0,0,0,0,1,1,0,0,0,1,0,0,0,0,0,0,1,2,2,3,3,3,2,,1,1.0,1,2.0,2,,1,1.0,9,,2,3,2,2,2,1,3,2,2,3,2,1,3,2,2,2,2,2,1,2,2,1,2,2,2,2,2,9999999.0,1,1,2,2,2,3,3,1,3,1,3,3,3,3,2,1,1,2,1,4.0,1.0,4.0,2.0,1,3.0,1.0,3.0,1.0,1,4.0,1.0,3.0,1.0,1,2.0,2.0,1.0,1.0,2,,,,2,,,,1,2.0,1.0,3.0,1,1.0,2.0,1.0,1,4.0,2.0,3.0,1,1.0,2.0,1.0,2,,,,2.0,1.0,2.0,2.0,2.0,2.0,1.0,2.0,2.0,2.0,1.0,2.0,2.0,2.0,2.0,1.0,2.0,2.0,2.0,2.0,,,,,,,,,,,1.0,2.0,2.0,2.0,2.0,2.0,1.0,2.0,2.0,2.0,2.0,2.0,2.0,1.0,2.0,2.0,2.0,2.0,1.0,2.0,,,,,3,1092,3276,1092.0,3276.0,U,4,281,6429,True,"Robo en transporte público, Fraude bancario, Amenazas",Hombre
38944,1404852.03,1404852.03.01,1404852.03.01.02,1404852,3,1,B,2,2,75,2.0,14,JALISCO,39,GUADALAJARA,3,1,0,0,1,1,0,0,0,0,0,0,0,0,0,2,1,2,1,3,2,3,3,3,2,2,3,2,2,3,4,0,0,0,0,0,0,0,0,1,0,0,0,0,1,0,0,0,0,0,1,1,1,3,3,3,2,,2,,2,,2,,1,2.0,9,,1,3,1,1,3,1,3,1,1,1,3,1,3,1,1,2,2,2,2,2,2,2,2,2,2,2,2,,1,3,1,1,1,3,3,3,3,3,3,3,3,3,1,5,1,1,2,,,,,2,,,,,2,,,,,2,,,,,2,,,,2,,,,2,,,,2,,,,2,,,,2,,,,2,,,,,,,,,,,,,,,,,,,,,,,,,,,,,,,,,,,,,,,,,,,,,,,,,,,,,,,,,,1,1092,4368,1092.0,4368.0,U,4,281,6429,True,"Robo vehículo, Robo en transporte público, Robo en calle",Mujer
38945,1404852.04,1404852.04.01,1404852.04.01.01,1404852,4,1,B,1,2,65,2.0,14,JALISCO,39,GUADALAJARA,3,0,0,0,1,1,0,0,1,0,0,0,0,0,0,1,1,1,1,3,1,3,1,1,2,2,2,3,2,1,3,0,0,0,0,0,0,0,0,0,0,0,0,0,0,0,0,0,1,0,1,1,1,1,1,3,2,,2,,2,,2,,2,,2,,1,3,2,3,2,1,3,1,1,1,2,1,1,1,1,1,1,1,1,2,2,1,2,2,2,2,2,30000.0,1,1,2,2,2,3,3,3,1,3,3,3,3,3,1,5,1,1,1,2.0,1.0,2.0,2.0,1,2.0,1.0,2.0,1.0,1,2.0,1.0,2.0,1.0,1,2.0,1.0,2.0,1.0,1,2.0,2.0,2.0,1,2.0,1.0,2.0,1,2.0,1.0,2.0,1,2.0,1.0,2.0,1,2.0,2.0,2.0,1,1.0,2.0,1.0,1,2.0,1.0,2.0,2.0,1.0,2.0,2.0,2.0,2.0,1.0,2.0,2.0,2.0,2.0,1.0,2.0,2.0,2.0,2.0,1.0,2.0,2.0,2.0,2.0,1.0,2.0,2.0,2.0,2.0,1.0,2.0,2.0,2.0,2.0,1.0,2.0,2.0,2.0,2.0,1.0,2.0,2.0,2.0,2.0,1.0,2.0,2.0,2.0,2.0,2.0,2.0,1.0,2.0,2.0,2.0,1.0,2.0,4,1092,1092,1092.0,1092.0,U,4,281,6429,True,"Robo en transporte público, Robo en calle, Extorsión",Mujer
38946,1404852.05,1404852.05.01,1404852.05.01.01,1404852,5,1,B,1,1,30,2.0,14,JALISCO,39,GUADALAJARA,1,0,1,0,0,1,0,0,0,1,0,0,0,0,0,1,1,9,1,1,1,1,1,1,2,2,1,1,2,1,2,0,0,0,0,0,0,0,0,0,0,0,0,0,0,0,0,0,0,1,1,1,1,2,2,3,2,,2,,1,2.0,2,,2,,9,,1,3,1,1,2,1,2,2,1,1,1,2,2,2,1,1,9,9,9,9,9,9,9,9,9,9,9,,2,2,2,2,2,2,2,2,2,2,2,2,2,2,2,2,1,1,1,2.0,9.0,2.0,2.0,2,,,,,1,2.0,1.0,2.0,1.0,1,2.0,2.0,2.0,1.0,2,,,,2,,,,2,,,,1,2.0,2.0,2.0,2,,,,1,2.0,2.0,2.0,2,,,,2.0,1.0,2.0,2.0,2.0,,,,,,2.0,1.0,2.0,2.0,2.0,2.0,2.0,2.0,2.0,1.0,,,,,,,,,,,,,,,,2.0,2.0,2.0,1.0,2.0,,,,,,2.0,2.0,2.0,1.0,2.0,,,,,3,1092,1092,1092.0,1092.0,U,4,281,6429,True,"Robo accesorios vehículo, Robo en calle, Delito sexual",Hombre
38947,1404866.01,1404866.01.01,1404866.01.01.02,1404866,1,1,B,2,2,82,2.0,14,JALISCO,39,GUADALAJARA,3,1,0,0,0,1,0,1,0,0,0,0,0,0,0,2,2,2,1,3,3,3,2,2,3,3,3,1,2,2,2,0,0,0,0,0,0,0,0,0,0,0,0,0,0,0,0,0,1,0,1,2,2,3,3,3,2,,1,2.0,2,,2,,2,,2,,3,3,3,2,3,2,3,3,3,3,3,3,3,3,2,3,2,2,2,2,2,2,2,2,2,2,2,,2,2,2,2,2,2,2,2,2,2,3,3,3,3,2,3,1,5,2,,,,,2,,,,,2,,,,,2,,,,,2,,,,2,,,,2,,,,2,,,,2,,,,2,,,,2,,,,,,,,,,,,,,,,,,,,,,,,,,,,,,,,,,,,,,,,,,,,,,,,,,,,,,,,,,3,1069,2138,1069.0,2138.0,U,3,280,6299,True,"Robo vehículo, Robo en calle, Fraude bancario",Mujer
38948,1404866.02,1404866.02.01,1404866.02.01.01,1404866,2,1,B,1,2,98,2.0,14,JALISCO,39,GUADALAJARA,3,0,0,0,1,0,0,1,0,0,1,0,0,0,0,2,2,2,2,2,3,2,2,2,2,2,2,2,2,2,3,1,0,0,0,0,0,0,0,0,1,0,0,0,0,0,0,0,0,0,1,1,1,4,4,4,2,,1,2.0,2,,2,,1,2.0,2,,1,2,2,2,2,2,3,3,3,3,3,1,3,2,2,2,1,2,2,2,2,2,2,2,2,2,2,3000.0,2,1,2,3,3,3,3,1,3,3,1,3,3,3,2,2,1,2,1,2.0,1.0,3.0,1.0,1,4.0,1.0,4.0,2.0,1,2.0,1.0,2.0,1.0,1,2.0,1.0,2.0,1.0,2,,,,2,,,,2,,,,1,2.0,1.0,2.0,2,,,,1,2.0,1.0,2.0,2,,,,2.0,1.0,2.0,2.0,2.0,1.0,2.0,2.0,2.0,2.0,2.0,1.0,2.0,2.0,2.0,2.0,2.0,2.0,1.0,2.0,,,,,,,,,,,,,,,,2.0,2.0,1.0,2.0,2.0,,,,,,2.0,2.0,2.0,1.0,2.0,,,,,3,1069,4277,1069.0,4277.0,U,3,280,6299,True,"Robo en transporte público, Fraude bancario, Lesiones",Mujer
38949,1404866.03,1404866.03.01,1404866.03.01.01,1404866,3,1,B,1,2,69,2.0,14,JALISCO,39,GUADALAJARA,3,0,0,1,1,1,0,0,0,0,0,0,0,0,0,1,2,2,2,3,1,3,3,3,2,2,3,1,2,2,3,0,0,0,0,0,0,0,0,1,0,0,0,0,0,0,0,0,0,0,1,2,2,3,3,3,1,2.0,1,2.0,1,2.0,2,,1,2.0,2,,2,2,2,3,3,1,3,3,3,2,2,1,3,3,2,1,2,2,2,2,2,2,2,2,2,2,2,,3,3,2,2,2,2,2,2,2,3,3,3,2,2,2,5,1,5,1,2.0,1.0,3.0,1.0,1,4.0,1.0,4.0,1.0,2,,,,,1,2.0,1.0,2.0,1.0,2,,,,2,,,,2,,,,1,4.0,1.0,3.0,2,,,,2,,,,2,,,,2.0,1.0,2.0,2.0,2.0,2.0,1.0,2.0,2.0,2.0,,,,,,2.0,1.0,2.0,2.0,2.0,,,,,,,,,,,,,,,,2.0,1.0,2.0,2.0,2.0,,,,,,,,,,,,,,,4,1069,2138,1069.0,2138.0,U,3,280,6299,True,"Robo en vivienda, Robo en transporte público, Robo en calle",Mujer
38950,1404866.04,1404866.04.01,1404866.04.01.01,1404866,4,1,B,1,2,57,2.0,14,JALISCO,39,GUADALAJARA,3,0,0,0,0,1,0,0,1,0,1,0,0,0,0,2,2,2,2,3,2,3,2,2,2,2,2,2,2,2,3,1,0,0,0,0,0,0,1,0,0,0,0,0,0,0,0,0,0,0,1,1,2,1,1,1,1,2.0,2,,2,,2,,1,2.0,2,,1,3,2,3,3,1,3,3,3,3,3,1,3,2,2,2,2,2,2,2,2,2,2,2,2,2,2,,3,3,2,2,3,3,1,3,3,1,1,1,3,3,1,3,1,1,1,2.0,1.0,2.0,2.0,1,2.0,1.0,4.0,2.0,1,2.0,2.0,2.0,1.0,1,1.0,2.0,2.0,1.0,1,2.0,1.0,4.0,1,4.0,1.0,4.0,2,,,,1,1.0,2.0,1.0,1,1.0,2.0,1.0,1,1.0,2.0,1.0,1,4.0,1.0,4.0,2.0,1.0,2.0,2.0,2.0,2.0,1.0,2.0,2.0,2.0,2.0,1.0,2.0,2.0,2.0,2.0,1.0,2.0,2.0,2.0,1.0,2.0,2.0,2.0,2.0,1.0,2.0,2.0,2.0,2.0,,,,,,1.0,2.0,2.0,2.0,2.0,2.0,2.0,2.0,1.0,2.0,2.0,2.0,1.0,2.0,2.0,1.0,2.0,2.0,2.0,4,1069,1069,1069.0,1069.0,U,3,280,6299,True,"Robo en calle, Extorsión, Lesiones",Mujer
38951,1404866.05,1404866.05.01,1404866.05.01.01,1404866,5,1,B,1,1,30,2.0,14,JALISCO,39,GUADALAJARA,3,0,0,1,1,1,0,0,0,0,0,0,0,0,0,1,1,1,1,1,1,2,1,1,2,2,3,1,1,1,2,1,0,0,0,0,0,0,0,0,0,0,0,0,0,0,0,0,0,0,2,2,2,1,1,1,2,,2,,2,,2,,2,,2,,2,3,2,2,3,2,3,2,2,3,2,2,2,2,2,2,2,2,2,2,2,2,2,2,2,2,2,,2,1,2,2,2,3,2,1,2,1,1,1,2,2,1,2,1,1,1,2.0,1.0,4.0,1.0,1,2.0,1.0,4.0,1.0,1,2.0,1.0,2.0,1.0,1,1.0,2.0,1.0,1.0,1,2.0,1.0,2.0,1,2.0,1.0,2.0,1,2.0,1.0,2.0,1,1.0,2.0,1.0,1,2.0,1.0,2.0,1,1.0,2.0,1.0,2,,,,1.0,2.0,2.0,2.0,2.0,1.0,2.0,2.0,2.0,2.0,2.0,1.0,2.0,2.0,2.0,2.0,1.0,2.0,2.0,2.0,2.0,1.0,2.0,2.0,2.0,2.0,1.0,2.0,2.0,2.0,2.0,2.0,1.0,2.0,2.0,2.0,1.0,2.0,2.0,2.0,2.0,2.0,1.0,2.0,2.0,2.0,1.0,2.0,2.0,2.0,,,,,2,1069,1069,1069.0,1069.0,U,3,280,6299,True,"Robo en vivienda, Robo en transporte público, Robo en calle",Hombre
38952,1404885.02,1404885.02.01,1404885.02.01.01,1404885,2,1,A,1,1,66,2.0,14,JALISCO,39,GUADALAJARA,3,0,0,1,0,0,0,0,1,0,0,1,0,0,0,1,2,2,2,1,2,3,2,1,2,2,2,2,2,1,4,0,1,1,0,0,0,1,0,1,1,0,0,0,0,1,0,1,0,0,1,1,1,1,4,1,2,,2,,2,,1,1.0,1,1.0,9,,1,3,1,2,2,1,3,3,2,1,1,2,3,2,1,1,1,1,1,1,2,1,2,1,2,2,2,9999999.0,2,1,2,2,2,3,3,1,1,1,3,3,3,3,1,1,1,1,1,3.0,9.0,9.0,9.0,1,1.0,9.0,1.0,1.0,1,2.0,9.0,9.0,9.0,1,1.0,2.0,1.0,1.0,2,,,,2,,,,2,,,,1,1.0,2.0,1.0,1,1.0,2.0,1.0,1,1.0,2.0,1.0,2,,,,1.0,1.0,2.0,2.0,2.0,1.0,1.0,2.0,2.0,2.0,2.0,1.0,2.0,2.0,2.0,2.0,1.0,2.0,2.0,2.0,,,,,,,,,,,,,,,,2.0,1.0,2.0,2.0,2.0,2.0,1.0,2.0,1.0,2.0,2.0,1.0,1.0,1.0,2.0,,,,,9,1180,2361,1180.0,2361.0,U,4,281,6399,True,"Robo en vivienda, Extorsión, Amenazas",Hombre
38953,1404885.02,1404885.02.02,1404885.02.02.01,1404885,2,2,A,1,2,23,2.0,14,JALISCO,39,GUADALAJARA,3,0,0,0,1,1,0,1,0,0,0,0,0,0,0,1,1,2,1,3,1,1,3,1,2,2,1,1,2,1,3,0,0,0,0,0,0,0,0,0,0,0,0,0,0,0,0,0,1,0,1,2,2,2,1,1,1,9.0,1,9.0,2,,2,,2,,9,,1,3,2,1,2,1,2,2,2,3,2,2,3,2,2,2,2,2,2,1,2,9,2,2,2,2,2,9999999.0,2,3,2,2,2,3,2,2,3,1,2,2,2,2,2,2,1,1,2,,,,,2,,,,,2,,,,,2,,,,,2,,,,2,,,,2,,,,1,2.0,9.0,9.0,2,,,,2,,,,2,,,,,,,,,,,,,,,,,,,,,,,,,,,,,,,,,,,,,,,2.0,1.0,2.0,2.0,2.0,,,,,,,,,,,,,,,2,1180,1180,1180.0,1180.0,U,4,281,6399,True,"Robo en transporte público, Robo en calle, Fraude bancario",Mujer
38954,1404885.04,1404885.04.01,1404885.04.01.02,1404885,4,1,A,2,2,59,2.0,14,JALISCO,39,GUADALAJARA,3,0,0,1,0,1,0,0,1,0,0,0,0,0,0,2,2,2,1,2,2,3,2,1,2,2,3,1,2,2,4,0,0,0,0,0,0,0,0,1,0,0,0,1,0,1,0,0,0,0,1,1,1,1,1,4,1,2.0,2,,2,,2,,1,2.0,2,,1,1,2,1,3,1,3,2,1,1,2,2,1,2,2,2,2,2,2,2,2,2,2,2,2,2,2,,1,9,1,2,9,2,1,1,2,2,2,2,2,2,2,1,1,1,1,2.0,1.0,2.0,1.0,9,,,,,9,,,,,1,4.0,1.0,4.0,2.0,2,,,,2,,,,2,,,,1,3.0,2.0,2.0,2,,,,2,,,,2,,,,1.0,1.0,1.0,1.0,2.0,,,,,,,,,,,2.0,1.0,1.0,1.0,2.0,,,,,,,,,,,,,,,,2.0,1.0,1.0,1.0,2.0,,,,,,,,,,,,,,,3,1180,2361,1180.0,2361.0,U,4,281,6399,True,"Robo en vivienda, Robo en calle, Extorsión",Mujer
38955,1404885.05,1404885.05.01,1404885.05.01.02,1404885,5,1,A,2,2,42,2.0,14,JALISCO,39,GUADALAJARA,3,0,0,0,0,1,0,0,0,1,1,0,0,0,0,2,2,2,1,1,2,3,2,2,2,2,2,2,2,2,3,0,0,1,0,0,1,0,0,1,0,0,0,1,1,1,0,0,0,0,3,1,9,1,1,1,1,1.0,1,2.0,1,2.0,2,,1,1.0,9,,2,1,1,1,3,1,3,2,1,3,2,1,3,3,1,1,1,1,1,1,2,2,2,2,2,2,2,7000.0,3,1,1,3,3,2,3,3,3,3,3,3,3,3,1,1,1,1,2,,,,,2,,,,,2,,,,,2,,,,,2,,,,2,,,,2,,,,1,4.0,1.0,4.0,2,,,,2,,,,2,,,,,,,,,,,,,,,,,,,,,,,,,,,,,,,,,,,,,,,2.0,2.0,1.0,2.0,2.0,,,,,,,,,,,,,,,3,1180,2361,1180.0,2361.0,U,4,281,6399,True,"Robo en calle, Delito sexual, Lesiones",Mujer
38956,1404887.01,1404887.01.01,1404887.01.01.01,1404887,1,1,B,1,2,61,2.0,14,JALISCO,39,GUADALAJARA,3,0,1,0,0,1,0,0,0,1,0,0,0,0,0,1,2,2,1,1,1,3,3,1,1,2,2,2,2,2,3,0,0,0,0,0,0,0,1,1,0,0,0,0,0,0,0,0,0,0,1,2,2,4,3,1,2,,1,2.0,1,2.0,2,,1,2.0,2,,2,3,2,1,1,1,3,2,2,1,2,2,2,2,1,1,1,1,2,2,2,2,2,2,2,2,2,1000.0,2,1,3,3,1,3,3,3,3,3,3,3,1,2,1,1,1,1,1,1.0,2.0,1.0,9.0,2,,,,,2,,,,,1,1.0,2.0,1.0,1.0,2,,,,2,,,,2,,,,1,3.0,9.0,1.0,2,,,,1,1.0,2.0,1.0,2,,,,1.0,2.0,2.0,2.0,2.0,,,,,,,,,,,2.0,1.0,2.0,2.0,2.0,,,,,,,,,,,,,,,,2.0,1.0,2.0,2.0,2.0,,,,,,2.0,1.0,2.0,2.0,2.0,,,,,4,1081,2162,1081.0,2162.0,U,4,281,6435,True,"Robo accesorios vehículo, Robo en calle, Delito sexual",Mujer
38957,1404887.02,1404887.02.01,1404887.02.01.02,1404887,2,1,B,2,2,54,2.0,14,JALISCO,39,GUADALAJARA,3,0,0,1,0,1,0,1,0,0,0,0,0,0,0,2,2,2,1,2,2,3,3,1,2,2,3,2,2,2,3,1,0,0,0,0,0,0,1,0,0,0,0,0,0,0,0,0,0,0,1,1,1,3,4,4,2,,1,2.0,2,,2,,1,2.0,2,,1,3,2,1,1,1,3,3,1,1,2,1,3,2,1,1,2,2,2,1,2,2,2,2,2,2,2,5000.0,2,1,3,3,2,2,3,2,2,1,2,2,2,2,2,1,1,1,1,3.0,1.0,3.0,1.0,1,4.0,1.0,3.0,1.0,1,3.0,1.0,3.0,1.0,1,2.0,2.0,2.0,1.0,2,,,,2,,,,2,,,,1,1.0,2.0,1.0,2,,,,2,,,,2,,,,1.0,2.0,2.0,2.0,2.0,2.0,1.0,2.0,2.0,2.0,2.0,1.0,2.0,2.0,2.0,2.0,1.0,2.0,2.0,2.0,,,,,,,,,,,,,,,,2.0,1.0,2.0,2.0,2.0,,,,,,,,,,,,,,,4,1081,4324,1081.0,4324.0,U,4,281,6435,True,"Robo en vivienda, Robo en calle, Fraude bancario",Mujer
38958,1404887.05,1404887.05.01,1404887.05.01.02,1404887,5,1,B,2,1,60,2.0,14,JALISCO,39,GUADALAJARA,3,0,0,1,0,1,0,0,1,0,0,0,0,0,0,1,1,2,1,2,2,3,1,1,2,2,3,1,2,1,2,1,0,1,1,1,0,1,1,1,1,1,1,1,1,1,1,1,0,0,1,2,2,1,1,4,1,1.0,1,1.0,1,1.0,2,,1,1.0,1,1.0,1,3,1,2,1,1,3,1,2,1,2,2,3,1,1,1,1,2,1,2,2,1,2,2,9,2,2,30000.0,3,3,3,3,3,3,2,1,1,1,2,2,2,2,1,1,1,1,1,4.0,1.0,2.0,2.0,1,2.0,2.0,1.0,1.0,1,2.0,1.0,3.0,2.0,1,4.0,1.0,4.0,2.0,1,4.0,1.0,3.0,1,4.0,1.0,3.0,2,,,,1,4.0,1.0,4.0,1,1.0,2.0,3.0,1,1.0,2.0,1.0,2,,,,2.0,1.0,2.0,2.0,2.0,1.0,1.0,2.0,2.0,2.0,1.0,1.0,2.0,2.0,2.0,2.0,1.0,2.0,2.0,2.0,2.0,1.0,2.0,2.0,2.0,2.0,1.0,2.0,2.0,2.0,,,,,,2.0,1.0,2.0,2.0,2.0,2.0,1.0,2.0,2.0,2.0,2.0,1.0,2.0,2.0,2.0,,,,,4,1081,2162,1081.0,2162.0,U,4,281,6435,True,"Robo en vivienda, Robo en calle, Extorsión",Hombre
38959,1404887.05,1404887.05.02,1404887.05.02.02,1404887,5,2,B,2,2,20,2.0,14,JALISCO,39,GUADALAJARA,3,0,0,0,0,1,0,1,0,1,0,0,0,0,0,1,2,2,1,1,2,3,1,1,1,1,2,1,1,1,2,1,0,0,0,0,0,0,0,1,0,1,0,0,0,0,0,1,0,0,2,1,2,2,1,1,2,,1,2.0,1,1.0,2,,1,1.0,2,,1,3,2,1,2,2,3,2,2,2,2,2,3,2,2,1,2,2,2,2,2,1,2,2,2,2,2,0.0,1,1,2,2,3,1,3,2,3,1,3,3,2,2,1,1,1,1,1,4.0,1.0,3.0,2.0,2,,,,,1,2.0,9.0,2.0,1.0,1,3.0,2.0,2.0,1.0,2,,,,2,,,,2,,,,1,3.0,1.0,1.0,1,2.0,2.0,1.0,1,9.0,2.0,1.0,2,,,,2.0,1.0,2.0,2.0,2.0,,,,,,2.0,1.0,2.0,2.0,2.0,2.0,2.0,2.0,1.0,2.0,,,,,,,,,,,,,,,,2.0,2.0,2.0,1.0,2.0,2.0,2.0,2.0,1.0,2.0,2.0,2.0,2.0,1.0,2.0,,,,,2,1081,2162,1081.0,2162.0,U,4,281,6435,True,"Robo en calle, Fraude bancario, Delito sexual",Mujer
38960,1404900.01,1404900.01.01,1404900.01.01.01,1404900,1,1,A,1,2,41,2.0,14,JALISCO,39,GUADALAJARA,3,0,0,1,0,1,0,0,1,0,0,0,0,0,0,2,2,2,1,2,2,3,1,1,1,1,2,2,1,2,3,1,1,0,0,1,0,1,1,1,1,1,0,1,1,0,0,1,0,0,1,1,1,1,1,1,1,2.0,2,,2,,1,2.0,1,2.0,2,,2,2,2,2,2,2,3,2,2,3,2,2,3,2,2,2,1,1,2,2,2,2,2,2,2,2,2,500.0,3,3,3,3,3,2,2,1,2,1,3,3,2,2,2,3,1,3,1,2.0,1.0,4.0,1.0,1,4.0,1.0,2.0,1.0,1,4.0,1.0,4.0,2.0,1,3.0,1.0,4.0,2.0,2,,,,2,,,,2,,,,2,,,,2,,,,2,,,,2,,,,1.0,2.0,2.0,1.0,2.0,1.0,1.0,2.0,1.0,2.0,1.0,1.0,2.0,1.0,2.0,1.0,1.0,2.0,2.0,2.0,,,,,,,,,,,,,,,,,,,,,,,,,,,,,,,,,,,3,761,1523,761.0,1523.0,U,2,279,6285,True,"Robo en vivienda, Robo en calle, Extorsión",Mujer
38961,1404900.02,1404900.02.01,1404900.02.01.02,1404900,2,1,A,2,1,46,2.0,14,JALISCO,39,GUADALAJARA,3,0,0,0,0,0,0,0,1,0,1,1,0,0,0,1,2,2,1,3,2,3,1,1,2,2,1,1,1,1,2,1,1,1,1,0,1,0,1,0,1,1,0,0,1,0,0,1,0,0,1,2,2,3,2,4,2,,2,,1,2.0,2,,1,2.0,2,,2,2,1,2,2,2,3,3,2,3,2,2,3,2,1,2,2,2,2,2,2,2,2,2,2,2,2,,3,3,2,1,2,3,3,3,3,3,3,3,3,3,1,5,2,1,1,4.0,1.0,2.0,2.0,1,4.0,1.0,2.0,1.0,1,2.0,2.0,1.0,1.0,1,2.0,2.0,2.0,1.0,1,3.0,1.0,2.0,1,2.0,1.0,2.0,2,,,,1,1.0,2.0,1.0,2,,,,1,1.0,2.0,1.0,2,,,,2.0,1.0,1.0,1.0,2.0,1.0,1.0,1.0,1.0,2.0,2.0,1.0,2.0,2.0,2.0,2.0,2.0,2.0,1.0,2.0,2.0,1.0,2.0,2.0,2.0,2.0,1.0,1.0,2.0,2.0,,,,,,1.0,1.0,1.0,1.0,2.0,,,,,,2.0,2.0,1.0,1.0,2.0,,,,,4,761,3807,761.0,3807.0,U,2,279,6285,True,"Extorsión, Lesiones, Amenazas",Hombre
38962,1404900.03,1404900.03.01,1404900.03.01.01,1404900,3,1,B,1,2,82,2.0,14,JALISCO,39,GUADALAJARA,3,0,1,0,0,1,0,0,0,0,1,0,0,0,0,2,2,2,1,3,2,3,2,2,2,2,2,1,1,3,2,1,1,1,0,0,0,0,1,1,1,0,0,0,0,0,0,0,0,0,1,2,2,3,4,4,1,1.0,2,,2,,1,2.0,1,2.0,1,2.0,2,2,2,2,2,2,2,3,2,3,2,2,3,2,2,2,2,2,2,2,2,2,2,2,2,2,2,,1,1,3,3,3,3,3,3,3,3,2,2,2,2,1,5,1,1,1,3.0,1.0,3.0,1.0,1,3.0,2.0,2.0,1.0,1,2.0,1.0,2.0,1.0,1,2.0,2.0,2.0,1.0,2,,,,2,,,,2,,,,2,,,,2,,,,2,,,,2,,,,2.0,1.0,2.0,2.0,2.0,2.0,1.0,2.0,2.0,2.0,2.0,1.0,2.0,2.0,2.0,2.0,1.0,2.0,2.0,2.0,,,,,,,,,,,,,,,,,,,,,,,,,,,,,,,,,,,2,761,1523,761.0,1523.0,U,2,279,6285,True,"Robo accesorios vehículo, Robo en calle, Lesiones",Mujer
38963,1404900.04,1404900.04.01,1404900.04.01.01,1404900,4,1,B,1,1,78,2.0,14,JALISCO,39,GUADALAJARA,3,0,0,1,0,1,0,0,0,0,1,0,0,0,0,2,2,2,1,3,2,3,2,3,2,2,2,1,2,2,3,1,0,0,0,0,0,0,1,1,0,1,0,0,0,1,0,0,0,0,1,2,2,3,3,3,2,,2,,1,2.0,2,,1,2.0,9,,2,2,2,2,2,1,3,3,2,3,2,2,3,2,2,2,2,2,2,2,2,2,2,2,2,2,2,,2,1,2,2,2,3,3,3,3,1,2,2,3,3,1,5,1,1,1,2.0,1.0,2.0,1.0,1,2.0,1.0,2.0,1.0,1,2.0,1.0,2.0,1.0,1,2.0,2.0,2.0,1.0,2,,,,2,,,,2,,,,2,,,,2,,,,2,,,,2,,,,1.0,2.0,2.0,1.0,2.0,1.0,2.0,2.0,1.0,2.0,2.0,2.0,2.0,1.0,2.0,2.0,2.0,2.0,1.0,2.0,,,,,,,,,,,,,,,,,,,,,,,,,,,,,,,,,,,3,761,1523,761.0,1523.0,U,2,279,6285,True,"Robo en vivienda, Robo en calle, Lesiones",Hombre
38964,1404920.01,1404920.01.01,1404920.01.01.02,1404920,1,1,B,2,2,33,2.0,14,JALISCO,39,GUADALAJARA,3,0,0,0,0,1,0,0,0,1,0,1,0,0,0,1,2,2,1,3,1,3,1,2,2,2,2,2,2,1,3,1,1,1,1,0,0,0,1,1,1,1,0,1,1,0,0,1,0,0,1,1,1,3,4,4,2,,2,,2,,1,1.0,1,2.0,2,,2,1,2,2,2,2,3,2,2,2,2,2,2,2,2,2,1,1,2,2,2,2,2,2,2,2,2,1000.0,1,1,1,1,3,3,3,1,2,1,3,3,3,3,1,5,1,1,1,3.0,1.0,2.0,2.0,1,2.0,2.0,2.0,1.0,1,1.0,1.0,2.0,1.0,1,1.0,2.0,2.0,1.0,2,,,,1,1.0,2.0,1.0,2,,,,1,1.0,2.0,1.0,1,1.0,2.0,1.0,2,,,,2,,,,1.0,2.0,2.0,2.0,2.0,2.0,1.0,1.0,2.0,2.0,2.0,1.0,1.0,1.0,2.0,2.0,2.0,1.0,1.0,2.0,,,,,,1.0,2.0,1.0,2.0,2.0,,,,,,2.0,2.0,1.0,1.0,2.0,2.0,2.0,2.0,1.0,2.0,,,,,,,,,,2,1002,2004,1002.0,2004.0,U,3,280,6320,True,"Robo en calle, Delito sexual, Amenazas",Mujer
38965,1404920.02,1404920.02.01,1404920.02.01.01,1404920,2,1,B,1,2,62,2.0,14,JALISCO,39,GUADALAJARA,3,0,0,0,1,1,0,0,0,0,0,1,0,0,0,2,2,2,1,3,2,3,1,2,2,2,3,2,2,1,3,1,0,1,0,0,0,0,0,1,1,1,0,1,1,0,0,0,0,0,1,2,1,3,3,3,2,,2,,2,,2,,2,,2,,2,2,2,2,3,2,3,2,2,2,2,2,3,2,2,2,2,2,2,1,2,2,2,2,2,2,2,500.0,1,1,1,1,2,3,3,3,3,3,3,3,1,2,1,5,1,5,1,9.0,1.0,9.0,1.0,1,2.0,1.0,2.0,1.0,1,1.0,2.0,2.0,1.0,1,2.0,2.0,2.0,1.0,2,,,,2,,,,2,,,,2,,,,2,,,,2,,,,2,,,,2.0,1.0,2.0,2.0,2.0,2.0,1.0,2.0,1.0,2.0,2.0,1.0,2.0,1.0,2.0,2.0,1.0,2.0,1.0,2.0,,,,,,,,,,,,,,,,,,,,,,,,,,,,,,,,,,,3,1002,3007,1002.0,3007.0,U,3,280,6320,True,"Robo en transporte público, Robo en calle, Amenazas",Mujer
38966,1404920.03,1404920.03.01,1404920.03.01.02,1404920,3,1,B,2,2,32,2.0,14,JALISCO,39,GUADALAJARA,3,0,0,1,0,0,0,0,0,1,1,0,0,0,0,2,2,2,1,1,2,3,2,2,2,2,2,2,2,2,3,1,1,0,0,0,0,1,0,1,1,0,0,0,1,1,0,1,0,0,1,1,1,3,3,3,1,2.0,2,,1,1.0,2,,2,,1,2.0,1,2,1,1,1,1,3,2,1,1,1,1,1,2,2,2,2,2,2,2,2,2,2,2,2,2,2,,1,1,3,3,3,3,3,3,2,1,3,3,3,3,1,1,1,1,1,3.0,1.0,2.0,2.0,1,3.0,1.0,2.0,2.0,1,4.0,1.0,2.0,1.0,1,4.0,1.0,4.0,2.0,2,,,,2,,,,2,,,,1,2.0,1.0,2.0,2,,,,2,,,,2,,,,1.0,2.0,2.0,2.0,1.0,1.0,1.0,2.0,2.0,2.0,1.0,1.0,2.0,2.0,2.0,2.0,1.0,2.0,2.0,2.0,,,,,,,,,,,,,,,,2.0,1.0,2.0,1.0,2.0,,,,,,,,,,,,,,,2,1002,3007,1002.0,3007.0,U,3,280,6320,True,"Robo en vivienda, Delito sexual, Lesiones",Mujer
38967,1404920.04,1404920.04.01,1404920.04.01.02,1404920,4,1,B,2,2,57,2.0,14,JALISCO,39,GUADALAJARA,3,0,0,1,0,1,0,0,1,0,0,0,0,0,0,1,2,2,1,3,1,3,1,1,2,2,1,1,1,1,2,1,1,0,0,0,0,0,1,1,1,1,0,1,1,0,0,0,0,0,1,1,1,2,3,3,2,,1,2.0,1,2.0,1,2.0,1,2.0,2,,2,2,2,2,2,2,3,2,2,3,2,2,3,2,2,2,2,2,2,2,2,2,2,2,2,2,2,,2,2,3,3,2,2,2,3,3,3,3,3,3,2,1,5,1,1,2,,,,,2,,,,,2,,,,,2,,,,,2,,,,2,,,,2,,,,2,,,,2,,,,2,,,,2,,,,,,,,,,,,,,,,,,,,,,,,,,,,,,,,,,,,,,,,,,,,,,,,,,,,,,,,,,9,1002,2004,1002.0,2004.0,U,3,280,6320,True,"Robo en vivienda, Robo en calle, Extorsión",Mujer
38968,1404920.05,1404920.05.01,1404920.05.01.01,1404920,5,1,B,1,1,68,2.0,14,JALISCO,39,GUADALAJARA,3,0,0,0,0,1,0,0,1,0,1,0,0,0,0,2,2,2,1,3,2,3,2,2,2,2,2,1,2,2,3,0,1,0,0,0,0,0,1,0,0,0,0,0,0,0,0,1,0,0,1,2,2,4,4,4,1,1.0,2,,2,,2,,2,,2,,2,1,2,2,2,2,3,3,1,3,1,1,1,2,1,1,2,2,2,2,2,1,2,2,2,2,2,500.0,2,3,3,3,3,3,3,3,3,3,3,3,3,3,3,5,3,4,2,,,,,2,,,,,2,,,,,2,,,,,2,,,,2,,,,2,,,,2,,,,2,,,,2,,,,2,,,,,,,,,,,,,,,,,,,,,,,,,,,,,,,,,,,,,,,,,,,,,,,,,,,,,,,,,,4,1002,4009,1002.0,4009.0,U,3,280,6320,True,"Robo en calle, Extorsión, Lesiones",Hombre
38969,1404992.01,1404992.01.01,1404992.01.01.01,1404992,1,1,B,1,1,37,2.0,14,JALISCO,39,GUADALAJARA,3,0,0,1,1,0,0,0,0,0,0,1,0,0,0,1,1,2,1,1,1,3,2,1,1,2,3,1,1,1,2,1,1,1,0,0,0,0,1,0,1,1,0,0,1,0,0,0,0,0,2,1,2,2,1,1,2,,2,,2,,1,2.0,1,2.0,1,2.0,1,1,2,2,3,1,3,2,2,1,2,2,2,2,2,2,2,1,2,2,2,2,2,2,2,2,2,400.0,1,1,1,1,2,3,3,3,2,1,3,3,1,3,1,1,1,2,1,3.0,2.0,2.0,1.0,1,2.0,2.0,2.0,1.0,1,2.0,2.0,2.0,1.0,1,1.0,2.0,1.0,1.0,1,2.0,2.0,2.0,1,2.0,2.0,2.0,1,2.0,2.0,2.0,1,2.0,2.0,2.0,1,9.0,2.0,2.0,1,9.0,2.0,2.0,1,2.0,2.0,2.0,1.0,1.0,1.0,1.0,2.0,1.0,1.0,1.0,1.0,2.0,1.0,1.0,1.0,1.0,2.0,1.0,1.0,1.0,1.0,2.0,1.0,1.0,1.0,1.0,2.0,1.0,1.0,1.0,1.0,2.0,1.0,1.0,1.0,1.0,2.0,2.0,1.0,2.0,1.0,2.0,2.0,1.0,2.0,1.0,2.0,2.0,1.0,2.0,1.0,2.0,1.0,1.0,1.0,2.0,2,954,1907,954.0,1907.0,U,3,280,6349,True,"Robo en vivienda, Robo en transporte público, Amenazas",Hombre
38970,1404992.02,1404992.02.01,1404992.02.01.02,1404992,2,1,B,2,1,52,2.0,14,JALISCO,39,GUADALAJARA,3,0,0,1,0,1,0,0,1,0,0,0,0,0,0,2,2,2,2,2,2,3,1,1,2,2,3,1,2,2,3,0,0,0,0,0,0,0,1,1,1,0,0,0,1,1,0,0,0,0,1,1,2,4,4,4,2,,2,,1,1.0,1,1.0,1,1.0,1,9.0,2,1,2,1,3,1,3,3,1,1,2,2,2,2,2,2,1,1,1,1,2,2,2,2,2,2,2,1600.0,1,1,3,3,3,3,3,2,2,3,3,3,2,3,1,3,1,3,1,4.0,1.0,4.0,2.0,1,3.0,1.0,3.0,2.0,1,3.0,1.0,3.0,2.0,1,3.0,1.0,3.0,2.0,1,4.0,1.0,3.0,1,4.0,1.0,3.0,1,4.0,1.0,4.0,1,2.0,1.0,2.0,1,3.0,1.0,3.0,1,2.0,1.0,2.0,2,,,,2.0,1.0,2.0,1.0,2.0,2.0,1.0,2.0,1.0,2.0,2.0,1.0,2.0,1.0,2.0,2.0,1.0,2.0,1.0,2.0,2.0,1.0,2.0,1.0,2.0,2.0,1.0,2.0,1.0,2.0,2.0,2.0,2.0,1.0,2.0,2.0,1.0,2.0,1.0,2.0,2.0,1.0,2.0,1.0,2.0,2.0,2.0,2.0,1.0,2.0,,,,,3,954,2861,954.0,2861.0,U,3,280,6349,True,"Robo en vivienda, Robo en calle, Extorsión",Hombre
38971,1404992.03,1404992.03.01,1404992.03.01.03,1404992,3,1,B,3,1,22,2.0,14,JALISCO,39,GUADALAJARA,3,1,1,0,0,0,0,0,1,0,0,0,0,0,0,1,2,2,1,2,2,3,1,1,1,1,3,1,1,1,3,1,0,0,1,1,0,0,0,0,0,0,0,0,0,0,0,0,0,0,1,1,1,3,3,3,2,,2,,2,,2,,2,,2,,2,2,2,2,2,2,3,2,2,2,2,2,2,2,2,2,2,2,2,2,2,2,2,2,2,2,2,,3,1,1,3,3,3,3,3,2,3,2,2,3,3,4,4,1,1,1,4.0,1.0,3.0,1.0,1,3.0,1.0,4.0,1.0,1,3.0,1.0,2.0,1.0,1,1.0,2.0,1.0,1.0,2,,,,1,2.0,1.0,2.0,1,2.0,1.0,3.0,1,1.0,2.0,1.0,1,1.0,2.0,1.0,1,1.0,2.0,1.0,2,,,,2.0,1.0,2.0,2.0,2.0,2.0,1.0,2.0,2.0,2.0,2.0,1.0,2.0,2.0,2.0,2.0,1.0,2.0,2.0,2.0,,,,,,2.0,1.0,2.0,2.0,2.0,2.0,1.0,2.0,2.0,2.0,2.0,1.0,2.0,2.0,2.0,2.0,2.0,2.0,1.0,2.0,2.0,2.0,2.0,1.0,2.0,,,,,4,954,3814,954.0,3814.0,U,3,280,6349,True,"Robo vehículo, Robo accesorios vehículo, Extorsión",Hombre
38972,1404992.04,1404992.04.01,1404992.04.01.01,1404992,4,1,B,1,2,55,2.0,14,JALISCO,39,GUADALAJARA,3,0,0,0,1,1,0,0,0,0,0,1,0,0,0,1,2,2,1,1,2,3,1,1,2,2,1,1,2,3,2,1,0,1,0,0,0,0,1,1,0,0,0,0,0,0,0,0,0,0,1,1,1,3,4,4,1,2.0,2,,2,,2,,2,,2,,2,2,2,3,2,1,3,3,1,1,2,2,3,2,1,2,2,2,2,2,2,2,2,2,2,2,2,,3,3,3,3,2,2,3,3,2,3,3,3,2,3,4,3,1,1,1,4.0,1.0,4.0,2.0,2,,,,,2,,,,,1,4.0,9.0,2.0,9.0,2,,,,2,,,,1,4.0,1.0,4.0,1,4.0,2.0,9.0,1,9.0,2.0,3.0,1,2.0,2.0,2.0,2,,,,2.0,1.0,2.0,1.0,2.0,,,,,,,,,,,2.0,2.0,2.0,1.0,2.0,,,,,,,,,,,2.0,2.0,2.0,1.0,2.0,2.0,1.0,2.0,1.0,2.0,2.0,2.0,2.0,1.0,2.0,2.0,2.0,2.0,1.0,2.0,,,,,3,954,2861,954.0,2861.0,U,3,280,6349,True,"Robo en transporte público, Robo en calle, Amenazas",Mujer
38973,1404992.05,1404992.05.01,1404992.05.01.01,1404992,5,1,A,1,1,43,2.0,14,JALISCO,39,GUADALAJARA,1,0,0,1,0,1,0,0,0,1,0,0,0,0,0,1,2,2,1,1,2,3,2,1,1,2,2,2,2,2,3,1,0,0,1,0,0,0,1,0,1,0,0,0,0,0,0,1,0,0,1,1,1,1,1,1,2,,2,,1,9.0,2,,1,9.0,2,,2,1,2,2,2,1,3,2,2,1,2,1,3,2,2,1,1,1,2,1,2,1,2,2,2,2,2,5000.0,3,1,3,3,3,2,2,3,2,1,2,2,3,3,1,1,1,1,1,3.0,1.0,3.0,2.0,2,,,,,1,2.0,1.0,3.0,2.0,1,3.0,1.0,3.0,2.0,2,,,,1,3.0,1.0,3.0,2,,,,1,3.0,1.0,3.0,1,9.0,9.0,9.0,1,2.0,2.0,2.0,2,,,,2.0,1.0,2.0,1.0,2.0,,,,,,2.0,1.0,2.0,1.0,2.0,2.0,1.0,2.0,1.0,2.0,,,,,,2.0,1.0,2.0,1.0,2.0,,,,,,2.0,1.0,2.0,1.0,2.0,2.0,1.0,2.0,1.0,2.0,2.0,1.0,2.0,1.0,2.0,,,,,4,954,2861,954.0,2861.0,U,3,280,6349,True,"Robo en vivienda, Robo en calle, Delito sexual",Hombre
38974,1405018.01,1405018.01.01,1405018.01.01.02,1405018,1,1,A,2,2,32,2.0,14,JALISCO,39,GUADALAJARA,3,1,0,0,0,0,0,0,0,0,1,1,0,0,0,1,2,2,1,2,2,3,3,1,1,2,2,2,2,1,3,1,1,0,0,1,0,0,1,0,1,1,0,0,1,0,0,1,0,0,1,1,1,3,3,3,2,,1,2.0,1,2.0,2,,2,,1,2.0,2,1,2,1,1,1,3,2,2,2,2,2,2,2,2,2,2,1,2,2,2,2,2,2,2,2,2,9999999.0,1,3,3,3,2,3,3,1,3,3,3,3,3,3,1,2,1,1,1,4.0,1.0,3.0,2.0,2,,,,,1,3.0,1.0,3.0,1.0,1,2.0,2.0,2.0,1.0,2,,,,1,4.0,1.0,3.0,1,3.0,1.0,3.0,1,2.0,2.0,2.0,2,,,,2,,,,1,4.0,1.0,4.0,1.0,2.0,2.0,2.0,2.0,,,,,,2.0,1.0,2.0,2.0,2.0,2.0,2.0,1.0,2.0,2.0,,,,,,2.0,2.0,2.0,1.0,2.0,2.0,2.0,2.0,1.0,2.0,2.0,2.0,1.0,2.0,2.0,,,,,,,,,,,2.0,2.0,1.0,2.0,2,897,1795,897.0,1795.0,U,3,280,6369,True,"Robo vehículo, Lesiones, Amenazas",Mujer
38975,1405018.02,1405018.02.01,1405018.02.01.01,1405018,2,1,A,1,2,49,2.0,14,JALISCO,39,GUADALAJARA,3,0,0,1,0,1,0,0,0,0,1,0,0,0,0,2,2,2,2,2,2,3,2,2,2,2,2,2,2,2,4,1,0,1,0,0,0,0,1,0,0,0,0,0,0,0,0,0,0,0,1,1,1,1,1,1,2,,1,2.0,1,2.0,1,1.0,1,2.0,1,2.0,1,1,1,1,1,1,3,1,1,1,1,1,1,1,1,1,1,1,1,1,2,2,2,1,2,2,2,7000.0,3,3,1,1,3,3,3,3,3,3,3,3,3,3,2,1,1,1,1,2.0,1.0,2.0,2.0,2,,,,,1,2.0,1.0,2.0,1.0,1,2.0,2.0,2.0,1.0,2,,,,1,2.0,1.0,3.0,2,,,,1,1.0,2.0,1.0,2,,,,2,,,,2,,,,2.0,2.0,2.0,1.0,2.0,,,,,,2.0,1.0,2.0,2.0,2.0,2.0,1.0,2.0,2.0,2.0,,,,,,1.0,2.0,2.0,2.0,2.0,,,,,,2.0,1.0,2.0,2.0,2.0,,,,,,,,,,,,,,,4,897,1795,897.0,1795.0,U,3,280,6369,True,"Robo en vivienda, Robo en calle, Lesiones",Mujer
38976,1405018.03,1405018.03.01,1405018.03.01.02,1405018,3,1,B,2,2,50,2.0,14,JALISCO,39,GUADALAJARA,3,0,0,0,0,1,0,0,1,0,0,1,0,0,0,1,1,2,2,2,2,3,2,2,2,3,3,3,3,3,5,0,0,0,0,0,0,0,0,0,0,0,0,0,0,0,0,0,1,0,2,2,2,4,4,4,2,,1,1.0,1,1.0,2,,2,,9,,3,3,2,2,2,3,3,3,3,3,3,3,3,3,3,3,2,2,2,2,2,2,2,2,2,2,2,,3,3,3,3,3,3,3,3,3,3,3,3,3,3,1,1,1,1,2,,,,,2,,,,,2,,,,,2,,,,,2,,,,2,,,,2,,,,2,,,,2,,,,2,,,,2,,,,,,,,,,,,,,,,,,,,,,,,,,,,,,,,,,,,,,,,,,,,,,,,,,,,,,,,,,4,897,1795,897.0,1795.0,U,3,280,6369,True,"Robo en calle, Extorsión, Amenazas",Mujer
38977,1405018.04,1405018.04.01,1405018.04.01.03,1405018,4,1,A,3,1,21,2.0,14,JALISCO,39,GUADALAJARA,3,1,0,0,1,0,0,0,1,0,0,0,0,0,0,1,1,1,1,1,2,3,2,1,2,2,2,1,2,2,3,1,0,0,0,0,0,1,1,0,1,0,1,1,0,0,0,1,0,0,1,1,2,2,1,1,2,,2,,2,,2,,2,,2,,2,3,2,2,2,2,3,2,2,2,2,2,2,2,2,2,2,2,2,2,2,2,2,2,2,2,2,,1,1,3,3,1,3,3,3,3,3,3,3,3,3,2,2,1,1,1,4.0,1.0,3.0,2.0,2,,,,,1,2.0,1.0,2.0,1.0,1,3.0,2.0,2.0,1.0,2,,,,1,3.0,1.0,3.0,1,3.0,2.0,2.0,1,2.0,1.0,1.0,1,2.0,2.0,2.0,1,2.0,2.0,2.0,1,3.0,1.0,2.0,2.0,2.0,1.0,1.0,2.0,,,,,,2.0,1.0,1.0,2.0,2.0,2.0,1.0,1.0,2.0,2.0,,,,,,2.0,1.0,2.0,1.0,2.0,2.0,2.0,1.0,1.0,2.0,2.0,1.0,2.0,1.0,2.0,2.0,1.0,2.0,1.0,2.0,2.0,2.0,1.0,1.0,2.0,2.0,1.0,1.0,2.0,3,897,2692,897.0,2692.0,U,3,280,6369,True,"Robo vehículo, Robo en transporte público, Extorsión",Hombre
38978,1405027.01,1405027.01.01,1405027.01.01.01,1405027,1,1,A,1,1,42,2.0,14,JALISCO,39,GUADALAJARA,3,0,0,0,0,1,0,0,0,1,1,0,0,0,0,1,1,2,1,1,1,3,3,1,3,3,3,1,1,1,2,0,0,0,0,0,0,1,1,0,0,0,0,0,0,0,0,0,0,0,1,1,2,4,4,4,2,,1,1.0,2,,2,,1,1.0,2,,2,3,2,2,2,2,3,2,2,2,2,2,2,2,2,2,2,2,2,2,2,1,2,2,2,2,2,0.0,1,3,3,3,3,3,3,3,3,3,3,3,3,3,5,1,1,1,1,2.0,1.0,3.0,1.0,1,2.0,1.0,2.0,1.0,1,3.0,1.0,3.0,1.0,2,,,,,2,,,,2,,,,1,2.0,1.0,2.0,2,,,,2,,,,2,,,,2,,,,1.0,2.0,2.0,2.0,2.0,1.0,2.0,2.0,2.0,2.0,2.0,2.0,1.0,2.0,2.0,,,,,,,,,,,,,,,,2.0,2.0,1.0,2.0,2.0,,,,,,,,,,,,,,,,,,,,2,921,1842,921.0,1842.0,U,4,281,6475,True,"Robo en calle, Delito sexual, Lesiones",Hombre
38979,1405027.02,1405027.02.01,1405027.02.01.01,1405027,2,1,A,1,2,58,2.0,14,JALISCO,39,GUADALAJARA,3,0,0,0,0,1,0,1,1,0,0,0,0,0,0,2,2,1,1,1,2,3,2,1,2,2,2,1,2,1,2,0,0,0,0,1,0,0,0,0,1,0,0,0,0,0,0,0,0,0,1,1,1,1,1,1,2,,1,1.0,2,,2,,1,2.0,1,9.0,1,1,2,2,1,1,3,3,2,2,3,2,3,3,3,2,2,2,2,1,2,2,2,2,2,2,2,7000.0,1,1,2,1,1,3,1,1,1,1,2,2,1,3,1,1,1,1,1,1.0,9.0,1.0,1.0,1,1.0,9.0,1.0,1.0,1,1.0,2.0,1.0,1.0,1,1.0,9.0,1.0,1.0,2,,,,2,,,,2,,,,1,1.0,9.0,1.0,1,9.0,2.0,1.0,1,1.0,9.0,1.0,2,,,,2.0,1.0,2.0,2.0,2.0,2.0,1.0,2.0,2.0,2.0,2.0,1.0,2.0,2.0,2.0,2.0,1.0,2.0,2.0,2.0,,,,,,,,,,,,,,,,2.0,1.0,2.0,2.0,2.0,2.0,1.0,2.0,2.0,2.0,2.0,2.0,2.0,1.0,2.0,,,,,9,921,1842,921.0,1842.0,U,4,281,6475,True,"Robo en calle, Fraude bancario, Extorsión",Mujer
38980,1405027.03,1405027.03.01,1405027.03.01.03,1405027,3,1,A,3,1,25,2.0,14,JALISCO,39,GUADALAJARA,3,0,1,0,0,1,0,0,0,0,1,0,0,0,0,1,2,2,1,1,2,3,1,1,1,1,2,2,2,3,2,1,0,0,0,0,0,0,0,1,0,0,0,0,0,0,0,0,0,0,1,2,1,2,4,4,2,,2,,1,1.0,2,,2,,2,,1,1,1,2,2,2,3,2,2,1,1,2,3,2,2,2,1,1,2,2,2,2,2,2,2,2,2,9999999.0,3,3,3,3,3,3,3,3,3,3,3,3,1,3,3,1,3,5,1,4.0,1.0,2.0,2.0,1,4.0,1.0,3.0,2.0,1,3.0,1.0,1.0,1.0,1,3.0,1.0,2.0,1.0,1,4.0,1.0,3.0,2,,,,2,,,,1,1.0,1.0,1.0,2,,,,1,1.0,2.0,1.0,2,,,,1.0,2.0,2.0,2.0,2.0,1.0,2.0,2.0,2.0,2.0,1.0,2.0,2.0,2.0,2.0,2.0,1.0,2.0,2.0,2.0,2.0,1.0,2.0,2.0,2.0,,,,,,,,,,,1.0,2.0,2.0,2.0,2.0,,,,,,2.0,2.0,2.0,1.0,2.0,,,,,9,921,6447,921.0,6447.0,U,4,281,6475,True,"Robo accesorios vehículo, Robo en calle, Lesiones",Hombre
38981,1405027.04,1405027.04.01,1405027.04.01.03,1405027,4,1,A,3,1,29,2.0,14,JALISCO,39,GUADALAJARA,3,0,0,1,0,1,0,0,1,0,0,0,0,0,0,1,2,2,1,2,2,3,2,2,2,2,3,2,2,2,3,1,0,0,0,0,0,0,1,0,0,0,0,0,1,1,0,0,0,0,1,1,1,3,4,4,2,,2,,1,2.0,2,,1,2.0,1,2.0,1,3,1,3,3,1,3,2,1,1,2,2,2,2,2,2,2,2,2,2,2,2,2,2,2,2,2,,1,1,2,2,2,2,1,1,1,2,2,2,1,2,3,2,1,2,1,4.0,1.0,3.0,2.0,1,4.0,1.0,3.0,2.0,1,2.0,1.0,2.0,1.0,1,3.0,1.0,2.0,1.0,1,4.0,1.0,4.0,1,4.0,1.0,4.0,1,4.0,1.0,4.0,1,2.0,1.0,2.0,1,2.0,2.0,2.0,1,1.0,2.0,1.0,1,4.0,1.0,4.0,1.0,2.0,2.0,2.0,2.0,1.0,2.0,2.0,2.0,2.0,1.0,2.0,2.0,2.0,2.0,1.0,2.0,2.0,2.0,2.0,1.0,2.0,2.0,2.0,2.0,1.0,2.0,2.0,2.0,2.0,1.0,2.0,2.0,2.0,2.0,1.0,2.0,2.0,2.0,2.0,2.0,2.0,2.0,1.0,2.0,2.0,2.0,2.0,1.0,2.0,1.0,2.0,2.0,2.0,4,921,2763,921.0,2763.0,U,4,281,6475,True,"Robo en vivienda, Robo en calle, Extorsión",Hombre
38982,1405027.05,1405027.05.01,1405027.05.01.03,1405027,5,1,B,3,2,27,2.0,14,JALISCO,39,GUADALAJARA,3,0,0,0,0,1,0,1,0,0,1,0,0,0,0,2,2,2,1,1,2,3,2,2,1,1,2,1,2,1,3,1,0,0,0,0,0,0,1,1,0,0,0,0,0,0,0,0,0,0,1,2,2,3,3,3,1,1.0,1,1.0,1,1.0,2,,2,,2,,2,3,2,2,2,2,3,2,2,2,2,2,2,2,2,2,2,2,2,2,2,2,2,2,2,2,2,,1,1,2,2,2,2,2,1,2,1,2,1,1,2,2,1,2,1,1,2.0,1.0,2.0,1.0,2,,,,,1,2.0,1.0,2.0,1.0,1,3.0,1.0,3.0,2.0,2,,,,2,,,,2,,,,1,3.0,2.0,3.0,1,2.0,2.0,2.0,1,2.0,2.0,2.0,1,2.0,1.0,2.0,2.0,1.0,2.0,2.0,2.0,,,,,,2.0,1.0,2.0,2.0,2.0,2.0,1.0,2.0,2.0,2.0,,,,,,,,,,,,,,,,2.0,1.0,2.0,2.0,2.0,2.0,2.0,1.0,2.0,2.0,2.0,1.0,2.0,2.0,2.0,2.0,1.0,2.0,2.0,3,921,2763,921.0,2763.0,U,4,281,6475,True,"Robo en calle, Fraude bancario, Lesiones",Mujer
38983,1405059.01,1405059.01.01,1405059.01.01.04,1405059,1,1,A,4,1,39,2.0,14,JALISCO,39,GUADALAJARA,3,0,0,0,0,1,0,0,0,1,1,0,0,0,0,1,1,1,1,1,1,3,1,1,1,1,3,1,2,1,2,0,0,0,0,0,0,0,1,1,0,0,0,0,0,0,0,0,0,0,2,2,2,1,1,3,2,,2,,1,1.0,2,,1,1.0,1,1.0,2,3,1,3,3,1,3,2,2,1,2,1,2,2,1,2,1,1,1,1,2,1,1,1,2,2,2,20000.0,1,1,1,1,1,3,1,1,1,1,2,2,1,2,3,3,3,1,1,3.0,1.0,3.0,2.0,1,2.0,1.0,2.0,1.0,1,2.0,1.0,2.0,1.0,1,3.0,1.0,2.0,1.0,1,2.0,1.0,2.0,1,2.0,1.0,2.0,2,,,,1,2.0,2.0,2.0,1,2.0,2.0,2.0,1,1.0,2.0,2.0,1,2.0,1.0,2.0,2.0,1.0,2.0,2.0,2.0,2.0,1.0,2.0,2.0,2.0,2.0,1.0,2.0,2.0,2.0,2.0,1.0,2.0,2.0,2.0,2.0,1.0,2.0,2.0,2.0,2.0,2.0,1.0,2.0,2.0,,,,,,2.0,1.0,2.0,2.0,2.0,2.0,2.0,1.0,2.0,2.0,2.0,2.0,1.0,2.0,2.0,2.0,2.0,1.0,2.0,9,1005,4022,1005.0,4022.0,U,4,281,6459,True,"Robo en calle, Delito sexual, Lesiones",Hombre
38984,1405059.02,1405059.02.01,1405059.02.01.01,1405059,2,1,A,1,2,25,2.0,14,JALISCO,39,GUADALAJARA,2,0,0,1,0,1,0,0,0,0,0,1,0,0,0,2,2,2,1,1,2,3,1,1,2,2,2,2,2,2,3,0,0,0,0,0,0,0,0,1,0,0,0,0,0,0,0,0,0,0,1,2,1,3,3,3,2,,2,,2,,2,,1,9.0,9,,2,3,2,1,2,1,3,2,2,1,2,2,2,2,2,1,2,2,2,1,2,2,2,2,2,2,2,500.0,3,3,3,3,1,2,2,2,2,2,2,2,2,2,2,1,1,1,1,3.0,1.0,3.0,2.0,2,,,,,1,4.0,1.0,4.0,2.0,1,4.0,1.0,3.0,2.0,1,4.0,1.0,4.0,1,4.0,1.0,3.0,1,4.0,1.0,4.0,1,4.0,1.0,4.0,1,9.0,9.0,9.0,1,4.0,9.0,3.0,1,3.0,2.0,2.0,1.0,2.0,2.0,2.0,2.0,,,,,,2.0,1.0,2.0,2.0,2.0,2.0,1.0,2.0,2.0,2.0,2.0,2.0,2.0,1.0,2.0,2.0,2.0,2.0,1.0,2.0,2.0,2.0,1.0,2.0,2.0,2.0,2.0,2.0,1.0,2.0,2.0,2.0,2.0,1.0,2.0,2.0,2.0,2.0,1.0,2.0,2.0,1.0,2.0,2.0,3,1005,1005,1005.0,1005.0,U,4,281,6459,True,"Robo en vivienda, Robo en calle, Amenazas",Mujer
38985,1405059.03,1405059.03.01,1405059.03.01.01,1405059,3,1,B,1,2,64,2.0,14,JALISCO,39,GUADALAJARA,3,1,1,1,0,0,0,0,0,0,0,0,0,0,0,2,2,2,2,1,2,3,1,2,2,2,2,3,3,2,3,1,1,0,0,0,0,0,0,0,0,0,0,0,0,0,0,0,0,0,1,1,1,1,1,1,1,2.0,2,,1,2.0,1,1.0,1,2.0,1,1.0,3,3,1,2,2,1,3,2,2,2,2,1,1,2,1,1,1,1,2,2,2,2,2,2,2,2,2,9999999.0,1,1,2,2,2,1,1,3,3,3,3,3,3,3,4,1,1,2,2,,,,,2,,,,,2,,,,,1,4.0,1.0,4.0,2.0,2,,,,2,,,,2,,,,1,4.0,1.0,4.0,1,9.0,1.0,1.0,1,2.0,9.0,4.0,2,,,,,,,,,,,,,,,,,,,2.0,1.0,2.0,2.0,2.0,,,,,,,,,,,,,,,,2.0,1.0,2.0,2.0,2.0,2.0,2.0,2.0,1.0,2.0,2.0,2.0,2.0,1.0,2.0,,,,,9,1005,1005,1005.0,1005.0,U,4,281,6459,True,"Robo vehículo, Robo accesorios vehículo, Robo en vivienda",Mujer
38986,1405059.04,1405059.04.01,1405059.04.01.03,1405059,4,1,B,3,2,24,2.0,14,JALISCO,39,GUADALAJARA,3,1,0,0,0,1,0,0,0,0,1,0,0,0,0,1,1,1,1,3,2,1,3,1,2,2,3,1,3,2,3,0,0,0,0,0,0,0,1,1,0,0,0,0,0,0,0,0,0,0,1,1,1,2,3,3,2,,2,,2,,2,,2,,2,,1,3,2,1,3,1,2,1,1,1,2,2,3,2,1,1,1,1,2,1,2,2,2,2,2,2,2,9999999.0,1,1,3,3,1,3,3,3,3,2,2,2,1,2,2,1,1,1,1,3.0,1.0,3.0,2.0,1,3.0,1.0,3.0,1.0,2,,,,,2,,,,,2,,,,2,,,,2,,,,2,,,,2,,,,2,,,,2,,,,1.0,2.0,2.0,2.0,2.0,1.0,2.0,2.0,2.0,2.0,,,,,,,,,,,,,,,,,,,,,,,,,,,,,,,,,,,,,,,,,,,,,2,1005,3016,1005.0,3016.0,U,4,281,6459,True,"Robo vehículo, Robo en calle, Lesiones",Mujer
38987,1405059.05,1405059.05.01,1405059.05.01.05,1405059,5,1,B,5,2,21,2.0,14,JALISCO,39,GUADALAJARA,3,0,0,0,0,1,0,1,1,0,0,0,0,0,0,2,2,2,1,1,2,3,1,1,2,2,3,2,2,2,3,0,0,0,0,0,0,0,0,1,0,0,0,0,0,0,0,0,0,0,1,2,2,3,3,4,1,2.0,1,2.0,1,2.0,2,,1,2.0,1,2.0,2,1,2,1,3,1,3,2,1,1,2,3,3,1,1,1,2,2,2,2,2,2,2,2,2,2,2,,3,3,3,3,3,3,3,3,3,3,3,3,3,3,2,1,1,4,1,3.0,1.0,3.0,2.0,2,,,,,1,2.0,1.0,2.0,2.0,1,2.0,2.0,2.0,9.0,2,,,,1,2.0,1.0,3.0,2,,,,2,,,,2,,,,2,,,,2,,,,1.0,1.0,2.0,1.0,2.0,,,,,,1.0,1.0,2.0,1.0,2.0,2.0,1.0,2.0,1.0,2.0,,,,,,2.0,2.0,2.0,1.0,2.0,,,,,,,,,,,,,,,,,,,,,,,,,4,1005,7038,1005.0,7038.0,U,4,281,6459,True,"Robo en calle, Fraude bancario, Extorsión",Mujer
38988,1405090.01,1405090.01.01,1405090.01.01.01,1405090,1,1,B,1,2,64,2.0,14,JALISCO,39,GUADALAJARA,3,0,0,0,0,1,0,0,0,1,1,0,0,0,0,2,2,2,1,3,2,3,2,2,2,2,3,2,2,2,3,1,0,1,0,0,0,0,1,0,0,0,0,0,0,0,0,0,0,0,1,1,1,1,1,1,2,,2,,2,,2,,2,,2,,1,1,1,1,3,1,3,3,1,1,2,2,3,2,2,2,2,2,2,2,2,2,2,2,2,2,2,,3,3,3,3,3,3,3,3,3,1,2,2,3,2,1,5,1,1,1,4.0,1.0,4.0,2.0,2,,,,,2,,,,,1,2.0,2.0,2.0,2.0,2,,,,2,,,,2,,,,1,2.0,2.0,2.0,1,2.0,2.0,1.0,1,2.0,2.0,1.0,2,,,,1.0,1.0,1.0,1.0,2.0,,,,,,,,,,,1.0,1.0,2.0,1.0,2.0,,,,,,,,,,,,,,,,2.0,1.0,2.0,1.0,2.0,2.0,2.0,2.0,1.0,2.0,2.0,1.0,2.0,1.0,2.0,,,,,9,982,1964,982.0,1964.0,U,3,280,6327,True,"Robo en calle, Delito sexual, Lesiones",Mujer
38989,1405090.03,1405090.03.01,1405090.03.01.01,1405090,3,1,A,1,1,40,2.0,14,JALISCO,39,GUADALAJARA,3,0,0,1,0,1,0,0,0,0,1,0,0,0,0,2,2,2,2,1,2,3,2,1,2,2,2,1,2,2,3,1,0,1,0,1,1,1,1,1,1,1,0,1,1,1,1,1,0,0,1,1,1,3,3,3,1,1.0,1,1.0,1,1.0,2,,1,1.0,1,2.0,1,1,1,1,1,1,3,2,1,1,2,1,3,2,1,1,1,2,1,1,2,1,2,1,2,2,2,7000.0,2,1,2,2,1,3,3,3,3,3,1,1,1,3,2,2,1,3,1,4.0,1.0,3.0,2.0,1,4.0,1.0,4.0,2.0,1,4.0,1.0,4.0,2.0,1,3.0,1.0,3.0,1.0,1,4.0,2.0,3.0,1,3.0,2.0,3.0,1,2.0,2.0,3.0,1,3.0,2.0,2.0,1,3.0,2.0,3.0,1,1.0,2.0,3.0,1,3.0,1.0,3.0,1.0,1.0,1.0,1.0,2.0,1.0,1.0,1.0,1.0,2.0,1.0,1.0,1.0,1.0,2.0,1.0,1.0,1.0,1.0,2.0,1.0,1.0,1.0,1.0,2.0,1.0,1.0,1.0,1.0,2.0,1.0,1.0,1.0,1.0,2.0,2.0,1.0,1.0,1.0,2.0,2.0,1.0,2.0,1.0,2.0,2.0,1.0,1.0,1.0,2.0,1.0,1.0,1.0,2.0,4,982,1964,982.0,1964.0,U,3,280,6327,True,"Robo en vivienda, Robo en calle, Lesiones",Hombre
38990,1405090.04,1405090.04.01,1405090.04.01.01,1405090,4,1,A,1,1,48,2.0,14,JALISCO,39,GUADALAJARA,3,0,0,0,0,1,0,0,0,1,1,0,0,0,0,2,2,2,1,1,2,3,2,2,2,2,2,2,2,2,4,0,0,0,0,0,0,1,1,1,1,0,0,0,1,1,0,1,0,0,1,1,1,3,1,3,2,,2,,2,,2,,1,1.0,1,1.0,1,1,1,1,2,1,3,2,1,1,2,2,3,2,2,2,2,2,2,2,2,1,2,2,2,2,2,0.0,2,3,3,2,3,3,3,2,1,3,3,3,2,3,1,1,1,1,1,4.0,1.0,3.0,2.0,2,,,,,1,3.0,1.0,3.0,1.0,1,3.0,1.0,3.0,9.0,2,,,,1,4.0,1.0,3.0,1,4.0,1.0,3.0,1,2.0,2.0,2.0,1,1.0,2.0,2.0,1,1.0,2.0,1.0,1,3.0,2.0,2.0,1.0,1.0,1.0,1.0,2.0,,,,,,2.0,1.0,1.0,1.0,2.0,1.0,1.0,1.0,1.0,2.0,,,,,,2.0,2.0,1.0,1.0,2.0,2.0,2.0,1.0,1.0,2.0,2.0,1.0,1.0,1.0,2.0,2.0,2.0,2.0,2.0,1.0,2.0,2.0,1.0,1.0,2.0,2.0,1.0,1.0,2.0,2,982,1964,982.0,1964.0,U,3,280,6327,True,"Robo en calle, Delito sexual, Lesiones",Hombre
38991,1405090.05,1405090.05.01,1405090.05.01.02,1405090,5,1,B,2,2,47,2.0,14,JALISCO,39,GUADALAJARA,3,0,0,1,0,0,0,0,1,0,0,1,0,0,0,2,1,1,1,3,1,3,1,1,2,1,1,1,2,1,3,0,0,0,0,0,0,1,0,0,0,0,0,0,0,0,0,0,0,0,2,2,2,1,1,1,1,2.0,2,,2,,2,,2,,2,,2,2,2,2,2,2,3,2,2,2,2,2,3,2,2,2,2,2,2,2,2,2,2,2,2,2,2,,1,1,2,1,1,3,3,2,1,1,2,1,1,2,1,5,1,1,1,3.0,1.0,2.0,1.0,2,,,,,2,,,,,1,9.0,9.0,2.0,1.0,2,,,,2,,,,2,,,,1,1.0,2.0,1.0,1,1.0,2.0,1.0,1,1.0,2.0,1.0,2,,,,2.0,1.0,2.0,1.0,2.0,,,,,,,,,,,2.0,1.0,2.0,1.0,2.0,,,,,,,,,,,,,,,,2.0,1.0,2.0,1.0,2.0,2.0,2.0,2.0,1.0,2.0,2.0,2.0,2.0,1.0,2.0,,,,,2,982,1964,982.0,1964.0,U,3,280,6327,True,"Robo en vivienda, Extorsión, Amenazas",Mujer
38992,1405103.02,1405103.02.01,1405103.02.01.02,1405103,2,1,B,2,2,44,2.0,14,JALISCO,39,GUADALAJARA,3,0,0,1,1,1,0,0,0,0,0,0,0,0,0,1,2,2,2,2,2,3,2,2,2,2,3,2,2,2,3,0,0,1,0,0,0,0,0,1,0,1,0,0,0,0,0,0,0,0,1,1,2,4,4,4,1,1.0,1,1.0,1,1.0,2,,2,,1,1.0,1,1,1,3,3,1,3,1,1,1,2,2,3,2,2,2,2,1,1,1,2,1,2,2,2,2,2,2000.0,3,1,3,2,2,3,3,2,2,3,2,2,3,3,1,1,1,1,1,4.0,1.0,3.0,2.0,1,4.0,1.0,4.0,2.0,1,4.0,1.0,4.0,2.0,1,4.0,1.0,4.0,2.0,1,4.0,1.0,4.0,1,4.0,1.0,3.0,1,4.0,1.0,3.0,1,3.0,2.0,3.0,1,3.0,2.0,3.0,1,3.0,2.0,3.0,2,,,,1.0,1.0,1.0,1.0,2.0,1.0,1.0,1.0,1.0,2.0,1.0,1.0,1.0,1.0,2.0,2.0,1.0,1.0,1.0,2.0,2.0,1.0,1.0,1.0,2.0,2.0,1.0,2.0,1.0,2.0,2.0,2.0,2.0,1.0,2.0,2.0,1.0,1.0,1.0,2.0,2.0,2.0,2.0,1.0,2.0,2.0,2.0,1.0,1.0,2.0,,,,,3,1044,2089,1044.0,2089.0,U,3,280,6302,True,"Robo en vivienda, Robo en transporte público, Robo en calle",Mujer
38993,1405103.03,1405103.03.01,1405103.03.01.01,1405103,3,1,A,1,2,28,2.0,14,JALISCO,39,GUADALAJARA,3,1,0,1,0,1,0,0,0,0,0,0,0,0,0,1,2,2,1,3,2,3,1,1,1,2,1,1,2,1,3,1,1,1,0,0,0,1,1,0,0,1,0,1,0,0,0,1,0,0,1,1,1,4,4,4,1,2.0,2,,1,1.0,1,2.0,1,1.0,2,,1,1,1,1,2,1,3,2,2,1,1,2,3,1,1,1,1,1,2,2,2,1,2,2,2,2,2,2000.0,2,3,3,1,2,2,3,1,2,1,2,3,1,3,1,5,1,1,1,3.0,1.0,3.0,2.0,2,,,,,1,2.0,1.0,2.0,1.0,1,3.0,1.0,2.0,1.0,1,2.0,2.0,1.0,2,,,,1,1.0,2.0,1.0,1,4.0,1.0,3.0,2,,,,2,,,,2,,,,2.0,1.0,1.0,2.0,2.0,,,,,,1.0,1.0,1.0,1.0,2.0,1.0,1.0,1.0,1.0,2.0,1.0,2.0,1.0,1.0,2.0,,,,,,1.0,2.0,1.0,1.0,2.0,1.0,1.0,1.0,1.0,2.0,,,,,,,,,,,,,,,3,1044,1044,1044.0,1044.0,U,3,280,6302,True,"Robo vehículo, Robo en vivienda, Robo en calle",Mujer
38994,1405103.05,1405103.05.01,1405103.05.01.01,1405103,5,1,B,1,1,66,2.0,14,JALISCO,39,GUADALAJARA,3,1,0,0,0,1,0,0,1,0,0,0,0,0,0,1,2,2,1,1,2,3,1,1,1,1,1,1,1,1,3,1,1,0,0,0,0,0,0,1,0,1,0,0,0,0,0,0,0,0,1,1,2,1,1,1,2,,2,,2,,1,1.0,1,1.0,1,2.0,1,2,2,2,3,1,3,2,2,3,2,2,2,2,2,1,2,2,2,2,2,2,2,2,2,2,2,,1,3,1,1,2,3,3,2,1,3,3,3,1,3,1,1,1,1,1,4.0,1.0,4.0,2.0,1,3.0,1.0,3.0,1.0,1,3.0,1.0,3.0,2.0,1,2.0,2.0,1.0,1.0,1,3.0,1.0,3.0,1,3.0,1.0,3.0,1,2.0,1.0,3.0,1,1.0,2.0,1.0,1,1.0,2.0,2.0,1,1.0,2.0,2.0,2,,,,1.0,1.0,1.0,1.0,2.0,2.0,1.0,1.0,1.0,2.0,1.0,1.0,1.0,1.0,2.0,2.0,1.0,1.0,1.0,2.0,2.0,1.0,1.0,1.0,2.0,2.0,2.0,1.0,1.0,2.0,2.0,1.0,1.0,1.0,2.0,2.0,1.0,1.0,1.0,2.0,2.0,1.0,1.0,1.0,2.0,2.0,1.0,1.0,1.0,2.0,,,,,3,1044,2089,1044.0,2089.0,U,3,280,6302,True,"Robo vehículo, Robo en calle, Extorsión",Hombre
38995,1405122.02,1405122.02.01,1405122.02.01.02,1405122,2,1,B,2,1,57,2.0,14,JALISCO,39,GUADALAJARA,3,0,0,0,0,0,1,1,0,0,1,0,0,0,0,2,2,2,1,1,1,3,1,1,1,1,1,1,1,1,1,1,0,0,0,0,0,1,1,0,0,0,0,0,0,0,0,0,0,0,1,2,2,2,1,1,2,,2,,2,,2,,1,1.0,2,,2,2,2,2,2,2,3,2,2,2,2,2,2,2,2,2,2,2,2,2,2,2,2,2,2,2,2,,1,1,1,3,3,2,3,1,3,3,1,1,3,2,2,2,4,2,1,4.0,1.0,4.0,2.0,1,3.0,2.0,3.0,1.0,1,2.0,2.0,2.0,1.0,1,1.0,2.0,2.0,1.0,1,3.0,1.0,2.0,1,3.0,1.0,3.0,2,,,,1,1.0,2.0,1.0,1,1.0,2.0,1.0,1,1.0,2.0,1.0,1,4.0,1.0,3.0,1.0,1.0,2.0,2.0,2.0,1.0,1.0,2.0,2.0,2.0,1.0,1.0,2.0,1.0,2.0,1.0,1.0,2.0,1.0,2.0,2.0,1.0,1.0,2.0,2.0,2.0,1.0,1.0,2.0,2.0,,,,,,2.0,1.0,1.0,2.0,2.0,2.0,1.0,1.0,2.0,2.0,2.0,1.0,1.0,2.0,2.0,2.0,2.0,1.0,2.0,2,945,1890,945.0,1890.0,U,3,280,6353,True,"Secuestro, Fraude bancario, Lesiones",Hombre
38996,1405122.03,1405122.03.01,1405122.03.01.04,1405122,3,1,A,4,2,34,2.0,14,JALISCO,39,GUADALAJARA,3,0,1,0,0,1,0,0,1,0,0,0,0,0,0,2,2,2,1,2,2,3,2,2,2,2,2,2,2,2,3,0,0,0,0,0,0,1,0,1,0,0,0,0,0,1,0,0,0,0,2,2,2,1,1,1,1,2.0,1,2.0,1,2.0,2,,1,2.0,3,,2,2,2,3,1,1,2,2,1,2,2,2,2,2,2,2,1,1,2,2,2,2,2,2,2,2,2,0.0,1,2,3,3,3,3,3,3,3,1,3,3,3,3,4,1,1,1,1,4.0,1.0,4.0,2.0,2,,,,,1,1.0,1.0,2.0,1.0,1,2.0,1.0,2.0,1.0,2,,,,2,,,,2,,,,1,2.0,1.0,2.0,1,2.0,1.0,2.0,1,2.0,1.0,2.0,2,,,,1.0,2.0,2.0,2.0,2.0,,,,,,2.0,2.0,2.0,1.0,2.0,2.0,2.0,2.0,1.0,2.0,,,,,,,,,,,,,,,,2.0,2.0,2.0,1.0,2.0,2.0,2.0,2.0,1.0,2.0,2.0,2.0,2.0,1.0,2.0,,,,,9,945,4724,945.0,4724.0,U,3,280,6353,True,"Robo accesorios vehículo, Robo en calle, Extorsión",Mujer
38997,1405122.04,1405122.04.01,1405122.04.01.01,1405122,4,1,B,1,2,70,2.0,14,JALISCO,39,GUADALAJARA,3,1,0,0,1,1,0,0,0,0,0,0,0,0,0,2,2,2,1,3,2,3,3,3,3,3,1,1,3,3,3,0,0,0,0,0,0,0,0,0,0,0,0,0,0,0,0,0,1,0,2,2,2,2,3,3,1,1.0,2,,2,,2,,2,,3,,3,3,2,2,2,1,3,2,2,1,2,2,3,3,2,2,2,2,2,2,2,2,2,2,2,2,2,,1,3,3,3,3,3,3,3,3,3,3,3,3,3,3,5,1,1,1,2.0,1.0,3.0,2.0,1,2.0,2.0,3.0,1.0,2,,,,,2,,,,,2,,,,2,,,,2,,,,1,1.0,2.0,1.0,2,,,,2,,,,2,,,,1.0,1.0,2.0,2.0,2.0,2.0,1.0,2.0,2.0,2.0,,,,,,,,,,,,,,,,,,,,,,,,,,1.0,2.0,2.0,2.0,2.0,,,,,,,,,,,,,,,4,945,2835,945.0,2835.0,U,3,280,6353,True,"Robo vehículo, Robo en transporte público, Robo en calle",Mujer
38998,1405122.05,1405122.05.01,1405122.05.01.02,1405122,5,1,A,2,2,72,2.0,14,JALISCO,39,GUADALAJARA,3,0,0,1,0,1,0,0,0,0,0,1,0,0,0,1,2,2,1,3,1,3,1,1,2,2,2,1,2,1,3,0,0,0,1,0,0,0,0,1,0,0,0,1,1,0,0,0,0,0,1,2,2,1,3,3,1,2.0,2,,1,2.0,2,,2,,2,,1,3,1,1,3,2,3,3,1,3,3,3,3,2,2,2,2,2,2,2,2,2,2,2,2,2,2,,1,3,1,3,3,3,3,2,1,1,1,1,1,2,2,3,1,2,1,2.0,1.0,2.0,1.0,1,2.0,1.0,4.0,1.0,2,,,,,1,1.0,2.0,1.0,1.0,2,,,,2,,,,2,,,,1,1.0,2.0,1.0,1,1.0,2.0,1.0,1,1.0,2.0,1.0,2,,,,2.0,1.0,2.0,1.0,2.0,2.0,1.0,2.0,1.0,2.0,,,,,,2.0,1.0,2.0,1.0,2.0,,,,,,,,,,,,,,,,2.0,1.0,2.0,1.0,2.0,2.0,1.0,2.0,1.0,2.0,2.0,1.0,2.0,1.0,2.0,,,,,4,945,3780,945.0,3780.0,U,3,280,6353,True,"Robo en vivienda, Robo en calle, Amenazas",Mujer
38999,1405229.01,1405229.01.01,1405229.01.01.01,1405229,1,1,B,1,2,78,2.0,14,JALISCO,39,GUADALAJARA,3,0,0,1,0,1,0,0,1,0,0,0,0,0,0,2,2,2,2,3,3,3,1,1,1,3,2,2,2,2,3,0,0,0,0,0,0,0,0,0,1,0,0,1,0,0,0,0,0,0,2,2,2,4,4,4,2,,1,2.0,2,,2,,2,,2,,2,3,2,2,2,2,3,3,3,3,2,2,3,2,2,2,2,2,2,2,2,2,2,2,2,2,2,,3,3,3,1,1,2,3,3,2,2,3,3,3,2,2,3,2,3,2,,,,,1,4.0,1.0,4.0,2.0,2,,,,,1,4.0,1.0,4.0,2.0,1,4.0,1.0,4.0,2,,,,2,,,,1,4.0,1.0,4.0,2,,,,1,4.0,1.0,4.0,1,3.0,1.0,4.0,,,,,,2.0,1.0,2.0,1.0,2.0,,,,,,2.0,1.0,2.0,1.0,2.0,2.0,1.0,2.0,1.0,2.0,,,,,,,,,,,2.0,1.0,2.0,1.0,2.0,,,,,,2.0,2.0,2.0,1.0,2.0,1.0,2.0,1.0,2.0,4,1026,1026,1026.0,1026.0,U,3,280,6310,True,"Robo en vivienda, Robo en calle, Extorsión",Mujer
39000,1405229.02,1405229.02.01,1405229.02.01.01,1405229,2,1,B,1,1,24,2.0,14,JALISCO,39,GUADALAJARA,3,0,0,0,1,1,0,0,1,0,0,0,0,0,0,1,1,1,1,1,1,3,1,1,2,2,1,1,1,1,3,1,0,0,0,0,0,0,0,0,0,0,0,0,0,0,0,0,0,0,1,2,2,2,3,2,1,2.0,2,,1,2.0,2,,2,,2,,2,3,2,2,2,2,3,2,2,2,2,2,2,2,2,2,2,2,2,2,2,2,2,2,2,2,2,,1,2,1,2,2,2,2,2,2,2,2,2,2,2,2,1,1,2,1,4.0,1.0,4.0,1.0,1,2.0,1.0,2.0,1.0,1,2.0,2.0,2.0,1.0,1,2.0,2.0,1.0,1.0,2,,,,1,2.0,1.0,2.0,1,2.0,1.0,2.0,1,1.0,2.0,1.0,1,2.0,2.0,2.0,1,1.0,2.0,1.0,1,3.0,1.0,2.0,1.0,2.0,2.0,2.0,2.0,2.0,1.0,2.0,2.0,2.0,2.0,2.0,1.0,2.0,2.0,2.0,1.0,2.0,2.0,2.0,,,,,,2.0,2.0,1.0,2.0,2.0,2.0,2.0,1.0,2.0,2.0,2.0,1.0,2.0,2.0,2.0,2.0,2.0,1.0,2.0,2.0,2.0,2.0,2.0,1.0,2.0,2.0,2.0,1.0,2.0,2,1026,2051,1026.0,2051.0,U,3,280,6310,True,"Robo en transporte público, Robo en calle, Extorsión",Hombre
39001,1405229.02,1405229.02.02,1405229.02.02.03,1405229,2,2,B,3,2,62,2.0,14,JALISCO,39,GUADALAJARA,3,0,0,0,0,1,0,0,0,1,1,0,0,0,0,2,2,2,2,3,2,2,2,2,2,2,2,2,2,2,5,0,0,0,0,0,0,0,0,1,0,1,0,0,0,0,0,0,0,0,1,1,2,3,4,1,1,1.0,2,,2,,2,,1,1.0,2,,1,1,1,1,1,1,1,1,1,1,1,1,1,1,1,1,1,1,2,2,2,2,2,2,2,2,2,4000.0,1,1,2,1,2,2,2,1,3,1,3,3,3,2,1,3,1,1,1,4.0,1.0,4.0,2.0,2,,,,,2,,,,,2,,,,,2,,,,2,,,,2,,,,1,4.0,1.0,4.0,2,,,,1,4.0,1.0,4.0,2,,,,1.0,2.0,2.0,1.0,2.0,,,,,,,,,,,,,,,,,,,,,,,,,,,,,,,2.0,1.0,2.0,1.0,2.0,,,,,,2.0,1.0,2.0,1.0,2.0,,,,,4,1026,3077,1026.0,3077.0,U,3,280,6310,True,"Robo en calle, Delito sexual, Lesiones",Mujer
39002,1405229.03,1405229.03.01,1405229.03.01.03,1405229,3,1,B,3,1,23,2.0,14,JALISCO,39,GUADALAJARA,3,1,0,0,0,1,0,0,0,0,0,1,0,0,0,2,2,2,1,2,2,3,1,1,2,2,2,1,1,1,4,1,1,1,0,0,0,0,1,1,1,1,1,1,1,1,0,0,0,0,1,1,1,3,3,3,1,2.0,2,,1,2.0,1,2.0,1,2.0,9,,1,1,1,1,1,2,3,1,1,1,1,1,1,1,1,2,2,2,2,2,2,2,2,2,2,2,2,,1,3,1,1,3,3,3,1,1,1,1,1,3,3,4,3,2,2,1,2.0,1.0,1.0,2.0,2,,,,,1,3.0,2.0,3.0,1.0,1,4.0,1.0,4.0,2.0,2,,,,2,,,,2,,,,1,2.0,2.0,2.0,2,,,,2,,,,2,,,,2.0,2.0,1.0,1.0,2.0,,,,,,2.0,1.0,2.0,2.0,2.0,1.0,2.0,2.0,1.0,2.0,,,,,,,,,,,,,,,,2.0,2.0,2.0,1.0,2.0,,,,,,,,,,,,,,,3,1026,5128,1026.0,5128.0,U,3,280,6310,True,"Robo vehículo, Robo en calle, Amenazas",Hombre
39003,1405229.04,1405229.04.01,1405229.04.01.01,1405229,4,1,B,1,2,27,2.0,14,JALISCO,39,GUADALAJARA,3,0,0,1,0,1,0,0,0,0,1,0,0,0,0,1,1,2,1,3,1,3,2,1,1,1,1,1,1,1,2,1,0,0,1,1,0,0,1,1,1,0,0,0,0,0,0,0,0,0,2,2,2,1,3,4,2,,2,,2,,2,,1,2.0,2,,2,1,2,2,2,1,3,2,1,1,2,1,2,2,2,1,2,2,2,1,2,2,2,2,2,2,2,400.0,1,1,2,2,3,2,2,3,3,2,2,3,2,2,2,5,1,1,1,3.0,2.0,2.0,1.0,1,2.0,1.0,2.0,9.0,1,2.0,9.0,2.0,1.0,1,2.0,9.0,2.0,1.0,2,,,,1,4.0,9.0,3.0,2,,,,2,,,,2,,,,2,,,,1,3.0,9.0,3.0,2.0,1.0,2.0,2.0,2.0,2.0,1.0,2.0,1.0,2.0,2.0,1.0,1.0,1.0,2.0,2.0,1.0,2.0,1.0,2.0,,,,,,2.0,1.0,2.0,1.0,2.0,,,,,,,,,,,,,,,,,,,,,2.0,1.0,1.0,2.0,4,1026,2051,1026.0,2051.0,U,3,280,6310,True,"Robo en vivienda, Robo en calle, Lesiones",Mujer
39004,1405229.05,1405229.05.01,1405229.05.01.03,1405229,5,1,A,3,2,20,2.0,14,JALISCO,39,GUADALAJARA,3,0,0,0,1,1,0,0,0,0,0,1,0,0,0,2,2,2,2,2,2,3,3,3,2,2,2,2,2,1,4,1,0,0,0,0,0,0,1,0,0,0,0,0,0,0,0,0,0,0,1,1,1,3,3,3,1,1.0,2,,2,,2,,1,2.0,1,2.0,1,1,2,2,2,1,3,2,1,1,2,1,1,2,1,2,2,2,2,2,2,2,2,2,2,2,2,,3,1,3,3,3,3,3,3,3,1,3,3,3,2,3,3,1,1,2,,,,,2,,,,,2,,,,,2,,,,,2,,,,2,,,,2,,,,2,,,,2,,,,2,,,,2,,,,,,,,,,,,,,,,,,,,,,,,,,,,,,,,,,,,,,,,,,,,,,,,,,,,,,,,,,9,1026,3077,1026.0,3077.0,U,3,280,6310,True,"Robo en transporte público, Robo en calle, Amenazas",Mujer
39005,1405272.01,1405272.01.01,1405272.01.01.02,1405272,1,1,A,2,2,29,2.0,14,JALISCO,39,GUADALAJARA,3,0,0,0,0,1,0,0,0,1,1,0,0,0,0,2,2,2,2,3,2,3,2,2,2,2,2,2,2,2,5,1,0,1,0,0,0,0,0,1,0,1,0,1,0,0,0,0,0,0,1,1,1,4,4,4,1,2.0,1,2.0,2,,2,,1,2.0,1,2.0,1,1,1,1,1,1,2,2,2,1,2,1,3,2,2,2,1,1,1,2,2,2,2,1,2,2,2,3000.0,3,3,3,3,3,3,3,3,3,3,3,3,1,2,3,5,1,1,2,,,,,2,,,,,2,,,,,1,2.0,2.0,2.0,2.0,1,2.0,2.0,2.0,1,2.0,2.0,2.0,1,2.0,2.0,2.0,1,2.0,2.0,2.0,1,2.0,2.0,2.0,1,2.0,2.0,2.0,1,2.0,2.0,2.0,,,,,,,,,,,,,,,,2.0,1.0,2.0,1.0,2.0,2.0,1.0,2.0,1.0,2.0,2.0,1.0,2.0,1.0,2.0,2.0,1.0,2.0,1.0,2.0,2.0,1.0,2.0,1.0,2.0,2.0,1.0,2.0,1.0,2.0,2.0,1.0,2.0,1.0,2.0,2.0,2.0,1.0,2.0,4,1212,2424,1212.0,2424.0,U,4,281,6394,True,"Robo en calle, Delito sexual, Lesiones",Mujer
39006,1405272.02,1405272.02.01,1405272.02.01.02,1405272,2,1,A,2,2,39,2.0,14,JALISCO,39,GUADALAJARA,3,0,1,0,1,0,0,0,0,0,0,1,0,0,0,1,1,1,1,1,2,3,3,3,2,2,2,3,2,2,3,1,0,0,0,1,0,0,0,1,0,0,0,0,0,0,0,0,0,0,1,2,1,4,4,4,1,1.0,1,1.0,1,1.0,2,,1,1.0,1,1.0,2,2,1,1,1,2,3,2,2,1,2,3,3,1,2,2,2,2,2,1,2,2,2,2,2,2,2,500.0,3,1,3,3,3,1,3,1,1,1,3,3,3,3,5,1,1,1,1,2.0,1.0,3.0,2.0,1,2.0,1.0,2.0,2.0,1,2.0,1.0,2.0,1.0,2,,,,,2,,,,2,,,,2,,,,1,2.0,9.0,9.0,2,,,,2,,,,2,,,,2.0,1.0,2.0,2.0,2.0,2.0,1.0,2.0,2.0,2.0,2.0,1.0,2.0,2.0,2.0,,,,,,,,,,,,,,,,,,,,,2.0,2.0,1.0,2.0,2.0,,,,,,,,,,,,,,,3,1212,2424,1212.0,2424.0,U,4,281,6394,True,"Robo accesorios vehículo, Robo en transporte público, Amenazas",Mujer
39007,1405272.03,1405272.03.01,1405272.03.01.01,1405272,3,1,A,1,1,23,2.0,14,JALISCO,39,GUADALAJARA,3,0,0,0,1,1,0,0,1,0,0,0,0,0,0,1,2,2,1,3,2,1,2,2,2,2,2,2,2,2,2,0,0,0,0,0,0,0,1,1,0,1,0,0,0,0,0,0,0,0,1,1,1,4,4,4,1,2.0,2,,1,2.0,2,,1,2.0,1,2.0,1,3,2,1,2,1,2,2,1,1,1,1,2,2,2,2,1,1,2,2,2,2,2,2,2,2,2,5000.0,3,1,3,3,3,3,3,3,3,3,3,3,1,2,2,3,1,1,1,4.0,1.0,3.0,2.0,2,,,,,1,3.0,1.0,2.0,1.0,1,2.0,1.0,2.0,1.0,2,,,,1,3.0,1.0,3.0,2,,,,1,2.0,2.0,2.0,1,2.0,2.0,2.0,1,2.0,2.0,2.0,2,,,,1.0,1.0,2.0,2.0,2.0,,,,,,2.0,1.0,1.0,2.0,2.0,1.0,1.0,1.0,2.0,2.0,,,,,,1.0,2.0,2.0,2.0,2.0,,,,,,2.0,1.0,2.0,1.0,2.0,2.0,2.0,2.0,1.0,2.0,2.0,2.0,2.0,1.0,2.0,,,,,2,1212,1212,1212.0,1212.0,U,4,281,6394,True,"Robo en transporte público, Robo en calle, Extorsión",Hombre
39008,1405272.05,1405272.05.01,1405272.05.01.02,1405272,5,1,A,2,2,44,2.0,14,JALISCO,39,GUADALAJARA,2,0,0,1,0,0,0,0,1,0,0,1,0,0,0,1,2,2,1,1,1,3,2,1,1,2,2,1,2,1,3,1,0,0,0,0,0,0,1,0,0,0,0,0,0,0,0,0,0,0,1,2,2,2,1,3,2,,2,,2,,2,,2,,2,,2,3,2,2,2,1,3,2,2,3,2,2,2,2,2,2,2,2,2,2,2,2,2,2,2,2,2,,3,3,3,3,3,1,3,3,3,1,3,3,3,2,2,2,2,2,1,3.0,1.0,2.0,2.0,1,2.0,1.0,3.0,9.0,1,2.0,1.0,2.0,1.0,1,2.0,1.0,2.0,1.0,1,3.0,9.0,2.0,2,,,,2,,,,1,2.0,9.0,2.0,1,2.0,2.0,2.0,1,2.0,2.0,2.0,2,,,,2.0,2.0,1.0,2.0,2.0,2.0,1.0,1.0,2.0,2.0,2.0,1.0,1.0,2.0,2.0,1.0,2.0,2.0,2.0,2.0,2.0,2.0,1.0,2.0,2.0,,,,,,,,,,,1.0,2.0,2.0,2.0,2.0,1.0,2.0,2.0,2.0,2.0,2.0,2.0,1.0,2.0,2.0,,,,,3,1212,2424,1212.0,2424.0,U,4,281,6394,True,"Robo en vivienda, Extorsión, Amenazas",Mujer
39009,1405378.01,1405378.01.01,1405378.01.01.01,1405378,1,1,B,1,1,59,2.0,14,JALISCO,39,GUADALAJARA,3,0,0,0,0,0,0,0,1,1,0,1,0,0,0,2,2,2,1,1,2,3,1,1,2,2,3,1,1,1,3,0,1,0,0,0,1,0,1,1,1,0,0,0,0,1,0,0,0,0,1,2,2,3,3,1,2,,2,,1,2.0,2,,1,1.0,2,,2,3,2,2,3,2,3,2,2,3,2,2,3,2,2,2,2,1,2,1,2,1,2,2,2,2,2,4500.0,2,3,1,2,3,3,3,3,3,3,3,3,2,3,1,1,1,1,1,4.0,1.0,4.0,2.0,1,4.0,1.0,4.0,2.0,1,4.0,1.0,4.0,2.0,1,1.0,2.0,2.0,1.0,2,,,,1,4.0,1.0,2.0,2,,,,1,1.0,2.0,1.0,2,,,,1,1.0,2.0,1.0,2,,,,1.0,1.0,2.0,2.0,2.0,2.0,1.0,2.0,2.0,2.0,2.0,1.0,2.0,2.0,2.0,2.0,1.0,2.0,2.0,2.0,,,,,,1.0,2.0,2.0,1.0,2.0,,,,,,2.0,1.0,2.0,2.0,2.0,,,,,,2.0,1.0,2.0,2.0,2.0,,,,,4,1115,4461,1115.0,4461.0,U,3,280,6296,True,"Extorsión, Delito sexual, Amenazas",Hombre
39010,1405378.02,1405378.02.01,1405378.02.01.03,1405378,2,1,A,3,1,35,2.0,14,JALISCO,39,GUADALAJARA,3,0,0,1,0,1,0,0,0,0,1,0,0,0,0,2,2,2,2,1,2,3,3,1,1,1,3,1,1,1,3,1,1,0,0,0,0,0,1,1,0,0,0,0,0,0,0,0,0,0,2,2,2,3,3,3,2,,2,,2,,2,,1,2.0,2,,2,3,2,3,3,1,2,2,2,3,2,2,3,2,2,2,1,1,2,1,2,1,2,1,2,2,2,50000.0,1,1,1,1,1,3,3,3,3,3,3,3,3,3,1,1,1,1,1,4.0,1.0,4.0,2.0,1,3.0,1.0,2.0,1.0,1,3.0,1.0,2.0,2.0,1,3.0,1.0,2.0,1.0,2,,,,1,3.0,1.0,2.0,2,,,,1,1.0,2.0,1.0,1,1.0,2.0,1.0,1,1.0,2.0,1.0,1,2.0,1.0,2.0,2.0,1.0,2.0,2.0,2.0,2.0,1.0,2.0,2.0,2.0,2.0,1.0,2.0,2.0,2.0,2.0,1.0,2.0,2.0,2.0,,,,,,2.0,2.0,1.0,1.0,2.0,,,,,,2.0,1.0,2.0,2.0,2.0,2.0,2.0,2.0,1.0,2.0,2.0,1.0,2.0,1.0,2.0,1.0,2.0,2.0,2.0,3,1115,4461,1115.0,4461.0,U,3,280,6296,True,"Robo en vivienda, Robo en calle, Lesiones",Hombre
39011,1405378.03,1405378.03.01,1405378.03.01.01,1405378,3,1,B,1,1,40,2.0,14,JALISCO,39,GUADALAJARA,3,0,1,0,0,0,0,0,1,0,0,1,0,0,0,1,1,2,1,1,2,3,1,1,1,1,2,1,1,1,3,1,0,0,0,0,0,0,1,0,0,0,0,0,0,0,0,0,0,0,1,2,2,2,4,1,2,,2,,1,2.0,2,,2,,2,,2,3,2,2,2,2,3,2,2,3,2,2,2,2,2,2,2,2,2,2,2,1,2,2,2,2,2,0.0,1,1,1,1,2,3,3,3,3,3,2,1,2,2,1,1,1,1,1,3.0,1.0,3.0,2.0,1,4.0,1.0,3.0,2.0,1,2.0,1.0,2.0,1.0,1,1.0,2.0,1.0,1.0,1,2.0,2.0,2.0,1,3.0,1.0,3.0,2,,,,1,1.0,2.0,1.0,2,,,,2,,,,2,,,,1.0,1.0,2.0,2.0,2.0,2.0,1.0,2.0,2.0,2.0,2.0,1.0,2.0,2.0,2.0,2.0,1.0,2.0,2.0,2.0,1.0,2.0,2.0,2.0,2.0,1.0,2.0,2.0,2.0,2.0,,,,,,2.0,1.0,2.0,2.0,2.0,,,,,,,,,,,,,,,3,1115,2230,1115.0,2230.0,U,3,280,6296,True,"Robo accesorios vehículo, Extorsión, Amenazas",Hombre
39012,1405381.01,1405381.01.01,1405381.01.01.03,1405381,1,1,B,3,2,26,2.0,14,JALISCO,39,GUADALAJARA,3,0,0,0,0,1,0,0,1,0,0,1,0,0,0,1,2,2,1,1,1,3,1,1,2,2,3,1,1,2,2,1,0,0,0,0,0,0,1,1,1,0,0,0,1,0,0,0,0,0,1,2,1,3,3,3,2,,2,,2,,2,,1,1.0,9,,2,2,2,2,3,2,3,2,2,3,2,2,3,2,2,2,2,2,2,2,2,1,2,2,2,2,2,0.0,1,1,1,2,1,3,1,2,1,1,2,2,1,3,1,1,1,2,1,3.0,1.0,2.0,1.0,1,2.0,2.0,2.0,1.0,1,2.0,9.0,2.0,1.0,1,1.0,2.0,1.0,1.0,2,,,,1,4.0,1.0,3.0,2,,,,1,1.0,2.0,1.0,2,,,,1,1.0,2.0,1.0,1,4.0,1.0,3.0,1.0,1.0,2.0,2.0,2.0,2.0,1.0,2.0,2.0,2.0,2.0,1.0,2.0,2.0,2.0,2.0,1.0,2.0,1.0,2.0,,,,,,2.0,2.0,2.0,1.0,2.0,,,,,,2.0,1.0,2.0,2.0,2.0,,,,,,2.0,1.0,2.0,1.0,2.0,2.0,2.0,1.0,2.0,3,981,3923,981.0,3923.0,U,3,280,6330,True,"Robo en calle, Extorsión, Amenazas",Mujer
39013,1405381.03,1405381.03.01,1405381.03.01.03,1405381,3,1,B,3,2,28,2.0,14,JALISCO,39,GUADALAJARA,3,0,0,0,1,1,0,0,0,0,1,0,0,0,0,1,2,2,1,1,2,3,2,1,1,2,2,2,2,2,4,0,1,0,0,0,0,0,1,1,1,1,0,0,0,0,0,0,0,0,1,1,1,1,3,3,2,,2,,2,,2,,1,9.0,2,,1,3,2,2,2,1,3,2,2,3,2,2,3,2,2,2,2,1,2,2,2,2,2,2,2,2,2,1000.0,1,1,2,2,1,3,3,3,3,1,2,2,1,3,1,1,1,1,1,3.0,1.0,3.0,1.0,1,3.0,1.0,2.0,1.0,1,3.0,1.0,3.0,2.0,1,3.0,1.0,2.0,1.0,2,,,,1,2.0,2.0,2.0,2,,,,1,3.0,2.0,2.0,1,2.0,2.0,2.0,2,,,,2,,,,1.0,1.0,2.0,2.0,2.0,2.0,1.0,2.0,2.0,2.0,2.0,1.0,2.0,2.0,2.0,1.0,1.0,2.0,2.0,2.0,,,,,,1.0,2.0,2.0,2.0,2.0,,,,,,2.0,1.0,2.0,2.0,2.0,2.0,2.0,2.0,1.0,2.0,,,,,,,,,,2,981,3923,981.0,3923.0,U,3,280,6330,True,"Robo en transporte público, Robo en calle, Lesiones",Mujer
39014,1405381.04,1405381.04.01,1405381.04.01.01,1405381,4,1,B,1,2,53,2.0,14,JALISCO,39,GUADALAJARA,3,1,0,0,0,1,0,0,0,1,0,0,0,0,0,1,2,2,2,2,2,3,2,1,1,2,2,2,2,2,3,1,0,1,0,0,0,0,1,1,0,0,0,0,0,0,0,0,0,0,1,1,1,2,4,4,2,,2,,2,,2,,1,9.0,9,,1,3,2,1,2,1,3,2,3,2,2,2,3,2,2,2,2,2,2,1,2,2,2,2,2,2,2,15000.0,1,1,3,2,2,3,2,2,3,3,3,3,2,3,3,3,1,1,1,4.0,1.0,4.0,2.0,1,3.0,1.0,4.0,2.0,1,3.0,1.0,4.0,2.0,1,2.0,2.0,3.0,1.0,2,,,,2,,,,1,2.0,9.0,3.0,1,2.0,2.0,2.0,1,2.0,2.0,2.0,1,2.0,2.0,2.0,1,3.0,1.0,3.0,1.0,1.0,2.0,1.0,2.0,1.0,1.0,1.0,1.0,2.0,2.0,1.0,2.0,1.0,2.0,2.0,1.0,2.0,2.0,2.0,,,,,,,,,,,2.0,2.0,2.0,1.0,2.0,2.0,1.0,2.0,2.0,2.0,2.0,2.0,2.0,1.0,2.0,2.0,2.0,2.0,1.0,2.0,1.0,1.0,1.0,2.0,4,981,2942,981.0,2942.0,U,3,280,6330,True,"Robo vehículo, Robo en calle, Delito sexual",Mujer
39015,1405381.05,1405381.05.01,1405381.05.01.01,1405381,5,1,B,1,2,42,2.0,14,JALISCO,39,GUADALAJARA,3,0,0,1,0,1,0,0,1,0,0,0,0,0,0,2,2,2,2,2,2,3,2,2,2,2,2,2,2,2,3,0,1,1,0,0,0,1,1,1,1,0,0,0,0,0,0,1,0,0,1,2,2,3,4,3,2,,2,,2,,1,2.0,1,2.0,1,2.0,2,2,2,2,2,1,3,2,2,3,2,2,3,2,2,2,2,2,2,2,2,2,2,2,2,2,2,,1,1,2,2,2,3,3,3,3,3,3,3,3,3,3,3,3,3,1,3.0,1.0,3.0,2.0,1,4.0,1.0,3.0,2.0,1,3.0,1.0,3.0,2.0,1,3.0,1.0,2.0,1.0,2,,,,1,4.0,1.0,3.0,2,,,,1,3.0,2.0,2.0,2,,,,1,2.0,2.0,2.0,1,4.0,1.0,4.0,2.0,1.0,2.0,2.0,2.0,2.0,1.0,2.0,2.0,2.0,2.0,1.0,2.0,2.0,2.0,2.0,1.0,2.0,2.0,2.0,,,,,,2.0,2.0,2.0,1.0,2.0,,,,,,2.0,1.0,2.0,2.0,2.0,,,,,,2.0,1.0,2.0,1.0,2.0,2.0,2.0,1.0,2.0,4,981,981,981.0,981.0,U,3,280,6330,True,"Robo en vivienda, Robo en calle, Extorsión",Mujer
39016,1405452.01,1405452.01.01,1405452.01.01.06,1405452,1,1,B,6,1,20,2.0,14,JALISCO,39,GUADALAJARA,3,1,0,1,0,0,0,0,0,1,0,0,0,0,0,1,2,2,1,1,2,3,2,1,1,2,2,2,2,2,3,1,1,0,0,0,1,0,1,1,0,1,0,1,0,0,1,0,0,0,1,1,2,1,3,1,1,2.0,2,,1,1.0,1,9.0,1,9.0,1,9.0,2,2,2,2,2,2,3,2,2,3,2,2,2,2,2,2,2,2,2,2,2,2,2,2,2,2,2,,1,3,1,1,3,3,3,2,2,1,2,2,1,3,3,1,1,1,1,2.0,1.0,3.0,2.0,1,3.0,1.0,3.0,1.0,2,,,,,1,2.0,2.0,2.0,1.0,2,,,,2,,,,1,2.0,2.0,2.0,1,1.0,2.0,1.0,2,,,,1,1.0,2.0,1.0,2,,,,2.0,1.0,2.0,2.0,2.0,2.0,1.0,2.0,2.0,2.0,,,,,,2.0,1.0,2.0,2.0,2.0,,,,,,,,,,,2.0,2.0,2.0,1.0,2.0,2.0,1.0,2.0,2.0,2.0,,,,,,2.0,1.0,2.0,1.0,2.0,,,,,4,1087,6524,1087.0,6524.0,U,4,281,6433,True,"Robo vehículo, Robo en vivienda, Delito sexual",Hombre
39017,1405452.02,1405452.02.01,1405452.02.01.01,1405452,2,1,B,1,1,47,2.0,14,JALISCO,39,GUADALAJARA,3,0,1,0,1,1,0,0,0,0,0,0,0,0,0,1,2,2,1,2,2,3,3,2,1,2,3,2,2,2,3,1,1,1,1,1,1,0,1,1,1,1,0,0,1,1,0,0,0,0,1,1,1,3,3,3,1,2.0,1,2.0,1,2.0,2,,1,9.0,1,9.0,1,2,2,3,3,2,2,2,2,3,2,2,2,2,2,2,2,2,2,2,2,2,2,2,2,2,2,,1,3,1,2,2,3,3,1,3,3,3,3,2,2,2,2,2,2,1,4.0,1.0,4.0,2.0,1,4.0,1.0,3.0,2.0,1,4.0,1.0,4.0,2.0,1,3.0,1.0,2.0,9.0,1,4.0,1.0,3.0,1,3.0,1.0,3.0,1,3.0,1.0,3.0,1,2.0,1.0,2.0,1,2.0,1.0,2.0,1,2.0,1.0,2.0,1,3.0,1.0,3.0,1.0,1.0,1.0,1.0,2.0,2.0,1.0,2.0,2.0,2.0,2.0,1.0,2.0,2.0,2.0,2.0,1.0,2.0,2.0,2.0,1.0,2.0,2.0,1.0,2.0,1.0,2.0,2.0,1.0,2.0,2.0,2.0,1.0,1.0,2.0,2.0,1.0,2.0,2.0,2.0,2.0,2.0,2.0,1.0,2.0,2.0,2.0,2.0,1.0,2.0,1.0,2.0,1.0,2.0,4,1087,2175,1087.0,2175.0,U,4,281,6433,True,"Robo accesorios vehículo, Robo en transporte público, Robo en calle",Hombre
39018,1405452.03,1405452.03.01,1405452.03.01.01,1405452,3,1,B,1,2,61,2.0,14,JALISCO,39,GUADALAJARA,3,0,0,0,1,1,0,0,0,1,0,0,0,0,0,2,2,2,1,3,2,3,2,2,2,2,2,2,2,3,3,1,0,0,0,0,0,0,1,1,0,1,0,0,0,1,0,0,0,0,1,1,9,3,3,3,2,,2,,1,2.0,2,,1,2.0,1,9.0,1,3,2,2,2,2,3,2,2,3,2,2,3,2,2,2,2,2,2,2,2,1,2,2,2,2,2,0.0,1,3,3,3,3,3,3,3,3,3,2,2,2,2,2,5,1,2,1,4.0,1.0,3.0,2.0,1,4.0,1.0,3.0,2.0,1,4.0,1.0,3.0,2.0,1,3.0,9.0,3.0,9.0,2,,,,2,,,,2,,,,1,3.0,9.0,2.0,1,2.0,9.0,2.0,2,,,,1,3.0,1.0,3.0,2.0,1.0,2.0,2.0,2.0,2.0,1.0,2.0,2.0,2.0,2.0,1.0,2.0,2.0,2.0,2.0,1.0,2.0,2.0,2.0,,,,,,,,,,,,,,,,2.0,1.0,2.0,1.0,2.0,2.0,2.0,2.0,1.0,2.0,,,,,,1.0,1.0,1.0,2.0,4,1087,1087,1087.0,1087.0,U,4,281,6433,True,"Robo en transporte público, Robo en calle, Delito sexual",Mujer
39019,1405452.04,1405452.04.01,1405452.04.01.01,1405452,4,1,B,1,1,32,2.0,14,JALISCO,39,GUADALAJARA,1,0,0,0,0,1,0,0,1,1,0,0,0,0,0,2,2,2,2,1,2,3,1,1,1,1,3,2,1,2,3,1,1,1,0,1,0,1,1,1,1,1,0,0,1,1,0,1,0,0,1,1,1,3,3,3,1,1.0,2,,1,2.0,1,1.0,1,1.0,1,1.0,2,2,2,3,3,2,3,2,2,3,2,2,2,2,2,2,1,1,2,2,2,2,2,2,2,2,2,6000.0,1,3,3,3,3,2,2,1,2,3,2,2,3,3,2,5,1,1,1,4.0,1.0,3.0,2.0,1,4.0,1.0,3.0,2.0,1,4.0,1.0,3.0,2.0,1,3.0,1.0,3.0,2.0,1,4.0,1.0,3.0,1,4.0,1.0,3.0,2,,,,1,4.0,1.0,3.0,2,,,,2,,,,1,4.0,1.0,3.0,1.0,1.0,2.0,2.0,2.0,2.0,1.0,2.0,2.0,2.0,2.0,1.0,2.0,2.0,2.0,2.0,1.0,2.0,2.0,2.0,1.0,1.0,2.0,2.0,2.0,1.0,2.0,2.0,2.0,2.0,,,,,,2.0,1.0,2.0,2.0,2.0,,,,,,,,,,,1.0,2.0,2.0,2.0,4,1087,2175,1087.0,2175.0,U,4,281,6433,True,"Robo en calle, Extorsión, Delito sexual",Hombre
39020,1405452.05,1405452.05.01,1405452.05.01.01,1405452,5,1,A,1,2,35,2.0,14,JALISCO,39,GUADALAJARA,3,0,0,1,0,1,0,0,1,0,0,0,0,0,0,2,2,2,1,1,2,3,2,2,2,2,2,2,2,2,3,1,0,0,0,0,0,0,0,1,0,0,0,0,0,0,0,0,0,0,1,1,9,3,3,1,2,,1,2.0,2,,2,,1,2.0,9,,1,3,1,1,2,1,3,2,2,1,2,1,3,2,1,1,2,1,2,2,2,2,2,2,2,2,2,500.0,2,2,2,2,2,3,2,2,3,3,2,2,2,2,2,2,1,2,1,3.0,9.0,3.0,9.0,2,,,,,2,,,,,1,2.0,9.0,2.0,9.0,2,,,,2,,,,2,,,,1,2.0,9.0,2.0,2,,,,2,,,,1,9.0,9.0,9.0,2.0,1.0,2.0,2.0,2.0,,,,,,,,,,,2.0,1.0,2.0,1.0,2.0,,,,,,,,,,,,,,,,2.0,1.0,2.0,1.0,2.0,,,,,,,,,,,2.0,2.0,1.0,2.0,9,1087,6524,1087.0,6524.0,U,4,281,6433,True,"Robo en vivienda, Robo en calle, Extorsión",Mujer
39021,1405453.01,1405453.01.01,1405453.01.01.02,1405453,1,1,A,2,2,44,2.0,14,JALISCO,39,GUADALAJARA,3,0,0,1,0,1,0,0,0,0,1,0,0,0,0,2,2,2,1,2,2,3,2,1,2,2,2,1,2,2,3,0,0,0,0,0,0,0,1,1,1,0,0,0,0,0,0,0,0,0,1,2,1,1,3,3,2,,1,1.0,2,,2,,1,1.0,9,,2,2,2,3,2,1,3,2,2,3,2,2,3,2,2,2,2,1,2,2,2,1,2,2,2,2,2,2500.0,3,1,1,1,1,3,1,1,1,1,2,2,1,2,1,1,1,1,1,3.0,1.0,3.0,2.0,1,2.0,1.0,2.0,1.0,1,3.0,1.0,3.0,1.0,1,1.0,2.0,1.0,1.0,2,,,,1,3.0,1.0,2.0,2,,,,1,1.0,2.0,1.0,2,,,,1,1.0,2.0,1.0,1,3.0,1.0,3.0,1.0,1.0,2.0,2.0,2.0,2.0,1.0,2.0,2.0,2.0,2.0,1.0,2.0,2.0,2.0,2.0,1.0,2.0,2.0,2.0,,,,,,1.0,2.0,2.0,1.0,2.0,,,,,,2.0,1.0,2.0,2.0,2.0,,,,,,2.0,1.0,2.0,1.0,2.0,2.0,1.0,1.0,2.0,4,1079,2157,1079.0,2157.0,U,4,281,6436,True,"Robo en vivienda, Robo en calle, Lesiones",Mujer
39022,1405453.02,1405453.02.01,1405453.02.01.01,1405453,2,1,A,1,1,39,2.0,14,JALISCO,39,GUADALAJARA,1,0,0,0,1,1,0,0,1,0,0,0,0,0,0,1,1,1,1,1,2,1,1,1,2,2,3,2,1,1,2,0,1,0,0,0,0,0,0,0,0,0,0,0,0,1,0,0,0,0,1,1,2,3,1,4,1,9.0,2,,1,1.0,2,,1,1.0,1,1.0,1,3,2,3,3,1,2,2,2,3,2,2,3,2,2,2,2,2,2,2,2,2,1,2,2,2,2,30000.0,1,3,3,3,3,3,2,2,2,3,3,3,1,3,1,1,1,1,1,4.0,1.0,4.0,2.0,1,4.0,1.0,4.0,2.0,1,4.0,1.0,4.0,2.0,1,4.0,1.0,4.0,2.0,2,,,,2,,,,2,,,,1,4.0,1.0,4.0,1,4.0,1.0,4.0,1,4.0,1.0,4.0,2,,,,1.0,1.0,2.0,2.0,2.0,1.0,1.0,2.0,2.0,2.0,1.0,1.0,2.0,2.0,2.0,2.0,1.0,2.0,1.0,2.0,,,,,,,,,,,,,,,,2.0,1.0,2.0,1.0,2.0,2.0,2.0,2.0,1.0,2.0,2.0,2.0,2.0,1.0,2.0,,,,,4,1079,2157,1079.0,2157.0,U,4,281,6436,True,"Robo en transporte público, Robo en calle, Extorsión",Hombre
39023,1405453.04,1405453.04.01,1405453.04.01.02,1405453,4,1,B,2,2,38,2.0,14,JALISCO,39,GUADALAJARA,3,0,0,1,0,1,0,0,1,0,0,0,0,0,0,2,2,2,1,2,2,3,2,1,2,2,2,2,2,2,3,1,0,1,0,1,0,0,1,1,0,0,0,1,0,1,0,1,0,0,1,1,1,1,1,1,1,1.0,2,,1,1.0,2,,1,1.0,1,2.0,2,2,2,2,2,1,3,2,2,3,2,2,3,2,2,2,1,1,2,2,2,1,2,2,2,2,2,1000.0,1,3,3,2,1,3,1,3,1,1,2,2,3,3,2,2,1,1,1,3.0,1.0,3.0,9.0,1,4.0,1.0,3.0,2.0,1,4.0,1.0,3.0,2.0,1,3.0,1.0,2.0,1.0,2,,,,2,,,,2,,,,1,3.0,2.0,2.0,2,,,,2,,,,2,,,,2.0,1.0,2.0,2.0,2.0,2.0,1.0,2.0,2.0,2.0,2.0,1.0,2.0,2.0,2.0,2.0,1.0,2.0,1.0,2.0,,,,,,,,,,,,,,,,2.0,1.0,2.0,1.0,2.0,,,,,,,,,,,,,,,4,1079,3236,1079.0,3236.0,U,4,281,6436,True,"Robo en vivienda, Robo en calle, Extorsión",Mujer
39024,1405453.05,1405453.05.01,1405453.05.01.02,1405453,5,1,B,2,2,47,2.0,14,JALISCO,39,GUADALAJARA,3,0,0,0,0,1,0,0,0,1,1,0,0,0,0,2,2,2,1,3,1,3,1,1,2,3,3,1,1,2,3,0,0,0,0,0,0,0,0,1,0,1,0,0,0,0,0,0,0,0,1,2,1,2,3,3,2,,1,2.0,1,2.0,2,,1,1.0,2,,2,2,2,2,3,2,3,2,2,3,2,2,3,2,2,2,1,1,1,1,2,2,2,2,2,2,2,9999999.0,3,3,3,2,2,3,3,2,1,3,2,2,3,3,3,5,1,1,1,4.0,1.0,3.0,9.0,1,3.0,2.0,2.0,1.0,1,3.0,9.0,2.0,1.0,1,4.0,9.0,2.0,1.0,2,,,,2,,,,2,,,,1,2.0,2.0,2.0,2,,,,2,,,,2,,,,2.0,1.0,2.0,2.0,2.0,2.0,1.0,2.0,2.0,2.0,2.0,1.0,2.0,2.0,2.0,2.0,1.0,2.0,2.0,2.0,,,,,,,,,,,,,,,,2.0,1.0,2.0,2.0,2.0,,,,,,,,,,,,,,,2,1079,3236,1079.0,3236.0,U,4,281,6436,True,"Robo en calle, Delito sexual, Lesiones",Mujer
39025,1405460.01,1405460.01.01,1405460.01.01.02,1405460,1,1,B,2,2,75,2.0,14,JALISCO,39,GUADALAJARA,3,0,0,0,1,0,0,1,0,0,1,0,0,0,0,1,1,2,1,3,1,3,1,1,1,3,3,1,3,3,5,1,0,0,0,0,0,0,0,0,0,0,0,0,0,0,0,0,0,0,2,2,2,2,3,1,2,,1,2.0,2,,2,,2,,9,,3,3,2,3,3,2,3,3,2,3,2,2,3,2,3,2,2,2,2,2,2,2,2,2,2,2,2,,1,3,1,2,2,3,3,2,2,1,2,2,2,2,1,5,1,5,1,3.0,1.0,3.0,9.0,1,2.0,9.0,2.0,1.0,2,,,,,1,2.0,9.0,1.0,1.0,2,,,,2,,,,2,,,,1,1.0,2.0,1.0,2,,,,2,,,,2,,,,2.0,1.0,2.0,2.0,2.0,2.0,1.0,2.0,2.0,2.0,,,,,,2.0,1.0,2.0,1.0,2.0,,,,,,,,,,,,,,,,2.0,1.0,2.0,1.0,2.0,,,,,,,,,,,,,,,3,869,1738,869.0,1738.0,U,3,280,6374,True,"Robo en transporte público, Fraude bancario, Lesiones",Mujer
39026,1405460.02,1405460.02.01,1405460.02.01.01,1405460,2,1,A,1,2,65,2.0,14,JALISCO,39,GUADALAJARA,3,0,0,0,1,1,0,0,0,0,1,0,0,0,0,1,2,2,1,1,2,3,1,1,1,2,3,1,3,3,5,1,1,1,0,0,0,0,1,1,1,0,0,1,1,1,0,1,0,0,1,2,2,1,3,3,2,,1,2.0,2,,2,,1,2.0,9,,3,3,2,3,3,2,3,2,2,3,2,2,3,2,2,2,2,2,2,2,2,2,2,2,2,2,2,,2,3,3,2,3,3,3,3,3,3,2,2,2,2,1,1,1,1,1,3.0,1.0,3.0,2.0,1,3.0,1.0,3.0,9.0,1,3.0,1.0,3.0,9.0,1,2.0,1.0,2.0,1.0,2,,,,1,3.0,1.0,3.0,2,,,,1,2.0,2.0,2.0,1,2.0,2.0,2.0,2,,,,2,,,,1.0,1.0,2.0,2.0,2.0,2.0,1.0,2.0,2.0,2.0,2.0,1.0,2.0,2.0,2.0,2.0,1.0,2.0,2.0,2.0,,,,,,1.0,2.0,2.0,2.0,2.0,,,,,,2.0,1.0,2.0,2.0,2.0,2.0,2.0,2.0,1.0,2.0,,,,,,,,,,3,869,4344,869.0,4344.0,U,3,280,6374,True,"Robo en transporte público, Robo en calle, Lesiones",Mujer
39027,1405460.03,1405460.03.01,1405460.03.01.01,1405460,3,1,A,1,2,24,2.0,14,JALISCO,39,GUADALAJARA,2,0,0,1,1,1,0,0,0,0,0,0,0,0,0,1,1,2,1,1,2,3,1,1,1,1,2,1,1,1,3,0,0,0,0,0,0,1,1,0,1,0,0,0,0,1,0,0,0,0,2,2,1,1,3,1,1,9.0,2,,1,2.0,2,,1,2.0,9,,2,3,2,3,2,2,3,2,2,3,2,2,3,2,2,2,2,2,2,2,2,2,2,2,2,2,2,,2,3,1,1,2,3,3,3,3,3,2,2,2,2,3,1,1,1,1,4.0,1.0,3.0,2.0,1,4.0,1.0,3.0,9.0,2,,,,,1,1.0,2.0,2.0,9.0,2,,,,2,,,,2,,,,1,1.0,9.0,1.0,2,,,,1,1.0,9.0,1.0,2,,,,1.0,1.0,2.0,2.0,2.0,2.0,1.0,2.0,2.0,2.0,,,,,,2.0,1.0,2.0,2.0,2.0,,,,,,,,,,,,,,,,2.0,1.0,2.0,2.0,2.0,,,,,,2.0,2.0,2.0,1.0,2.0,,,,,4,869,869,869.0,869.0,U,3,280,6374,True,"Robo en vivienda, Robo en transporte público, Robo en calle",Mujer
39028,1405460.03,1405460.03.02,1405460.03.02.01,1405460,3,2,B,1,2,33,2.0,14,JALISCO,39,GUADALAJARA,3,0,0,0,0,1,1,1,0,0,0,0,0,0,0,2,2,2,1,1,2,3,2,1,1,2,1,1,2,2,3,1,0,1,0,0,0,0,1,1,0,0,0,0,1,0,0,0,0,0,1,1,1,3,4,4,1,2.0,2,,1,2.0,2,,1,2.0,9,,1,3,2,3,2,2,3,2,2,2,2,2,1,2,2,2,2,2,2,2,2,2,2,2,2,2,2,,2,3,3,3,2,3,2,2,3,3,3,3,3,3,3,2,1,3,1,4.0,1.0,3.0,2.0,2,,,,,1,4.0,1.0,4.0,2.0,2,,,,,2,,,,2,,,,2,,,,1,2.0,2.0,2.0,1,2.0,1.0,3.0,2,,,,2,,,,2.0,1.0,2.0,2.0,2.0,,,,,,2.0,1.0,2.0,2.0,2.0,,,,,,,,,,,,,,,,,,,,,2.0,1.0,2.0,2.0,2.0,2.0,2.0,2.0,1.0,2.0,,,,,,,,,,2,869,869,869.0,869.0,U,3,280,6374,True,"Robo en calle, Secuestro, Fraude bancario",Mujer
39029,1405460.03,1405460.03.03,1405460.03.03.01,1405460,3,3,A,1,1,37,2.0,14,JALISCO,39,GUADALAJARA,2,0,0,1,0,1,0,0,0,0,0,1,0,0,0,2,2,2,2,1,1,3,2,1,3,2,3,2,2,1,2,1,0,0,0,0,0,1,0,0,0,0,1,0,0,0,0,0,0,0,1,2,2,3,4,3,1,2.0,2,,2,,2,,1,2.0,9,,2,3,2,3,3,1,3,2,2,2,2,2,3,2,2,2,2,2,2,2,2,2,2,2,2,2,2,,2,3,3,2,2,3,2,3,3,3,2,2,2,2,2,1,1,1,1,3.0,1.0,3.0,2.0,1,4.0,1.0,4.0,2.0,1,4.0,1.0,4.0,2.0,1,2.0,1.0,2.0,1.0,2,,,,2,,,,2,,,,1,2.0,1.0,2.0,2,,,,1,2.0,1.0,2.0,2,,,,2.0,1.0,2.0,2.0,2.0,2.0,1.0,2.0,2.0,2.0,2.0,1.0,2.0,2.0,2.0,2.0,1.0,2.0,2.0,2.0,,,,,,,,,,,,,,,,2.0,1.0,2.0,2.0,2.0,,,,,,2.0,2.0,2.0,1.0,2.0,,,,,3,869,869,869.0,869.0,U,3,280,6374,True,"Robo en vivienda, Robo en calle, Amenazas",Hombre
39030,1405460.03,1405460.03.04,1405460.03.04.01,1405460,3,4,A,1,2,34,2.0,14,JALISCO,39,GUADALAJARA,1,0,0,0,1,1,0,1,0,0,0,0,0,0,0,2,2,2,1,1,2,3,1,1,1,2,2,1,2,1,3,1,0,0,0,1,0,0,1,1,0,0,0,0,0,0,0,0,0,0,1,1,2,3,3,3,2,,2,,2,,2,,1,2.0,9,,2,2,2,2,2,1,3,2,2,3,2,2,3,2,2,2,2,2,2,2,2,2,2,2,2,2,2,,1,3,1,1,2,3,2,2,2,3,1,2,1,2,2,2,1,1,1,4.0,1.0,3.0,2.0,1,4.0,1.0,4.0,2.0,2,,,,,1,3.0,9.0,2.0,9.0,2,,,,1,4.0,1.0,3.0,2,,,,1,2.0,1.0,2.0,2,,,,2,,,,1,4.0,1.0,3.0,2.0,1.0,2.0,2.0,2.0,2.0,1.0,2.0,2.0,2.0,,,,,,2.0,1.0,2.0,2.0,2.0,,,,,,1.0,2.0,2.0,2.0,2.0,,,,,,2.0,1.0,2.0,2.0,2.0,,,,,,,,,,,1.0,2.0,1.0,2.0,4,869,869,869.0,869.0,U,3,280,6374,True,"Robo en transporte público, Robo en calle, Fraude bancario",Mujer
39031,1405460.03,1405460.03.05,1405460.03.05.01,1405460,3,5,A,1,2,31,2.0,14,JALISCO,39,GUADALAJARA,1,0,0,0,1,1,0,0,0,0,0,1,0,0,0,2,2,2,1,1,2,3,1,1,2,2,2,2,2,1,4,1,0,0,0,1,0,0,1,1,0,0,0,0,0,0,0,0,0,0,1,9,9,3,4,3,2,,2,,1,9.0,2,,1,2.0,9,,2,3,2,2,2,2,3,2,2,3,2,2,3,2,2,1,2,2,2,2,2,2,2,2,2,2,2,,1,3,1,1,2,3,3,3,3,3,2,2,1,2,3,2,1,2,1,3.0,1.0,3.0,2.0,1,4.0,1.0,3.0,2.0,1,4.0,1.0,3.0,2.0,1,3.0,9.0,2.0,9.0,2,,,,1,4.0,1.0,3.0,2,,,,1,2.0,9.0,2.0,1,2.0,2.0,2.0,1,1.0,2.0,1.0,2,,,,2.0,1.0,1.0,1.0,2.0,2.0,1.0,2.0,2.0,2.0,2.0,1.0,2.0,1.0,2.0,2.0,1.0,2.0,1.0,2.0,,,,,,2.0,2.0,2.0,1.0,2.0,,,,,,2.0,1.0,2.0,1.0,2.0,2.0,2.0,2.0,1.0,2.0,2.0,2.0,2.0,1.0,2.0,,,,,4,869,869,869.0,869.0,U,3,280,6374,True,"Robo en transporte público, Robo en calle, Amenazas",Mujer
39032,1405460.04,1405460.04.01,1405460.04.01.02,1405460,4,1,B,2,2,66,2.0,14,JALISCO,39,GUADALAJARA,3,0,0,0,1,0,1,0,0,0,1,0,0,0,0,1,1,2,1,3,1,3,1,1,1,3,3,1,1,3,2,0,0,0,0,0,0,0,0,0,0,0,0,0,0,0,0,0,1,0,2,2,2,2,3,1,2,,2,,2,,2,,2,,9,,2,3,2,3,3,2,3,2,2,3,2,2,3,2,2,2,2,2,2,2,2,2,2,2,2,2,2,,1,3,2,2,2,3,3,3,3,3,2,2,2,2,1,5,1,1,1,2.0,1.0,2.0,1.0,1,2.0,9.0,2.0,1.0,2,,,,,1,2.0,9.0,1.0,1.0,2,,,,2,,,,2,,,,1,1.0,9.0,1.0,2,,,,1,1.0,2.0,1.0,1,2.0,9.0,2.0,2.0,1.0,2.0,2.0,2.0,2.0,1.0,2.0,2.0,2.0,,,,,,2.0,1.0,2.0,1.0,2.0,,,,,,,,,,,,,,,,2.0,1.0,2.0,1.0,2.0,,,,,,2.0,2.0,2.0,1.0,2.0,2.0,2.0,1.0,2.0,3,869,1738,869.0,1738.0,U,3,280,6374,True,"Robo en transporte público, Secuestro, Lesiones",Mujer
39033,1405465.01,1405465.01.01,1405465.01.01.03,1405465,1,1,A,3,1,39,2.0,14,JALISCO,39,GUADALAJARA,3,0,1,1,0,1,0,0,0,0,0,0,0,0,0,2,2,2,2,2,2,3,2,2,2,2,1,2,2,2,3,0,0,0,1,0,0,0,1,1,1,0,0,0,0,0,0,0,0,0,1,1,2,3,3,3,1,2.0,2,,2,,2,,1,1.0,9,,2,3,2,3,2,2,3,2,2,3,2,1,3,2,2,2,1,1,2,2,2,1,2,2,2,2,2,10000.0,1,3,1,3,3,3,3,3,1,3,3,3,3,3,2,2,2,2,1,3.0,1.0,3.0,2.0,1,2.0,1.0,2.0,1.0,1,3.0,1.0,3.0,2.0,1,2.0,2.0,2.0,1.0,2,,,,1,3.0,1.0,3.0,2,,,,1,1.0,2.0,1.0,2,,,,1,1.0,2.0,1.0,2,,,,1.0,1.0,2.0,2.0,2.0,2.0,1.0,2.0,2.0,2.0,2.0,1.0,2.0,2.0,2.0,2.0,1.0,2.0,2.0,2.0,,,,,,1.0,2.0,2.0,2.0,2.0,,,,,,2.0,1.0,2.0,2.0,2.0,,,,,,2.0,1.0,2.0,1.0,2.0,,,,,2,1138,3415,1138.0,3415.0,U,4,281,6412,True,"Robo accesorios vehículo, Robo en vivienda, Robo en calle",Hombre
39034,1405465.02,1405465.02.01,1405465.02.01.02,1405465,2,1,B,2,2,23,2.0,14,JALISCO,39,GUADALAJARA,3,0,0,0,1,1,0,0,0,0,1,0,0,0,0,1,2,2,1,1,2,1,2,2,1,2,2,1,2,1,2,0,0,0,0,0,0,0,0,1,0,1,0,0,0,0,0,0,0,0,2,2,2,1,1,1,1,1.0,1,1.0,2,,2,,1,1.0,2,,2,2,2,2,2,2,2,2,2,3,2,2,3,2,2,2,2,1,1,2,2,1,2,2,2,2,2,12000.0,1,1,2,2,1,3,1,2,1,1,3,3,1,3,1,1,1,1,1,3.0,1.0,2.0,1.0,1,3.0,1.0,2.0,1.0,1,2.0,2.0,2.0,1.0,1,2.0,2.0,2.0,1.0,2,,,,2,,,,1,2.0,1.0,2.0,1,2.0,2.0,2.0,2,,,,1,2.0,2.0,1.0,2,,,,1.0,1.0,2.0,2.0,2.0,2.0,1.0,2.0,2.0,2.0,2.0,1.0,2.0,2.0,2.0,2.0,1.0,2.0,2.0,2.0,,,,,,,,,,,2.0,2.0,2.0,1.0,2.0,2.0,1.0,2.0,2.0,2.0,,,,,,2.0,1.0,2.0,1.0,2.0,,,,,2,1138,2276,1138.0,2276.0,U,4,281,6412,True,"Robo en transporte público, Robo en calle, Lesiones",Mujer
39035,1405465.03,1405465.03.01,1405465.03.01.02,1405465,3,1,B,2,2,58,2.0,14,JALISCO,39,GUADALAJARA,3,0,0,1,0,1,0,0,0,0,0,1,0,0,0,2,2,2,2,2,2,3,2,2,2,2,2,2,2,2,4,1,1,1,0,1,1,1,1,1,1,1,0,0,1,1,0,0,0,0,1,1,1,3,3,3,2,,2,,2,,2,,1,1.0,9,,2,3,2,2,2,2,3,2,2,3,2,2,3,2,2,2,2,2,2,2,2,1,2,2,2,2,2,500.0,1,1,1,1,3,3,3,1,1,1,3,3,2,2,1,1,1,1,1,4.0,1.0,3.0,2.0,1,4.0,1.0,4.0,2.0,1,4.0,1.0,4.0,2.0,1,4.0,1.0,2.0,9.0,2,,,,1,4.0,1.0,4.0,2,,,,1,3.0,1.0,2.0,2,,,,1,3.0,9.0,2.0,1,4.0,1.0,4.0,1.0,1.0,2.0,2.0,2.0,2.0,1.0,2.0,2.0,2.0,2.0,1.0,2.0,2.0,2.0,2.0,1.0,2.0,1.0,2.0,,,,,,1.0,2.0,2.0,2.0,2.0,,,,,,2.0,1.0,2.0,1.0,2.0,,,,,,2.0,1.0,2.0,1.0,2.0,1.0,2.0,2.0,2.0,4,1138,3415,1138.0,3415.0,U,4,281,6412,True,"Robo en vivienda, Robo en calle, Amenazas",Mujer
39036,1405465.04,1405465.04.01,1405465.04.01.02,1405465,4,1,A,2,2,38,2.0,14,JALISCO,39,GUADALAJARA,1,0,0,0,1,1,0,0,1,0,0,0,0,0,0,1,2,2,1,1,2,3,3,1,2,2,2,1,2,2,2,0,0,0,0,0,0,1,1,0,0,1,0,0,1,0,0,0,0,0,1,2,2,1,3,1,1,1.0,1,2.0,2,,2,,2,,1,2.0,1,3,2,2,2,2,3,2,2,3,2,1,3,2,2,1,2,2,2,2,2,2,2,2,2,1,2,16000.0,1,3,1,1,2,3,3,1,2,3,3,3,1,3,2,2,1,1,1,4.0,1.0,3.0,2.0,1,3.0,1.0,3.0,2.0,2,,,,,1,2.0,2.0,2.0,1.0,2,,,,1,4.0,1.0,2.0,2,,,,1,1.0,2.0,1.0,2,,,,2,,,,2,,,,1.0,1.0,2.0,2.0,2.0,2.0,1.0,2.0,2.0,2.0,,,,,,2.0,1.0,2.0,2.0,2.0,,,,,,2.0,2.0,2.0,1.0,2.0,,,,,,2.0,1.0,2.0,1.0,2.0,,,,,,,,,,,,,,,4,1138,2276,1138.0,2276.0,U,4,281,6412,True,"Robo en transporte público, Robo en calle, Extorsión",Mujer
39037,1405465.05,1405465.05.01,1405465.05.01.02,1405465,5,1,A,2,2,53,2.0,14,JALISCO,39,GUADALAJARA,3,0,0,1,1,0,0,0,1,0,0,0,0,0,0,2,2,2,2,3,2,3,1,1,2,2,3,2,2,2,4,1,1,0,0,0,0,0,1,1,0,1,0,1,1,1,0,1,0,0,1,1,1,4,4,4,1,1.0,2,,1,1.0,2,,1,1.0,9,,1,2,2,3,3,2,3,2,2,3,2,2,3,2,2,2,2,2,2,1,2,1,2,2,2,2,2,2000.0,1,1,3,3,2,3,3,1,2,3,3,3,2,2,1,5,1,1,1,3.0,1.0,3.0,2.0,1,3.0,9.0,3.0,9.0,2,,,,,1,3.0,9.0,2.0,9.0,2,,,,1,4.0,1.0,4.0,2,,,,1,2.0,9.0,2.0,1,2.0,9.0,2.0,2,,,,1,2.0,1.0,3.0,1.0,1.0,2.0,2.0,2.0,2.0,1.0,2.0,2.0,2.0,,,,,,2.0,1.0,2.0,2.0,2.0,,,,,,1.0,2.0,2.0,2.0,2.0,,,,,,2.0,1.0,2.0,2.0,2.0,2.0,2.0,2.0,1.0,2.0,,,,,,1.0,2.0,2.0,2.0,3,1138,4553,1138.0,4553.0,U,4,281,6412,True,"Robo en vivienda, Robo en transporte público, Extorsión",Mujer
39038,1405469.01,1405469.01.01,1405469.01.01.01,1405469,1,1,B,1,2,37,2.0,14,JALISCO,39,GUADALAJARA,3,0,0,1,1,0,0,0,1,0,0,0,0,0,0,1,1,2,1,1,1,3,1,1,1,2,1,1,2,1,2,1,0,1,0,0,0,1,1,0,1,1,0,0,1,0,0,0,0,0,1,2,2,2,4,4,1,2.0,2,,2,,2,,2,,2,,2,3,2,2,2,2,3,2,2,3,2,2,3,2,2,2,2,2,2,2,2,2,2,2,2,2,2,,1,3,2,2,2,3,2,2,1,1,2,2,2,2,2,1,1,1,1,2.0,1.0,2.0,1.0,1,3.0,1.0,3.0,2.0,1,4.0,1.0,3.0,2.0,1,3.0,1.0,2.0,1.0,2,,,,2,,,,2,,,,1,3.0,9.0,2.0,2,,,,1,2.0,9.0,2.0,2,,,,2.0,1.0,2.0,2.0,2.0,2.0,1.0,2.0,2.0,2.0,2.0,1.0,2.0,2.0,2.0,2.0,1.0,2.0,2.0,2.0,,,,,,,,,,,,,,,,2.0,1.0,2.0,2.0,2.0,,,,,,2.0,2.0,2.0,1.0,2.0,,,,,4,1021,2043,1021.0,2043.0,U,4,281,6455,True,"Robo en vivienda, Robo en transporte público, Extorsión",Mujer
39039,1405469.02,1405469.02.01,1405469.02.01.02,1405469,2,1,B,2,2,77,2.0,14,JALISCO,39,GUADALAJARA,1,0,0,0,1,0,0,0,1,0,1,0,0,0,0,1,1,2,1,3,3,3,3,3,3,3,3,3,3,3,5,0,0,0,0,0,0,0,0,0,0,0,0,0,0,0,0,0,0,1,9,9,9,2,1,3,2,,2,,2,,2,,2,,9,,3,3,3,3,3,2,3,3,3,3,3,3,3,3,3,2,2,2,2,2,2,2,2,2,2,2,2,,1,1,3,2,2,3,2,2,2,2,2,2,2,2,3,5,1,2,2,,,,,2,,,,,2,,,,,2,,,,,2,,,,2,,,,2,,,,1,9.0,9.0,2.0,2,,,,2,,,,2,,,,,,,,,,,,,,,,,,,,,,,,,,,,,,,,,,,,,,,2.0,1.0,2.0,1.0,2.0,,,,,,,,,,,,,,,4,1021,3064,1021.0,3064.0,U,4,281,6455,True,"Robo en transporte público, Extorsión, Lesiones",Mujer
39040,1405469.03,1405469.03.01,1405469.03.01.04,1405469,3,1,B,4,1,28,2.0,14,JALISCO,39,GUADALAJARA,3,0,0,0,1,1,1,0,0,0,0,0,0,0,0,1,1,1,1,1,2,3,1,1,2,2,1,1,1,2,2,0,0,0,0,0,0,0,0,0,0,0,0,0,0,0,0,0,1,0,2,2,2,1,1,1,2,,2,,2,,2,,2,,2,,2,2,2,2,2,2,3,2,2,3,2,2,2,2,2,2,2,2,2,2,2,2,2,2,2,2,2,,2,1,3,1,1,3,2,1,2,1,3,3,2,3,1,1,1,1,1,2.0,1.0,3.0,1.0,1,2.0,1.0,2.0,1.0,1,2.0,1.0,2.0,1.0,1,1.0,2.0,1.0,1.0,1,4.0,1.0,3.0,1,2.0,1.0,2.0,1,2.0,2.0,1.0,1,1.0,2.0,1.0,1,1.0,2.0,1.0,1,1.0,2.0,1.0,1,4.0,1.0,3.0,1.0,1.0,1.0,1.0,2.0,1.0,1.0,1.0,1.0,2.0,2.0,1.0,2.0,2.0,2.0,2.0,1.0,2.0,2.0,2.0,1.0,2.0,2.0,2.0,2.0,1.0,2.0,2.0,2.0,2.0,2.0,2.0,2.0,1.0,2.0,2.0,1.0,2.0,2.0,2.0,2.0,1.0,2.0,1.0,2.0,2.0,1.0,2.0,1.0,2.0,1.0,2.0,1.0,2.0,4,1021,4086,1021.0,4086.0,U,4,281,6455,True,"Robo en transporte público, Robo en calle, Secuestro",Hombre
39041,1405469.04,1405469.04.01,1405469.04.01.02,1405469,4,1,B,2,1,49,2.0,14,JALISCO,39,GUADALAJARA,3,0,0,1,0,1,0,0,1,0,0,0,0,0,0,1,1,1,1,2,2,3,3,1,1,1,3,1,2,1,2,1,0,0,0,0,0,0,0,1,1,1,0,0,0,0,0,0,0,0,1,2,2,2,2,3,2,,2,,2,,2,,1,2.0,9,,2,3,2,3,3,2,3,2,2,3,2,2,2,2,2,2,2,1,2,2,2,2,2,2,2,2,2,400.0,1,3,3,2,3,3,3,3,3,3,3,3,3,3,2,5,1,1,1,2.0,1.0,2.0,1.0,1,3.0,1.0,2.0,1.0,1,3.0,1.0,2.0,1.0,1,2.0,1.0,2.0,1.0,2,,,,1,2.0,1.0,2.0,2,,,,1,2.0,1.0,2.0,2,,,,2,,,,1,2.0,1.0,2.0,2.0,1.0,2.0,2.0,2.0,2.0,1.0,2.0,2.0,2.0,2.0,1.0,2.0,2.0,2.0,2.0,1.0,2.0,2.0,2.0,,,,,,2.0,2.0,2.0,1.0,2.0,,,,,,2.0,1.0,2.0,2.0,2.0,,,,,,,,,,,2.0,1.0,1.0,2.0,2,1021,3064,1021.0,3064.0,U,4,281,6455,True,"Robo en vivienda, Robo en calle, Extorsión",Hombre
39042,1405469.05,1405469.05.01,1405469.05.01.03,1405469,5,1,A,3,2,40,2.0,14,JALISCO,39,GUADALAJARA,3,0,0,1,0,1,0,0,0,0,0,1,0,0,0,2,2,2,2,1,2,3,3,1,2,2,3,2,2,2,3,1,1,0,0,0,0,1,1,1,0,0,0,0,0,0,0,0,0,0,1,1,2,3,3,3,2,,1,1.0,2,,2,,1,1.0,9,,1,2,2,3,3,1,3,2,2,3,2,2,3,2,2,2,2,2,2,2,2,1,2,2,2,2,2,0.0,1,1,2,1,1,3,1,2,1,1,2,2,1,3,1,1,1,1,1,2.0,2.0,2.0,1.0,1,3.0,1.0,3.0,1.0,1,3.0,1.0,3.0,2.0,1,1.0,2.0,1.0,1.0,2,,,,1,3.0,1.0,3.0,2,,,,1,1.0,2.0,1.0,2,,,,1,1.0,2.0,1.0,1,4.0,1.0,3.0,1.0,1.0,2.0,2.0,2.0,2.0,1.0,2.0,2.0,2.0,2.0,1.0,2.0,2.0,2.0,2.0,1.0,2.0,2.0,2.0,,,,,,1.0,2.0,2.0,2.0,2.0,,,,,,2.0,1.0,2.0,2.0,2.0,,,,,,2.0,1.0,2.0,2.0,2.0,1.0,2.0,2.0,2.0,4,1021,3064,1021.0,3064.0,U,4,281,6455,True,"Robo en vivienda, Robo en calle, Amenazas",Mujer
39043,1405514.01,1405514.01.01,1405514.01.01.04,1405514,1,1,A,4,2,24,2.0,14,JALISCO,39,GUADALAJARA,3,0,0,1,0,1,0,0,1,0,0,0,0,0,0,2,2,2,1,1,2,3,2,2,2,2,2,1,2,2,4,1,0,0,0,0,0,0,1,1,1,1,0,1,1,1,0,1,0,0,1,1,1,4,4,4,1,2.0,2,,2,,2,,1,1.0,1,1.0,1,1,1,1,1,1,3,1,1,1,1,1,3,2,2,1,1,1,2,2,2,2,2,1,2,2,2,1400.0,1,3,2,3,2,3,3,2,1,3,3,3,1,3,1,1,1,4,1,2.0,1.0,3.0,2.0,2,,,,,1,1.0,2.0,1.0,1.0,1,1.0,2.0,1.0,1.0,1,3.0,2.0,2.0,1,1.0,2.0,1.0,1,2.0,2.0,3.0,1,1.0,2.0,1.0,1,1.0,2.0,1.0,1,4.0,1.0,4.0,1,1.0,2.0,1.0,1.0,1.0,1.0,1.0,2.0,,,,,,1.0,1.0,1.0,1.0,2.0,1.0,1.0,2.0,1.0,2.0,1.0,1.0,1.0,1.0,2.0,1.0,1.0,1.0,1.0,2.0,2.0,1.0,2.0,1.0,2.0,1.0,2.0,1.0,1.0,2.0,1.0,2.0,1.0,1.0,2.0,2.0,2.0,2.0,1.0,2.0,1.0,1.0,1.0,2.0,1,815,3260,815.0,3260.0,U,2,279,6279,True,"Robo en vivienda, Robo en calle, Extorsión",Mujer
39044,1405514.02,1405514.02.01,1405514.02.01.05,1405514,2,1,A,5,1,52,2.0,14,JALISCO,39,GUADALAJARA,3,0,0,0,0,1,0,1,0,0,0,1,0,0,0,2,2,2,2,2,2,3,2,1,3,1,1,2,3,2,3,1,0,0,0,1,0,0,1,0,0,0,0,0,0,0,0,0,0,0,1,2,1,3,1,1,1,2.0,1,2.0,1,2.0,2,,2,,1,1.0,2,1,3,3,2,2,3,3,3,3,3,1,3,3,3,2,2,2,1,2,2,2,2,2,2,2,2,9999999.0,2,3,2,3,2,3,3,2,1,3,2,2,2,3,2,2,1,1,1,3.0,9.0,3.0,1.0,1,9.0,9.0,3.0,2.0,1,2.0,9.0,3.0,1.0,1,2.0,9.0,2.0,1.0,1,2.0,9.0,3.0,1,4.0,1.0,4.0,2,,,,1,1.0,9.0,2.0,1,2.0,9.0,2.0,1,4.0,9.0,4.0,2,,,,2.0,1.0,2.0,2.0,2.0,2.0,1.0,2.0,1.0,2.0,2.0,1.0,2.0,1.0,2.0,2.0,1.0,2.0,1.0,2.0,2.0,1.0,2.0,1.0,2.0,2.0,2.0,2.0,1.0,2.0,,,,,,2.0,1.0,2.0,1.0,2.0,2.0,2.0,2.0,1.0,2.0,2.0,2.0,2.0,1.0,2.0,,,,,9,815,4076,815.0,4076.0,U,2,279,6279,True,"Robo en calle, Fraude bancario, Amenazas",Hombre
39045,1405514.03,1405514.03.01,1405514.03.01.02,1405514,3,1,A,2,2,37,2.0,14,JALISCO,39,GUADALAJARA,3,0,0,1,0,0,0,1,0,0,0,1,0,0,0,2,2,2,2,2,2,3,1,2,2,2,3,2,1,1,3,1,0,0,0,0,0,1,1,1,1,0,0,0,1,0,0,0,0,0,1,2,1,4,4,4,2,,1,2.0,2,,2,,1,1.0,1,2.0,1,1,2,2,3,1,3,2,2,1,2,2,2,2,2,2,2,2,2,1,2,2,2,2,2,2,2,7000.0,3,3,2,2,3,3,3,3,3,3,3,3,1,3,1,1,1,1,1,4.0,1.0,3.0,2.0,1,4.0,1.0,4.0,2.0,2,,,,,1,2.0,1.0,2.0,1.0,2,,,,2,,,,2,,,,1,2.0,1.0,2.0,1,9.0,1.0,2.0,1,2.0,1.0,2.0,2,,,,1.0,1.0,1.0,1.0,2.0,1.0,1.0,1.0,1.0,2.0,,,,,,2.0,1.0,2.0,1.0,2.0,,,,,,,,,,,,,,,,2.0,1.0,2.0,1.0,2.0,2.0,2.0,2.0,1.0,2.0,2.0,2.0,2.0,1.0,2.0,,,,,3,815,2445,815.0,2445.0,U,2,279,6279,True,"Robo en vivienda, Fraude bancario, Amenazas",Mujer
39046,1405514.04,1405514.04.01,1405514.04.01.01,1405514,4,1,A,1,1,27,2.0,14,JALISCO,39,GUADALAJARA,3,0,0,1,0,0,0,1,0,0,1,0,0,0,0,2,2,2,2,3,2,3,2,1,1,2,3,1,1,2,4,1,1,1,1,1,0,0,1,1,1,1,0,1,0,0,0,1,0,0,1,1,2,3,3,3,2,,1,2.0,1,2.0,1,2.0,1,2.0,1,1.0,2,1,2,3,3,2,3,2,2,2,2,2,2,2,2,2,1,1,1,1,2,2,1,1,2,2,2,60000.0,2,1,3,3,3,3,3,3,3,3,3,3,3,3,3,5,1,1,1,1.0,1.0,2.0,1.0,1,1.0,2.0,1.0,2.0,1,1.0,2.0,2.0,2.0,1,1.0,2.0,2.0,2.0,1,2.0,2.0,1.0,1,1.0,2.0,1.0,1,1.0,2.0,1.0,1,1.0,2.0,1.0,1,1.0,2.0,1.0,1,1.0,2.0,1.0,1,4.0,1.0,4.0,2.0,1.0,1.0,1.0,2.0,1.0,1.0,1.0,1.0,2.0,2.0,1.0,1.0,1.0,2.0,2.0,1.0,1.0,1.0,2.0,2.0,1.0,1.0,1.0,2.0,2.0,1.0,1.0,1.0,2.0,2.0,1.0,1.0,1.0,2.0,2.0,1.0,1.0,1.0,2.0,2.0,1.0,1.0,1.0,2.0,2.0,1.0,1.0,1.0,2.0,2.0,1.0,1.0,2.0,4,815,815,815.0,815.0,U,2,279,6279,True,"Robo en vivienda, Fraude bancario, Lesiones",Hombre
39047,1405514.05,1405514.05.01,1405514.05.01.02,1405514,5,1,B,2,1,37,2.0,14,JALISCO,39,GUADALAJARA,3,0,1,0,0,1,0,0,0,0,1,0,0,0,0,2,2,2,1,2,2,3,2,2,2,2,3,2,2,2,3,1,0,0,0,0,0,0,0,1,0,0,0,0,0,0,0,0,0,0,1,1,1,1,3,3,2,,2,,2,,2,,1,2.0,1,2.0,2,1,2,2,3,1,3,2,1,1,2,2,1,2,2,2,2,2,2,1,2,2,2,2,2,2,2,2000.0,1,1,3,3,3,3,3,3,3,3,3,3,3,3,2,1,1,3,1,4.0,1.0,3.0,1.0,1,4.0,1.0,3.0,1.0,1,4.0,1.0,3.0,1.0,1,4.0,1.0,3.0,2.0,2,,,,2,,,,2,,,,1,9.0,9.0,9.0,2,,,,2,,,,2,,,,1.0,1.0,1.0,1.0,2.0,1.0,1.0,1.0,1.0,2.0,2.0,1.0,2.0,1.0,2.0,2.0,1.0,2.0,1.0,2.0,,,,,,,,,,,,,,,,2.0,1.0,2.0,1.0,2.0,,,,,,,,,,,,,,,4,815,2445,815.0,2445.0,U,2,279,6279,True,"Robo accesorios vehículo, Robo en calle, Lesiones",Hombre
39048,1405514.05,1405514.05.02,1405514.05.02.01,1405514,5,2,B,1,1,29,2.0,14,JALISCO,39,GUADALAJARA,3,0,0,1,0,1,0,0,1,0,0,0,0,0,0,2,2,2,2,2,2,3,2,3,3,3,3,2,2,2,4,0,1,0,0,0,0,0,1,1,1,0,0,1,0,1,0,0,0,0,1,1,1,3,4,4,2,,2,,2,,1,2.0,1,2.0,1,2.0,1,1,2,3,3,1,3,1,1,1,1,1,1,2,1,2,2,2,2,2,2,2,2,2,2,2,2,,1,1,2,2,2,3,3,2,2,3,2,2,2,3,4,1,1,4,1,3.0,1.0,2.0,1.0,1,4.0,1.0,3.0,2.0,1,2.0,2.0,1.0,1.0,1,2.0,2.0,1.0,1.0,2,,,,2,,,,2,,,,1,1.0,2.0,1.0,1,1.0,2.0,1.0,1,1.0,2.0,1.0,2,,,,1.0,1.0,1.0,1.0,2.0,1.0,1.0,1.0,1.0,2.0,2.0,1.0,1.0,1.0,2.0,2.0,1.0,1.0,1.0,2.0,,,,,,,,,,,,,,,,2.0,1.0,1.0,1.0,2.0,2.0,2.0,2.0,1.0,2.0,1.0,2.0,2.0,1.0,2.0,,,,,4,815,1630,815.0,1630.0,U,2,279,6279,True,"Robo en vivienda, Robo en calle, Extorsión",Hombre
39049,1405517.01,1405517.01.01,1405517.01.01.01,1405517,1,1,A,1,2,57,2.0,14,JALISCO,39,GUADALAJARA,3,0,0,1,0,1,0,0,0,0,0,1,0,0,0,2,2,2,1,1,2,3,1,1,2,2,2,1,2,3,4,1,0,0,0,0,0,0,1,1,1,1,0,1,1,1,0,0,0,0,1,1,1,3,4,4,1,2.0,2,,1,1.0,2,,1,2.0,1,1.0,1,1,1,1,2,1,3,1,1,1,1,1,3,2,2,1,2,1,2,1,2,2,2,2,2,2,2,1500.0,2,1,3,2,2,3,3,2,2,2,2,2,2,3,1,1,3,3,2,,,,,2,,,,,2,,,,,2,,,,,2,,,,1,4.0,1.0,4.0,2,,,,2,,,,2,,,,2,,,,2,,,,,,,,,,,,,,,,,,,,,,,,,,,,,1.0,2.0,1.0,2.0,2.0,,,,,,,,,,,,,,,,,,,,,,,,,3,1200,1200,1200.0,1200.0,U,2,279,6208,True,"Robo en vivienda, Robo en calle, Amenazas",Mujer
39050,1405517.02,1405517.02.01,1405517.02.01.01,1405517,2,1,A,1,1,42,2.0,14,JALISCO,39,GUADALAJARA,3,0,0,1,0,1,0,0,0,0,0,1,0,0,0,1,2,2,1,1,2,3,1,1,1,2,2,2,2,1,2,1,0,0,0,0,0,0,0,0,1,0,0,0,0,1,0,0,0,0,1,1,1,2,4,4,2,,2,,2,,2,,1,2.0,2,,1,1,2,2,1,1,3,2,2,1,2,1,2,2,1,1,1,1,1,1,2,1,1,2,2,2,2,100000.0,1,1,1,1,1,2,2,1,1,2,2,2,1,2,2,2,1,1,1,2.0,9.0,3.0,1.0,1,2.0,2.0,1.0,1.0,1,2.0,2.0,1.0,1.0,1,1.0,2.0,2.0,1.0,1,2.0,1.0,3.0,1,4.0,1.0,4.0,1,4.0,1.0,4.0,1,1.0,2.0,1.0,1,1.0,2.0,1.0,1,1.0,2.0,1.0,1,4.0,1.0,4.0,1.0,1.0,1.0,1.0,2.0,1.0,1.0,1.0,1.0,2.0,2.0,1.0,1.0,1.0,2.0,1.0,1.0,1.0,1.0,2.0,1.0,1.0,1.0,1.0,2.0,1.0,2.0,1.0,1.0,2.0,1.0,1.0,1.0,1.0,2.0,1.0,1.0,1.0,1.0,2.0,2.0,2.0,1.0,1.0,2.0,2.0,1.0,1.0,1.0,2.0,1.0,1.0,1.0,2.0,3,1200,1200,1200.0,1200.0,U,2,279,6208,True,"Robo en vivienda, Robo en calle, Amenazas",Hombre
39051,1405517.03,1405517.03.01,1405517.03.01.01,1405517,3,1,B,1,1,58,2.0,14,JALISCO,39,GUADALAJARA,3,0,0,0,0,0,1,0,0,1,1,0,0,0,0,2,2,2,1,1,2,3,2,2,2,2,1,1,3,3,3,1,0,0,0,0,0,1,0,0,0,0,0,0,0,0,0,0,0,0,1,1,1,3,4,4,2,,2,,2,,2,,2,,2,,2,2,2,3,2,2,3,3,3,3,3,2,1,2,2,2,2,2,2,2,2,2,2,2,2,2,2,,3,1,2,2,2,3,3,2,2,3,2,2,2,2,2,2,2,4,1,9.0,2.0,2.0,1.0,1,9.0,2.0,2.0,1.0,1,2.0,2.0,2.0,1.0,1,2.0,2.0,9.0,1.0,2,,,,2,,,,1,4.0,1.0,4.0,1,2.0,9.0,2.0,1,1.0,2.0,1.0,1,1.0,2.0,1.0,2,,,,2.0,1.0,2.0,1.0,2.0,2.0,1.0,2.0,1.0,2.0,2.0,1.0,2.0,1.0,2.0,2.0,1.0,2.0,1.0,2.0,,,,,,,,,,,2.0,1.0,2.0,1.0,2.0,2.0,1.0,2.0,1.0,2.0,2.0,2.0,2.0,1.0,2.0,2.0,1.0,2.0,1.0,2.0,,,,,9,1200,1200,1200.0,1200.0,U,2,279,6208,True,"Secuestro, Delito sexual, Lesiones",Hombre
39052,1405517.04,1405517.04.01,1405517.04.01.01,1405517,4,1,B,1,1,64,2.0,14,JALISCO,39,GUADALAJARA,3,1,1,0,0,1,0,0,0,0,0,0,0,0,0,2,2,2,2,3,2,3,2,2,2,2,1,1,2,2,3,1,0,1,0,0,1,0,1,1,1,0,0,0,1,0,0,0,0,0,2,2,1,1,1,1,2,,2,,2,,2,,2,,1,9.0,1,3,2,2,2,2,3,3,2,3,2,3,3,2,2,2,2,2,2,2,2,2,2,2,2,2,2,,1,1,2,2,2,3,3,2,2,3,2,2,1,3,2,5,1,2,2,,,,,2,,,,,2,,,,,2,,,,,2,,,,2,,,,2,,,,1,2.0,1.0,1.0,1,1.0,2.0,1.0,1,3.0,1.0,1.0,2,,,,,,,,,,,,,,,,,,,,,,,,,,,,,,,,,,,,,,,2.0,1.0,2.0,1.0,2.0,2.0,2.0,2.0,1.0,2.0,2.0,2.0,2.0,1.0,2.0,,,,,4,1200,1200,1200.0,1200.0,U,2,279,6208,True,"Robo vehículo, Robo accesorios vehículo, Robo en calle",Hombre
39053,1405517.05,1405517.05.01,1405517.05.01.02,1405517,5,1,B,2,2,49,2.0,14,JALISCO,39,GUADALAJARA,3,0,0,0,1,1,0,0,0,1,0,0,0,0,0,1,2,2,1,1,2,3,1,1,2,2,1,1,1,1,3,0,0,0,0,1,0,0,1,1,0,1,0,0,0,0,0,0,0,0,1,1,1,2,4,4,2,,1,1.0,1,1.0,2,,2,,2,,1,1,2,2,2,2,3,1,1,1,1,1,3,2,2,2,2,2,2,2,2,2,2,2,2,2,2,,1,3,3,3,3,3,3,2,2,3,2,2,3,3,3,3,1,1,1,4.0,1.0,3.0,2.0,1,4.0,1.0,4.0,2.0,2,,,,,1,1.0,2.0,2.0,1.0,2,,,,2,,,,2,,,,1,3.0,2.0,2.0,1,3.0,1.0,3.0,1,1.0,2.0,1.0,2,,,,2.0,1.0,1.0,1.0,2.0,2.0,1.0,2.0,1.0,2.0,,,,,,2.0,1.0,2.0,1.0,2.0,,,,,,,,,,,,,,,,2.0,1.0,2.0,1.0,2.0,2.0,2.0,2.0,1.0,2.0,2.0,2.0,2.0,1.0,2.0,,,,,9,1200,2401,1200.0,2401.0,U,2,279,6208,True,"Robo en transporte público, Robo en calle, Delito sexual",Mujer
39054,1405520.01,1405520.01.01,1405520.01.01.01,1405520,1,1,A,1,1,28,2.0,14,JALISCO,39,GUADALAJARA,3,0,0,0,1,0,0,1,0,0,1,0,0,0,0,2,2,2,1,1,2,3,1,2,2,2,3,1,2,2,2,1,0,0,0,0,0,0,1,0,1,1,0,0,0,1,0,1,0,0,2,1,2,2,3,3,2,,1,2.0,1,2.0,2,,2,,2,,2,3,2,2,3,1,3,2,2,3,2,2,3,2,1,2,1,1,1,2,2,2,1,2,1,2,2,40000.0,2,2,3,2,3,3,3,1,3,1,2,3,2,3,2,2,1,1,1,2.0,1.0,2.0,2.0,1,1.0,2.0,2.0,1.0,1,2.0,2.0,2.0,1.0,1,3.0,1.0,3.0,1.0,1,2.0,1.0,3.0,1,2.0,1.0,3.0,1,2.0,2.0,2.0,1,2.0,2.0,3.0,1,2.0,2.0,2.0,1,1.0,2.0,2.0,1,4.0,1.0,4.0,1.0,1.0,1.0,1.0,2.0,1.0,1.0,1.0,1.0,1.0,1.0,1.0,1.0,1.0,2.0,1.0,1.0,1.0,1.0,2.0,1.0,1.0,1.0,2.0,2.0,1.0,2.0,1.0,2.0,2.0,1.0,2.0,1.0,2.0,2.0,1.0,1.0,1.0,1.0,2.0,1.0,1.0,1.0,1.0,2.0,1.0,1.0,1.0,1.0,2.0,1.0,1.0,2.0,2.0,3,687,1374,687.0,1374.0,U,3,280,6388,True,"Robo en transporte público, Fraude bancario, Lesiones",Hombre
39055,1405520.02,1405520.02.01,1405520.02.01.02,1405520,2,1,B,2,2,40,2.0,14,JALISCO,39,GUADALAJARA,3,0,0,0,0,0,0,1,0,0,1,1,0,0,0,1,1,2,1,1,1,3,1,1,2,2,3,1,3,1,3,0,0,1,0,0,0,0,1,0,1,0,0,0,0,0,0,0,0,0,1,2,1,4,4,4,1,2.0,2,,1,2.0,2,,2,,1,2.0,1,1,2,3,3,1,3,2,2,1,2,2,2,3,3,2,2,2,2,2,2,2,2,2,2,2,2,,1,3,1,2,2,3,3,3,1,3,2,3,1,3,3,5,1,3,1,4.0,1.0,3.0,2.0,1,3.0,2.0,3.0,1.0,1,3.0,2.0,3.0,1.0,1,2.0,2.0,1.0,1.0,2,,,,1,2.0,2.0,3.0,2,,,,1,1.0,2.0,1.0,1,1.0,2.0,1.0,1,1.0,2.0,1.0,1,2.0,1.0,2.0,1.0,1.0,1.0,1.0,2.0,1.0,1.0,1.0,2.0,2.0,2.0,1.0,1.0,2.0,2.0,2.0,1.0,2.0,2.0,2.0,,,,,,2.0,2.0,1.0,2.0,2.0,,,,,,2.0,2.0,2.0,1.0,2.0,2.0,2.0,2.0,1.0,2.0,2.0,2.0,2.0,1.0,2.0,1.0,2.0,2.0,2.0,4,687,1374,687.0,1374.0,U,3,280,6388,True,"Fraude bancario, Lesiones, Amenazas",Mujer
39056,1405520.03,1405520.03.01,1405520.03.01.01,1405520,3,1,A,1,2,33,2.0,14,JALISCO,39,GUADALAJARA,3,0,0,0,1,1,0,1,0,0,0,0,0,0,0,1,2,2,1,1,2,3,1,1,2,2,2,1,1,2,2,1,0,0,0,1,0,0,1,0,0,0,0,0,0,0,0,0,0,0,1,1,1,1,1,1,2,,1,2.0,2,,2,,2,,2,,1,1,2,1,2,1,3,2,2,1,2,2,3,1,2,1,2,1,2,2,2,2,2,2,2,2,2,0.0,2,2,2,2,1,3,3,2,2,3,2,2,2,3,2,1,1,1,1,2.0,1.0,2.0,2.0,1,1.0,2.0,1.0,1.0,1,1.0,2.0,1.0,1.0,1,1.0,2.0,1.0,1.0,1,2.0,1.0,2.0,1,4.0,1.0,3.0,2,,,,1,1.0,2.0,1.0,1,1.0,2.0,1.0,1,1.0,2.0,1.0,1,2.0,1.0,2.0,1.0,1.0,1.0,1.0,2.0,1.0,1.0,1.0,1.0,2.0,2.0,1.0,2.0,1.0,2.0,2.0,1.0,2.0,1.0,2.0,2.0,1.0,1.0,2.0,2.0,1.0,2.0,1.0,1.0,2.0,,,,,,1.0,1.0,1.0,2.0,2.0,2.0,2.0,1.0,1.0,2.0,2.0,2.0,1.0,2.0,2.0,1.0,1.0,2.0,2.0,9,687,1374,687.0,1374.0,U,3,280,6388,True,"Robo en transporte público, Robo en calle, Fraude bancario",Mujer
39057,1405520.03,1405520.03.02,1405520.03.02.01,1405520,3,2,B,1,2,60,2.0,14,JALISCO,39,GUADALAJARA,3,0,0,0,0,1,0,1,0,0,0,1,0,0,0,1,2,2,1,3,2,3,2,2,2,2,2,2,2,2,5,0,1,0,0,0,0,0,0,1,0,0,0,0,0,0,0,0,0,0,1,1,1,2,3,3,2,,1,2.0,2,,2,,2,,1,2.0,3,1,2,1,1,1,3,3,2,1,2,1,3,1,2,2,2,2,2,2,2,2,2,2,2,2,2,,2,1,2,2,2,3,3,2,2,2,2,2,2,3,3,5,2,2,1,2.0,1.0,3.0,1.0,2,,,,,2,,,,,1,3.0,1.0,3.0,1.0,2,,,,2,,,,2,,,,1,2.0,1.0,1.0,1,3.0,1.0,4.0,1,3.0,1.0,3.0,2,,,,2.0,1.0,2.0,1.0,2.0,,,,,,,,,,,2.0,1.0,2.0,1.0,2.0,,,,,,,,,,,,,,,,2.0,1.0,2.0,1.0,2.0,2.0,2.0,2.0,1.0,2.0,2.0,1.0,2.0,1.0,2.0,,,,,3,687,687,687.0,687.0,U,3,280,6388,True,"Robo en calle, Fraude bancario, Amenazas",Mujer
39058,1405520.03,1405520.03.03,1405520.03.03.01,1405520,3,3,A,1,2,34,2.0,14,JALISCO,39,GUADALAJARA,3,0,0,0,0,1,0,1,0,0,0,1,0,0,0,1,2,2,1,1,2,3,1,1,1,2,2,1,1,1,3,0,0,0,0,0,1,0,1,0,0,0,0,0,0,0,0,0,0,0,1,1,2,1,3,4,1,2.0,1,2.0,2,,2,,1,2.0,1,2.0,2,1,2,1,2,1,3,1,1,1,2,2,3,2,2,1,2,2,2,2,2,2,2,2,2,2,2,,1,1,2,1,2,3,3,3,3,1,2,2,3,3,1,3,1,1,1,3.0,1.0,2.0,1.0,1,2.0,2.0,2.0,1.0,1,1.0,9.0,2.0,1.0,1,1.0,2.0,1.0,1.0,1,2.0,1.0,3.0,1,2.0,9.0,2.0,1,2.0,9.0,3.0,1,2.0,2.0,2.0,1,9.0,2.0,2.0,1,2.0,2.0,2.0,1,3.0,1.0,3.0,2.0,1.0,2.0,1.0,2.0,1.0,1.0,2.0,1.0,2.0,1.0,1.0,2.0,1.0,2.0,1.0,1.0,2.0,1.0,2.0,2.0,2.0,2.0,2.0,1.0,1.0,2.0,1.0,1.0,2.0,1.0,1.0,2.0,1.0,2.0,1.0,1.0,2.0,1.0,2.0,2.0,2.0,2.0,1.0,2.0,2.0,2.0,2.0,1.0,2.0,2.0,1.0,1.0,2.0,2,687,1374,687.0,1374.0,U,3,280,6388,True,"Robo en calle, Fraude bancario, Amenazas",Mujer
39059,1405520.04,1405520.04.01,1405520.04.01.01,1405520,4,1,A,1,1,52,2.0,14,JALISCO,39,GUADALAJARA,3,0,0,1,0,1,0,0,1,0,0,0,0,0,0,1,2,2,1,2,2,3,2,2,2,2,3,2,2,2,3,1,0,0,0,1,1,1,1,1,1,0,0,0,0,1,0,0,0,0,1,1,2,3,4,4,1,2.0,1,2.0,2,,2,,1,2.0,1,1.0,1,1,2,3,3,1,3,1,1,1,2,2,3,1,1,2,2,1,1,2,2,2,2,2,2,2,2,6000.0,3,3,2,2,2,3,3,2,2,3,2,2,2,3,3,3,3,3,1,4.0,1.0,3.0,2.0,1,4.0,1.0,4.0,2.0,1,4.0,1.0,4.0,2.0,1,3.0,1.0,3.0,1.0,2,,,,2,,,,2,,,,1,3.0,2.0,3.0,2,,,,2,,,,2,,,,1.0,1.0,1.0,1.0,2.0,2.0,1.0,2.0,1.0,2.0,2.0,1.0,2.0,1.0,2.0,2.0,1.0,2.0,1.0,2.0,,,,,,,,,,,,,,,,2.0,2.0,2.0,1.0,2.0,,,,,,,,,,,,,,,4,687,2061,687.0,2061.0,U,3,280,6388,True,"Robo en vivienda, Robo en calle, Extorsión",Hombre
39060,1405520.05,1405520.05.01,1405520.05.01.02,1405520,5,1,A,2,2,38,2.0,14,JALISCO,39,GUADALAJARA,3,1,0,0,0,1,0,0,1,0,0,0,0,0,0,1,1,1,1,2,2,3,1,1,2,2,2,1,1,2,2,1,0,0,0,0,0,0,1,1,0,0,0,0,0,0,0,1,0,0,1,1,1,2,3,4,1,2.0,1,2.0,2,,2,,1,2.0,9,,2,1,2,2,2,1,3,2,2,1,2,2,2,2,1,2,2,1,2,2,2,2,2,2,2,2,2,800.0,2,2,2,3,3,3,3,2,3,3,3,2,2,3,2,2,1,3,1,3.0,1.0,3.0,2.0,2,,,,,1,4.0,1.0,4.0,2.0,1,2.0,2.0,2.0,1.0,2,,,,2,,,,2,,,,1,2.0,2.0,2.0,2,,,,2,,,,2,,,,1.0,1.0,2.0,1.0,2.0,,,,,,2.0,1.0,2.0,2.0,2.0,2.0,1.0,2.0,1.0,2.0,,,,,,,,,,,,,,,,2.0,1.0,2.0,1.0,2.0,,,,,,,,,,,,,,,4,687,2748,687.0,2748.0,U,3,280,6388,True,"Robo vehículo, Robo en calle, Extorsión",Mujer
39061,1405531.01,1405531.01.01,1405531.01.01.02,1405531,1,1,A,2,2,63,2.0,14,JALISCO,39,GUADALAJARA,3,0,0,0,0,1,0,0,0,1,1,0,0,0,0,2,2,2,1,3,2,3,1,1,2,2,1,2,2,3,4,0,0,0,0,0,0,0,0,1,0,1,0,0,1,1,0,0,0,0,1,2,2,1,3,1,2,,2,,1,1.0,2,,1,2.0,1,9.0,2,2,2,2,2,2,3,2,2,3,2,3,3,2,2,2,1,2,2,2,2,1,2,2,2,2,2,15000.0,3,1,3,1,1,3,3,1,3,1,1,2,1,2,1,5,1,1,1,3.0,1.0,2.0,2.0,1,2.0,2.0,2.0,1.0,1,3.0,1.0,2.0,1.0,1,1.0,2.0,1.0,1.0,2,,,,1,3.0,1.0,2.0,1,2.0,2.0,2.0,1,1.0,2.0,1.0,2,,,,1,1.0,2.0,1.0,1,2.0,1.0,3.0,2.0,1.0,2.0,2.0,2.0,2.0,1.0,2.0,2.0,2.0,2.0,1.0,2.0,2.0,2.0,2.0,1.0,2.0,1.0,2.0,,,,,,1.0,2.0,2.0,1.0,2.0,2.0,2.0,2.0,1.0,2.0,2.0,1.0,2.0,1.0,2.0,,,,,,2.0,2.0,2.0,1.0,2.0,1.0,2.0,1.0,2.0,4,959,8631,959.0,8631.0,U,2,279,6248,True,"Robo en calle, Delito sexual, Lesiones",Mujer
39062,1405531.03,1405531.03.01,1405531.03.01.01,1405531,3,1,A,1,2,51,2.0,14,JALISCO,39,GUADALAJARA,3,0,0,1,0,0,0,0,1,0,0,1,0,0,0,2,2,2,2,2,2,3,2,2,2,2,2,2,2,3,3,1,1,1,1,0,0,1,1,1,1,1,0,0,1,1,0,0,0,0,1,1,1,3,3,3,1,2.0,1,2.0,1,2.0,1,1.0,1,2.0,1,9.0,2,3,2,2,2,2,3,2,2,3,2,1,3,2,2,2,1,1,2,2,2,2,2,2,2,2,2,4000.0,2,3,2,2,3,3,3,3,3,3,2,2,3,2,3,5,1,3,1,3.0,1.0,3.0,2.0,1,4.0,1.0,3.0,9.0,2,,,,,1,2.0,2.0,2.0,1.0,2,,,,1,3.0,1.0,3.0,2,,,,1,2.0,2.0,1.0,2,,,,2,,,,2,,,,2.0,1.0,2.0,2.0,2.0,2.0,1.0,2.0,2.0,2.0,,,,,,2.0,1.0,2.0,2.0,2.0,,,,,,1.0,2.0,2.0,1.0,2.0,,,,,,2.0,1.0,2.0,2.0,2.0,,,,,,,,,,,,,,,4,959,959,959.0,959.0,U,2,279,6248,True,"Robo en vivienda, Extorsión, Amenazas",Mujer
39063,1405531.04,1405531.04.01,1405531.04.01.01,1405531,4,1,B,1,2,55,2.0,14,JALISCO,39,GUADALAJARA,3,0,0,0,0,1,0,1,0,0,1,0,0,0,0,2,2,2,1,1,2,3,1,1,2,2,1,1,1,1,4,1,0,0,0,1,0,0,0,1,0,0,0,0,0,0,0,0,0,0,1,1,2,3,3,3,1,2.0,1,2.0,1,2.0,2,,2,,2,,2,3,2,2,2,2,3,2,2,3,2,2,3,2,2,2,2,2,2,2,2,2,2,2,2,2,2,,2,3,1,1,2,3,3,3,3,3,3,3,2,2,3,4,1,3,1,4.0,1.0,3.0,2.0,2,,,,,2,,,,,2,,,,,2,,,,2,,,,2,,,,1,3.0,9.0,2.0,2,,,,2,,,,2,,,,2.0,1.0,2.0,2.0,2.0,,,,,,,,,,,,,,,,,,,,,,,,,,,,,,,2.0,1.0,2.0,2.0,2.0,,,,,,,,,,,,,,,4,959,2877,959.0,2877.0,U,2,279,6248,True,"Robo en calle, Fraude bancario, Lesiones",Mujer
39064,1405531.04,1405531.04.02,1405531.04.02.01,1405531,4,2,A,1,2,34,2.0,14,JALISCO,39,GUADALAJARA,3,0,0,0,0,1,0,1,0,1,0,0,0,0,0,2,2,2,1,2,2,3,1,1,1,1,2,1,1,1,4,1,1,0,0,0,0,0,1,1,0,1,0,0,1,0,0,0,0,0,1,1,1,1,3,1,1,9.0,1,9.0,1,9.0,2,,1,9.0,1,9.0,1,2,2,2,2,2,3,2,2,3,2,2,3,2,2,2,2,2,2,2,2,2,2,2,2,2,2,,3,3,3,2,3,3,3,3,3,3,3,3,3,3,2,3,1,1,1,4.0,1.0,4.0,1.0,1,4.0,1.0,3.0,1.0,1,4.0,1.0,3.0,1.0,1,2.0,2.0,2.0,1.0,2,,,,2,,,,2,,,,1,2.0,2.0,2.0,2,,,,2,,,,1,4.0,1.0,4.0,2.0,1.0,2.0,2.0,2.0,2.0,1.0,2.0,2.0,2.0,2.0,1.0,2.0,2.0,2.0,2.0,1.0,2.0,2.0,2.0,,,,,,,,,,,,,,,,2.0,1.0,2.0,1.0,2.0,,,,,,,,,,,2.0,2.0,1.0,2.0,2,959,959,959.0,959.0,U,2,279,6248,True,"Robo en calle, Fraude bancario, Delito sexual",Mujer
39065,1405531.05,1405531.05.01,1405531.05.01.02,1405531,5,1,B,2,2,76,2.0,14,JALISCO,39,GUADALAJARA,3,0,0,1,0,1,0,0,1,0,0,0,0,0,0,2,2,2,1,3,2,3,1,2,2,2,2,1,1,1,3,1,1,0,0,0,0,0,1,1,0,0,0,0,1,1,0,0,0,0,2,2,2,1,1,1,2,,2,,2,,2,,1,2.0,9,,2,3,2,2,2,2,3,3,2,3,2,2,3,2,2,2,2,2,2,2,2,2,2,2,2,2,2,,2,3,1,1,2,3,3,1,3,1,1,1,2,2,1,5,1,1,1,3.0,1.0,3.0,9.0,1,2.0,9.0,2.0,1.0,2,,,,,1,1.0,2.0,1.0,1.0,2,,,,1,3.0,1.0,2.0,2,,,,1,1.0,2.0,1.0,2,,,,2,,,,2,,,,2.0,1.0,2.0,2.0,2.0,2.0,1.0,2.0,2.0,2.0,,,,,,2.0,1.0,2.0,2.0,2.0,,,,,,1.0,2.0,1.0,2.0,2.0,,,,,,2.0,1.0,2.0,1.0,2.0,,,,,,,,,,,,,,,3,959,1918,959.0,1918.0,U,2,279,6248,True,"Robo en vivienda, Robo en calle, Extorsión",Mujer
39066,1405568.01,1405568.01.01,1405568.01.01.02,1405568,1,1,A,2,2,63,2.0,14,JALISCO,39,GUADALAJARA,3,0,0,0,1,1,0,1,0,0,0,0,0,0,0,2,2,2,2,3,2,3,2,2,2,2,2,2,2,2,3,0,0,0,0,0,0,0,1,1,1,1,0,0,0,0,0,0,0,0,1,1,1,1,1,1,1,1.0,1,2.0,2,,2,,1,2.0,2,,2,3,2,2,2,1,1,1,1,1,1,1,1,1,1,1,2,2,2,1,2,2,2,2,2,2,2,10000.0,3,3,2,2,2,3,3,3,3,3,3,3,3,3,1,5,1,1,2,,,,,2,,,,,2,,,,,2,,,,,2,,,,2,,,,2,,,,2,,,,2,,,,2,,,,2,,,,,,,,,,,,,,,,,,,,,,,,,,,,,,,,,,,,,,,,,,,,,,,,,,,,,,,,,,4,961,1923,961.0,1923.0,U,3,280,6341,True,"Robo en transporte público, Robo en calle, Fraude bancario",Mujer
39067,1405568.02,1405568.02.01,1405568.02.01.01,1405568,2,1,B,1,2,57,2.0,14,JALISCO,39,GUADALAJARA,3,1,0,0,0,1,0,1,0,0,0,0,0,0,0,2,2,2,1,1,2,3,1,1,2,2,2,1,2,2,3,0,0,0,0,0,0,0,1,1,0,0,0,0,0,0,0,0,0,0,2,2,2,1,1,1,2,,1,2.0,2,,2,,2,,2,,1,3,1,2,2,2,3,3,3,3,2,2,2,2,2,2,1,2,2,2,2,2,2,2,2,2,2,25000.0,3,3,3,3,3,3,3,3,3,3,3,3,3,3,1,1,1,1,2,,,,,2,,,,,2,,,,,2,,,,,2,,,,2,,,,2,,,,2,,,,2,,,,2,,,,2,,,,,,,,,,,,,,,,,,,,,,,,,,,,,,,,,,,,,,,,,,,,,,,,,,,,,,,,,,4,961,1923,961.0,1923.0,U,3,280,6341,True,"Robo vehículo, Robo en calle, Fraude bancario",Mujer
39068,1405568.03,1405568.03.01,1405568.03.01.01,1405568,3,1,B,1,1,25,2.0,14,JALISCO,39,GUADALAJARA,3,1,0,0,0,1,0,1,0,0,0,0,0,0,0,2,2,2,1,1,2,3,1,1,2,2,2,2,2,2,3,0,0,0,0,0,0,0,0,0,0,0,0,0,0,0,0,0,1,0,1,2,2,1,1,1,2,,1,2.0,2,,9,,2,,9,,2,2,2,2,2,2,3,2,2,2,2,2,2,2,2,2,2,2,2,2,2,2,2,2,2,2,2,,3,1,2,2,2,3,3,3,3,3,3,3,3,3,2,2,2,2,2,,,,,2,,,,,2,,,,,1,2.0,2.0,2.0,2.0,2,,,,2,,,,2,,,,1,2.0,2.0,2.0,2,,,,2,,,,2,,,,,,,,,,,,,,,,,,,2.0,1.0,1.0,2.0,2.0,,,,,,,,,,,,,,,,2.0,1.0,1.0,2.0,2.0,,,,,,,,,,,,,,,3,961,961,961.0,961.0,U,3,280,6341,True,"Robo vehículo, Robo en calle, Fraude bancario",Hombre
39069,1405568.05,1405568.05.01,1405568.05.01.01,1405568,5,1,B,1,1,33,2.0,14,JALISCO,39,GUADALAJARA,3,0,1,0,1,1,0,0,0,0,0,0,0,0,0,2,1,2,1,2,2,3,1,1,2,2,3,3,1,1,3,0,1,1,0,0,0,0,0,0,0,1,0,0,0,0,0,0,0,0,1,1,2,4,4,4,2,,1,2.0,1,2.0,2,,1,2.0,2,,2,3,1,2,3,1,3,1,1,1,2,1,2,2,2,2,2,2,2,2,2,2,2,2,2,2,2,,3,1,1,1,1,2,2,2,2,2,1,1,1,2,4,1,2,2,2,,,,,2,,,,,2,,,,,1,4.0,1.0,4.0,2.0,2,,,,2,,,,2,,,,1,1.0,1.0,2.0,2,,,,2,,,,2,,,,,,,,,,,,,,,,,,,2.0,1.0,2.0,2.0,2.0,,,,,,,,,,,,,,,,2.0,1.0,2.0,2.0,2.0,,,,,,,,,,,,,,,4,961,1923,961.0,1923.0,U,3,280,6341,True,"Robo accesorios vehículo, Robo en transporte público, Robo en calle",Hombre
39070,1405617.01,1405617.01.01,1405617.01.01.02,1405617,1,1,B,2,2,75,2.0,14,JALISCO,39,GUADALAJARA,3,0,0,0,0,1,0,0,1,0,1,0,0,0,0,2,2,2,1,3,2,3,3,1,1,1,1,1,1,3,5,0,1,0,0,0,0,0,0,1,0,0,0,1,0,1,0,0,0,0,2,2,2,1,3,3,2,,2,,2,,2,,1,1.0,9,,3,3,2,3,2,2,3,3,2,3,2,2,3,2,2,2,2,2,2,1,2,1,2,2,2,2,2,9999999.0,1,3,2,2,2,3,2,2,2,3,2,2,3,3,1,5,1,1,1,3.0,1.0,3.0,2.0,1,4.0,9.0,3.0,9.0,2,,,,,1,3.0,9.0,2.0,1.0,2,,,,2,,,,2,,,,1,2.0,9.0,1.0,2,,,,1,1.0,9.0,1.0,2,,,,2.0,1.0,2.0,2.0,2.0,2.0,1.0,2.0,2.0,2.0,,,,,,2.0,1.0,2.0,2.0,2.0,,,,,,,,,,,,,,,,2.0,1.0,2.0,2.0,2.0,,,,,,2.0,2.0,2.0,1.0,2.0,,,,,3,1092,2184,1092.0,2184.0,U,4,281,6430,True,"Robo en calle, Extorsión, Lesiones",Mujer
39071,1405617.02,1405617.02.01,1405617.02.01.01,1405617,2,1,A,1,2,31,2.0,14,JALISCO,39,GUADALAJARA,3,0,1,0,1,1,0,0,0,0,0,0,0,0,0,1,2,2,1,1,2,3,1,1,2,3,3,1,1,1,3,0,0,0,0,0,0,0,0,0,0,1,0,0,0,0,0,0,0,0,1,2,2,1,3,1,2,,1,1.0,1,2.0,2,,2,,9,,2,3,2,3,3,2,3,2,2,3,2,2,3,2,2,2,2,2,2,2,2,1,2,1,2,2,2,8000.0,1,3,2,2,2,3,3,3,3,3,3,3,3,3,2,1,1,1,1,3.0,1.0,3.0,1.0,1,4.0,1.0,3.0,1.0,1,4.0,1.0,3.0,2.0,1,3.0,2.0,2.0,9.0,2,,,,1,4.0,1.0,3.0,1,3.0,1.0,3.0,1,2.0,2.0,2.0,1,2.0,2.0,2.0,1,2.0,2.0,2.0,1,3.0,1.0,2.0,1.0,1.0,2.0,2.0,2.0,2.0,1.0,2.0,1.0,2.0,2.0,1.0,2.0,1.0,2.0,2.0,1.0,1.0,1.0,2.0,,,,,,1.0,2.0,1.0,1.0,2.0,2.0,2.0,2.0,1.0,2.0,2.0,1.0,2.0,1.0,2.0,2.0,2.0,2.0,1.0,2.0,2.0,2.0,2.0,1.0,2.0,1.0,1.0,1.0,2.0,3,1092,1092,1092.0,1092.0,U,4,281,6430,True,"Robo accesorios vehículo, Robo en transporte público, Robo en calle",Mujer
39072,1405617.03,1405617.03.01,1405617.03.01.01,1405617,3,1,B,1,1,56,2.0,14,JALISCO,39,GUADALAJARA,3,0,0,1,0,0,0,0,0,1,1,0,0,0,0,1,1,1,1,1,2,3,3,1,3,3,2,1,1,1,2,0,0,0,0,0,0,0,0,0,0,0,0,0,0,0,0,0,1,0,2,2,2,2,1,1,2,,2,,2,,2,,2,,2,,2,3,2,2,2,2,3,2,2,3,2,2,2,2,2,2,2,2,2,2,2,1,2,2,2,2,2,0.0,1,3,2,2,2,3,3,3,3,3,2,2,1,3,1,1,1,1,1,2.0,2.0,2.0,1.0,1,2.0,2.0,2.0,1.0,1,2.0,2.0,2.0,1.0,1,2.0,2.0,2.0,1.0,2,,,,1,2.0,2.0,2.0,1,2.0,2.0,2.0,1,1.0,2.0,1.0,1,2.0,2.0,2.0,1,1.0,2.0,1.0,1,2.0,9.0,2.0,1.0,1.0,2.0,2.0,2.0,2.0,1.0,2.0,2.0,2.0,2.0,1.0,2.0,2.0,2.0,2.0,1.0,2.0,2.0,2.0,,,,,,2.0,2.0,1.0,1.0,2.0,2.0,2.0,1.0,1.0,2.0,2.0,1.0,2.0,2.0,2.0,2.0,2.0,1.0,1.0,2.0,2.0,2.0,2.0,1.0,2.0,1.0,2.0,1.0,2.0,2,1092,4368,1092.0,4368.0,U,4,281,6430,True,"Robo en vivienda, Delito sexual, Lesiones",Hombre
39073,1405617.04,1405617.04.01,1405617.04.01.02,1405617,4,1,A,2,2,63,2.0,14,JALISCO,39,GUADALAJARA,3,0,0,0,0,1,0,0,0,1,1,0,0,0,0,2,2,2,2,3,2,3,2,2,2,2,2,2,2,2,4,0,0,0,0,0,0,1,1,1,1,0,0,1,1,1,0,0,0,0,1,1,1,9,1,1,2,,1,2.0,1,1.0,2,,1,1.0,1,1.0,2,2,2,1,2,1,3,2,2,3,2,1,3,2,2,2,2,2,2,2,2,1,2,2,2,2,2,0.0,3,1,1,2,1,3,1,1,1,1,3,3,3,3,2,5,3,3,1,2.0,1.0,2.0,1.0,1,2.0,1.0,2.0,1.0,1,2.0,1.0,2.0,1.0,1,2.0,1.0,2.0,1.0,2,,,,1,2.0,1.0,2.0,2,,,,1,2.0,1.0,2.0,1,2.0,1.0,2.0,1,1.0,1.0,2.0,2,,,,2.0,1.0,2.0,2.0,2.0,2.0,1.0,2.0,2.0,2.0,2.0,1.0,2.0,2.0,2.0,2.0,1.0,2.0,2.0,2.0,,,,,,1.0,2.0,2.0,2.0,2.0,,,,,,2.0,1.0,2.0,2.0,2.0,2.0,2.0,2.0,1.0,2.0,2.0,2.0,2.0,1.0,2.0,,,,,4,1092,4368,1092.0,4368.0,U,4,281,6430,True,"Robo en calle, Delito sexual, Lesiones",Mujer
39074,1405617.05,1405617.05.01,1405617.05.01.01,1405617,5,1,A,1,1,44,2.0,14,JALISCO,39,GUADALAJARA,3,0,0,0,1,1,0,1,0,0,0,0,0,0,0,2,2,2,1,2,2,3,2,2,2,2,2,2,2,2,4,0,1,1,0,0,0,1,1,1,1,0,0,0,0,0,0,1,0,0,1,1,1,3,4,4,1,1.0,1,1.0,1,1.0,1,1.0,1,1.0,1,1.0,1,3,2,3,2,1,3,2,2,3,2,2,2,2,2,2,1,2,1,1,2,1,2,2,2,2,2,25000.0,1,1,3,2,3,3,1,1,1,3,2,2,3,3,1,1,1,1,1,4.0,1.0,3.0,2.0,1,1.0,9.0,1.0,1.0,1,9.0,9.0,9.0,9.0,1,1.0,9.0,3.0,1.0,2,,,,2,,,,2,,,,1,2.0,9.0,3.0,1,2.0,9.0,2.0,1,2.0,9.0,2.0,2,,,,1.0,1.0,2.0,1.0,2.0,1.0,1.0,2.0,2.0,2.0,2.0,1.0,2.0,2.0,2.0,2.0,1.0,2.0,2.0,2.0,,,,,,,,,,,,,,,,2.0,1.0,2.0,2.0,2.0,2.0,1.0,2.0,1.0,2.0,2.0,1.0,2.0,1.0,2.0,,,,,3,1092,1092,1092.0,1092.0,U,4,281,6430,True,"Robo en transporte público, Robo en calle, Fraude bancario",Hombre
39075,1405627.01,1405627.01.01,1405627.01.01.03,1405627,1,1,B,3,1,35,2.0,14,JALISCO,39,GUADALAJARA,3,0,0,1,0,1,0,0,1,0,0,0,0,0,0,2,2,2,2,2,2,2,2,2,2,2,2,2,2,2,4,1,0,0,0,0,0,0,0,1,0,0,0,0,0,0,0,0,0,0,1,1,1,4,4,4,2,,2,,2,,2,,1,1.0,2,,1,3,1,1,1,1,3,2,1,3,2,2,3,2,1,1,1,1,1,2,2,2,2,1,2,2,2,20000.0,3,3,3,3,3,3,3,3,3,3,3,3,2,2,1,2,1,1,1,3.0,1.0,4.0,9.0,1,4.0,1.0,4.0,9.0,1,4.0,1.0,4.0,9.0,1,4.0,1.0,4.0,9.0,1,2.0,1.0,3.0,1,2.0,1.0,2.0,1,4.0,1.0,4.0,1,1.0,2.0,1.0,1,1.0,2.0,1.0,1,1.0,2.0,1.0,2,,,,1.0,2.0,2.0,2.0,2.0,2.0,1.0,2.0,2.0,2.0,2.0,1.0,2.0,2.0,2.0,2.0,1.0,2.0,2.0,2.0,2.0,2.0,2.0,1.0,2.0,2.0,2.0,2.0,1.0,2.0,2.0,2.0,2.0,1.0,2.0,2.0,1.0,2.0,2.0,2.0,2.0,1.0,2.0,2.0,2.0,2.0,2.0,2.0,1.0,2.0,,,,,4,1158,5788,1158.0,5788.0,U,4,281,6405,True,"Robo en vivienda, Robo en calle, Extorsión",Hombre
39076,1405627.02,1405627.02.01,1405627.02.01.02,1405627,2,1,B,2,2,60,2.0,14,JALISCO,39,GUADALAJARA,3,0,0,1,0,1,0,1,0,0,0,0,0,0,0,2,2,2,1,2,2,3,2,2,2,2,3,2,2,2,4,0,0,0,0,0,0,0,0,1,0,0,0,0,0,0,0,0,0,0,1,1,1,3,3,4,2,,2,,2,,2,,2,,2,,1,3,2,1,3,1,3,1,1,1,1,1,3,2,1,1,1,1,1,1,2,2,2,1,2,2,2,30000.0,2,2,3,3,2,3,3,3,2,1,2,3,2,2,2,1,1,1,1,4.0,1.0,4.0,2.0,1,3.0,1.0,4.0,2.0,1,3.0,1.0,4.0,2.0,1,2.0,1.0,3.0,2.0,2,,,,2,,,,2,,,,1,1.0,2.0,2.0,2,,,,1,1.0,2.0,2.0,2,,,,1.0,2.0,2.0,2.0,2.0,2.0,1.0,2.0,2.0,2.0,2.0,1.0,2.0,2.0,2.0,2.0,1.0,2.0,2.0,2.0,,,,,,,,,,,,,,,,2.0,1.0,2.0,2.0,2.0,,,,,,2.0,1.0,2.0,2.0,2.0,,,,,4,1158,5788,1158.0,5788.0,U,4,281,6405,True,"Robo en vivienda, Robo en calle, Fraude bancario",Mujer
39077,1405627.03,1405627.03.01,1405627.03.01.02,1405627,3,1,B,2,2,55,2.0,14,JALISCO,39,GUADALAJARA,3,0,0,0,0,0,1,1,0,0,1,0,0,0,0,1,9,2,1,1,1,3,1,1,1,2,3,1,1,1,3,0,0,0,0,0,0,0,0,0,0,0,0,0,0,0,0,0,1,0,2,2,2,2,1,1,2,,2,,2,,2,,2,,2,,1,3,1,1,1,1,3,3,1,2,2,2,3,1,2,2,2,2,2,2,2,2,2,2,2,2,2,,2,2,2,2,2,3,2,2,2,2,2,2,2,2,1,1,1,1,1,1.0,2.0,9.0,1.0,2,,,,,2,,,,,1,1.0,2.0,1.0,1.0,2,,,,2,,,,2,,,,1,1.0,2.0,1.0,1,1.0,9.0,9.0,2,,,,2,,,,2.0,1.0,2.0,2.0,2.0,,,,,,,,,,,2.0,1.0,2.0,2.0,2.0,,,,,,,,,,,,,,,,2.0,1.0,2.0,2.0,2.0,2.0,2.0,2.0,1.0,2.0,,,,,,,,,,9,1158,2315,1158.0,2315.0,U,4,281,6405,True,"Secuestro, Fraude bancario, Lesiones",Mujer
39078,1405627.05,1405627.05.01,1405627.05.01.01,1405627,5,1,B,1,2,81,2.0,14,JALISCO,39,GUADALAJARA,3,0,0,0,1,1,0,0,1,0,0,0,0,0,0,1,1,2,1,3,3,3,1,3,1,3,3,1,3,3,3,0,0,0,0,0,0,0,0,1,0,0,0,0,0,0,0,0,0,0,2,2,2,1,1,1,2,,2,,2,,2,,1,9.0,2,,3,3,3,1,3,2,3,2,2,2,2,2,3,3,2,2,2,1,1,1,2,1,1,2,2,2,2,10000.0,1,1,1,2,1,2,2,2,1,1,2,2,2,2,1,3,1,5,2,,,,,2,,,,,2,,,,,2,,,,,2,,,,2,,,,2,,,,2,,,,2,,,,2,,,,2,,,,,,,,,,,,,,,,,,,,,,,,,,,,,,,,,,,,,,,,,,,,,,,,,,,,,,,,,,4,1158,1158,1158.0,1158.0,U,4,281,6405,True,"Robo en transporte público, Robo en calle, Extorsión",Mujer
39079,1405675.01,1405675.01.01,1405675.01.01.03,1405675,1,1,B,3,2,20,2.0,14,JALISCO,39,GUADALAJARA,2,0,0,1,1,0,0,0,1,0,0,0,0,0,0,1,2,2,1,3,1,1,3,2,2,2,2,2,2,3,2,0,0,0,0,0,0,0,0,0,0,0,0,0,0,0,0,0,1,0,1,1,1,2,4,4,2,,2,,2,,2,,2,,9,,3,3,3,3,2,1,1,2,2,3,2,3,3,3,2,2,2,2,2,2,2,2,2,2,2,2,2,,2,2,2,2,2,2,2,2,2,2,2,2,2,2,1,2,1,2,1,4.0,1.0,3.0,9.0,2,,,,,1,4.0,1.0,3.0,9.0,1,3.0,1.0,3.0,9.0,2,,,,1,3.0,1.0,3.0,1,3.0,1.0,3.0,1,3.0,1.0,3.0,1,3.0,1.0,3.0,1,3.0,1.0,3.0,2,,,,2.0,1.0,2.0,2.0,2.0,,,,,,2.0,1.0,2.0,2.0,2.0,2.0,1.0,2.0,2.0,2.0,,,,,,2.0,1.0,2.0,2.0,2.0,2.0,1.0,2.0,2.0,2.0,2.0,1.0,2.0,2.0,2.0,2.0,1.0,2.0,2.0,2.0,2.0,1.0,2.0,2.0,2.0,,,,,9,1101,4405,1101.0,4405.0,U,4,281,6425,True,"Robo en vivienda, Robo en transporte público, Extorsión",Mujer
39080,1405675.02,1405675.02.01,1405675.02.01.01,1405675,2,1,B,1,2,60,2.0,14,JALISCO,39,GUADALAJARA,3,0,0,0,0,1,0,0,1,0,0,1,0,0,0,1,2,2,1,3,2,3,3,1,3,3,3,3,3,2,2,0,0,0,0,0,0,0,0,0,0,0,0,0,0,0,0,0,1,0,1,1,1,2,4,4,2,,2,,2,,2,,2,,2,,2,3,1,1,3,1,3,3,2,3,2,2,3,2,3,2,2,2,2,2,2,2,2,2,2,2,2,,2,2,2,2,2,2,2,2,2,2,2,2,2,2,4,5,4,4,2,,,,,2,,,,,2,,,,,2,,,,,2,,,,2,,,,2,,,,2,,,,2,,,,2,,,,2,,,,,,,,,,,,,,,,,,,,,,,,,,,,,,,,,,,,,,,,,,,,,,,,,,,,,,,,,,9,1101,1101,1101.0,1101.0,U,4,281,6425,True,"Robo en calle, Extorsión, Amenazas",Mujer
39081,1405675.03,1405675.03.01,1405675.03.01.01,1405675,3,1,B,1,1,84,2.0,14,JALISCO,39,GUADALAJARA,3,0,0,1,0,0,0,0,0,1,0,1,0,0,0,1,2,2,1,3,2,3,1,2,3,3,3,2,3,3,4,0,0,0,0,0,0,0,0,0,0,0,0,0,0,0,0,0,1,0,1,1,1,1,9,4,2,,2,,2,,2,,2,,2,,1,3,1,3,3,1,3,3,1,3,1,1,3,1,1,2,1,1,2,1,2,2,1,2,2,2,2,9999999.0,3,2,2,2,2,2,2,2,2,2,2,2,2,2,1,5,1,1,2,,,,,2,,,,,2,,,,,2,,,,,2,,,,2,,,,2,,,,2,,,,2,,,,2,,,,2,,,,,,,,,,,,,,,,,,,,,,,,,,,,,,,,,,,,,,,,,,,,,,,,,,,,,,,,,,4,1101,2203,1101.0,2203.0,U,4,281,6425,True,"Robo en vivienda, Delito sexual, Amenazas",Hombre
39082,1405675.04,1405675.04.01,1405675.04.01.01,1405675,4,1,B,1,1,26,2.0,14,JALISCO,39,GUADALAJARA,3,1,0,0,0,1,0,0,1,0,0,0,0,0,0,1,2,2,1,1,1,3,3,1,1,2,3,1,2,1,3,1,0,0,0,0,0,0,0,0,0,0,0,0,1,0,0,0,0,0,1,9,1,2,3,3,2,,2,,2,,2,,2,,2,,2,3,2,2,3,1,3,2,2,1,2,2,2,2,2,2,2,2,2,2,2,2,2,2,2,2,2,,3,1,3,3,2,3,3,3,3,3,2,2,2,2,3,1,1,1,1,4.0,1.0,3.0,2.0,2,,,,,1,3.0,1.0,3.0,1.0,1,2.0,1.0,3.0,2.0,1,2.0,1.0,2.0,1,2.0,1.0,3.0,1,3.0,9.0,3.0,1,2.0,1.0,2.0,1,2.0,9.0,3.0,1,2.0,9.0,2.0,1,3.0,1.0,3.0,1.0,2.0,2.0,2.0,2.0,,,,,,2.0,1.0,2.0,2.0,2.0,2.0,2.0,1.0,1.0,2.0,2.0,2.0,1.0,1.0,2.0,1.0,2.0,1.0,2.0,2.0,2.0,2.0,1.0,1.0,2.0,1.0,2.0,1.0,2.0,2.0,2.0,2.0,2.0,1.0,2.0,2.0,2.0,2.0,1.0,2.0,2.0,1.0,1.0,2.0,3,1101,1101,1101.0,1101.0,U,4,281,6425,True,"Robo vehículo, Robo en calle, Extorsión",Hombre
39083,1405675.05,1405675.05.01,1405675.05.01.02,1405675,5,1,B,2,1,28,2.0,14,JALISCO,39,GUADALAJARA,3,1,0,0,1,0,0,0,1,0,0,0,0,0,0,1,2,2,1,1,1,3,3,1,2,2,1,1,2,1,1,0,0,0,0,0,0,0,0,0,0,0,0,0,0,0,0,0,1,0,1,1,2,1,3,4,2,,2,,2,,2,,2,,2,,1,3,2,2,2,1,3,2,2,1,2,2,3,2,1,2,2,2,2,2,2,2,2,2,2,2,2,,2,1,3,2,1,2,2,1,1,1,3,3,3,3,1,1,1,1,1,4.0,1.0,2.0,9.0,1,3.0,1.0,2.0,1.0,1,4.0,1.0,3.0,2.0,1,1.0,2.0,2.0,2.0,2,,,,1,4.0,1.0,2.0,1,3.0,1.0,3.0,1,1.0,2.0,2.0,1,1.0,2.0,2.0,1,1.0,2.0,1.0,2,,,,1.0,1.0,2.0,2.0,2.0,1.0,1.0,2.0,2.0,2.0,2.0,1.0,2.0,2.0,2.0,2.0,1.0,2.0,2.0,2.0,,,,,,2.0,1.0,2.0,2.0,2.0,2.0,1.0,2.0,2.0,2.0,2.0,1.0,2.0,2.0,2.0,2.0,1.0,2.0,2.0,2.0,2.0,2.0,1.0,2.0,2.0,,,,,4,1101,2203,1101.0,2203.0,U,4,281,6425,True,"Robo vehículo, Robo en transporte público, Extorsión",Hombre
39084,1405678.02,1405678.02.01,1405678.02.01.01,1405678,2,1,A,1,1,45,2.0,14,JALISCO,39,GUADALAJARA,3,0,0,1,0,0,0,1,0,0,0,1,0,0,0,1,2,2,1,1,2,3,2,2,1,2,3,1,1,1,2,1,0,1,0,0,0,1,1,1,0,1,0,0,0,0,0,0,0,0,1,1,2,4,4,3,2,,1,2.0,1,1.0,2,,1,1.0,9,,2,3,1,2,3,1,3,2,2,1,2,1,3,1,2,2,2,1,2,1,2,1,1,2,2,2,2,3000.0,2,1,2,2,2,2,2,1,2,3,3,3,3,3,2,2,4,1,2,,,,,1,3.0,1.0,3.0,2.0,1,3.0,1.0,3.0,2.0,1,2.0,9.0,2.0,2.0,2,,,,2,,,,2,,,,1,2.0,2.0,2.0,2,,,,2,,,,2,,,,,,,,,1.0,1.0,2.0,2.0,2.0,2.0,2.0,1.0,1.0,2.0,1.0,2.0,2.0,1.0,2.0,,,,,,,,,,,,,,,,2.0,1.0,1.0,2.0,2.0,,,,,,,,,,,,,,,4,1112,1112,1112.0,1112.0,U,4,281,6421,True,"Robo en vivienda, Fraude bancario, Amenazas",Hombre
39085,1405678.04,1405678.04.01,1405678.04.01.01,1405678,4,1,B,1,1,37,2.0,14,JALISCO,39,GUADALAJARA,3,0,1,0,0,0,0,0,0,1,1,0,0,0,0,1,1,1,1,1,1,3,1,1,1,1,3,1,1,1,2,0,0,0,0,0,0,0,0,0,0,0,0,0,0,0,0,0,1,0,2,2,2,2,2,2,2,,2,,2,,2,,2,,2,,2,3,2,2,3,2,3,2,2,2,2,2,2,2,2,2,2,2,2,2,2,2,2,2,2,2,2,,2,3,2,2,2,3,3,3,3,3,2,2,2,2,2,2,1,1,1,2.0,2.0,2.0,1.0,1,2.0,2.0,2.0,1.0,1,2.0,2.0,2.0,1.0,1,2.0,2.0,2.0,1.0,1,2.0,2.0,2.0,1,2.0,2.0,2.0,1,2.0,2.0,2.0,1,2.0,2.0,2.0,1,2.0,2.0,2.0,1,2.0,2.0,2.0,2,,,,2.0,1.0,2.0,2.0,2.0,2.0,1.0,2.0,2.0,2.0,2.0,1.0,2.0,2.0,2.0,2.0,1.0,2.0,2.0,2.0,2.0,1.0,2.0,2.0,2.0,2.0,1.0,2.0,2.0,2.0,2.0,1.0,2.0,2.0,2.0,2.0,1.0,2.0,2.0,2.0,2.0,1.0,2.0,2.0,2.0,2.0,1.0,2.0,2.0,2.0,,,,,9,1112,2225,1112.0,2225.0,U,4,281,6421,True,"Robo accesorios vehículo, Delito sexual, Lesiones",Hombre
39086,1405678.05,1405678.05.01,1405678.05.01.01,1405678,5,1,B,1,2,51,2.0,14,JALISCO,39,GUADALAJARA,2,0,1,1,0,1,0,0,0,0,0,0,0,0,0,2,2,2,1,1,2,3,1,2,1,1,3,1,2,2,4,0,0,0,0,0,0,0,1,1,0,0,0,0,0,0,0,1,0,0,1,2,1,3,3,4,2,,1,1.0,1,2.0,2,,1,2.0,1,2.0,1,3,1,3,3,1,3,2,1,2,1,1,3,2,1,2,1,1,2,1,2,2,2,2,2,2,2,13300.0,3,3,3,3,2,3,3,3,3,1,2,2,2,2,2,2,1,1,1,2.0,9.0,2.0,1.0,1,2.0,9.0,3.0,2.0,1,1.0,2.0,1.0,1.0,1,4.0,1.0,4.0,2.0,1,2.0,9.0,3.0,1,2.0,9.0,3.0,1,3.0,1.0,4.0,1,4.0,1.0,4.0,1,3.0,2.0,3.0,1,3.0,9.0,3.0,1,4.0,9.0,3.0,1.0,1.0,2.0,2.0,2.0,1.0,1.0,2.0,2.0,2.0,1.0,2.0,1.0,1.0,2.0,1.0,1.0,1.0,1.0,2.0,1.0,2.0,1.0,1.0,2.0,1.0,1.0,1.0,2.0,2.0,2.0,2.0,1.0,1.0,2.0,1.0,1.0,1.0,1.0,2.0,1.0,2.0,1.0,2.0,2.0,2.0,2.0,1.0,1.0,2.0,1.0,2.0,1.0,2.0,5,1112,2225,1112.0,2225.0,U,4,281,6421,True,"Robo accesorios vehículo, Robo en vivienda, Robo en calle",Mujer
39087,1405681.01,1405681.01.01,1405681.01.01.01,1405681,1,1,A,1,1,61,2.0,14,JALISCO,39,GUADALAJARA,3,0,0,0,0,1,0,0,1,0,1,0,0,0,0,1,1,2,1,1,2,3,2,1,1,2,1,1,2,2,3,0,0,0,0,0,0,0,0,0,0,0,0,0,0,0,0,0,1,0,9,2,2,2,3,4,2,,2,,2,,2,,2,,2,,1,1,2,3,3,1,3,2,1,3,2,2,2,2,2,2,1,1,1,1,2,2,1,1,2,2,2,100000.0,1,1,2,2,2,3,3,3,3,3,3,3,3,3,1,1,1,1,1,3.0,1.0,4.0,2.0,1,3.0,1.0,4.0,2.0,1,3.0,1.0,4.0,2.0,1,3.0,1.0,3.0,2.0,1,3.0,1.0,4.0,1,3.0,1.0,3.0,1,3.0,1.0,4.0,1,2.0,9.0,3.0,1,2.0,2.0,9.0,1,2.0,9.0,2.0,2,,,,2.0,2.0,2.0,1.0,2.0,2.0,2.0,2.0,1.0,2.0,2.0,2.0,2.0,1.0,2.0,2.0,2.0,2.0,1.0,2.0,2.0,2.0,2.0,1.0,2.0,2.0,2.0,2.0,1.0,2.0,2.0,2.0,2.0,1.0,2.0,2.0,2.0,2.0,1.0,2.0,2.0,2.0,2.0,1.0,2.0,2.0,2.0,2.0,1.0,2.0,,,,,4,882,3529,882.0,3529.0,U,4,281,6477,True,"Robo en calle, Extorsión, Lesiones",Hombre
39088,1405681.03,1405681.03.01,1405681.03.01.02,1405681,3,1,B,2,1,60,2.0,14,JALISCO,39,GUADALAJARA,3,0,0,0,0,0,1,1,0,0,0,1,0,0,0,1,2,2,1,1,1,3,1,3,2,2,1,3,2,1,3,0,0,0,0,0,0,0,0,0,0,0,0,0,0,0,0,0,1,0,1,2,1,2,3,1,2,,1,1.0,2,,2,,1,2.0,2,,2,3,2,2,2,1,3,2,2,3,2,2,2,3,2,2,2,2,2,2,2,2,2,2,2,2,2,,3,3,3,3,3,3,3,3,3,3,3,3,3,3,1,1,1,1,1,3.0,1.0,2.0,1.0,1,2.0,1.0,2.0,1.0,1,4.0,1.0,4.0,2.0,1,1.0,2.0,1.0,1.0,2,,,,2,,,,1,2.0,1.0,2.0,1,1.0,2.0,1.0,1,1.0,2.0,1.0,1,1.0,2.0,1.0,2,,,,2.0,2.0,2.0,1.0,2.0,2.0,1.0,2.0,2.0,2.0,2.0,1.0,2.0,2.0,2.0,2.0,1.0,2.0,2.0,2.0,,,,,,,,,,,2.0,2.0,1.0,2.0,2.0,2.0,1.0,2.0,1.0,2.0,2.0,2.0,2.0,1.0,2.0,2.0,2.0,2.0,1.0,2.0,,,,,4,882,1765,882.0,1765.0,U,4,281,6477,True,"Secuestro, Fraude bancario, Amenazas",Hombre
39089,1405681.04,1405681.04.01,1405681.04.01.01,1405681,4,1,A,1,1,65,2.0,14,JALISCO,39,GUADALAJARA,3,0,0,0,1,1,0,0,0,0,0,1,0,0,0,2,2,2,2,2,2,3,3,1,2,2,2,2,2,2,4,0,0,0,0,0,0,0,0,0,0,1,0,1,0,0,0,0,0,0,1,1,1,4,4,4,2,,2,,2,,1,2.0,1,2.0,9,,1,3,2,3,3,1,3,1,1,1,1,2,2,2,1,2,1,1,1,1,2,2,2,2,2,2,2,3000.0,1,1,3,3,3,3,3,3,3,3,3,3,3,3,1,3,5,3,2,,,,,2,,,,,2,,,,,2,,,,,2,,,,2,,,,2,,,,2,,,,2,,,,2,,,,2,,,,,,,,,,,,,,,,,,,,,,,,,,,,,,,,,,,,,,,,,,,,,,,,,,,,,,,,,,4,882,882,882.0,882.0,U,4,281,6477,True,"Robo en transporte público, Robo en calle, Amenazas",Hombre
39090,1405681.05,1405681.05.01,1405681.05.01.01,1405681,5,1,A,1,1,30,2.0,14,JALISCO,39,GUADALAJARA,3,0,0,0,1,0,0,0,0,0,1,1,0,0,0,1,2,2,1,1,1,3,2,1,1,1,3,1,1,1,2,0,0,0,0,0,0,0,0,1,0,0,0,0,0,0,0,0,0,0,1,1,1,2,4,4,2,,2,,2,,2,,1,1.0,9,,1,3,2,3,3,1,3,2,2,3,1,2,2,3,2,2,1,1,1,1,2,1,2,2,2,2,2,6000.0,3,3,2,2,2,3,3,2,3,1,2,2,2,2,1,1,1,1,1,4.0,1.0,4.0,2.0,1,4.0,1.0,4.0,2.0,1,4.0,1.0,4.0,2.0,1,4.0,1.0,4.0,2.0,2,,,,2,,,,1,4.0,1.0,4.0,1,2.0,1.0,2.0,1,2.0,9.0,2.0,1,2.0,1.0,9.0,2,,,,1.0,2.0,2.0,2.0,2.0,1.0,2.0,2.0,2.0,2.0,1.0,2.0,2.0,2.0,2.0,2.0,1.0,1.0,2.0,2.0,,,,,,,,,,,2.0,2.0,2.0,2.0,1.0,2.0,1.0,1.0,2.0,2.0,2.0,1.0,1.0,2.0,2.0,2.0,2.0,1.0,2.0,2.0,,,,,4,882,882,882.0,882.0,U,4,281,6477,True,"Robo en transporte público, Lesiones, Amenazas",Hombre
39091,1405689.01,1405689.01.01,1405689.01.01.01,1405689,1,1,B,1,1,71,2.0,14,JALISCO,39,GUADALAJARA,3,0,1,0,0,1,0,0,0,0,1,0,0,0,0,2,2,2,1,3,1,3,1,1,2,2,2,1,3,1,2,1,0,0,0,0,0,0,0,1,0,0,0,0,1,1,0,0,0,0,1,1,1,1,1,1,1,2.0,2,,1,2.0,2,,1,2.0,1,2.0,2,2,2,2,2,1,3,2,2,2,2,1,3,2,1,1,1,2,2,1,2,2,2,2,2,2,2,16000.0,2,2,2,2,1,3,3,2,1,1,1,1,1,3,1,5,1,1,1,3.0,1.0,3.0,1.0,1,4.0,1.0,3.0,2.0,1,3.0,1.0,3.0,2.0,1,2.0,2.0,1.0,1.0,2,,,,2,,,,2,,,,1,1.0,2.0,1.0,1,1.0,2.0,1.0,1,1.0,2.0,1.0,1,4.0,1.0,3.0,1.0,1.0,1.0,1.0,2.0,2.0,1.0,2.0,1.0,2.0,2.0,1.0,2.0,1.0,2.0,2.0,1.0,2.0,1.0,2.0,,,,,,,,,,,,,,,,2.0,1.0,2.0,1.0,2.0,2.0,2.0,2.0,1.0,2.0,2.0,1.0,2.0,1.0,2.0,2.0,2.0,1.0,2.0,4,985,4923,985.0,4923.0,U,3,280,6326,True,"Robo accesorios vehículo, Robo en calle, Lesiones",Hombre
39092,1405689.02,1405689.02.01,1405689.02.01.01,1405689,2,1,B,1,1,51,2.0,14,JALISCO,39,GUADALAJARA,3,0,0,0,0,1,0,0,0,0,1,1,0,0,0,1,2,2,1,1,1,3,1,1,2,2,2,1,2,1,2,1,0,0,0,0,0,0,0,0,0,0,0,0,0,0,0,0,0,0,1,1,9,2,3,3,1,2.0,2,,2,,2,,2,,2,,2,2,2,2,2,2,3,2,2,3,2,2,3,2,2,2,2,2,2,1,2,2,2,2,2,2,2,800.0,3,3,1,1,2,3,3,2,2,1,2,2,1,3,2,1,1,1,1,3.0,1.0,2.0,1.0,1,1.0,2.0,2.0,1.0,1,9.0,9.0,2.0,1.0,1,1.0,2.0,1.0,2.0,1,3.0,1.0,3.0,2,,,,2,,,,1,1.0,2.0,1.0,1,9.0,9.0,1.0,1,1.0,1.0,1.0,2,,,,1.0,1.0,2.0,2.0,2.0,1.0,1.0,2.0,1.0,2.0,2.0,1.0,2.0,1.0,2.0,1.0,1.0,2.0,1.0,2.0,1.0,1.0,2.0,1.0,2.0,,,,,,,,,,,1.0,1.0,2.0,1.0,2.0,2.0,2.0,2.0,1.0,2.0,2.0,1.0,2.0,1.0,2.0,,,,,9,985,1969,985.0,1969.0,U,3,280,6326,True,"Robo en calle, Lesiones, Amenazas",Hombre
39093,1405689.03,1405689.03.01,1405689.03.01.04,1405689,3,1,B,4,2,53,2.0,14,JALISCO,39,GUADALAJARA,3,0,0,0,0,1,0,0,1,0,0,1,0,0,0,1,2,2,1,1,2,3,1,1,2,2,2,1,1,1,3,1,0,1,0,0,1,0,1,1,1,0,0,0,0,0,0,0,0,0,1,1,1,1,1,1,2,,2,,1,9.0,2,,2,,9,,1,1,1,1,2,1,3,2,2,3,2,2,3,2,2,2,2,1,2,2,2,2,2,2,2,2,2,9999999.0,2,1,2,2,2,3,3,2,2,1,2,2,2,3,3,2,1,1,1,2.0,1.0,2.0,1.0,1,2.0,1.0,2.0,1.0,1,2.0,1.0,2.0,1.0,1,2.0,1.0,2.0,1.0,1,2.0,1.0,2.0,1,2.0,1.0,2.0,1,2.0,2.0,1.0,1,2.0,1.0,2.0,1,2.0,1.0,2.0,1,1.0,2.0,2.0,1,3.0,1.0,4.0,2.0,1.0,2.0,1.0,2.0,2.0,1.0,2.0,1.0,2.0,2.0,1.0,2.0,1.0,2.0,2.0,1.0,2.0,1.0,2.0,2.0,1.0,2.0,1.0,2.0,2.0,1.0,2.0,1.0,2.0,2.0,1.0,2.0,1.0,2.0,2.0,1.0,2.0,1.0,2.0,2.0,2.0,2.0,1.0,2.0,2.0,1.0,2.0,1.0,2.0,2.0,2.0,1.0,2.0,2,985,1969,985.0,1969.0,U,3,280,6326,True,"Robo en calle, Extorsión, Amenazas",Mujer
39094,1405689.04,1405689.04.01,1405689.04.01.01,1405689,4,1,B,1,1,48,2.0,14,JALISCO,39,GUADALAJARA,3,0,0,0,1,1,0,0,1,0,0,0,0,0,0,2,2,2,1,1,2,3,2,2,1,1,2,2,2,2,3,1,0,0,0,0,0,0,1,1,1,1,0,0,1,0,0,0,0,0,1,1,2,2,3,3,1,2.0,1,2.0,1,2.0,2,,2,,2,,2,2,2,2,2,2,3,2,2,3,2,2,3,2,3,2,2,2,2,2,2,2,2,2,2,2,2,,3,3,3,2,2,3,2,2,3,3,2,2,2,3,3,5,1,1,1,4.0,1.0,4.0,2.0,1,2.0,1.0,2.0,1.0,1,2.0,1.0,2.0,1.0,1,9.0,9.0,3.0,1.0,1,3.0,2.0,3.0,1,3.0,2.0,3.0,1,2.0,2.0,2.0,1,9.0,2.0,2.0,2,,,,1,9.0,2.0,3.0,1,3.0,1.0,3.0,1.0,1.0,1.0,1.0,2.0,1.0,1.0,1.0,1.0,2.0,2.0,1.0,1.0,1.0,2.0,2.0,1.0,1.0,1.0,2.0,2.0,1.0,1.0,1.0,2.0,2.0,2.0,1.0,1.0,2.0,2.0,2.0,1.0,1.0,2.0,1.0,1.0,1.0,1.0,2.0,,,,,,2.0,2.0,1.0,1.0,2.0,1.0,1.0,1.0,2.0,3,985,1969,985.0,1969.0,U,3,280,6326,True,"Robo en transporte público, Robo en calle, Extorsión",Hombre
39095,1405689.05,1405689.05.01,1405689.05.01.02,1405689,5,1,B,2,2,69,2.0,14,JALISCO,39,GUADALAJARA,3,0,0,0,1,0,0,0,1,1,0,0,0,0,0,2,2,2,1,3,2,3,1,1,2,2,3,1,2,2,3,0,0,0,0,0,0,0,1,0,0,0,0,0,1,0,0,0,0,0,2,2,2,4,4,4,2,,2,,1,1.0,2,,2,,2,,1,1,2,2,3,2,3,2,1,1,2,2,3,2,2,2,2,1,2,2,2,2,2,2,2,2,2,1500.0,2,2,3,3,1,3,3,2,1,3,2,2,1,3,1,5,1,1,1,2.0,1.0,3.0,1.0,1,2.0,9.0,3.0,1.0,2,,,,,1,2.0,9.0,9.0,1.0,2,,,,2,,,,2,,,,1,2.0,2.0,2.0,2,,,,1,2.0,2.0,2.0,2,,,,2.0,1.0,1.0,1.0,2.0,2.0,1.0,2.0,2.0,2.0,,,,,,2.0,1.0,1.0,2.0,2.0,,,,,,,,,,,,,,,,2.0,1.0,2.0,1.0,2.0,,,,,,2.0,2.0,2.0,1.0,2.0,,,,,4,985,3939,985.0,3939.0,U,3,280,6326,True,"Robo en transporte público, Extorsión, Delito sexual",Mujer
39096,1405713.01,1405713.01.01,1405713.01.01.01,1405713,1,1,B,1,2,88,2.0,14,JALISCO,39,GUADALAJARA,1,0,0,0,1,1,0,0,0,0,1,0,0,0,0,1,1,2,1,3,2,3,3,3,3,3,3,1,2,3,5,0,0,0,0,0,0,0,1,0,0,0,0,0,0,0,0,0,0,0,2,2,2,1,1,1,2,,2,,9,,2,,2,,2,,3,3,2,2,3,2,3,3,3,1,2,3,3,3,1,2,2,2,2,2,2,2,2,2,2,2,2,,2,2,2,2,2,2,2,2,2,2,2,2,2,2,3,5,1,1,2,,,,,2,,,,,2,,,,,2,,,,,2,,,,2,,,,2,,,,2,,,,2,,,,2,,,,2,,,,,,,,,,,,,,,,,,,,,,,,,,,,,,,,,,,,,,,,,,,,,,,,,,,,,,,,,,4,855,855,855.0,855.0,U,3,280,6377,True,"Robo en transporte público, Robo en calle, Lesiones",Mujer
39097,1405713.02,1405713.02.01,1405713.02.01.02,1405713,2,1,B,2,2,54,2.0,14,JALISCO,39,GUADALAJARA,3,0,0,0,1,1,0,0,1,0,0,0,0,0,0,2,2,2,1,1,2,3,2,2,2,2,1,1,2,2,3,1,1,1,0,0,0,0,1,0,1,0,0,0,0,0,0,0,0,0,1,1,2,1,3,1,2,,2,,2,,2,,2,,2,,1,1,1,2,2,2,3,2,1,1,2,3,3,2,3,2,2,2,2,2,2,2,2,2,2,2,2,,2,3,2,2,1,3,3,2,1,3,2,2,1,3,1,1,1,1,1,3.0,2.0,3.0,2.0,1,3.0,2.0,2.0,1.0,1,9.0,9.0,9.0,9.0,1,1.0,2.0,1.0,1.0,1,2.0,2.0,2.0,1,2.0,2.0,2.0,2,,,,1,1.0,2.0,1.0,2,,,,2,,,,2,,,,2.0,1.0,2.0,1.0,2.0,2.0,1.0,2.0,1.0,2.0,2.0,1.0,2.0,1.0,2.0,2.0,1.0,2.0,1.0,2.0,2.0,1.0,2.0,1.0,2.0,2.0,1.0,2.0,1.0,2.0,,,,,,2.0,1.0,2.0,1.0,2.0,,,,,,,,,,,,,,,1,855,1711,855.0,1711.0,U,3,280,6377,True,"Robo en transporte público, Robo en calle, Extorsión",Mujer
39098,1405713.03,1405713.03.01,1405713.03.01.01,1405713,3,1,A,1,2,38,2.0,14,JALISCO,39,GUADALAJARA,3,0,0,0,0,1,0,0,1,0,1,0,0,0,0,2,2,2,2,2,2,3,2,2,2,2,2,2,2,2,4,1,1,1,0,1,0,0,1,0,1,0,0,1,1,0,0,1,0,0,1,1,1,4,4,4,1,2.0,1,1.0,1,1.0,1,2.0,1,1.0,1,2.0,1,1,2,1,1,1,3,2,1,1,2,1,3,1,2,2,2,2,2,2,2,1,2,2,2,2,2,0.0,3,3,3,3,3,3,3,3,3,3,2,2,3,3,3,5,1,1,1,4.0,1.0,4.0,2.0,1,4.0,1.0,4.0,2.0,1,4.0,2.0,4.0,2.0,2,,,,,2,,,,1,4.0,2.0,4.0,1,4.0,2.0,4.0,1,4.0,2.0,4.0,1,9.0,9.0,9.0,1,9.0,9.0,9.0,1,4.0,1.0,4.0,1.0,1.0,1.0,1.0,2.0,1.0,1.0,1.0,1.0,2.0,1.0,1.0,1.0,1.0,2.0,,,,,,,,,,,1.0,1.0,1.0,1.0,2.0,1.0,1.0,1.0,1.0,2.0,1.0,1.0,1.0,1.0,2.0,2.0,2.0,2.0,1.0,2.0,2.0,2.0,2.0,1.0,2.0,1.0,1.0,1.0,2.0,4,855,855,855.0,855.0,U,3,280,6377,True,"Robo en calle, Extorsión, Lesiones",Mujer
39099,1405713.05,1405713.05.01,1405713.05.01.01,1405713,5,1,B,1,2,59,2.0,14,JALISCO,39,GUADALAJARA,3,1,1,0,0,1,0,0,0,0,0,0,0,0,0,1,1,1,1,1,1,3,1,1,1,1,1,1,1,1,2,0,0,0,0,0,0,0,0,0,0,0,0,0,0,0,0,0,1,0,1,2,2,1,1,1,2,,2,,2,,2,,2,,2,,2,2,2,2,2,2,3,2,2,1,2,1,3,2,2,2,2,2,2,2,2,2,2,2,2,2,2,,3,1,2,3,3,2,2,2,2,3,2,2,2,3,1,1,1,1,1,4.0,1.0,3.0,2.0,2,,,,,2,,,,,1,2.0,1.0,2.0,1.0,2,,,,2,,,,2,,,,1,2.0,2.0,1.0,1,9.0,2.0,1.0,1,9.0,2.0,1.0,2,,,,2.0,1.0,2.0,1.0,2.0,,,,,,,,,,,2.0,1.0,2.0,1.0,2.0,,,,,,,,,,,,,,,,2.0,1.0,2.0,1.0,2.0,2.0,1.0,2.0,1.0,2.0,2.0,1.0,2.0,1.0,2.0,,,,,3,855,1711,855.0,1711.0,U,3,280,6377,True,"Robo vehículo, Robo accesorios vehículo, Robo en calle",Mujer
39100,1405741.01,1405741.01.01,1405741.01.01.01,1405741,1,1,A,1,1,51,2.0,14,JALISCO,39,GUADALAJARA,3,0,0,1,1,1,0,0,0,0,0,0,0,0,0,2,2,2,1,2,2,3,2,3,2,2,3,3,1,1,3,1,0,0,0,0,0,0,0,0,0,0,0,0,0,0,0,0,0,0,1,1,2,3,4,1,2,,2,,2,,2,,1,2.0,2,,2,1,2,2,3,2,3,1,2,2,2,2,3,3,3,2,2,2,2,2,2,2,2,2,2,2,2,,1,2,1,1,3,3,3,2,2,3,2,2,3,3,2,2,1,1,1,4.0,1.0,4.0,2.0,1,2.0,1.0,4.0,1.0,1,4.0,1.0,4.0,2.0,1,2.0,2.0,2.0,1.0,2,,,,2,,,,2,,,,1,1.0,2.0,1.0,1,1.0,2.0,1.0,1,1.0,2.0,1.0,2,,,,1.0,2.0,2.0,2.0,2.0,1.0,2.0,2.0,2.0,2.0,1.0,2.0,2.0,2.0,2.0,1.0,2.0,2.0,2.0,2.0,,,,,,,,,,,,,,,,1.0,2.0,2.0,2.0,2.0,1.0,2.0,2.0,2.0,2.0,1.0,2.0,2.0,2.0,2.0,,,,,2,1017,3050,1017.0,3050.0,U,2,279,6229,True,"Robo en vivienda, Robo en transporte público, Robo en calle",Hombre
39101,1405741.02,1405741.02.01,1405741.02.01.02,1405741,2,1,A,2,2,22,2.0,14,JALISCO,39,GUADALAJARA,1,1,0,0,0,1,0,1,0,0,0,0,0,0,0,1,2,2,1,3,1,3,2,1,1,1,2,1,1,2,4,1,1,0,0,1,0,0,1,0,1,0,0,0,0,0,0,0,0,0,1,1,1,1,1,1,2,,1,2.0,1,1.0,2,,2,,1,1.0,1,1,1,1,1,1,3,2,1,1,1,1,1,1,1,1,1,1,1,1,2,1,1,2,2,2,2,5000.0,1,1,1,1,1,2,2,3,1,1,1,1,1,3,3,5,1,1,1,3.0,1.0,3.0,1.0,2,,,,,1,3.0,1.0,3.0,1.0,1,3.0,2.0,1.0,1.0,1,1.0,2.0,1.0,1,2.0,2.0,1.0,1,1.0,2.0,1.0,1,1.0,2.0,1.0,1,1.0,2.0,1.0,1,1.0,2.0,1.0,1,2.0,1.0,2.0,1.0,1.0,1.0,2.0,2.0,,,,,,1.0,1.0,1.0,2.0,2.0,2.0,2.0,1.0,1.0,2.0,2.0,2.0,1.0,1.0,2.0,2.0,2.0,1.0,1.0,2.0,2.0,2.0,1.0,1.0,2.0,2.0,2.0,2.0,1.0,2.0,2.0,2.0,2.0,1.0,2.0,2.0,2.0,2.0,1.0,2.0,2.0,1.0,1.0,2.0,1,1017,2033,1017.0,2033.0,U,2,279,6229,True,"Robo vehículo, Robo en calle, Fraude bancario",Mujer
39102,1405741.03,1405741.03.01,1405741.03.01.01,1405741,3,1,B,1,2,41,2.0,14,JALISCO,39,GUADALAJARA,3,0,0,0,1,1,0,0,0,0,0,1,0,0,0,2,2,2,1,1,2,3,2,2,2,2,3,1,1,1,4,0,0,0,1,1,1,1,1,1,1,0,0,0,1,1,0,0,0,0,1,1,1,1,3,3,2,,1,2.0,1,2.0,2,,2,,2,,1,3,1,3,3,1,3,1,1,1,1,1,3,1,1,1,2,2,2,2,2,2,1,1,2,2,2,10000.0,2,3,3,3,3,3,3,2,2,3,3,3,3,3,1,1,1,1,1,2.0,1.0,3.0,2.0,1,2.0,1.0,3.0,2.0,1,2.0,1.0,2.0,1.0,1,1.0,2.0,1.0,1.0,1,2.0,1.0,4.0,1,2.0,1.0,4.0,1,2.0,1.0,2.0,1,2.0,2.0,2.0,1,2.0,2.0,2.0,1,9.0,2.0,4.0,1,3.0,1.0,2.0,1.0,1.0,1.0,1.0,2.0,1.0,1.0,1.0,1.0,2.0,1.0,1.0,1.0,1.0,2.0,1.0,1.0,1.0,1.0,2.0,2.0,1.0,1.0,2.0,2.0,2.0,1.0,1.0,2.0,2.0,2.0,2.0,1.0,2.0,2.0,2.0,2.0,1.0,2.0,2.0,2.0,2.0,1.0,2.0,2.0,2.0,2.0,1.0,2.0,2.0,2.0,1.0,2.0,2.0,4,1017,1017,1017.0,1017.0,U,2,279,6229,True,"Robo en transporte público, Robo en calle, Amenazas",Mujer
39103,1405741.04,1405741.04.01,1405741.04.01.02,1405741,4,1,B,2,1,44,2.0,14,JALISCO,39,GUADALAJARA,3,0,1,0,0,0,1,0,1,0,0,0,0,0,0,2,1,1,1,1,1,3,1,1,1,2,1,1,1,1,3,0,0,1,0,0,0,0,0,1,0,0,0,0,0,0,0,0,0,0,1,1,1,3,2,2,2,,1,2.0,1,2.0,2,,2,,2,,1,1,2,2,2,2,3,2,2,1,2,2,2,2,2,2,2,2,2,2,2,2,2,2,2,2,2,,1,1,3,3,3,3,2,2,2,3,3,3,3,3,1,1,1,1,1,1.0,1.0,1.0,1.0,2,,,,,1,1.0,1.0,1.0,1.0,2,,,,,2,,,,2,,,,2,,,,1,1.0,2.0,1.0,2,,,,2,,,,2,,,,2.0,1.0,2.0,1.0,2.0,,,,,,2.0,1.0,2.0,1.0,2.0,,,,,,,,,,,,,,,,,,,,,2.0,1.0,2.0,1.0,2.0,,,,,,,,,,,,,,,1,1017,2033,1017.0,2033.0,U,2,279,6229,True,"Robo accesorios vehículo, Secuestro, Extorsión",Hombre
39104,1405780.01,1405780.01.01,1405780.01.01.03,1405780,1,1,A,3,2,29,2.0,14,JALISCO,39,GUADALAJARA,3,0,0,0,0,1,0,1,0,0,0,1,0,0,0,2,2,2,1,1,2,3,2,2,2,2,2,1,2,2,4,0,0,0,0,0,0,0,0,1,0,1,0,0,0,1,0,0,0,0,1,1,1,1,1,1,2,,1,2.0,2,,2,,1,2.0,2,,2,2,2,2,2,1,3,2,2,1,2,1,2,2,2,1,2,2,2,2,2,2,2,2,2,2,2,,1,1,2,3,3,3,3,2,2,3,3,3,3,3,3,1,1,1,1,4.0,9.0,2.0,2.0,1,2.0,2.0,2.0,1.0,1,2.0,2.0,2.0,1.0,1,1.0,2.0,2.0,2.0,2,,,,1,1.0,2.0,2.0,1,2.0,2.0,2.0,1,2.0,2.0,2.0,1,2.0,2.0,2.0,1,2.0,2.0,2.0,1,2.0,1.0,3.0,2.0,1.0,2.0,2.0,2.0,2.0,1.0,2.0,2.0,2.0,2.0,1.0,2.0,2.0,2.0,2.0,1.0,2.0,2.0,2.0,,,,,,1.0,2.0,2.0,1.0,2.0,1.0,2.0,2.0,1.0,2.0,2.0,2.0,2.0,1.0,2.0,2.0,2.0,2.0,1.0,2.0,2.0,1.0,2.0,1.0,2.0,1.0,2.0,1.0,2.0,3,985,2955,985.0,2955.0,U,3,280,6325,True,"Robo en calle, Fraude bancario, Amenazas",Mujer
39105,1405780.02,1405780.02.01,1405780.02.01.01,1405780,2,1,A,1,1,49,2.0,14,JALISCO,39,GUADALAJARA,3,0,0,0,0,1,0,0,0,0,0,1,0,0,0,1,2,2,1,1,1,3,1,1,2,2,3,1,1,1,2,1,1,1,0,1,1,1,1,1,0,1,0,0,1,1,1,1,0,0,1,1,1,1,1,1,1,9.0,9,,1,9.0,2,,1,2.0,1,9.0,2,1,2,3,2,2,3,2,2,1,2,3,2,2,2,2,1,1,1,2,2,2,2,2,2,2,2,9999999.0,1,1,2,1,1,3,3,3,2,3,3,3,3,3,1,1,1,1,1,2.0,9.0,3.0,1.0,1,3.0,1.0,3.0,2.0,1,3.0,1.0,3.0,2.0,1,1.0,2.0,1.0,1.0,1,2.0,2.0,2.0,1,3.0,9.0,3.0,1,1.0,2.0,2.0,1,1.0,2.0,1.0,1,1.0,2.0,1.0,1,1.0,2.0,1.0,2,,,,2.0,1.0,2.0,2.0,2.0,2.0,1.0,2.0,2.0,2.0,2.0,1.0,2.0,2.0,2.0,2.0,1.0,2.0,2.0,2.0,2.0,2.0,2.0,1.0,2.0,2.0,2.0,2.0,1.0,2.0,2.0,2.0,2.0,1.0,2.0,2.0,1.0,2.0,2.0,2.0,2.0,1.0,2.0,2.0,2.0,2.0,1.0,2.0,2.0,2.0,,,,,9,985,1970,985.0,1970.0,U,3,280,6325,True,"Robo en calle, Amenazas",Hombre
39106,1405780.03,1405780.03.01,1405780.03.01.01,1405780,3,1,B,1,1,59,2.0,14,JALISCO,39,GUADALAJARA,2,0,1,0,1,0,0,0,0,0,1,0,0,0,0,1,1,1,1,3,1,3,1,1,3,3,3,3,3,3,2,0,0,0,0,0,0,0,0,0,0,0,0,0,0,0,0,0,1,0,1,1,2,2,2,9,2,,2,,2,,2,,2,,2,,3,3,2,3,3,3,3,3,3,3,3,3,3,3,3,2,2,2,2,1,2,2,2,2,2,2,2,9999999.0,2,1,1,3,3,3,3,3,3,1,3,3,3,3,3,5,1,1,1,2.0,9.0,2.0,1.0,1,2.0,9.0,2.0,1.0,1,2.0,1.0,2.0,1.0,1,2.0,2.0,2.0,1.0,2,,,,1,2.0,2.0,2.0,1,2.0,2.0,2.0,1,2.0,2.0,2.0,1,2.0,2.0,2.0,1,2.0,2.0,2.0,2,,,,2.0,1.0,2.0,1.0,2.0,2.0,1.0,2.0,1.0,2.0,2.0,1.0,2.0,1.0,2.0,2.0,1.0,2.0,1.0,2.0,,,,,,2.0,2.0,2.0,1.0,2.0,2.0,2.0,2.0,1.0,2.0,2.0,2.0,2.0,1.0,2.0,2.0,2.0,2.0,1.0,2.0,2.0,2.0,2.0,1.0,2.0,,,,,9,985,985,985.0,985.0,U,3,280,6325,True,"Robo accesorios vehículo, Robo en transporte público, Lesiones",Hombre
39107,1405780.05,1405780.05.01,1405780.05.01.01,1405780,5,1,B,1,2,64,2.0,14,JALISCO,39,GUADALAJARA,3,0,0,0,1,1,0,1,0,0,0,0,0,0,0,2,2,2,2,1,2,3,2,1,2,2,1,2,2,3,3,1,1,0,1,0,0,0,1,0,1,1,0,0,0,1,0,0,0,0,1,1,1,4,4,4,1,1.0,1,1.0,1,1.0,1,2.0,3,,1,2.0,1,1,1,1,2,1,3,1,1,1,1,3,1,1,1,1,1,1,1,1,2,2,2,2,2,2,2,50000.0,1,1,3,1,3,3,3,2,2,3,3,3,3,3,3,3,1,3,1,4.0,1.0,3.0,2.0,2,,,,,1,4.0,1.0,3.0,2.0,1,4.0,1.0,3.0,1.0,2,,,,2,,,,2,,,,1,2.0,2.0,2.0,1,1.0,2.0,2.0,1,1.0,2.0,2.0,2,,,,2.0,2.0,2.0,1.0,2.0,,,,,,2.0,2.0,2.0,1.0,2.0,2.0,2.0,2.0,1.0,2.0,,,,,,,,,,,,,,,,2.0,2.0,2.0,1.0,2.0,2.0,2.0,2.0,1.0,2.0,2.0,2.0,2.0,1.0,2.0,,,,,4,985,1970,985.0,1970.0,U,3,280,6325,True,"Robo en transporte público, Robo en calle, Fraude bancario",Mujer
